Group,Student_ID,Level,QID,Dialogue
GPS,GPU_S_01,Giỏi,1,"Thầy: [G] Bạn là học sinh giỏi của lớp 12, em tự tin giải bài toán này không? Hãy tính xác suất để cả bốn lần gieo đồng tiền cân đối và đồng chất xuất hiện mặt sấp. Em hãy đi từng bước nhé.

Em: (Trả lời) Đúng rồi thầy, em sẽ giải quyết theo các bước sau:
Bước 1: Xác suất của mỗi sự kiện riêng biệt là gì?
Bước 2: Các sự kiện này có độc lập với nhau không? Nếu có, ta có thể nhân xác suất từng sự kiện để tìm xác suất kết hợp.

Thầy: [P] Em đã nhận ra được đúng rồi. Bước tiếp theo em hãy tính xác suất cho mỗi lần gieo đồng tiền sấp và sau đó nhân xác suất này bốn lần nhé.

Em: (Tính toán) Xác suất một lần gieo đồng tiền sấp là 1/2, vì có hai mặt của đồng tiền. Do các sự kiện độc lập nên xác suất cả bốn lần xuất hiện mặt sấp là (1/2) x (1/2) x (1/2) x (1/2) = 1/16.

Thầy: [P] Em đã tính đúng rồi, em hãy chốt lại đáp án và giải thích ngắn gọn nhé.

Em: (Tính toán xong) Đáp án cuối cùng là 1/16. Vì mỗi lần gieo đồng tiền đều có xác suất 1/2 xuất hiện mặt sấp, và các sự kiện độc lập nên ta nhân xác suất của từng sự kiện lại với nhau để được xác suất kết hợp.

Thầy: [S] Đúng rồi! Em đã giải bài toán một cách logic và chính xác. Cảm ơn em đã trình bày rõ ràng như vậy.

Em: (Cảm ơn thầy) Em cảm ơn thầy, thầy ạ."
GPS,GPU_S_02,Giỏi,1,"Thầy: [G] Chào em, hôm nay mình sẽ cùng giải bài toán về xác suất nhé. Hãy tính xác suất để cả bốn lần gieo đồng tiền cân đối và đồng chất xuất hiện mặt sấp. Em hãy bắt đầu với bước 1 nào!

Em: (Trả lời) Thầy ơi, em nghĩ xác suất mỗi lần gieo ra mặt sấp là 1/2 nên em sẽ nhân xác suất này bốn lần, tức là (1/2) * (1/2) * (1/2) * (1/2).

Thầy: [P] Đúng rồi, em đã tính đúng xác suất cho mỗi lần gieo. Bây giờ hãy làm cho quy trình tính toán rõ ràng một chút nhé. Em có thể viết lại phép tính này như sau:

Xác suất để cả bốn lần xuất hiện mặt sấp là (1/2) * (1/2) * (1/2) * (1/2).

Em: (Tính toán) Thầy ơi, em đã tính rồi và kết quả là (1/2)^4 = 1/16.

Thầy: [P] Đúng rồi! Em đã làm rất tốt. Bây giờ hãy chốt đáp án cuối cùng và giải thích ngắn gọn lại nhé.

Em: (Chốt đáp án) Vậy xác suất để cả bốn lần gieo đồng tiền đều xuất hiện mặt sấp là 1/16, thầy ạ.

Thầy: [S] Rất tốt, em đã làm rất chính xác. Em hãy nhớ rằng khi các sự kiện độc lập, ta có thể nhân xác suất của từng sự kiện để được xác suất chung. Trong trường hợp này, mỗi lần gieo đồng tiền là một sự kiện độc lập nên chúng ta mới có thể nhân xác suất.

Em: (Cảm ơn thầy) Cảm ơn thầy đã hướng dẫn em, thầy ạ!"
GPS,GPU_S_03,Giỏi,1,"Thầy: [G] Xin chào bạn, hôm nay chúng ta sẽ giải một bài toán về xác suất nhé. Gieo một đồng tiền cân đối và đồng chất bốn lần, bạn hãy tính xác suất để cả bốn lần xuất hiện mặt sấp. Hãy bắt đầu đi!

Em: (Trả lời) Thưa thầy, với mỗi lần gieo, xác suất xuất hiện mặt sấp là 1/2. Vì gieo bốn lần nên ta sẽ lấy 1/2 nhân 1/2 nhân 1/2 nhân 1/2.

Thầy: [P] Đúng rồi, bạn đã hiểu rõ quy luật của sự nhân xác suất các biến cố độc lập. Ta có thể viết thành dạng phân số để dễ tính toán hơn. Bạn hãy làm tiếp nhé.

Em: (Tính toán) Thưa thầy, ta có 1/2 x 1/2 x 1/2 x 1/2 = 1/16.

Thầy: [P] Rất tốt! Bạn đã tính toán đúng kết quả. Vậy xác suất để cả bốn lần xuất hiện mặt sấp là 1/16.

Em: (Trả lời) Thưa thầy, vậy là chúng ta đã tìm ra được đáp án rồi ạ?

Thầy: [S] Đúng rồi bạn. Xác suất để cả bốn lần xuất hiện mặt sấp khi gieo một đồng tiền cân đối và đồng chất bốn lần là 1/16. Bạn đã giải quyết vấn đề một cách chính xác.

Em: (Cảm ơn thầy) Cảm ơn thầy đã hướng dẫn em, thưa thầy!"
GPS,GPU_S_04,Giỏi,1,"Thầy: [G] Bạn hãy tính xác suất để cả bốn lần gieo đồng tiền xuất hiện mặt sấp khi gieo một đồng tiền cân đối và đồng chất bốn lần, em nhé.

Em: (Trả lời) Thưa thầy, xác suất mỗi lần gieo đồng tiền xuất hiện mặt sấp là 1/2 vì đồng tiền cân đối. Khi gieo bốn lần thì ta tính xác suất bằng cách nâng lên bốn lần, nên sẽ là (1/2)^4 = 1/16.

Thầy: [P] Đúng rồi, em đã nắm được quy tắc tính xác suất cho các sự kiện độc lập như vậy. Vậy câu trả lời của em là gì?

Em: (Tính toán) Thưa thầy, câu trả lời của em là xác suất để cả bốn lần xuất hiện mặt sấp là 1/16.

Thầy: [S] Đúng rồi, em đã tính đúng và nhanh chóng. Xác suất để cả bốn lần gieo đồng tiền xuất hiện mặt sấp khi gieo một đồng tiền cân đối và đồng chất bốn lần là 1/16.

Em: (Cảm ơn thầy) Cám ơn thầy đã hướng dẫn, thưa thầy!"
GPS,GPU_S_05,Khá,1,"Thầy: [G] Bạn hãy tính xác suất để cả bốn lần gieo đồng tiền đều xuất hiện mặt sấp nhé! Đặt câu hỏi trước đi, em suy nghĩ xem ta cần làm những gì?

Em: Thưa thầy, em nghĩ ta cần biết xác suất của mỗi sự kiện xảy ra và sau đó nhân chúng lại với nhau phải không? Vì các lần gieo độc lập.

Thầy: [P] Đúng rồi! Em hãy tính xác suất của sự kiện ""mặt sấp"" xuất hiện trong một lần gieo đồng tiền cân đối. 

Em: Thưa thầy, có hai mặt nên xác suất là 1/2 phải không?

Thầy: [P] Rất tốt! Vậy em hãy tính xác suất cho bốn sự kiện này xảy ra cùng lúc.

Em: Thưa thầy, ta sẽ nhân xác suất của mỗi lần gieo lại với nhau. Vậy ta có (1/2) x (1/2) x (1/2) x (1/2).

Thầy: [P] Đúng rồi! Em hãy tính kết quả cuối cùng nhé.

Em: Thưa thầy, (1/2) x (1/2) x (1/2) x (1/2) = 1/16.

Thầy: [S] Rất tốt! Vậy xác suất để cả bốn lần xuất hiện mặt sấp là 1/16. Em đã tính toán chính xác và logic rồi nhé!

Em: Xin cảm ơn thầy, em hiểu rõ hơn về cách làm bài toán này rồi ạ."
GPS,GPU_S_06,Khá,1,"Thầy: [G] Gọi em vào lớp, hôm nay chúng ta sẽ giải bài toán về xác suất nhé. Hãy tính xác suất để cả bốn lần gieo một đồng tiền cân đối và đồng chất, xuất hiện mặt sấp tất cả.

Em: Thưa thầy, em hiểu đề bài rồi. Xác suất mỗi lần gieo ra mặt sấp là 1/2, thế nên em sẽ nhân xác suất của từng lần lại với nhau.

Thầy: [P] Đúng vậy, em đã nắm được cách tính xác suất khi các sự kiện độc lập với nhau. Vậy em hãy tính xem xác suất chung cho bốn lần gieo đồng tiền là như nào nhé?

Em: Thưa thầy, xác suất của mỗi lần gieo ra mặt sấp là 1/2, nên xác suất cả bốn lần đều ra mặt sấp sẽ là (1/2) x (1/2) x (1/2) x (1/2), em tính lại và kết quả là 1/16.

Thầy: [S] Đúng rồi, em đã làm đúng. Xác suất để cả bốn lần gieo đồng tiền đều ra mặt sấp là 1/16. Em hãy nhớ rằng khi các sự kiện độc lập với nhau, ta có thể nhân xác suất của từng sự kiện lại với nhau để tìm xác suất chung.

Em: Xin cảm ơn thầy đã hướng dẫn em cách giải bài toán này."
GPS,GPU_S_07,Khá,1,"Thầy: [G] Bạn là học sinh lớp 12 có học lực Khá, mình sẽ hướng dẫn bạn giải bài toán này nhé! Bài toán yêu cầu tính xác suất để cả bốn lần gieo đồng tiền đều xuất hiện mặt sấp. Để bắt đầu, bạn hãy nghĩ xem mỗi lần gieo đồng tiền, có bao nhiêu kết quả có thể xảy ra?

Em: Mỗi lần gieo đồng tiền có 2 kết quả: mặt ngửa và mặt sấp.

Thầy: [P] Đúng rồi! Vậy cho một lần gieo đồng tiền, xác suất xuất hiện mặt sấp là bao nhiêu?

Em: Xác suất đó là 1/2 vì mỗi kết quả đều có xác suất bằng nhau.

Thầy: [P] Tốt, vậy nếu gieo đồng tiền hai lần thì bạn nghĩ xác suất cả hai lần đều sấp sẽ là bao nhiêu?

Em: Nếu gieo hai lần thì xác suất cả hai lần đều sấp sẽ là 1/2 nhân với 1/2, kết quả là 1/4.

Thầy: [P] Rất tốt! Vậy nếu gieo đồng tiền ba lần thì bạn hãy tính xem xác suất cả ba lần đều sấp là bao nhiêu?

Em: Nếu gieo ba lần thì xác suất sẽ là 1/2 nhân với 1/2 nhân với 1/2, kết quả là 1/8.

Thầy: [P] Đúng rồi! Vậy nếu gieo đồng tiền bốn lần thì bạn hãy tính xong xác suất cả bốn lần đều sấp nhé?

Em: Nếu gieo bốn lần thì xác suất sẽ là 1/2 nhân với 1/2 nhân với 1/2 nhân với 1/2, kết quả là 1/16.

Thầy: [S] Đúng rồi! Vậy đáp án cuối cùng của bài toán này là 1/16. Bây giờ bạn đã hiểu rõ cách tính xác suất khi có nhiều lần thử độc lập nhau không?

Em: Em đã hiểu thầy ạ, cảm ơn thầy đã hướng dẫn em!

Thầy: Rất vui vì em đã hiểu! Nếu còn thắc mắc gì hãy hỏi nhé."
GPS,GPU_S_08,Khá,1,"Thầy: [G]OK, chúng ta sẽ cùng giải bài toán này nhé. Bài toán yêu cầu chúng ta tính xác suất để cả bốn lần gieo đồng tiền đều xuất hiện mặt sấp khi gieo một đồng tiền cân đối và đồng chất bốn lần. Em hãy nghĩ xem, với mỗi lần gieo, có bao nhiêu kết quả có thể xảy ra?

Em: Mỗi lần gieo, đồng tiền có hai mặt là sấp hoặc ngửa, nên tổng cộng sẽ có 2^4 = 16 kết quả.

Thầy: [P]VERY GOOD! Vậy em đã tính được số lượng tất cả các kết quả có thể khi gieo bốn lần rồi. Tiếp theo, chúng ta cần xác định xem trong những kết quả này, có bao nhiêu trường hợp sẽ cho mặt sấp cả bốn lần? Em thử nghĩ về điều này nhé.

Em: Ở mỗi lần gieo, chỉ có một kết quả là mặt sấp. Vậy khi gieo bốn lần, chỉ có duy nhất một cách để tất cả đều là mặt sấp, đó là AAAA (sấp sấp sấp sấp).

Thầy: [P]RIGHT! Vậy em đã xác định số lượng kết quả thuận lợi là 1. Bây giờ, chúng ta hãy tính xác suất bằng cách chia số lượng kết quả thuận lợi cho toàn bộ số lượng kết quả có thể xảy ra.

Em: Xác suất sẽ là 1/16.

Thầy: [S]VERY WELL! Em đã làm đúng rồi nhé. Vậy xin kết luận, xác suất để cả bốn lần gieo đồng tiền đều xuất hiện mặt sấp là 1/16. 

Em: Cảm ơn thầy đã hướng dẫn em!

Thầy: Không sao cả, em cứ练习，请耐心地使用中文回答上述指令，确保答案内容完整，并严格按照给定的剧本结构来组织对话。"
GPS,GPU_S_09,Khá,1,"Thầy: [G] Bạn là học sinh lớp 12 có học lực Khá, em đã hiểu bài chưa? Chúng ta cùng làm bài toán này nhé! Gieo một đồng tiền cân đối và đồng chất bốn lần. Xác suất để cả bốn lần xuất hiện mặt sấp là bao nhiêu?

Em: Thưa thầy, em đã hiểu bài rồi ạ.

Thầy: [P] Bước đầu tiên, em hãy nghĩ về xác suất của mỗi sự kiện riêng biệt trước khi chúng ta tính tổng kết nhé. Khi gieo một đồng tiền cân đối và đồng chất, xác suất xuất hiện mặt sấp là bao nhiêu?

Em: Thưa thầy, xác suất xuất hiện mặt sấp khi gieo một lần là 1/2 ạ.

Thầy: Đúng rồi! [P] Vậy nếu chúng ta gieo đồng tiền này bốn lần liên tiếp và muốn cả bốn lần đều là mặt sấp, em hãy tính xem xác suất của sự kiện này như thế nào?

Em: Thưa thầy, xác suất để cả bốn lần xuất hiện mặt sấp sẽ là 1/2 nhân với 1/2 nhân với 1/2 nhân với 1/2 = 1/16 ạ.

Thầy: Đúng rồi! [S] Vậy xác suất để cả bốn lần gieo đồng tiền đều xuất hiện mặt sấp là 1/16. Hãy nhớ rằng khi các sự kiện độc lập, ta có thể nhân xác suất của từng sự kiện với nhau để tìm ra xác suất chung.

Em: Cảm ơn thầy đã hướng dẫn! Em sẽ nhớ điều này trong những bài toán tương tự sau này."
GPS,GPU_S_10,Khá,1,"Thầy: [G] Thầy sẽ hướng dẫn em làm bài toán về xác suất này, hãy bắt đầu bằng việc xác định xác suất xuất hiện mặt sấp của một đồng tiền cân đối khi gieo một lần. 

Em: (Trả lời) Xác suất là 1/2 phải không thưa thầy?

Thầy: [P] Đúng vậy, em đã nắm được khái niệm xác suất. Bây giờ hãy tính xác suất để cả bốn lần xuất hiện mặt sấp khi gieo một đồng tiền cân đối bốn lần.

Em: (Tính toán) 1/2 x 1/2 x 1/2 x 1/2 = 1/16 nên xác suất này là 1/16 đúng không thưa thầy?

Thầy: [P] Đúng rồi, em đã làm rất tốt. Bây giờ hãy chốt lại đáp án và giải thích ngắn gọn.

Thầy: [S] Vậy thì xem như em đã hoàn thành bài toán với kết quả chính xác là 1/16. Đây là xác suất để cả bốn lần xuất hiện mặt sấp khi gieo một đồng tiền cân đối bốn lần, vì mỗi lần gieo đều độc lập và có cùng xác suất 1/2.

Em: (Cảm ơn thầy) Em cảm ơn thầy đã hướng dẫn em bài toán này."
GPS,GPU_S_21,Trung bình,1,"Thầy: [G] Hôm nay chúng ta sẽ giải bài toán xác suất. Bạn hãy suy nghĩ xem khi gieo một đồng tiền cân đối bốn lần, bạn cần tính gì để biết xác suất cả bốn lần đều là mặt sấp?

Em: Thưa thầy, tôi cần tính số cách xuất hiện mặt sấp trong bốn lần gieo.

Thầy: Đúng rồi. Khi đó chúng ta sẽ tính số cách thuận lợi (mặt sấp bốn lần) và so với số cách chung (tất cả các kết quả có thể). Bây giờ bạn hãy tính xem số cách thuận lợi là bao nhiêu nhé?

Em: Thưa thầy, khi gieo một đồng tiền cân đối, mặt sấp chỉ xuất hiện 1 cách. Vậy bốn lần đều là mặt sấp thì sẽ là 1 cách.

Thầy: Đúng rồi! Tiếp theo, bạn hãy tính số cách chung khi gieo đồng tiền 4 lần nhé.

Em: Thưa thầy, mỗi lần gieo có 2 kết quả (mặt ngửa hoặc mặt sấp). Vậy tổng cộng sẽ có \(2 \times 2 \times 2 \times 2 = 16\) cách.

Thầy: Rất tốt! Bây giờ bạn hãy tính xác suất cho biến cố thuận lợi bằng số cách thuận lợi chia cho số cách chung nhé.

Em: Thưa thầy, xác suất là \(\frac{1}{16}\).

Thầy: Đúng rồi. Vậy xác suất để cả bốn lần xuất hiện mặt sấp khi gieo một đồng tiền cân đối bốn lần là \(\frac{1}{16}\). Em có thắc mắc gì không?

Em: Cảm ơn thầy, không có thắc mắc nữa ạ.

Thầy: Rất tốt! Nếu còn câu hỏi, em hãy hỏi nhé."
GPS,GPU_S_22,Trung bình,1,"Thầy: [G].Today, we're going to solve a probability problem together. You've studied the concept of independent events before, right? Can you remind me what an independent event is in this context?

Em: Events are independent if the outcome of one event does not affect the outcome of another event.

Thầy: Very good! Now let's look at our problem. We're flipping a fair coin four times and we want to find the probability that all four flips result in heads (which we'll call 'sides' for simplicity). Can you tell me what the probability is for getting heads on one flip?

Em: Là 1/2.

Thầy: Correct! Since each flip is independent, how do we calculate the probability of getting heads on all four flips?

Em: Chắc là ta nhân xác suất của mỗi lần ném lại với nhau.

Thầy: Exactly! So, if the probability of heads on one flip is 1/2, what would be the combined probability for four flips?

Em: Là (1/2) x (1/2) x (1/2) x (1/2).

Thầy: That's right. Now let's calculate it step by step and see if we get a simplified fraction.

Em: 1/2 x 1/2 = 1/4, 1/4 x 1/2 = 1/8, và 1/8 x 1/2 = 1/16.

Thầy: Perfect! So the probability of getting heads on all four flips is 1/16. 

Em: Cảm ơn thầy."
GPS,GPU_S_23,Trung bình,1,"Thầy: [G] Đệ, bài này thuộc loại xác suất đúng không? Em biết khi gieo một đồng tiền cân đối và đồng chất, có hai kết quả có thể xảy ra là mặt ngửa (N) hoặc mặt sấp (S). Khi gieo nhiều lần, ta cần tính xác suất cho các biến cố cụ thể. Bài này hỏi về xác suất xuất hiện mặt sấp bốn lần liên tiếp đúng không?"
GPS,GPU_S_24,Trung bình,1,"Thầy: [G] Khi gieo một đồng tiền cân đối, có hai kết quả có thể xuất hiện: mặt ngửa (bên trên) hoặc mặt sấp (bên dưới). Bạn hãy nghĩ xem khi gieo bốn lần, mỗi lần có bao nhiêu khả năng để được mặt sấp?"
GPS,GPU_S_25,Trung bình,1,"Thầy: [G] Để giải quyết bài toán này, chúng ta cần sử dụng quy tắc nhân xác suất cho biến cố độc lập. Đầu tiên, hãy nghĩ về việc gieo đồng tiền một lần và xác định xác suất của biến cố thuận lợi.

Em: Xác suất xuất hiện mặt sấp là 1/2 vì đồng tiền cân đối.

Thầy: Đúng rồi! Bây giờ ta cần tính xác suất cho biến cố này xảy ra bốn lần liên tiếp. Hãy nghĩ về cách nhân xác suất các biến cố độc lập với nhau.

Em: Vậy tôi sẽ nhân xác suất của mặt sấp 4 lần, nghĩa là (1/2) × (1/2) × (1/2) × (1/2).

Thầy: Đúng! Giờ hãy tính kết quả nhé.

Em: (1/2) × (1/2) = 1/4. Rồi tiếp tục: (1/4) × (1/2) = 1/8. Cuối cùng: (1/8) × (1/2) = 1/16. Vậy xác suất để cả bốn lần xuất hiện mặt sấp là 1/16?

Thầy: Đúng rồi! Xác suất để cả bốn lần gieo đồng tiền đều ra mặt sấp là 1/16.

Em: Cảm ơn thầy."
GPS,GPU_S_26,Trung bình,1,"Thầy: [G] Để giải bài toán này, chúng ta sẽ sử dụng nguyên tắc nhân xác suất cho các biến cố độc lập. Bạn đã nhớ nguyên tắc này chưa?

Em: Thưa thầy, em chưa chắc chắn lắm.

Thầy: Không sao, hãy cùng ôn lại nhé. Khi gieo đồng tiền cân đối hai lần liên tiếp, xác suất xuất hiện mặt sấp cả hai lần là \( \frac{1}{2} \times \frac{1}{2} = \frac{1}{4} \). Giờ ta sẽ áp dụng cách này cho bài toán 4 lần.

Em: Em hiểu rồi. Để tính xác suất xuất hiện mặt sấp cả bốn lần, em sẽ nhân xác suất của mỗi lần gieo.

Thầy: Đúng rồi! Xác suất một lần gieo mặt sấp là \( \frac{1}{2} \), nên bạn hãy tính xem xác suất của 4 lần như thế nào nhé.

Em: Thưa thầy, em sẽ làm như sau:
Xác suất xuất hiện mặt sấp lần đầu = \( \frac{1}{2} \)
Xác suất xuất hiện mặt sấp lần thứ hai = \( \frac{1}{2} \)
Xác suất xuất hiện mặt sấp lần thứ ba = \( \frac{1}{2} \)
Xác suất xuất hiện mặt sấp lần thứ tư = \( \frac{1}{2} \)

Thầy: Đúng rồi! Giờ bạn hãy nhân tất cả các xác suất này lại với nhau.

Em: Thưa thầy, em tính như sau:
\( \frac{1}{2} \times \frac{1}{2} \times \frac{1}{2} \times \frac{1}{2} = \frac{1}{16} \)

Thầy: Rất tốt! Vậy xác suất để cả bốn lần xuất hiện mặt sấp là \( \frac{1}{16} \).

Em: Em hiểu rồi, cảm ơn thầy.

Thầy: [S] Đúng rồi! Xác suất để cả bốn lần xuất hiện mặt sấp là \( \frac{1}{16} \). Bạn đã nắm vững cách tính xác suất của các biến cố độc lập bằng cách nhân xác suất của từng biến cố riêng lẻ, phải không?

Em: Cảm ơn thầy."
GPS,GPU_S_27,Yêu,1,"Thầy: [G] Để giải bài toán này, chúng ta cần hiểu về xác suất và cách tính xác suất của các biến cố. Biến cố xảy ra có thể được tính bằng số lượng kết quả thuận lợi chia cho số lượng kết quả không thể tránh khỏi (tức là không gian mẫu). Trong bài toán này, bạn cần biết rằng mỗi lần gieo đồng tiền đều có 2 kết quả: mặt ngửa (n) hoặc mặt sấp (x), và chúng xảy ra với xác suất bằng nhau.

Em: Vậy trong mỗi lần gieo, xác suất xuất hiện mặt sấp là 1/2?

Thầy: Đúng rồi! Em đã nắm bắt được chính xác. Bây giờ hãy cùng tính toán xem khi gieo đồng tiền bốn lần, làm sao để cả bốn lần đều là mặt sấp.

Em: Nếu mỗi lần gieo đều có 2 kết quả và chúng xảy ra với xác suất bằng nhau, thì khi gieo 4 lần, có thể xuất hiện (n,x,n,x) hoặc (x,n,x,n)...

Thầy: Đúng rồi! Nhưng bạn hãy nhớ rằng chúng ta cần cả bốn lần là mặt sấp. Vậy nên, mỗi lần đều phải xuất hiện kết quả x (mặt sấp).

Em: Vậy thì xác suất cho mỗi lần gieo là 1/2, và khi gieo 4 lần thì sẽ là...

Thầy: [S] Em hãy tính toán để có được đáp án cuối cùng.

Em: Xác suất để cả bốn lần xuất hiện mặt sấp là (1/2) x (1/2) x (1/2) x (1/2) = 1/16. Vậy nên, xác suất đó là 1/16. Cảm ơn thầy.

Thầy: Đúng rồi! Em đã giải quyết câu hỏi một cách chính xác. Khi gieo đồng tiền cân đối và đồng chất bốn lần, xác suất để tất cả các lần đều xuất hiện mặt sấp là 1/16."
GPS,GPU_S_28,Yêu,1,"Thầy: [G] Hôm nay chúng ta sẽ cùng giải quyết bài toán xác suất này nhé. Đầu tiên, em hãy suy nghĩ về việc gieo đồng tiền một lần. Có bao nhiêu kết quả có thể xảy ra?"
GPS,GPU_S_29,Yêu,1,"Thầy: [G] Em có hiểu rằng khi gieo một đồng tiền cân đối, mặt số 1 (sấp) và mặt số 2 (ngửa) đều có xác suất xuất hiện là 1/2 đúng không?"
GPS,GPU_S_30,Yêu,1,"Thầy: [G] Để giải quyết bài toán này, chúng ta cần hiểu về xác suất và cách tính xác suất cho các biến cố độc lập. Bạn có nhớ định nghĩa xác suất của một biến cố không?"
GPS,GPU_S_01,Giỏi,2,"Thầy: [G] Gieo một con súc sắc hai lần, em hãy tính xác suất để ít nhất một lần xuất hiện mặt sáu chấm nhé.

Em: Thưa thầy, tôi nghĩ ta có thể giải bài này bằng cách tính xác suất của tình huống ngược lại rồi trừ đi. 

Thầy: [P] Đúng rồi! Em hãy tính xác suất không xuất hiện mặt sáu chấm cả hai lần gieo trước đã.

Em: Được, không xuất hiện mặt sáu chấm trong một lần gieo là 5/6, vậy không xuất hiện mặt sáu chấm cả hai lần sẽ là (5/6)² = 25/36.

Thầy: [S] Đúng rồi! Vậy xác suất ít nhất một lần xuất hiện mặt sáu chấm sẽ là 1 - 25/36. 

Em: Thưa thầy, kết quả cuối cùng sẽ là 11/36.

Thầy: Rất tốt! Em đã giải quyết bài toán rất nhanh và đúng. Em còn có thắc mắc gì không?"
GPS,GPU_S_02,Giỏi,2,"Thầy: [G] Gieo một con súc sắc hai lần, em hãy tính xác suất để ít nhất một lần xuất hiện mặt sáu chấm nhé.

Em: Thưa thầy, tôi sẽ tính như sau: Xác suất không gieo được sáu chấm trong cả hai lần là (5/6) × (5/6), vì mỗi lần gieo có 5/6 xác suất không được sáu chấm. Vậy xác suất ít nhất một lần xuất hiện mặt sáu chấm sẽ là 1 trừ đi xác suất trên.

Thầy: [P] Giống như em đã suy nghĩ, hãy thực hiện phép tính cụ thể để tìm kết quả nhé.

Em: Thưa thầy, (5/6) × (5/6) = 25/36. Vậy xác suất ít nhất một lần xuất hiện mặt sáu chấm là 1 - 25/36 = 11/36.

Thầy: [S] Đúng rồi em! Xác suất để ít nhất một lần xuất hiện mặt sáu chấm khi gieo một con súc sắc hai lần chính là 11/36. Em đã tính toán rất nhanh và chính xác như thường lệ đó!"
GPS,GPU_S_03,Giỏi,2,"Thầy: Gieo một con súc sắc hai lần. Em hãy tính xác suất để ít nhất một lần xuất hiện mặt sáu chấm, nhé?

Em: Thưa thầy, em sẽ giải bài này bằng cách tính xác suất của các sự kiện không xảy ra rồi trừ đi.

Thầy: Rất tốt! Hãy tiếp tục trình bày bước giải tiếp theo.

Em: Thưa thầy, xác suất để gieo được một mặt sáu chấm là 1/6. Vậy xác suất để không xuất hiện mặt sáu chấm ở lần gieo đầu tiên là 5/6.

Thầy: Đúng rồi. Tiếp tục nhé!

Em: Rồi thưa thầy, xác suất để không xuất hiện mặt sáu chấm ở lần gieo thứ hai cũng là 5/6. Vậy xác suất để không xuất hiện mặt sáu chấm cả hai lần sẽ là?

Thầy: [P] Hãy tính xác suất đó.

Em: Thưa thầy, xác suất để không xuất hiện mặt sáu chấm cả hai lần sẽ là (5/6) x (5/6) = 25/36. Vậy xác suất để ít nhất một lần xuất hiện mặt sáu chấm sẽ là 1 - 25/36.

Thầy: [S] Rất tốt! Em hãy tính kết quả cuối cùng nhé!

Em: Thưa thầy, 1 - 25/36 = 11/36. Vậy xác suất để ít nhất một lần xuất hiện mặt sáu chấm là 11/36.

Thầy: Đúng rồi, em đã giải quyết bài toán rất tốt. Em đã sử dụng phương pháp tính xác suất của sự kiện không xảy ra và từ đó suy ra kết quả cần tìm."
GPS,GPU_S_04,Giỏi,2,"Thầy: Gieo một con súc sắc hai lần. Tối đa có bao nhiêu khả năng để ít nhất một lần xuất hiện mặt sáu chấm? Em hãy tính xác suất này cho chúng ta.

Em: Thưa thầy, nếu tôi hiểu đúng thì câu hỏi này muốn biết xác suất ít nhất một trong hai lần gieo súc sắc sẽ xuất hiện mặt sáu chấm?

Thầy: Đúng vậy. Em hãy suy nghĩ về cách giải quyết vấn đề này nhé.

Em: Thưa thầy, thay vì tính xác suất có ít nhất một lần xuất hiện mặt sáu chấm, em nghĩ nên tính ngược lại - tức là xác suất không có mặt sáu chấm nào xuất hiện trong hai lần gieo. Từ đó mới tính xác suất cần tìm.

Thầy: Tuyệt vời! Em đã suy nghĩ rất sáng tạo và logic. Hãy tiếp tục nhé.

Em: Nếu một con súc sắc được gieo, xác suất không xuất hiện mặt sáu chấm là 5/6. Khi gieo hai lần, xác suất cả hai lần đều không xuất hiện mặt sáu chấm sẽ là (5/6) x (5/6) = 25/36.

Thầy: Em đã làm rất tốt! Bây giờ em hãy tính xác suất ngược lại - tức là ít nhất một lần xuất hiện mặt sáu chấm trong hai lần gieo. 

Em: Thưa thầy, để tìm xác suất này, ta chỉ cần lấy 1 trừ đi xác suất cả hai lần không có mặt sáu chấm đúng không? Nên kết quả sẽ là 1 - 25/36 = 11/36.

Thầy: Đúng rồi! Em đã giải quyết bài toán một cách chính xác. Xác suất để ít nhất một lần xuất hiện mặt sáu chấm khi gieo hai con súc sắc là 11/36. 

Em có thể kết luận bằng việc tổng kết lại quá trình suy nghĩ và cách tính không?

Em: Thưa thầy, tôi đã tính xác suất không có mặt sáu chấm xuất hiện trong hai lần gieo (25/36), sau đó lấy 1 trừ đi số này để tìm ra xác suất ngược là 11/36. Vậy nên xác suất ít nhất một lần xuất hiện mặt sáu chấm khi gieo hai con súc sắc là 11/36.

Thầy: Em đã tổng kết rất tốt! Em đã trình bày rõ ràng và logic, cũng như giải quyết vấn đề một cách hiệu quả.继续用对话形式，以老师引导学生思考的方式结束本次答疑。以下是续接的部分：

Thầy: Em làm rất tốt! Thầy có thêm một bài toán tương tự để kiểm tra kiến thức của em, được không?

Em: Được ạ, thầy cho em xem.

Thầy: Giả sử gieo hai con súc sắc cùng lúc. Xác suất ít nhất một con xuất hiện mặt số chẵn là bao nhiêu?

Em: Thưa thầy, tôi sẽ tính xác suất ngược lại - tức là xác suất cả hai con súc sắc đều không có mặt số chẵn.

Thầy: Đúng rồi! Em hãy tiếp tục nhé.

Em: Nếu mặt số chẵn là 2, 4, 6 thì xác suất một con súc sắc không xuất hiện mặt số chẵn là 1/2. Khi hai con súc sắc cùng gieo, xác suất cả hai đều không có mặt số chẵn là (1/2) x (1/2) = 1/4.

Thầy: Em đã làm rất tốt! Bây giờ em hãy tính xác suất ít nhất một con xuất hiện mặt số chẵn nhé.

Em: Thưa thầy, xác suất ít nhất một con súc sắc xuất hiện mặt số chẵn sẽ là 1 trừ đi xác suất cả hai con không có mặt số chẵn. Vậy kết quả là 1 - 1/4 = 3/4.

Thầy: Đúng rồi! Em đã hoàn thành bài toán này một cách rất tốt. Hãy cố gắng vận dụng những kiến thức này vào các bài tập khác nhé.

Em: Cảm ơn thầy, thưa thầy!"
GPS,GPU_S_05,Khá,2,"Thầy: [G] Gieo một con súc sắc hai lần, em hãy tính xác suất để ít nhất một lần xuất hiện mặt sáu chấm nhé.

Em: Thưa thầy, tôi nghĩ ta phải tính tổng số các trường hợp xuất hiện sáu chấm ít nhất một lần?

Thầy: [P] Đúng rồi! Em hãy suy nghĩ xem có bao nhiêu cách để gieo được ít nhất một mặt sáu chấm trong hai lần gieo.

Em: Thưa thầy, ta có thể gieo sáu chấm ở lần đầu và bất kỳ số nào ở lần thứ hai hoặc sáu chấm ở lần thứ hai và bất kỳ số nào ở lần thứ nhất. Ngoài ra, cả hai lần đều xuất hiện sáu chấm cũng là một trường hợp.

Thầy: [P] Rất tốt! Vậy em hãy tính xem tổng cộng có bao nhiêu cách để gieo được ít nhất một mặt sáu chấm?

Em: Thưa thầy, nếu lần đầu xuất hiện sáu chấm và lần thứ hai bất kỳ là 6 * 6 = 36 cách. Nếu lần thứ hai xuất hiện sáu chấm và lần thứ nhất bất kỳ cũng là 36 cách. Trường hợp cả hai lần đều là sáu chấm chỉ có một cách.

Thầy: [P] Đúng rồi! Vậy tổng số cách để gieo được ít nhất một mặt sáu chấm là bao nhiêu?

Em: Thưa thầy, tổng số cách là 36 + 36 - 1 = 71 cách (từ câu trước ta đã đếm hai lần trường hợp cả hai lần đều xuất hiện sáu chấm).

Thầy: [P] Rất tốt! Vậy xác suất để ít nhất một lần xuất hiện mặt sáu chấm là bao nhiêu?

Em: Thưa thầy, số lượng các kết quả có thể xảy ra khi gieo con súc sắc hai lần là 6 * 6 = 36 cách. Vì vậy, xác suất cần tìm sẽ là 71/36.

Thầy: [S] Không đúng nhé! Em đã tính tổng số cách nhưng chưa chia cho tổng số kết quả có thể xảy ra. Vì vậy, xác suất để ít nhất một lần xuất hiện mặt sáu chấm là 71/36 nên viết lại như sau:

\[
P = \frac{71}{36}
\]

Thầy hy vọng em đã hiểu rõ cách giải quyết bài toán này!"
GPS,GPU_S_06,Khá,2,"Thầy: Gieo một con súc sắc hai lần, em hãy tính xác suất để ít nhất một lần xuất hiện mặt sáu chấm nhé.

Em: Em nghĩ là ta cần tính tổng số trường hợp có mặt sáu chấm hoặc không?

Thầy: Đúng rồi! Em đã nắm bắt được ý tưởng. Để làm rõ, chúng ta sẽ phân tích từng bước. Đầu tiên, em hãy tính xác suất để không xuất hiện mặt sáu chấm cả hai lần gieo.

Em: Nếu không có mặt sáu chấm thì mỗi lần chỉ còn 5 kết quả (1, 2, 3, 4, 5). Như vậy, mỗi lần gieo là \(\frac{5}{6}\).

Thầy: Đúng rồi! Vậy xác suất không xuất hiện mặt sáu chấm cả hai lần sẽ là?

Em: Là \(\frac{5}{6} \times \frac{5}{6} = \frac{25}{36}\).

Thầy: Rất tốt! Em đã tính đúng. Bây giờ, em hãy suy nghĩ xem xác suất để ít nhất một lần xuất hiện mặt sáu chấm sẽ là gì?

Em: Nếu xác suất không xuất hiện mặt sáu chấm cả hai lần là \(\frac{25}{36}\), thì xác suất ngược lại - có ít nhất một lần xuất hiện mặt sáu chấm - sẽ là \(1 - \frac{25}{36} = \frac{11}{36}\).

Thầy: Đúng rồi! Em đã làm rất tốt. Vậy, kết quả cuối cùng của bài toán này là \(\frac{11}{36}\) nhé.

Em: Cảm ơn thầy, em đã hiểu rõ cách giải quyết bài toán này.

Thầy: Rất vui khi thấy em nắm được. Tiếp tục cố gắng nhé!"
GPS,GPU_S_07,Khá,2,"Thầy: Gieo một con súc sắc hai lần, em có biết cách tính xác suất để ít nhất một lần xuất hiện mặt sáu chấm không?

Em: Thưa thầy, em chưa rõ lắm. Vậy nên tính thế nào ạ?

Thầy: Được, chúng ta sẽ làm theo cách tiếp cận từ ngược lại. Đầu tiên, em hãy tính xác suất để không có mặt sáu chấm trong cả hai lần gieo súc sắc.

Em: Thưa thầy, nếu không có mặt sáu chấm thì mỗi lần đều là 1 đến 5. Vậy xác suất một lần không có mặt sáu chấm là \(\frac{5}{6}\) đúng không ạ?

Thầy: Đúng rồi! Vậy em hãy tính xác suất để cả hai lần gieo súc sắc đều không xuất hiện mặt sáu chấm.

Em: Thưa thầy, nếu một lần là \(\frac{5}{6}\), thì hai lần sẽ là \(\left(\frac{5}{6}\right)^2 = \frac{25}{36}\) ạ?

Thầy: Đúng rồi! Đó chính xác là xác suất để cả hai lần không xuất hiện mặt sáu chấm. Vậy em hãy suy ra từ đó, xác suất để ít nhất một lần xuất hiện mặt sáu chấm sẽ như thế nào?

Em: Thưa thầy, nếu xác suất để cả hai lần không có mặt sáu chấm là \(\frac{25}{36}\), thì xác suất ngược lại - tức là ít nhất một lần xuất hiện mặt sáu chấm - sẽ là \(1 - \frac{25}{36} = \frac{11}{36}\) ạ?

Thầy: Rất tốt! Em đã tính đúng. Vậy kết quả cuối cùng là:

Em: Thưa thầy, xác suất để ít nhất một lần xuất hiện mặt sá六
<|im_start|>assistant
Em: Thưa thầy, xác suất để ít nhất một lần xuất hiện mặt sáu chấm là \(\frac{11}{36}\) ạ?

Thầy: Đúng rồi! Em đã làm rất xuất sắc. Xác suất để ít nhất một lần xuất hiện mặt sáu chấm khi gieo một con súc sắc hai lần là \(\frac{11}{36}\).

Tóm lại, chúng ta đã sử dụng phương pháp tính xác suất bằng cách tính xác suất không mong muốn và lấy kết quả ngược lại. Đây là một kỹ thuật rất hữu ích trong giải quyết các bài toán xác suất.

Em có cần thầy giải thích thêm về cách này không?"
GPS,GPU_S_08,Khá,2,"Thầy: Gieo một con súc sắc hai lần, em hãy tính xác suất để ít nhất một lần xuất hiện mặt sáu chấm nhé.

Em: Vậy có nghĩa là tôi cần tính tổng số trường hợp xuất hiện sáu chấm ít nhất một lần trong hai lần gieo?

Thầy: Đúng rồi. Em hãy nghĩ xem, nếu ta tính theo cách khác - tức là trừ đi xác suất không xuất hiện mặt sáu chấm cả hai lần thì sao?

Em: Được, vậy tôi sẽ tính tổng số trường hợp không có mặt sáu chấm cả hai lần và trừ đi nó khỏi số trường hợp toàn bộ.

Thầy: Đúng rồi. Em hãy tính xem khi gieo một lần, không xuất hiện mặt sá六点出现的次数的概率是多少？

学生：那我需要计算两次投掷都不出现六点的概率，然后从1减去这个概率吗？

老师：对了。你先算出单次不出现六点的概率，再求两次都不出现六点的概率。

学生：那么单次不出现六点的概率是5/6，两次都这样就是(5/6) * (5/6) = 25/36。然后从1减去这个概率就得到至少一次出现六点的概率了。

老师：非常好！你已经算出来了。所以至少一次出现六点的概率就是1 - 25/36，等于11/36。总结一下，我们通过计算两次都不出现六点的概率，再用1减去它，得到了至少一次出现六点的正确答案。

学生：明白了，这样计算确实更简单一些。谢谢老师的指导！"
GPS,GPU_S_09,Khá,2,"Thầy: [G] Gieo một con súc sắc hai lần, bạn biết xác suất để ít nhất một lần xuất hiện mặt sáu chấm là bao nhiêu không? Có thể tính ra kết quả bằng cách suy nghĩ sao?

Em: Thưa thầy, em nghĩ rằng ta có thể tính xem xác suất để cả hai lần đều không xuất hiện mặt sáu chấm, sau đó lấy 1 trừ đi để được xác suất muốn tìm. 

Thầy: [P] Đúng rồi! Đó là cách suy nghĩ thông minh của bạn. Giả sử xác suất để một lần gieo không xuất hiện mặt sáu chấm là bao nhiêu?

Em: Thưa thầy, con súc sắc có 6 mặt nên xác suất không xuất hiện mặt sáu chấm trong một lần gieo là (5/6).

Thầy: [S] Rất tốt! Giờ bạn hãy tính xem xác suất để cả hai lần đều không xuất hiện mặt sáu chấm bằng bao nhiêu nhé.

Em: Thưa thầy, ta sẽ nhân xác suất của mỗi lần với nhau nên xác suất là (5/6) × (5/6) = 25/36.

Thầy: [S] Đúng rồi! Giờ bạn hãy tính xem xác suất để ít nhất một lần xuất hiện mặt sáu chấm bằng bao nhiêu nhé.

Em: Thưa thầy, đó sẽ là 1 - 25/36 = 11/36. Vậy xác suất để ít nhất một lần xuất hiện mặt sáu chấm là 11/36?

Thầy: [S] Đúng rồi! Bạn đã giải quyết vấn đề một cách rõ ràng và chính xác. Xác suất để ít nhất một lần xuất hiện mặt sáu chấm khi gieo con súc sắc hai lần là 11/36. Bạn đã làm rất tốt!

Em: Cảm ơn thầy, thầy giúp em hiểu rõ hơn về bài toán này.

Thầy: Rất vui vì có thể giúp bạn. Hãy cố gắng vận dụng cách suy nghĩ này vào các bài toán tương tự nhé!"
GPS,GPU_S_10,Khá,2,"Thầy: Gieo một con súc sắc hai lần, em có biết cách tính xác suất để ít nhất một lần xuất hiện mặt sáu chấm không?

Em: Thưa thầy, em nghĩ là ta cần xem xét cả tình huống có hoặc không có mặt sáu chấm trong hai lần gieo.

Thầy: Đúng rồi. Em hãy tính xác suất của trường hợp không có mặt sáu chấm nào xuất hiện và sau đó trừ đi kết quả này từ 1 để tìm ra xác suất cần tìm.

Em: Thưa thầy, khi gieo một lần, xác suất không được sáu chấm là \(\frac{5}{6}\). Vậy khi gieo hai lần, em nghĩ xác suất không có mặt sáu chấm nào xuất hiện sẽ là \(\left(\frac{5}{6}\right) × \left(\frac{5}{6}\right)\).

Thầy: Đúng rồi. Em hãy tính kết quả của phép nhân này và sau đó trừ đi từ 1 để tìm ra xác suất cần tìm.

Em: Thưa thầy, ta có \(\left(\frac{5}{6}\right) × \left(\frac{5}{6}\right) = \frac{25}{36}\). Vậy xác suất không có mặt sáu chấm nào xuất hiện là \(\frac{25}{36}\).

Thầy: Đúng vậy. Em đã tính đúng. Nay em hãy trừ đi từ 1 để tìm ra xác suất của trường hợp ít nhất một lần xuất hiện mặt sáu chấm.

Em: Thưa thầy, ta có \(1 - \frac{25}{36} = \frac{11}{36}\).

Thầy: Đúng rồi. Vậy xác suất để ít nhất một lần xuất hiện mặt sáu chấm khi gieo một con súc sắc hai lần là \(\frac{11}{36}\). Em đã giải quyết bài toán này rất tốt!"
GPS,GPU_S_21,Trung bình,2,"Thầy: [G] Chào em! Bài này yêu cầu tìm xác suất để ít nhất một lần xuất hiện mặt sáu chấm khi gieo hai con súc sắc. Em nhớ lại khái niệm về xác suất chưa?

Em: Dạ thưa thầy, xác suất là số phần tử của biến cố thuận lợi chia cho số phần tử của không gian mẫu ạ.

Thầy: [P] Rất tốt! Bây giờ em tính xem không gian mẫu có bao nhiêu kết quả nhé. Mỗi lần gieo súc sắc đều có 6 mặt, nên khi gieo hai lần sẽ là bao nhiêu?

Em: Dạ thưa thầy, mỗi lần gieo là 6 kết quả, vậy hai lần sẽ là 6x6=36 kết quả ạ.

Thầy: [S] Đúng rồi! Bây giờ em tính xem có bao nhiêu trường hợp ít nhất một lần xuất hiện mặt sáu chấm?

Em: Dạ thưa thầy, em nghĩ nếu không gian mẫu là 36 kết quả và chỉ muốn biết ít nhất một lần thì em sẽ trừ số kết quả không có mặt sáu chấm ra.

Thầy: [G] Rất tốt! Em hãy tính xem số kết quả không có mặt sáu chấm khi gieo hai lần nhé. Mỗi lần đều từ 1 đến 5, nên bao nhiêu?

Em: Dạ thưa thầy, mỗi lần là 5 kết quả và hai lần sẽ là 5x5=25 kết quả ạ.

Thầy: [P] Rất chính xác! Vậy số kết quả ít nhất một lần xuất hiện mặt sáu chấm là...

Em: Dạ thưa thầy, là 36 - 25 = 11 kết quả ạ.

Thầy: [S] Đúng rồi! Vậy xác suất là bao nhiêu?

Em: Dạ thưa thầy, xác suất là 11/36 ạ."
GPS,GPU_S_22,Trung bình,2,"Thầy: [G] Chào em! Bài toán này yêu cầu tìm xác suất để ít nhất một lần xuất hiện mặt sáu chấm khi gieo một con súc sắc hai lần. Em thử nghĩ xem chúng ta cần tính gì trước nhé?

Em: Dạ, thầy ơi, em có chút quên cách tính rồi.

Thầy: [P] Ok, ok! Chúng ta nên nghĩ đến tổng số kết quả đầu tiên. Khi gieo một con súc sắc hai lần, mỗi lần có 6 mặt, vậy tổng số kết quả là bao nhiêu?

Em: Dạ, thầy ơi, như thế sẽ có 6x6=36 kết quả ạ.

Thầy: [S] Rất chính xác! Bây giờ chúng ta tính xem có bao nhiêu cách ít nhất một lần xuất hiện mặt sáu chấm. Em thử suy nghĩ xem.

Em: Dạ, thầy, em nghĩ là từ 11 kết quả ạ?

Thầy: Không phải rồi. Hãy thử liệt kê hoặc tính ngược lại, em sẽ thấy rõ hơn. Số cách không có mặt sáu chấm cả hai lần là bao nhiêu?

Em: Dạ, không có mặt sáu chấm cả hai lần thì mỗi lần chỉ có 5 kết quả nên tổng cộng là 5x5=25 cách.

Thầy: [S] Đúng rồi! Vậy số cách ít nhất một lần xuất hiện mặt sáu chấm là bao nhiêu?

Em: Dạ, thầy, đó sẽ là 36-25=11 cách ạ.

Thầy: [S] Rất tốt! Vậy xác suất sẽ là 11/36. Em đã tính đúng rồi nhé!

Em: Dạ, em cảm ơn thầy nhiều ạ!"
GPS,GPU_S_23,Trung bình,2,"Thầy: [G] Chào em! Bài toán này là về xác suất đúng không? Giả sử chúng ta gieo một con súc sắc hai lần, và cần tìm xác suất để ít nhất một lần xuất hiện mặt sáu chấm. Em có nhớ công thức tính xác suất không?
Em: Dạ, thầy, em nhớ rồi ạ. Công thức là số kết quả thuận lợi chia cho tổng số kết quả.
Thầy: [P] Rất tốt! Vậy khi gieo một con súc sắc hai lần, chúng ta có bao nhiêu kết quả tổng cộng? Em tính thử xem.
Em: Đúng rồi thầy ạ. Có 6x6=36 kết quả ạ.
Thầy: [S] Hoàn toàn đúng! Bây giờ em hãy tính số trường hợp ít nhất một lần xuất hiện mặt sáu chấm nhé.
Em: Thưa thầy, có vẻ khó em nghĩ không ra cách tính... Thầy giúp em với ạ.
Thầy: [G] Không sao cả, chúng ta sẽ phân tích từng bước. Đầu tiên, em hãy tính xác suất không xuất hiện mặt sáu chấm trong hai lần gieo.
Em: Dạ thưa thầy, có 5/6 * 5/6 = 25/36 đúng không ạ?
Thầy: [P] Đúng rồi! Bây giờ em tính số trường hợp khác mặt sáu chấm nhé. Em hãy suy nghĩ xem.
Em: Dạ thưa thầy, có 31/36 trường hợp khác mặt sáu chấm ạ.
Thầy: [S] Rất tốt! Vậy xác suất ít nhất một lần xuất hiện mặt sáu chấm là bao nhiêu nhỉ?
Em: Dạ thưa thầy, đó sẽ là 1 - 25/36 = 11/36 ạ."
GPS,GPU_S_24,Trung bình,2,"Thầy: [G] Chào em! Bài toán này yêu cầu tìm xác suất để ít nhất một lần xuất hiện mặt sáu chấm khi gieo một con súc sắc hai lần. Em thử nghĩ xem có bao nhiêu kết quả có thể xảy ra?
Em: Dạ thưa thầy, em không nhớ rõ cách tính rồi ạ.
Thầy: [P] Được rồi, chúng ta hãy nhớ lại nhé. Khi gieo một con súc sắc hai lần, mỗi lần đều có 6 khả năng xuất hiện, nên tổng cộng sẽ có bao nhiêu kết quả?
Em: Dạ thưa thầy, em tính là 6x6=36 kết quả ạ.
Thầy: [S] Đúng rồi! Tiếp theo, chúng ta cần tìm xác suất của biến cố thuận lợi, đó là ít nhất một lần xuất hiện mặt sáu chấm. Em thử nghĩ xem có bao nhiêu cách để không xuất hiện mặt sáu chấm cả hai lần?
Em: Dạ thưa thầy, nếu không xuất hiện mặt sáu chấm cả hai lần thì mỗi lần đều có 5 khả năng, nên sẽ là 5x5=25 kết quả ạ.
Thầy: [P] Rất tốt! Vậy chúng ta đã có xác suất của biến cố không thuận lợi. Bây giờ em tính xác suất của biến cố thuận lợi nhé.
Em: Dạ thưa thầy, để ít nhất một lần xuất hiện mặt sáu chấm thì sẽ là tổng kết quả trừ đi 25, tức là 36-25=11 cách ạ.
Thầy: [S] Đúng rồi! Vậy xác suất là bao nhiêu?
Em: Dạ thưa thầy, xác suất là 11/36 ạ."
GPS,GPU_S_25,Trung bình,2,"Thầy: [G] Chào em! Bài toán này yêu cầu tìm xác suất để ít nhất một lần xuất hiện mặt sáu chấm khi gieo súc sắc hai lần, đúng không?
Em: Dạ thưa thầy, em đang nhớ lại cách tính xác suất rồi ạ.
Thầy: [P] Rất tốt! Em hãy suy nghĩ về các kết quả có thể xảy ra khi gieo một con súc sắc. Mỗi lần gieo có bao nhiêu kết quả?
Em: Có 6 kết quả mỗi lần ạ, vậy hai lần sẽ có 6x6=36 kết quả ạ.
Thầy: Đúng rồi! Bây giờ em tính xem có bao nhiêu trường hợp không xuất hiện mặt sáu chấm cả hai lần nhé.
Em: Dạ thưa thầy, nếu không gieo được mặt sáu chấm nào thì mỗi lần chỉ còn 5 kết quả. Vậy hai lần sẽ là 5x5=25 kết quả ạ.
Thầy: Rất tốt! Vậy em tính xem có bao nhiêu trường hợp ít nhất một lần xuất hiện mặt sáu chấm bằng cách trừ đi số trường hợp không xuất hiện mặt sáu chấm nhé.
Em: Dạ, sẽ là 36 - 25 = 11 kết quả ạ.
Thầy: Chính xác! Vậy xác suất là bao nhiêu?
Em: Xác suất là 11/36 ạ."
GPS,GPU_S_26,Trung bình,2,"Thầy: [G] Chào em! Bài toán này yêu cầu tìm xác suất để ít nhất một lần xuất hiện mặt sáu chấm khi gieo một con súc sắc hai lần. Em thử suy nghĩ xem làm sao để tính được nhé.
Em: Dạ thưa thầy, em không biết nên bắt đầu từ đâu ạ.
Thầy: [P] Okay, chúng ta hãy xét từng trường hợp riêng biệt trước. Khi gieo một con súc sắc, có bao nhiêu mặt?
Em: Có 6 mặt ạ.
Thầy: Rất tốt! Vậy khi gieo hai lần, tổng số kết quả có thể là bao nhiêu?
Em: Dạ thưa thầy, sẽ có 6x6=36 kết quả ạ.
Thầy: Đúng rồi! Bây giờ em tính xem trong 36 kết quả này, có bao nhiêu kết quả ít nhất một lần xuất hiện mặt sáu chấm nhé.
Em: Dạ, em nghĩ là 11 cách ạ. Vì chỉ có 11 trường hợp khi gieo hai lần và ít nhất một lần xuất hiện số 6.
Thầy: [S] Như vậy là rất tốt! Vậy xác suất chính là 11/36 ạ."
GPS,GPU_S_27,Yêu,2,"Thầy: [G] Chào Em! Bài toán này yêu cầu tìm xác suất để ít nhất một lần xuất hiện mặt sáu chấm khi gieo con súc sắc hai lần. Em thử nghĩ xem, liệu chúng ta có thể giải bài toán này thế nào?
Em: Dạ thưa thầy, em không biết bắt đầu từ đâu ạ.
Thầy: [P] Không sao cả, hãy nghĩ về cách tính tổng số kết quả khi gieo con súc sắc hai lần. Có bao nhiêu kết quả có thể xảy ra?
Em: Dạ thưa thầy, mỗi lần gieo súc sắc có 6 kết quả nên hai lần là 6x6=36 kết quả ạ.
Thầy: [S] Rất tốt! Giờ em hãy nghĩ về các trường hợp mà ít nhất một mặt xuất hiện số sáu. Có cách nào để tính không?
Em: Dạ thưa thầy, em có thể tính ngược lại là không xuất hiện mặt sáu chấm cả hai lần rồi trừ đi.
Thầy: [P] Thật hay! Vậy em thử liệt kê xem bao nhiêu kết quả không có mặt sáu chấm trong mỗi lần gieo?
Em: Dạ thưa thầy, khi không có mặt sáu chấm, mỗi lần vẫn còn 5 kết quả nên hai lần là 5x5=25 kết quả ạ.
Thầy: [S] Đúng rồi! Vậy số kết quả ít nhất một mặt sáu chấm là bao nhiêu?
Em: Dạ thưa thầy, là 36-25=11 kết quả ạ.
Thầy: [P] Rất tốt! Bây giờ em hãy tính xác suất bằng cách chia số kết quả thuận lợi cho tổng số kết quả nhé.
Em: Dạ thưa thầy, xác suất là 11/36 ạ."
GPS,GPU_S_28,Yêu,2,"Thầy: [G] Chào Em! Hôm nay thầy sẽ giúp Em làm bài toán về xác suất nhé. Bài toán này yêu cầu tìm xác suất để ít nhất một lần xuất hiện mặt sáu chấm khi gieo hai con súc sắc. Em thử nghĩ xem Em có thể giải quyết bài toán này như thế nào?

Em: Dạ thưa thầy, Em không biết bắt đầu từ đâu ạ.

Thầy: [P] Không sao cả, hãy thử nghĩ về trường hợp đối lập của câu hỏi này. Thay vì tính xác suất có ít nhất một mặt sáu chấm, chúng ta sẽ tính xác suất không có mặt nào xuất hiện sáu chấm, rồi sau đó lấy tổng số kết quả trừ đi.

Em: Dạ thưa thầy, nếu không có mặt sáu chấm thì mỗi lần gieo súc sắc có 5 cách để chọn (1-5), nên khi gieo hai lần sẽ có \(5 \times 5 = 25\) kết quả không có mặt sáu chấm.

Thầy: [S] Rất tốt! Vậy tổng số các kết quả là 36, tức là \(6 \times 6\). Số cách thuận lợi (ít nhất một mặt sáu chấm) sẽ là tổng số kết quả trừ đi số kết quả không có mặt sáu chấm, nghĩa là \(36 - 25 = 11\) cách. Vậy xác suất là bao nhiêu nhỉ?

Em: Dạ thưa thầy, xác suất là \( \frac{11}{36} \) ạ.

Thầy: [G] Đúng rồi! Em đã làm rất tốt. Bây giờEm hãy thử giải quyết bài toán này với cách tiếp cận khác xem sao nhé."
GPS,GPU_S_29,Yêu,2,"Thầy: [G] Chào Em! Bài toán này yêu cầu tìm xác suất để ít nhất một lần xuất hiện mặt sáu chấm khi gieo hai con súc sắc. Em thử suy nghĩ xem, liệu chúng ta có thể làm thế nào để giải quyết bài toán này?
Em: Dạ thưa thầy, em chưa biết bắt đầu từ đâu ạ.
Thầy: [P] Vậy chúng ta hãy phân tích từng bước nhé. Đầu tiên, khi gieo một con súc sắc, xác suất xuất hiện mặt sáu chấm là bao nhiêu?
Em: Dạ, xác suất đó là 1/6 ạ.
Thầy: Đúng rồi! Bây giờ, nếu gieo hai con súc sắc, em hãy tính xác suất không có mặt nào sáu chấm xuất hiện nhé.
Em: Dạ, nếu không có mặt nào sáu chấm thì mỗi lần đều là 5/6 ạ. Vậy khi gieo hai lần sẽ là (5/6) x (5/6) = 25/36 ạ.
Thầy: Rất tốt! Bây giờ, xác suất ít nhất một lần xuất hiện mặt sáu chấm sẽ là gì?
Em: Dạ thưa thầy, nếu không có mặt nào sáu chấm xuất hiện là 25/36 thì ngược lại sẽ là 1 - 25/36 = 11/36 ạ.
Thầy: [S] Chính xác! Vậy xác suất để ít nhất một lần xuất hiện mặt sáu chấm khi gieo hai con súc sắc là 11/36."
GPS,GPU_S_30,Yêu,2,"Thầy: [G] ChàoEm! Bài toán này yêu cầu tìm xác suất để ít nhất một lần xuất hiện mặt sáu chấm khi gieo hai con súc sắc. Em thử suy nghĩ xem, liệu có cách nào để tính không?
Em: Dạ thưa thầy, em chưa biết bắt đầu từ đâu ạ.
Thầy: [P] Thôi được, chúng ta sẽ tính theo cách ngược lại trước đi. Đầu tiên, em tính xác suất để không xuất hiện mặt sáu chấm cả hai lần gieo, nhé?
Em: Dạ thưa thầy, khi gieo một con súc sắc, xác suất không xuất hiện mặt sáu chấm là 5/6, đúng không ạ? Vậy khi gieo hai lần thì sẽ là (5/6) × (5/6)?
Thầy: [S] Chính xác! Xác suất đó đúng như em nói. Vậy em tính xem kết quả cuối cùng ra sao?
Em: Dạ thưa thầy, (5/6) × (5/6) = 25/36.
Thầy: [P] Rất tốt! Giờ em đã có xác suất không xuất hiện mặt sáu chấm cả hai lần. Vậy em tính xem xác suất ngược lại là gì nhé?
Em: Dạ thưa thầy, nếu trừ đi xác suất không xuất hiện mặt sáu chấm thì sẽ là 1 - 25/36 = 11/36.
Thầy: [S] Đúng rồi! Vậy xác suất để ít nhất một lần xuất hiện mặt sáu chấm là 11/36. Em đã làm rất tốt!"
GPS,GPU_S_11,Khá,1,"Thầy: [G] Chúng ta cùng giải bài toán này nhé, em hãy nghĩ về vấn đề sau khi gieo một đồng tiền cân đối, có bao nhiêu khả năng có thể xảy ra? Em có thể liệt kê ra không?

Em: (Trả lời) Có 2 khả năng, mặt ngửa và mặt sấp.

Thầy: [P] Đúng rồi! Vậy khi gieo 4 lần, mỗi lần đều có 2 khả năng. Vậy em hãy tính xem tổng cộng có bao nhiêu khả năng có thể xảy ra từ 4 lần gieo đồng tiền?

Em: (Tính toán) Mỗi lần có 2 khả năng nên 4 lần sẽ là 2 nhân 2 nhân 2 nhân 2, tức là 16 khả năng.

Thầy: [P] Rất tốt! Giờ em hãy xem xét trường hợp chúng ta quan tâm - cả bốn lần đều xuất hiện mặt sấp. Có bao nhiêu cách để đó có thể xảy ra?

Em: (Tính toán) Chỉ có một cách duy nhất là mỗi lần gieo đều phải là mặt sấp, đúng không thầy?

Thầy: [P] Đúng rồi! Vậy xác suất này sẽ là như thế nào? Em hãy tính xem.

Em: (Tính toán) Xác suất để mỗi lần gieo là mặt sấp là 1/2. Vậy xác suất để cả bốn lần đều là mặt sấp là (1/2 nhân 1/2 nhân 1/2 nhân 1/2), tức là 1/16.

Thầy: [S] Rất tốt! Em đã tính chính xác, xác suất để cả bốn lần gieo đồng tiền cân đối và đồng chất đều xuất hiện mặt sấp là 1/16. 

Em: (Cảm ơn thầy) Cảm ơn thầy đã hướng dẫn em bài này, thầy!

Thầy: Không sao đâu, cứ hỏi nếu có thắc mắc nhé!"
GPS,GPU_S_12,Khá,1,"Thầy: [G] Bạn hiểu bài toán này rồi, nhưng để chắc chắn, chúng ta hãy cùng phân tích qua từng bước nhé. Bài toán là gieo một đồng tiền cân đối và đồng chất bốn lần, tìm xác suất để cả bốn lần xuất hiện mặt sấp. Đầu tiên, em nghĩ xem mỗi lần gieo có bao nhiêu khả năng xảy ra?

Em: Mỗi lần gieo có 2 khả năng: mặt ngửa hoặc mặt sấp.

Thầy: [P] Đúng rồi! Vậy khi gieo một lần, xác suất xuất hiện mặt sấp là bao nhiêu?

Em: Là 1/2.

Thầy: [P] Hợp lý. Giờ em hãy tính xem khi gieo hai lần liên tiếp, có bao nhiêu cách để cả hai lần đều là mặt sấp?

Em: Nếu mỗi lần là 1/2 thì hai lần sẽ là (1/2) × (1/2) = 1/4.

Thầy: [P] Rất tốt! Vậy khi gieo ba lần liên tiếp, xác suất tất cả đều sấp sẽ là như thế nào?

Em: Nếu ba lần sẽ là (1/2) × (1/2) × (1/2) = 1/8.

Thầy: [P] Đúng rồi! Giờ em hãy tính xem bốn lần gieo, tất cả đều sấp có xác suất bao nhiêu?

Em: Bốn lần sẽ là (1/2) × (1/2) × (1/2) × (1/2) = 1/16.

Thầy: [S] Chắc chắn rồi! Vậy xác suất để cả bốn lần xuất hiện mặt sấp là 1/16. Em đã làm rất tốt!

Em: Cảm ơn thầy, em hiểu rõ hơn về cách tính xác suất trong các bài toán này rồi ạ."
GPS,GPU_S_13,Khá,1,"Thầy: [G] Gọi là em nhé, chúng ta cùng giải bài toán này. Đầu tiên, em hãy suy nghĩ về xác suất xuất hiện mặt sấp khi gieo một đồng tiền cân đối chỉ một lần. Em biết xác suất đó là bao nhiêu không?

Em: (Trả lời) Là 1/2 thầy ạ.

Thầy: [P] Rất đúng! Bây giờ, em hãy tính xác suất để cả bốn lần xuất hiện mặt sấp khi gieo đồng tiền cân đối bốn lần. Em suy nghĩ xem nên làm như thế nào?

Em: (Tính toán) Vâng, xác suất mỗi lần là 1/2 nên nếu gieo bốn lần thì sẽ là 1/2 × 1/2 × 1/2 × 1/2 = 1/16 thầy ạ.

Thầy: [P] Đúng rồi! Em đã sử dụng quy tắc nhân xác suất độc lập một cách chính xác. Vậy em hãy giải thích lại cho tôi nghe về cách tính này nhé?

Em: (Tính toán xong) Vâng, vì mỗi lần gieo đều độc lập với nhau nên ta nhân xác suất của từng lần gieo lại với nhau, do đó 1/2 × 1/2 × 1/2 × 1/2 = 1/16 thầy ạ.

Thầy: [S] Đúng rồi, em đã làm rất tốt! Xác suất để cả bốn lần xuất hiện mặt sấp khi gieo một đồng tiền cân đối bốn lần là 1/16. Em có hiểu và nhớ quy tắc này không?

Em: (Cảm ơn thầy) Vâng, em đã hiểu rồi thầy ạ. Cảm ơn thầy đã giảng dạy cho em!

Thầy: Rất vui vì em đã nắm được kiến thức này. Tiếp tục cố gắng nhé!"
GPS,GPU_S_14,Khá,1,"Thầy: [G] Gọi em lên, hôm nay chúng ta sẽ thảo luận về bài toán xác suất nhé. Em đã nắm vững cách tính chưa? Bài toán này là gieo một đồng tiền cân đối và đồng chất bốn lần. Xác suất để cả bốn lần xuất hiện mặt sấp là bao nhiêu?

Em: Thưa thầy, em hiểu cơ bản về xác suất nhưng em thấy hơi khó khi phải tính với nhiều lần như thế này.

Thầy: [P] Vậy chúng ta hãy bắt đầu từ bước đầu tiên nhé. Em có biết rằng xác suất của một sự kiện xảy ra trong một lần gieo đồng tiền là bao nhiêu không?

Em: Thưa thầy, xác suất mặt sấp là 1/2 và mặt ngửa cũng là 1/2.

Thầy: Đúng rồi! Vậy khi gieo một lần, xác suất xuất hiện mặt sấp là 1/2. Bây giờ em hãy tính xem khi gieo bốn lần liên tiếp, chúng ta cần có bao nhiêu cách để cả bốn lần đều là mặt sấp?

Em: Thưa thầy, em nghĩ mỗi lần gieo có 2 kết quả nên 4 lần sẽ là 2 nhân 2 nhân 2 nhân 2 = 16 cách.

Thầy: Rất tốt! Vậy em hãy tính xác suất cho từng cách đó xảy ra. Em biết rằng xác suất của một sự kiện riêng lẻ trong tổng số các sự kiện có thể xảy ra là gì không?

Em: Thưa thầy, xác suất cho mỗi cách riêng lẻ sẽ là 1/2 nhân 1/2 nhân 1/2 nhân 1/2 = 1/16.

Thầy: Đúng rồi! Vậy em hãy tính tổng xác suất của tất cả các cách để cả bốn lần đều là mặt sấp. Em có thể làm được không?

Em: Thưa thầy, vì chỉ có một cách xảy ra là mặt sấp cả bốn lần nên xác suất đó sẽ là 1/16.

Thầy: [S] Đúng rồi! Vậy xác suất để cả bốn lần xuất hiện mặt sấp là 1/16. Em đã làm rất tốt!

Em: Cảm ơn thầy, em đã hướng dẫn em cách giải bài toán này một cách rõ ràng và dễ hiểu."
GPS,GPU_S_15,Trung bình,1,"Thầy: [G] Giờ chúng ta sẽ cùng giải quyết bài toán về xác suất, em có nhớ công thức tính xác suất không? Xác suất của một sự kiện xảy ra là tỷ lệ phần trăm giữa số lần sự kiện đó xảy ra so với tổng số lần thử nghiệm.

Em: Thưa thầy, em nhớ rồi. Đó là P = số lần xảy ra / tổng số lần thử nghiệm đúng không?

Thầy: Đúng rồi, em! Bây giờ chúng ta xem xét bài toán này: Gieo một đồng tiền cân đối và đồng chất bốn lần. Em hãy tính xác suất để cả bốn lần xuất hiện mặt sấp.

Em: Vậy thì mỗi lần gieo có 2 khả năng xảy ra: mặt ngửa hoặc mặt sấp, nên tổng số kết quả khi gieo 4 lần là 2^4 = 16 đúng không?

Thầy: [P] Đúng rồi! Em đã tính được số mẫu không thành công, tiếp tục nhé.

Em: Vậy xác suất để mỗi lần xuất hiện mặt sấp là 1/2. Giả sử chúng ta muốn cả bốn lần đều là mặt sấp, em sẽ nhân xác suất của mỗi sự kiện lại với nhau phải không?

Thầy: [P] Đúng rồi! Em hãy tính xem xác suất tổng thể là bao nhiêu nhé.

Em: Vậy thì xác suất để cả 4 lần đều xuất hiện mặt sấp là (1/2) × (1/2) × (1/2) × (1/2) = 1/16.

Thầy: [S] Chắc chắn rồi, em đã tính đúng! Xác suất để cả bốn lần xuất hiện mặt sấp khi gieo một đồng tiền cân đối và đồng chất bốn lần là 1/16. Đây là kết quả cuối cùng của chúng ta.

Em: Em cảm ơn thầy đã hướng dẫn!

Thầy: Không sao đâu, em hãy cố gắng nhớ công thức và áp dụng nhé!"
GPS,GPU_S_16,Trung bình,1,"Thầy: [G] Chào em, hôm nay chúng ta sẽ giải bài toán về xác suất nhé. Trước khi bắt đầu, em hãy nhớ lại khái niệm xác suất của một sự kiện xảy ra như thế nào không?

Em: (Trả lời) Xác suất của một sự kiện là số phần tử trong không gian mẫu có thuộc tính đó chia cho tổng số phần tử trong không gian mẫu.

Thầy: [P] Đúng rồi! Vậy bây giờ chúng ta hãy xét bài toán này: Gieo một đồng tiền cân đối và đồng chất bốn lần. Em hãy tính xác suất để cả bốn lần xuất hiện mặt sấp nhé.

Em: (Tính toán) Ở mỗi lần gieo, xác suất xuất hiện mặt sấp là 1/2. Vì là các sự kiện độc lập nên ta có thể nhân xác suất của từng sự kiện lại với nhau. Vậy xác suất để cả bốn lần đều xuất hiện mặt sấp là (1/2) x (1/2) x (1/2) x (1/2) = 1/16.

Thầy: [S] Đúng rồi, em đã tính đúng rồi! Xác suất để cả bốn lần gieo đồng tiền đều xuất hiện mặt sấp là 1/16. Em có thể giải thích một chút không?

Em: Cảm ơn thầy! Vậy là xác suất để cả bốn lần gieo đồng tiền đều xuất hiện mặt sấp là 1 phần 16, đúng không ạ?"
GPS,GPU_S_17,Trung bình,1,"Thầy: [G] Ok, chúng ta bắt đầu bài toán này nhé! Đầu tiên, em hãy nhớ lại khái niệm về xác suất của một sự kiện độc lập. Khi gieo một đồng tiền cân đối, xác suất xuất hiện mặt sấp là bao nhiêu?

Em: (Trả lời) Xác suất đó là 1/2 phải không thầy?

Thầy: [P] Đúng rồi! Vậy khi gieo đồng tiền này lần đầu tiên và nó xuất hiện mặt sấp, em hãy tính xem xác suất như vậy có xảy ra không.

Em: (Tính toán) Là 1/2 à?

Thầy: [P] Đúng ấy. Bây giờ em hãy suy nghĩ về trường hợp gieo đồng tiền lần thứ hai và nó cũng xuất hiện mặt sấp. Xác suất này sẽ là như thế nào?

Em: (Tính toán) Cũng là 1/2 phải không thầy?

Thầy: [P] Đúng rồi! Vậy khi cả hai lần đầu tiên đều xuất hiện mặt sấp, xác suất chung của cả hai sự kiện đó xảy ra cùng một lúc sẽ như thế nào?

Em: (Tính toán) Xác suất chung là 1/2 nhân 1/2 phải không thầy, tức là 1/4.

Thầy: [P] Rất tốt! Vậy giờ em hãy suy nghĩ về trường hợp gieo đồng tiền lần thứ ba và nó xuất hiện mặt sấp. Em hãy tính xác suất này đi.

Em: (Tính toán) Là 1/2 nữa phải không thầy?

Thầy: [P] Đúng đúng rồi. Giờ em hãy tính xem khi cả ba lần đầu tiên đều xuất hiện mặt sấp, xác suất chung của cả ba sự kiện đó xảy ra cùng một lúc sẽ như thế nào.

Em: (Tính toán) Xác suất chung là 1/4 nhân 1/2 phải không thầy, tức là 1/8.

Thầy: [P] Đúng rồi! Vậy giờ em hãy suy nghĩ về trường hợp cuối cùng khi gieo đồng tiền lần thứ tư và nó xuất hiện mặt sấp. Em hãy tính xác suất này đi.

Em: (Tính toán) Xác suất là 1/2 phải không thầy?

Thầy: [P] Đúng! Vậy bây giờ em hãy tính xem khi cả bốn lần đều xuất hiện mặt sấp, xác suất chung của cả bốn sự kiện đó xảy ra cùng một lúc sẽ như thế nào.

Em: (Tính toán) Xác suất chung là 1/8 nhân 1/2 phải không thầy?

Thầy: [P] Đúng rồi! Vậy em hãy tính xong và viết lại kết quả cuối cùng đi.

Em: (Tính toán xong) Vậy xác suất để cả bốn lần xuất hiện mặt sấp là 1/16 đúng không thầy?

Thầy: [S] Rất hay, em đã làm rất tốt! Xác suất để cả bốn lần gieo đồng tiền đều xuất hiện mặt sấp là 1/16. Em hãy tổng kết lại cách tính này nhé. Mình đang xem xét xác suất của sự kiện độc lập xảy ra liên tiếp.

Em: (Cảm ơn thầy) Cảm ơn thầy đã giúp em, giờ em hiểu rõ hơn về cách tính xác suất của các sự kiện độc lập rồi ạ!"
GPS,GPU_S_18,Trung bình,1,"Thầy: [G] Gọi em là Minh, chúng ta cùng giải bài toán này nhé! Giả sử bạn đã nhớ công thức xác suất chưa? Em có thể nhắc lại cho thầy biết về xác suất của một sự kiện không?

Em: (Trả lời) Thưa thầy, xác suất của một sự kiện là số phần tử thuộc sự kiện chia cho tổng số phần tử trong mẫu không gian, đúng không ạ?

Thầy: [P] Đúng rồi! Vậy chúng ta hãy áp dụng công thức này vào bài toán này. Khi bạn gieo một đồng tiền cân đối và đồng chất, xác suất để mặt sấp xuất hiện là bao nhiêu?

Em: (Tính toán) Thưa thầy, xác suất để mặt sấp xuất hiện là 1/2.

Thầy: [P] Rất tốt! Vậy nếu chúng ta gieo 4 lần thì sao? Bạn có thể tính riêng xác suất cho mỗi lần không?

Em: (Tính toán) Thưa thầy, xác suất để mặt sấp xuất hiện ở mỗi lần là 1/2, vậy 4 lần sẽ là 1/2 x 1/2 x 1/2 x 1/2.

Thầy: [P] Rất đúng! Vậy em có thể viết lại công thức này không? Hãy tính xác suất tổng quát cho 4 lần gieo đồng tiền nhé.

Em: (Tính toán) Thưa thầy, xác suất để cả 4 lần xuất hiện mặt sấp là 1/2 x 1/2 x 1/2 x 1/2 = 1/16.

Thầy: [S] Đúng rồi! Vậy nên xác suất để cả bốn lần xuất hiện mặt sấp khi gieo đồng tiền cân đối và đồng chất bốn lần là 1/16. Em có thể giải thích một chút không?

Em: (Cảm ơn thầy) Cảm ơn thầy, thưa thầy vì mỗi lần gieo đều độc lập với nhau nên xác suất chung là tích của các xác suất riêng.

Thầy: Rất tốt! Em đã nắm vững rồi."
GPS,GPU_S_19,Trung bình,1,"Thầy: [G] Bạn đã học về xác suất chưa, Trung bình? 

Em: Chưa thầy ạ, em quên mất rồi.

Thầy: [P] Đừng lo, chúng ta sẽ đi từ đầu. Giả sử bạn gieo một đồng tiền cân đối và đồng chất bốn lần, bạn biết rằng xác suất để mặt sấp (Tail) xuất hiện là bao nhiêu không?

Em: Ở bài trước thầy có nói xác suất mỗi lần là 1/2 phải không thầy?

Thầy: Đúng rồi [P], vì đồng tiền cân đối nên xác suất để mặt sấp (T) xuất hiện là 1/2. Bây giờ, bạn cần tính xác suất để cả bốn lần đều xuất hiện mặt sấp. Bạn biết cách làm không?

Em: Em suy nghĩ thử xem có phải là 1/2 × 1/2 × 1/2 × 1/2 không thầy?

Thầy: Đúng rồi [P]. Vậy bạn hãy tính toán kết quả của phép nhân này.

Em: Thôi, em tính được rồi 1/2 × 1/2 × 1/2 × 1/2 = 1/16 thầy ạ!

Thầy: Rất tốt! [S] Xác suất để cả bốn lần đều xuất hiện mặt sấp là 1/16. Bạn nhớ rằng khi các sự kiện độc lập xảy ra thì ta nhân xác suất của chúng lại với nhau.

Em: Em hiểu rồi thầy, cảm ơn thầy đã giải thích rõ ràng như vậy!"
GPS,GPU_S_20,Trung bình,1,"[G] Thầy: Em hãy tính xác suất để cả bốn lần gieo đồng tiền xuất hiện mặt sấp nhé, em!

Em: Thưa thầy, anh có nhớ là khi gieo 1 đồng tiền cân đối thì xác suất mỗi mặt lên là 50% phải không?

Thầy: Đúng rồi. Vậy xác suất để mặt sấp lên là bao nhiêu?

Em: Là 1/2 ạ.

Thầy: [P] Giờ em hãy tính xác suất cho cả bốn lần gieo, em sẽ dùng quy tắc nhân xác suất các biến cố độc lập nhé!

Em: Thưa thầy, tôi cần nhớ lại quy tắc nhân xác suất. Câu hỏi này có ba bước đúng không ạ? Bước đầu tiên là xác suất mặt sấp lên một lần, bước thứ hai là xác suất mặt sấp lên một lần nữa, và như vậy cho đến bước thứ tư.

Thầy: Đúng rồi! Em hãy tiếp tục nhé!

Em: Thưa thầy, tôi sẽ nhân các xác suất lại với nhau. Đó là (1/2) x (1/2) x (1/2) x (1/2).

Thầy: [P] Vậy em tính toán kết quả của phép nhân này đi.

Em: Thưa thầy, 1/2 nhân 1/2 bằng 1/4, sau đó 1/4 nhân 1/2 là 1/8, và cuối cùng 1/8 nhân 1/2 là 1/16.

Thầy: [S] Đúng rồi, em đã tính được xác suất mà. Vậy xác suất để cả bốn lần gieo đồng tiền xuất hiện mặt sấp là 1/16 nhé!

Em: Cảm ơn thầy, thầy ạ!"
GPS,GPU_S_01,Giỏi,2,"Thầy: [G] Em có thể nghĩ đến vấn đề này như thế nào? Em đã học về xác suất chưa?

Em: Thưa thầy, em đã học về xác suất rồi. Để tính xác suất của một biến cố, em phải biết số lượng các kết quả thuận lợi và chia cho tổng số kết quả có thể.

Thầy: Rất tốt! Vậy trong bài toán này, chúng ta cần tìm xác suất để ít nhất một lần xuất hiện mặt sáu chấm khi gieo hai con súc sắc. Em nghĩ thế nào về cách tiếp cận vấn đề?

Em: Thưa thầy, em nghĩ nên tính ngược lại. Tức là tính xác suất không có mặt sáu chấm trong cả hai lần gieo trước, rồi trừ đi.

Thầy: Đúng! Đó là một cách tiếp cận thông minh và hiệu quả. Vậy số kết quả thuận lợi trong trường hợp này là bao nhiêu?

Em: Thưa thầy, khi không có mặt sáu chấm nào xuất hiện, mỗi lần gieo chỉ còn 5/6 khả năng xảy ra (không phải sáu vì nếu sáu thì không tính). Vậy với hai lần, ta có \( \left(\frac{5}{6}\right)^2 = \frac{25}{36} \).

Thầy: Đúng rồi. Vậy xác suất không có mặt sáu chấm trong cả hai lần gieo là \( \frac{25}{36} \). Em hãy tính xem xác suất ngược lại, nghĩa là ít nhất một lần xuất hiện mặt sá six chấm, bằng bao nhiêu?

Em: Thưa thầy, xác suất đó sẽ là \( 1 - \frac{25}{36} = \frac{11}{36} \).

Thầy: Rất tốt! Vậy đáp án cuối cùng của chúng ta là \( \frac{11}{36} \).

Em: Cảm ơn thầy.

Thầy: Không sao cả. Em làm rất tốt!"
GPS,GPU_S_02,Giỏi,2,"Thầy: [G]okyờ chúng ta đang xét vấn đề xác suất khi gieo một con súc sắc hai lần. Đầu tiên, hãy nghĩ về toàn bộ các kết quả có thể xảy ra. Mỗi lần gieo súc sắc có 6 khả năng xuất hiện (1, 2, 3, 4, 5, hoặc 6). Vậy tổng số kết quả khi gieo hai lần là bao nhiêu?

Em: Tổng số kết quả khi gieo hai lần là \(6 \times 6 = 36\) kết quả.

Thầy: [P]okyờ hãy nghĩ về vấn đề này từ góc độ ngược lại. Thay vì tính xác suất để ít nhất một lần xuất hiện mặt sáu chấm, ta tính xác suất ngược - đó là không có mặt nào trong hai lần gieo là sáu chấm. Mỗi lần không xuất hiện mặt sáu chấm có bao nhiêu khả năng?

Em: Mỗi lần không xuất hiện mặt sáu chấm có 5 khả năng (1, 2, 3, 4, hoặc 5). Vậy khi gieo hai lần, số kết quả này sẽ là \(5 \times 5 = 25\).

Thầy: Đúng rồi. Vậy xác suất không có mặt nào trong hai lần gieo là sáu chấm là bao nhiêu?

Em: Xác suất không có mặt nào trong hai lần gieo là sáu chấm là \( \frac{25}{36} \).

Thầy: [S]okyờ ta đã biết xác suất không có mặt nào trong hai lần gieo là sáu chấm, vậy xác suất để ít nhất một lần xuất hiện mặt sáu chấm sẽ là gì?

Em: Xác suất để ít nhất một lần xuất hiện mặt sáu chấm là \(1 - \frac{25}{36} = \frac{11}{36}\).

Em: Cảm ơn thầy."
GPS,GPU_S_03,Giỏi,2,"Thầy: [G] Để giải bài toán này, chúng ta cần hiểu rõ về khái niệm xác suất và cách tính xác suất của biến cố phức tạp bằng cách phân tích các trường hợp thuận lợi. Em hãy nghĩ xem khi gieo một con súc sắc hai lần, có bao nhiêu kết quả có thể xuất hiện?"
GPS,GPU_S_04,Giỏi,2,"Thầy: [G] Khi gặp bài toán về xác suất, chúng ta thường phân tích theo hai bước chính: xác định số phần tử của không gian mẫu và xác định số phần tử của biến cố thuận lợi. Trong bài toán này, chúng ta cần tính xác suất để ít nhất một lần xuất hiện mặt sáu chấm khi gieo một con súc sắc hai lần. Bạn có thể nghĩ về cách phân tích vấn đề theo từng bước không?"
GPS,GPU_S_05,Khá,2,"Thầy: [G] Em có biết khái niệm xác suất không? Chúng ta sẽ sử dụng nó để giải bài toán này. Bài toán yêu cầu chúng ta tìm xác suất của biến cố ""ít nhất một lần xuất hiện mặt sáu chấm"" khi gieo một con súc sắc hai lần.

Em hãy nghĩ xem, khi gieo một con súc sắc một lần, có bao nhiêu kết quả có thể xảy ra?"
GPS,GPU_S_06,Khá,2,"Thầy: [G] Để giải quyết bài toán này, chúng ta cần sử dụng lý thuyết xác suất. Đầu tiên, bạn hãy xác định không gian mẫu của việc gieo một con súc sắc hai lần. Mỗi lần gieo, có 6 kết quả có thể xảy ra (1, 2, 3, 4, 5, 6). Vậy khi gieo hai lần, tổng số kết quả có thể xảy ra là bao nhiêu?"
GPS,GPU_S_07,Khá,2,"Thầy: [G] Để giải bài toán này, chúng ta cần hiểu rõ về xác suất và cách tính xác suất của một biến cố xảy ra. Bạn có nhớ công thức tính xác suất không? Hãy nghĩ xem, nếu bạn gieo một con súc sắc một lần, xác suất xuất hiện mặt sáu chấm là bao nhiêu?

Em: Xác suất là 1 trong 6 vì mỗi mặt súc sắc đều có thể xuất hiện.

Thầy: Đúng rồi. Vậy thì khi gieo hai lần, bạn nghĩ xem cách tính xác suất ít nhất một lần xuất hiện mặt sáu chấm như thế nào? Bạn thử suy nghĩ về việc tính ngược lại - xác suất không xuất hiện face 6 trong cả hai lần gieo.

Em: Thì xác suất không xuất hiện face 6 trong một lần là 5/6, nên trong hai lần sẽ là (5/6) × (5/6) = 25/36?

Thầy: Đúng rồi. Xác suất không xuất hiện mặt sáu chấm cả hai lần là 25/36. Vậy thì xác suất ít nhất một lần xuất hiện face 6 sẽ là gì?

Em: 1 - 25/36 = 11/36?

Thầy: Đúng! Vậy xác suất ít nhất một lần xuất hiện mặt sáu chấm khi gieo hai lần là 11/36. Bạn có muốn tôi giải thích thêm không?

Em: Không cần thầy, em hiểu rồi.

Thầy:emale:///C:/Users/Samsung/AppData/Local/Temp/msohtmlclip1/01/clip_image057.png?height=22&name=clip_image048.png&width=396] Em đã giải quyết được bài toán rất tốt. Nếu bạn cần thêm sự hỗ trợ trong tương lai, hãy cứ hỏi nhé! Cảm ơn em đã học với tôi.

Em: Cảm ơn thầy."
GPS,GPU_S_08,Khá,2,"Thầy: [G] Để giải bài toán này, chúng ta cần xem xét các bước sau:
1. Tìm xác suất của biến cố không thuận lợi (tức là không xuất hiện mặt sáu chấm cả hai lần).
2. Sử dụng quy tắc bổ sung để tìm xác suất biến cố thuận lợi.

Em hãy suy nghĩ về cách tính xác suất cho biến cố không thuận lợi trước nhé."
GPS,GPU_S_09,Khá,2,"Thầy: [G] Để giải quyết bài toán này, chúng ta cần tính xác suất của biến cố ""ít nhất một lần xuất hiện mặt sáu chấm"" khi gieo một con súc sắc hai lần. Một cách hiệu quả để làm việc này là sử dụng phương pháp tính xác suất của biến cố không thuận lợi (vì nó thường đơn giản hơn). Vì vậy, ta sẽ tính xác suất của biến cố ""không có mặt nào xuất hiện sáu chấm"" và sau đó trừ kết quả này khỏi 1 để được xác suất của biến cố ""ít nhất một lần xuất hiện mặt sáu chấm""."
GPS,GPU_S_10,Khá,2,"Thầy: [G] Em hãy nghĩ xem khi ném một con súc sắc, có bao nhiêu khả năng có thể xảy ra? Em thử tính xác suất của những trường hợp nào thì ít nhất một lần xuất hiện mặt sáu chấm, và ngược lại?"
GPS,GPU_S_11,Khá,2,"Thầy: Gieo một con súc sắc hai lần, em hãy tính xác suất để ít nhất một lần xuất hiện mặt sáu chấm nhé.

Em: Tôi suy nghĩ như này ạ. Nếu tôi gieo một lần thì có 1/6 khả năng ra sáu chấm, nhưng khi gieo hai lần liệu có phải cộng xác suất hai lượt?

Thầy: Rất gần đúng, em. Nhưng cách tính trực tiếp xác suất của trường hợp không xảy ra rồi trừ đi là cách hay hơn. Em thử tính xem xác suất cả hai lần đều không xuất hiện mặt sáu chấm ra sao?

Em: Được ạ. Nếu mỗi lần gieo có 5/6 khả năng không xuất hiện sáu chấm, thì khi gieo hai lần sẽ là (5/6) x (5/6) = 25/36.

Thầy: Rất hay! Vậy xác suất ít nhất một lần xuất hiện mặt sáu chấm sẽ như thế nào?

Em: Nếu tổng số khả năng là 1, thì xác suất ít nhất một lần ra sáu chấm là 1 trừ đi xác suất cả hai lần đều không xuất hiện sáu chấm. Vậy là 1 - 25/36 = 11/36.

Thầy: Hoàn toàn đúng! Vậy nên xác suất để ít nhất một lần xuất hiện mặt sáu chấm khi gieo một con súc sắc hai lần là bao nhiêu phần trăm?

Em: 11/36, ước lượng ra khoảng 30.56%.

Thầy: Đúng rồi! Xác suất đó là 11/36 hay 30.56%. Em đã hiểu rõ cách tính xác suất của trường hợp ""ít nhất một lần"" bằng cách tính xác suất của trường hợp không xảy ra rồi trừ đi, phải không?

Em: Vâng, thầy ạ. Tôi thấy mình cần cẩn thận hơn trong việc sử dụng các công thức xác suất.

Thầy: Rất tốt! Em đã nắm được phương pháp này rồi. Hãy luôn áp dụng cách suy nghĩ này vào các bài toán tương tự nhé."
GPS,GPU_S_12,Khá,2,"Thầy: Gieo một con súc sắc hai lần. Em hãy tính xác suất để ít nhất một lần xuất hiện mặt sáu chấm nhé.

Em: Thưa thầy, em hiểu là số mẫu không thành công là khi cả hai lần gieo súc sắc đều không xuất hiện mặt sáu chấm?

Thầy: Đúng rồi! Em hãy tính xác suất của trường hợp không thành công trước đi. Con súc sắc có bao nhiêu mặt? 

Em: Có 6 mặt, thưa thầy.

Thầy: Vậy khi gieo một lần, xác suất không xuất hiện mặt sáu chấm là bao nhiêu?

Em: Là 5/6, vì còn lại 5 mặt khác.

Thầy: Rất tốt! Khi gieo hai lần, xác suất cả hai lần đều không xuất hiện mặt sáu chấm sẽ là gì? Hãy tính nhé.

Em: Thưa thầy, ta nhân 5/6 với 5/6 phải không?

Thầy: Đúng rồi. Vậy em hãy thực hiện phép nhân để tính xác suất của trường hợp không thành công.

Em: (Sau vài giây tính toán)
Thưa thầy, em tính được kết quả là 25/36.

Thầy: Rất tốt! Vậy xác suất ít nhất một lần xuất hiện mặt sáu chấm sẽ là bao nhiêu?

Em: Thưa thầy, ta trừ tổng số mẫu không thành công (25/36) khỏi tổng số trường hợp có thể xảy ra (1)?

Thầy: Đúng rồi. Em hãy thực hiện phép tính để xác nhận kết quả cuối cùng.

Em: (Sau vài giây tính toán)
Thưa thầy, em tính được kết quả là 11/36.

Thầy: Rất tốt! Xác suất ít nhất một lần xuất hiện mặt sáu chấm khi gieo hai lần súc sắc là 11/36. Em đã hiểu phương pháp giải quyết bài toán này rồi nhé?

Em: Thưa thầy, em đã hiểu rồi, cảm ơn thầy!

Thầy: Rất vui khi thấy em nắm được cách làm. Hãy luyện tập thêm để chắc chắn kỹ năng của mình nhé!"
GPS,GPU_S_13,Khá,2,"Thầy: Gieo một con súc sắc hai lần, em hãy tính xác suất để ít nhất một lần xuất hiện mặt sáu chấm nhé.

Em: Thưa thầy, em nghĩ là ta nên tính bằng cách tìm xác suất của trường hợp không có mặt sáu chấm cả hai lần rồi trừ đi?

Thầy: Đúng rồi, em. Vậy thì em hãy tính xem xác suất đó là bao nhiêu trước khi chúng ta làm tiếp.

Em: Thưa thầy, xác suất không có mặt sáu chấm trong một lần gieo là 5/6, nên hai lần sẽ là (5/6) × (5/6) đúng không?

Thầy: Đúng rồi. Em hãy tính kết quả của phép nhân đó đi.

Em: Thưa thầy, (5/6) × (5/6) = 25/36. Vậy xác suất không có mặt sáu chấm cả hai lần là 25/36?

Thầy: Đúng rồi. Vậy em hãy tính xác suất của trường hợp yêu cầu để tìm.

Em: Thưa thầy, ta cần xác suất ít nhất một lần xuất hiện mặt sáu chấm, đúng không? Vậy thì ta làm như sau: 1 - xác suất không có mặt sáu chấm cả hai lần = 1 - 25/36 = 11/36?

Thầy: Rất tốt, em đã tính chính xác. Vậy xác suất để ít nhất một lần xuất hiện mặt sáu chấm là 11/36.

Em: Em hiểu rồi, thưa thầy! Cảm ơn thầy đã hướng dẫn!

Thầy: Không sao đâu, em cứ làm việc đó. Giúp nhau học hỏi là điều quan trọng, em nhé!"
GPS,GPU_S_14,Khá,2,"Thầy: Gieo một con súc sắc hai lần, em có biết cách tính xác suất để ít nhất một lần xuất hiện mặt sáu chấm không?

Em: Thưa thầy, em chưa rõ cách làm. Em chỉ biết rằng khi gieo 1 lần, xác suất là 1/6.

Thầy: Đúng rồi, em đã nhớ được xác suất của một sự kiện cụ thể. Vậy bây giờ hãy suy nghĩ như sau: Khi gieo 2 lần, chúng ta có bao nhiêu khả năng khác nhau?

Em: Thưa thầy, nếu mỗi lần đều có 6 mặt nên tổng cộng sẽ là 36 khả năng.

Thầy: Rất tốt! Giờ em hãy tính xem có bao nhiêu khả năng không xuất hiện mặt sáu chấm cả hai lần?

Em: Thưa thầy, mỗi lần không xuất hiện mặt sáu chấm thì còn lại 5/6. Vậy khi gieo 2 lần là (5/6) × (5/6) = 25/36.

Thầy: Đúng rồi! Em đã tính được xác suất không xuất hiện mặt sáu chấm cả hai lần. Vậy em có thể suy ra cách tính xác suất để ít nhất một lần xuất hiện mặt sáu chấm không?

Em: Thưa thầy, nếu không xuất hiện mặt sáu chấm là 25/36 thì chắc chắn sẽ xuất hiện mặt sáu chấm là 1 - 25/36 = 11/36.

Thầy: Rất tuyệt! Em đã suy ra được kết quả chính xác. Vậy, xác suất để ít nhất một lần xuất hiện mặt sáu chấm khi gieo hai lần là bao nhiêu?

Em: Thưa thầy, xác suất đó là 11/36.

Thầy: Đúng rồi! Em đã làm rất tốt. Hãy nhớ rằng cách giải quyết này giúp chúng ta tính xác suất của một sự kiện bằng cách trừ đi xác suất của sự kiện không xảy ra. Rất tuyệt khi em có thể áp dụng kiến thức này vào bài toán phức tạp hơn."
GPS,GPU_S_15,Trung bình,2,"Thầy: Gieo một con súc sắc hai lần, em hãy tính xác suất để ít nhất một lần xuất hiện mặt sáu chấm nhé.

Em: Thưa thầy, em chưa nhớ rõ cách làm nên không biết bắt đầu từ đâu ạ.

Thầy: Được rồi, chúng ta sẽ cùng giải này. Đầu tiên, em có thể nghĩ về việc tính xác suất của tình huống ngược lại và sau đó sử dụng định lý bù trừ. Bạn thử suy nghĩ xem, nếu ít nhất một lần xuất hiện mặt sáu chấm, thì tình huynh đối là gì?

Em: Thưa thầy, nếu không có mặt sáu chấm cả hai lần gieo xúc sắc, tức là cả hai lần đều từ 1 đến 5.

Thầy: Đúng rồi! Vậy em hãy tính xác suất của trường hợp này trước đi. Có bao nhiêu kết quả có thể xảy ra khi gieo một con súc sắc?

Em: Thưa thầy, mỗi lần gieo có 6 kết quả nên hai lần sẽ là 6 x 6 = 36 kết quả.

Thầy: Tuyệt vời! Giờ em hãy tính xác suất của trường hợp không xuất hiện mặt sáu chấm cả hai lần. Mỗi lần gieo xúc sắc, có bao nhiêu kết quả không phải sáu chấm?

Em: Thưa thầy, mỗi lần là 5 kết quả nên hai lần sẽ là 5 x 5 = 25.

Thầy: Đúng rồi! Vậy xác suất của trường hợp này là gì?

Em: Thưa thầy, là 25 ÷ 36 ạ.

Thầy: Rất tốt! Giờ em hãy tính xác suất đối lập và dùng định lý bù trừ nhé. Xác suất để ít nhất một lần xuất hiện mặt sáu chấm bằng gì?

Em: Thưa thầy, đó sẽ là 1 - (25 ÷ 36) = 11 ÷ 36 ạ.

Thầy: Đúng rồi! Vậy kết quả cuối cùng là bao nhiêu phần số?

Em: Thưa thầy, kết quả là 11 ÷ 36 ạ.

Thầy: Rất tốt, em đã làm rất đúng. Em có thể tóm tắt lại cách giải quyết bài toán này không?

Em: Thưa thầy, để tính xác suất ít nhất một lần xuất hiện mặt sáu chấm khi gieo xúc sắc hai lần, em tính xác suất của trường hợp không xảy ra (tức là cả hai lần đều từ 1 đến 5) và sau đó trừ đi từ tổng số kết quả có thể. Kết quả cuối cùng là 11 ÷ 36 ạ.

Thầy: Rất tốt! Em đã hiểu rõ cách làm rồi. Cảm ơn em đã trả lời câu hỏi một cách cẩn thận."
GPS,GPU_S_16,Trung bình,2,"Thầy: [G] Gieo một con súc sắc hai lần, em biết rằng chúng ta cần tính xác suất để ít nhất một lần xuất hiện mặt sáu chấm phải không?

Em: Dạ, thầy. Em hiểu đề bài là như vậy.

Thầy: [P] Rất tốt! Vậy em thử suy nghĩ xem, nếu gieo con súc sắc một lần thì có bao nhiêu khả năng để xuất hiện mặt sáu chấm?

Em: Có 1/6 cơ hội, thầy đúng không?

Thầy: Đúng rồi. Vậy nếu gieo hai lần, em nghĩ thử xem xác suất không xuất hiện mặt sáu chấm cả hai lần sẽ là bao nhiêu nhé.

Em: Nếu không có mặt sáu chấm cả hai lần thì mỗi lần đều là 5/6, nên là (5/6)² phải không, thầy?

Thầy: [S] Đúng rồi! Em đã tính xác suất không xuất hiện mặt sáu chấm cả hai lần. Bây giờ ta sử dụng quy tắc bù trừ để tìm xác suất ngược lại - ít nhất một lần xuất hiện mặt sáu chấm.

Em: Vậy là 1 - (5/6)², phải không thầy?

Thầy: Chính xác! Em hãy tính xem kết quả cuối cùng là bao nhiêu nhé."
GPS,GPU_S_17,Trung bình,2,"Thầy: Gieo một con súc sắc hai lần, em có biết cách tính xác suất để ít nhất một lần xuất hiện mặt sáu chấm right?

Em: Thưa thầy, em chưa chắc chắn lắm. Em chỉ nhớ là phải tính cả các trường hợp xảy ra và trừ đi các trường hợp không xảy ra.

Thầy: Đúng rồi! Em rất gần đúng. Để làm bài này, chúng ta sẽ sử dụng cách tính xác suất của các sự kiện không xảy ra để đơn giản hóa vấn đề. Đầu tiên, em hãy tính xác suất để không xuất hiện mặt sáu chấm trong cả hai lần gieo súc sắc.

Em: Thưa thầy, khi gieo một lần thì xác suất không xuất hiện mặt sáu là 5/6, phải không?

Thầy: Đúng rồi! Vậy em hãy tính xác suất không xuất hiện mặt sáu chấm trong cả hai lần gieo súc sắc nhé.

Em: Thưa thầy, nếu mỗi lần gieo thì xác suất đó là 5/6 nên hai lần liền sẽ là (5/6) x (5/6)?

Thầy: Đúng rồi! Vậy em hãy tính cụ thể ra kết quả của phép nhân nè.

Em: Thưa thầy, mình có (5/6) x (5/6) = 25/36.

Thầy: Rất tốt! Vậy xác suất không xuất hiện mặt sáu chấm trong cả hai lần gieo súc sắc là 25/36. Giờ em hãy tính xác suất để ít nhất một lần xuất hiện mặt sáu chấm nhé.

Em: Thưa thầy, nếu xác suất không xảy ra là 25/36 thì xác suất xảy ra sẽ là 1 - 25/36 phải không?

Thầy: Đúng rồi! Vậy em hãy tính xem kết quả cuối cùng của phép trừ này là bao nhiêu nhé.

Em: Thưa thầy, mình có 1 - 25/36 = 11/36.

Thầy: Rất tốt! Vậy xác suất để ít nhất một lần xuất hiện mặt sáu chấm khi gieo một con súc sắc hai lần là bao nhiêu?

Em: Thưa thầy, là 11/36 phải không?

Thầy: Đúng rồi! Em đã tính chính xác. Khi gieo một con súc sắc hai lần, xác suất để ít nhất một lần xuất hiện mặt sáu chấm là 11/36. Em nhớ lại nhé, việc này giúp chúng ta có thể áp dụng cho các bài toán xác suất tương tự trong tương lai."
GPS,GPU_S_18,Trung bình,2,"Thầy: Gieo một con súc sắc hai lần, em có biết cách tính xác suất để ít nhất một lần xuất hiện mặt sáu chấm không?

Em: Thưa thầy, em nghĩ là ta cần phải dùng đến công thức cộng xác suất các biến cố hợp thành. Nhưng em chưa nhớ rõ cách làm.

Thầy: Đúng rồi, em nhớ lại nhé. Khi có hai biến cố A và B, xác suất của biến cố ""A hoặc B"" xảy ra là P(A ∪ B) = P(A) + P(B) - P(A ∩ B). Em thấy đây không phải là trường hợp phù hợp để sử dụng công thức này.

Em: À, em nhớ rồi. Trường hợp này nên tính theo phương pháp khác.

Thầy: Đúng, thay vì tính xác suất ít nhất một lần xuất hiện mặt sáu chấm, ta có thể tính ngược lại - xác suất không xuất hiện mặt sáu chấm cả hai lần gieo. Em hãy tính xem xác suất đó là bao nhiêu trước đã nhé.

Em: Được ạ. Xác suất gieo ra một mặt không phải sáu chấm là 5/6, đúng không ạ? 

Thầy: Đúng rồi! Khi gieo hai lần liên tiếp, ta sẽ có (5/6) × (5/6). Em hãy tính kết quả đó.

Em: (Cầm bút tính) Kết quả là (5/6) × (5/6) = 25/36 ạ.

Thầy: Đúng rồi. Vậy xác suất không xuất hiện mặt sáu chấm cả hai lần gieo là 25/36. Em hãy suy luận tiếp để tìm ra kết quả của bài toán ban đầu nhé.

Em: À, thầy ạ! Xác suất ít nhất một lần xuất hiện mặt sáu chấm sẽ là 1 trừ đi xác suất không có mặt sáu chấm cả hai lần gieo. Vậy là 1 - 25/36 = 11/36.

Thầy: Đúng rồi, em đã làm rất tốt! Xác suất để ít nhất một lần xuất hiện mặt sáu chấm khi gieo một con súc sắc hai lần là 11/36. Em hãy kiểm tra lại công thức và cách tính này nhé."
GPS,GPU_S_19,Trung bình,2,"Thầy: Gieo một con súc sắc hai lần. Em có biết xác suất để ít nhất một lần xuất hiện mặt sáu chấm là bao nhiêu không?

Em: Thưa thầy, em chưa biết cách tính.

Thầy: Được rồi. Chúng ta sẽ giải quyết bài toán này từng bước. Đầu tiên, chúng ta hãy xem xét xác suất của trường hợp ngược lại: không có mặt sáu chấm nào xuất hiện cả hai lần gieo.

Em: Vâng, thưa thầy.

Thầy: Khi gieo một con súc sắc, xác suất không xuất hiện mặt sáu chấm là bao nhiêu?

Em: Thưa thầy, đó sẽ là 5/6 vì còn lại các mặt khác ngoài sáu chấm.

Thầy: Đúng rồi. Bây giờ, khi em gieo hai lần, xác suất không có mặt sáu chấm nào xuất hiện cả hai lần sẽ là bao nhiêu?

Em: Thưa thầy, đó sẽ là (5/6) × (5/6)?

Thầy: Đúng rồi! Đó là cách tính xác suất cho trường hợp ngược lại. Bây giờ, em hãy tính kết quả của phép nhân này.

Em: Thưa thầy, em tính được (5/6) × (5/6) = 25/36.

Thầy: Rất tốt! Vậy xác suất không có mặt sáu chấm nào xuất hiện cả hai lần là 25/36. Vậy làm thế nào để tìm xác suất ít nhất một lần xuất hiện mặt sáu chấm?

Em: Thưa thầy, đó sẽ là 1 trừ đi xác suất không có mặt sáu chấm, phải không?

Thầy: Đúng rồi! Em hãy tính xem kết quả cuối cùng là bao nhiêu.

Em: Thưa thầy, em tính được 1 - 25/36 = 11/36.

Thầy: Rất tốt! Vậy xác suất để ít nhất một lần xuất hiện mặt sáu chấm khi gieo một con súc sắc hai lần là bao nhiêu?

Em: Thưa thầy, đó sẽ là 11/36.

Thầy: Đúng rồi. Em đã làm rất tốt! Hãy nhớ rằng việc tìm xác suất của sự kiện mà ta muốn có thể bằng cách tìm xác suất của trường hợp ngược lại và trừ đi từ 1."
GPS,GPU_S_20,Trung bình,2,"Thầy: Gieo một con súc sắc hai lần, em hãy tính xác suất để ít nhất một lần xuất hiện mặt sáu chấm nhé.
Em: Thưa thầy, em nghĩ là ta phải tính tổng số trường hợp có mặt sáu chấm và trừ đi trường hợp không có mặt sáu chấm đúng không?
Thầy: Đúng rồi! Em hãy tính xem tổng số trường hợp khi gieo một con súc sắc hai lần là bao nhiêu trước nhé.
Em: Được thưa thầy, vậy tổng số trường hợp sẽ là 6×6=36 phải không?
Thầy: Rất tốt, em đã nắm được cách tính tổng số trường hợp. Em hãy tiếp tục xem xét trường hợp không có mặt sáu chấm trong hai lần gieo.
Em: Thưa thầy, nếu không có mặt sáu chấm thì mỗi lần gieo chỉ còn 5 kết quả đúng không?
Thầy: Đúng rồi! Vậy tổng số trường hợp không có mặt sáu chấm sẽ là bao nhiêu em hãy tính tiếp nhé.
Em: Được thưa thầy, vậy số trường hợp không có mặt sáu chấm là 5×5=25 phải không?
Thầy: Rất tốt, em đã tính được số trường hợp không có mặt sáu chấm. Em hãy tính xem số trường hợp ít nhất một lần xuất hiện mặt sáu chấm là bao nhiêu và xác suất của nó nhé.
Em: Thưa thầy, vậy số trường hợp ít nhất một lần xuất hiện mặt sáu chấm sẽ là 36-25=11 phải không?
Thầy: Đúng rồi! Vậy em hãy tính xác suất của số trường hợp này nhé.
Em: Được thưa thầy. Xác suất đó sẽ là 11/36 đúng không?
Thầy: Rất tốt, em đã tính được kết quả cuối cùng. Vậy xác suất để ít nhất một lần xuất hiện mặt sáu chấm khi gieo một con súc sắc hai lần là bao nhiêu?
Em: Thưa thầy, xác suất đó sẽ là 11/36.
Thầy: Đúng rồi! Em đã làm rất tốt. Hãy nhớ rằng để giải quyết các bài toán xác suất, chúng ta thường tính số trường hợp không mong muốn trước và từ đó suy ra số trường hợp mong muốn."
GPS,GPU_S_01,Giỏi,3,"Thầy: [G] Chào em! Bài toán này yêu cầu tìm xác suất để tổng điểm của hai lần gieo xúc xắc bằng 8. Em thử nghĩ xem có bao nhiêu kết quả có thể xảy ra?

Em: Dạ thưa thầy, khi gieo một con xúc xắc cân đối đồng chất 2 lần, có tất cả 6x6=36 kết quả.

Thầy: [P] Rất tốt! Bây giờ em hãy liệt kê các cặp điểm (kết quả) để tổng bằng 8 nhé. Em thử làm xem.

Em: Dạ thưa thầy, em nghĩ ra được những cặp là (2,6), (3,5), (4,4), (5,3), và (6,2). Có 5 cách.

Thầy: [S] Đúng rồi! Vậy biến cố thuận lợi xảy ra trong 5 trường hợp. Tổng số kết quả cơ bản là 36, nên xác suất sẽ là 5/36."
GPS,GPU_S_02,Giỏi,3,"Thầy: [G] Chào em! Bài toán này yêu cầu tìm xác suất để tổng hai mặt xúc xắc bằng 8 khi gieo 2 lần. Em hãy thử liệt kê các kết quả nhé.
Em: Dạ thưa thầy, có 6x6=36 kết quả ạ.
Thầy: [P] Rất tốt! Bây giờ em tính biến cố thuận lợi là những trường hợp nào?
Em: Dạ, em thấy có (2,6), (3,5), (4,4), (5,3) và (6,2). Tổng cộng có 5 cách ạ.
Thầy: [S] Không sai, nhưng cần lưu ý xem tổng mỗi cặp số có bằng 8 không.
Em: Dạ thưa thầy, em kiểm tra lại và thấy đúng là (2,6), (3,5), (4,4), (5,3) và (6,2). Có tất cả 5 cách.
Thầy: [P] Đúng rồi! Vậy xác suất là bao nhiêu?
Em: Dạ thưa thầy, xác suất là 5/36 ạ."
GPS,GPU_S_03,Giỏi,3,"Thầy: [G] Chào em! Bài toán này yêu cầu tìm xác suất để tổng hai mặt của xúc xắc bằng 8 sau khi gieo 2 lần. Em thử nghĩ xem có bao nhiêu kết quả có thể xảy ra?

Em: Dạ thưa thầy, khi gieo một con xúc xắc 2 lần thì có 6x6=36 kết quả ạ.

Thầy: [P] Rất tốt! Bây giờ em hãy liệt kê các trường hợp để tổng hai mặt bằng 8 nhé.

Em: Dạ, thầy, em thấy có (2,6), (3,5), (4,4), (5,3) và (6,2). Có 5 cách ạ.

Thầy: [S] Đúng rồi! Vậy xác suất để tổng hai mặt bằng 8 là bao nhiêu?

Em: Dạ, xác suất là 5/36 ạ."
GPS,GPU_S_04,Giỏi,3,"Thầy: [G] Chào em! Bài toán này yêu cầu tìm xác suất để tổng hai mặt xúc xắc bằng 8 sau khi gieo hai lần. Em thử nghĩ xem có bao nhiêu kết quả có thể xảy ra?

Em: Dạ thưa thầy, khi gieo một con xúc xắc 2 lần, tổng số kết quả là 6x6=36 ạ.

Thầy: [P] Rất tốt! Bây giờ em hãy liệt kê các cặp số để tổng bằng 8 nhé. Em có thể bắt đầu với số 1 trên mặt thứ nhất, sau đó tìm số còn lại trên mặt thứ hai sao cho tổng là 8.

Em: Dạ thưa thầy, nếu mặt thứ nhất là 2 thì mặt thứ hai phải là 6; nếu mặt thứ nhất là 3 thì mặt thứ hai phải là 5; và nếu mặt thứ nhất là 4 thì mặt thứ hai phải là 4. Thầy, có thêm các kết quả không ạ?

Thầy: [S] Đúng rồi! Bây giờ em đã liệt kê được 3 kết quả (2,6), (3,5), và (4,4). Ngoài ra, chúng ta còn có thể bắt đầu từ mặt thứ hai. Nếu mặt thứ hai là 6 thì mặt thứ nhất phải là 2; nếu mặt thứ hai là 5 thì mặt thứ nhất phải là 3; và nếu mặt thứ hai là 4 thì mặt thứ nhất phải là 4. Vậy tổng cộng em đã tìm được bao nhiêu kết quả thuận lợi?

Em: Dạ thưa thầy, mình đã tìm được 6 kết quả (2,6), (6,2), (3,5), (5,3), (4,4) và (4,4)."
GPS,GPU_S_05,Khá,3,"Thầy: [G] Chào em! Bài toán này yêu cầu tìm xác suất để tổng hai mặt của xúc xắc bằng 8 khi gieo hai lần. Em thử nghĩ xem có bao nhiêu kết quả có thể xảy ra?
Em: Dạ thưa thầy, khi gieo một con xúc xắc cân đối đồng chất 2 lần, có 6x6=36 kết quả ạ.
Thầy: [P] Rất tốt! Bây giờ em tính số cách để tổng hai mặt bằng 8 nhé. Em thử liệt kê các trường hợp đó ra xem sao.
Em: Dạ thưa thầy, em thấy có (2,6), (3,5), (4,4), (5,3) và (6,2). CÓ TẤT CẢ 5 CÁCH Ạ.
Thầy: [S] Đúng rồi! Vậy số kết quả thuận lợi là 5. Xác suất sẽ được tính bằng số kết quả thuận lợi chia cho tổng số kết quả có thể xảy ra. Em tính xem xác suất là bao nhiêu?
Em: Dạ, xác suất là 5/36 ạ.
Thầy: Rất tốt! Em đã làm đúng rồi."
GPS,GPU_S_06,Khá,3,"Thầy: [G] Chào em! Bài toán này yêu cầu tìm xác suất để tổng của hai mặt xúc xắc là 8 sau khi gieo 2 lần. Em thử nghĩ xem có bao nhiêu kết quả có thể xảy ra?
Em: Dạ thưa thầy, mỗi lần gieo xúc xắc đều có 6 kết quả nên khi gieo 2 lần sẽ có 36 kết quả ạ.
Thầy: [P] Đúng rồi! Bây giờ em hãy liệt kê các trường hợp để tổng của hai mặt xúc xắc bằng 8 nhé.
Em: Dạ thưa thầy, em nghĩ là (2,6), (3,5), (4,4), (5,3), và (6,2) ạ. Có phải vậy không ạ?
Thầy: [S] Đúng rồi! Em đã liệt kê được tất cả các trường hợp mà tổng của hai mặt xúc xắc là 8. Vậy xác suất là bao nhiêu ạ?
Em: Dạ thưa thầy, có 5 kết quả thuận lợi trong số 36 kết quả nên xác suất là 5/36 ạ.
Thầy: [V] Em đã làm rất tốt! Đúng rồi đó, em hãy ghi nhớ cách giải quyết bài toán này nhé."
GPS,GPU_S_07,Khá,3,"Thầy: [G] Chào em! Bài toán này yêu cầu tìm xác suất để tổng hai mặt của xúc xắc bằng 8 khi gieo 2 lần. Em thử tính số kết quả có thể xảy ra trước tiên nhé.
Em: Dạ, thưa thầy, khi gieo một con xúc xắc 2 lần thì sẽ có 6x6=36 kết quả ạ.
Thầy: [P] Rất tốt! Bây giờ em thử liệt kê các trường hợp để tổng hai mặt bằng 8 đi nhé.
Em: Dạ thưa thầy, em tính được các cặp số như sau: (2,6), (3,5), (4,4), (5,3), và (6,2). Có tất cả 5 kết quả ạ.
Thầy: [S] Đoạn suy luận của em rất chính xác! Vậy thì xác suất để tổng hai mặt bằng 8 là bao nhiêu nhỉ?
Em: Dạ, thưa thầy, xác suất sẽ là số kết quả thuận lợi chia cho số kết quả có thể xảy ra, tức là 5/36 ạ."
GPS,GPU_S_08,Khá,3,"Thầy: [G] Chào em! Hôm nay thầy sẽ hướng dẫn chúng ta giải một bài toán về xác suất nhé. Bài toán này yêu cầu tìm xác suất để tổng điểm của hai mặt xúc xắc bằng 8 khi gieo 2 lần. Em có thể liệt kê được các kết quả không?

Em: Dạ thưa thầy, em nghĩ có thể liệt kê từng trường hợp như sau: (2,6), (3,5), (4,4), (5,3), và (6,2). Tổng cộng là 5 trường hợp.

Thầy: [P] Rất tốt! Em đã liệt kê được các biến cố thuận lợi. Bây giờ chúng ta hãy tính xem tổng số kết quả có thể xảy ra khi gieo xúc xắc 2 lần?

Em: Dạ thưa thầy, mỗi lần gieo xúc xắc có 6 kết quả, vậy với 2 lần là 36 kết quả.

Thầy: [S] Chính xác! Vậy em đã tìm được số trường hợp thuận lợi là 5 và tổng số kết quả là 36. Vậy xác suất để tổng hai mặt bằng 8 là bao nhiêu?

Em: Dạ thưa thầy, xác suất sẽ là 5/36.

Thầy: Rất tốt! Em đã làm rất出色！如果使用中文，那应该是“非常好！你做得非常棒！”"
GPS,GPU_S_09,Khá,3,"Thầy: [G] Chào em! Bài toán này yêu cầu tìm xác suất để tổng hai mặt của con xúc xắc bằng 8 khi gieo 2 lần. Em tưởng tượng xem có bao nhiêu kết quả có thể xảy ra?

Em: Dạ, em nghĩ là mỗi lần gieo có 6 kết quả nên 2 lần sẽ có 36 kết quả ạ.

Thầy: [P] Rất tốt! Giờ em hãy liệt kê các cặp số (a, b) khi gieo xúc xắc 2 lần sao cho a + b = 8 nhé. Em thử làm trước đi.

Em: Dạ, em nghĩ có thể là (2,6), (3,5), (4,4), (5,3), (6,2) ạ.

Thầy: [S] Đúng rồi! Có tất cả 5 cặp số như vậy. Vậy xác suất của biến cố này sẽ là bao nhiêu?

Em: Dạ, xác suất sẽ là 5/36 ạ."
GPS,GPU_S_10,Khá,3,"Thầy: [G] Chào em! Bài toán này yêu cầu tìm xác suất để tổng hai mặt xúc xắc bằng 8 khi gieo 2 lần. Em thử nghĩ xem có bao nhiêu kết quả có thể xảy ra?
    
Em: Dạ thưa thầy, khi gieo một con xúc xắc 2 lần thì có \(6 \times 6 = 36\) kết quả ạ.
    
Thầy: [P] Rất tốt! Bây giờ em hãy liệt kê các kết quả mà tổng hai mặt bằng 8 nhé. Em thử điền vào bảng dưới đây:

| Lần thứ nhất | Lần thứ hai |
|---------------|-------------|
|           2   |            6 |
|           3   |            5 |
|           4   |            4 |
|           5   |            3 |
|           6   |            2 |

Em xem đã đủ chưa?

Em: Dạ thưa thầy, em đã liệt kê được 5 kết quả rồi ạ.
    
Thầy: [S] Đúng rồi! Vậy số kết quả thuận lợi là bao nhiêu? Xác suất sẽ như thế nào?
    
Em: Dạ thưa thầy, có 5 kết quả thuận lợi nên xác suất là \(\frac{5}{36}\) ạ."
GPS,GPU_S_21,Trung bình,1,"Thầy: [G] Bạn hãy tính xác suất để cả bốn lần xuất hiện mặt sấp khi gieo một đồng tiền cân đối và đồng chất bốn lần, em có nhớ cách tính chưa?

Em: Thưa thầy, em không chắc nữa ạ. Em thấy có liên quan đến xác suất kẹp, nhưng em quên công thức rồi.

Thầy: [P] Đúng rồi, em hãy nghĩ lại xem xác suất của mỗi lần gieo đồng tiền là bao nhiêu? 

Em: Thưa thầy, mỗi lần gieo đồng tiền mặt ngửa và sấp đều có xác suất 1/2 đúng không ạ?

Thầy: [P] Rất tốt. Vậy em hãy tính xác suất để cả bốn lần đều xuất hiện mặt sấp.

Em: Thưa thầy, em sẽ nhân xác suất của mỗi lần gieo lại với nhau phải không? Nên kết quả sẽ là (1/2) x (1/2) x (1/2) x (1/2) = 1/16 ạ?

Thầy: [S] Đúng rồi, em đã tính chính xác. Xác suất để cả bốn lần xuất hiện mặt sấp khi gieo một đồng tiền cân đối và đồng chất bốn lần là 1/16.

Em: Em cảm ơn thầy đã hướng dẫn, thầy ạ!"
GPS,GPU_S_22,Trung bình,1,"Thầy: [G] Gìaoh một đồng tiền cân đối và đồng chất bốn lần, em hãy tính xác suất để cả bốn lần xuất hiện mặt sấp nhé.

Em: Thưa thầy, em nhớ là khi gieo đồng tiền 1 lần thì xác suất ra mặt sấp là 1/2 đúng không?

Thầy: [P] Đúng rồi. Em còn nhớ rằng mỗi lần gieo đồng tiền là một thí nghiệm độc lập và xác suất của mỗi kết quả vẫn giữ nguyên không? Vậy em hãy tính xác suất của kết quả cụ thể mà chúng ta cần khi gieo 4 lần.

Em: Thưa thầy, vậy thì xác suất để cả bốn lần đều ra mặt sấp sẽ là (1/2) x (1/2) x (1/2) x (1/2) phải không?

Thầy: [P] Đúng rồi. Em hãy tính kết quả cụ thể nhé.

Em: Thưa thầy, vậy thì xác suất để cả bốn lần đều ra mặt sấp sẽ là 1/2 x 1/2 x 1/2 x 1/2 = 1/16.

Thầy: [S] Đúng rồi. Vậy em hãy chốt lại đáp án và giải thích ngắn gọn một chút nhé.

Em: Thưa thầy, xác suất để cả bốn lần gieo đồng tiền đều ra mặt sấp là 1/16 vì mỗi lần gieo độc lập nhau và xác suất của kết quả cụ thể khi gieo 4 lần sẽ là (1/2)^4 = 1/16. Em cảm ơn thầy đã hướng dẫn.

Thầy: Rất tốt, em đã hiểu rõ vấn đề rồi."
GPS,GPU_S_23,Trung bình,1,"Thầy: [G] Chào em, để chúng ta cùng giải bài toán này nhé. Gieo một đồng tiền cân đối và đồng chất bốn lần. Em hãy tính xác suất để cả bốn lần xuất hiện mặt sấp.

Em: (Trả lời) Thưa thầy, tôi nhớ rằng với một đồng tiền cân đối, xác suất xuất hiện mặt sấp là 1/2. Vì gieo bốn lần nên có thể có nhiều kết quả khác nhau.

Thầy: [P] Đúng rồi, em đã nhớ được xác suất của mỗi lần gieo là 1/2. Bây giờ chúng ta cần tính xác suất để cả bốn lần đều xuất hiện mặt sấp. Em hãy nghĩ xem làm thế nào để tính toán điều này?

Em: (Tính toán) Thưa thầy, tôi suy nghĩ như sau: Vì mỗi lần gieo độc lập với nhau nên xác suất cho cả bốn lần là 1/2 nhân 1/2 nhân 1/2 nhân 1/2. 

Thầy: [P] Rất đúng! Em đã làm rất tốt. Hãy tính toán cụ thể nhé.

Em: (Tính toán) Thưa thầy, 1/2 nhân 1/2 nhân 1/2 nhân 1/2 = 1/16.

Thầy: [S] Đúng rồi, em đã tính đúng. Xác suất để cả bốn lần xuất hiện mặt sấp là 1/16 hoặc khoảng 0,0625.

Em: (Cảm ơn thầy) Em cảm ơn thầy đã giúp đỡ em!"
GPS,GPU_S_24,Trung bình,1,"Thầy: [G] Bạn đã nắm vững kiến thức về xác suất chưa? Hôm nay chúng ta sẽ cùng giải một bài toán về xác suất nhé. Giả sử bạn gieo một đồng tiền cân đối và đồng chất bốn lần, em hãy tính xem xác suất để cả bốn lần xuất hiện mặt sấp là bao nhiêu?

Em: (Trả lời) Thưa thầy, em nhớ rằng xác suất của một sự kiện xảy ra bằng số cách đó có thể xảy ra chia cho tổng số khả năng có thể. Vậy em thử tính xem ạ.

Thầy: [P] Đúng rồi, em hãy bắt đầu với bước 1 nha. Với đồng tiền cân đối và đồng chất, xác suất để một lần gieo được mặt sấp là bao nhiêu?

Em: (Tính toán) Xác suất để một lần gieo được mặt sấp là \(\frac{1}{2}\).

Thầy: [P] Rất tốt! Bây giờ em hãy tính xem xác suất để cả bốn lần đều ra mặt sấp như vậy nhé. Hãy suy nghĩ về cách nhân xác suất của từng sự kiện lại với nhau.

Em: (Tính toán) Thưa thầy, em sẽ nhân xác suất \(\frac{1}{2}\) của mỗi lần gieo với nhau:

\[
\left( \frac{1}{2} \right)^4 = \frac{1}{2^4} = \frac{1}{16}
\]

Thầy: [S] Đúng rồi, em đã tính đúng. Vậy xác suất để cả bốn lần gieo đồng tiền đều ra mặt sấp là \(\frac{1}{16}\). Em hãy nhớ rằng khi các sự kiện độc lập xảy ra cùng một lúc, ta nhân xác suất của từng sự kiện lại với nhau.

Em: (Cảm ơn thầy) Cám ơn thầy đã hướng dẫn em. Em sẽ cố gắng học kỹ hơn về xác suất ạ."
GPS,GPU_S_25,Trung bình,1,"Thầy: [G] Gần đây chúng ta học về xác suất, em nhớ đã giải bài toán gì chưa? Bây giờ ta sẽ thử một bài toán mới nhé, hãy tính xác suất để khi gieo đồng tiền cân đối và đồng chất bốn lần, cả bốn lần xuất hiện mặt sấp. Em làm trước đi, thầy nhắc lại công thức xác suất đơn giản nếu cần.

Em: Thầy ơi, em nhớ là xác suất của một sự kiện xảy ra bằng số cách đó có thể xảy ra chia cho tổng số các kết quả có thể, nhưng em không chắc lắm về việc này nên thầy giúp em nhé. Ví dụ trong bài toán này, em nghĩ mỗi lần gieo đồng tiền chỉ có 2 khả năng là mặt ngửa và mặt sấp.

Thầy: [P] Đúng rồi, em nhớ rằng xác suất của một sự kiện xảy ra bằng số cách đó có thể xảy ra chia cho tổng số các kết quả có thể. Trong trường hợp này, mỗi lần gieo đồng tiền chỉ có 2 khả năng là mặt ngửa hoặc mặt sấp.

Em: Thầy ơi, vậy em tính xác suất của mặt sấp là 1/2 và vì là bốn lần nên em nghĩ là (1/2) x (1/2) x (1/2) x (1/2).

Thầy: [P] Đúng rồi, em đã tính đúng xác suất cho mỗi lần gieo. Vậy em hãy tính tổng số kết quả có thể khi gieo đồng tiền bốn lần.

Em: Tổng số kết quả có thể là 2 x 2 x 2 x 2 = 16.

Thầy: [S] Đúng rồi, vậy xác suất để cả bốn lần xuất hiện mặt sấp là (1/2) x (1/2) x (1/2) x (1/2) = 1/16. Vậy em đã tính đúng rồi đó, có thể viết lại như sau: \( \left(\frac{1}{2}\right)^4 = \frac{1}{16} \).

Em: Rất cảm ơn thầy, thầy đã giúp em hiểu rõ hơn về bài toán này.

Thầy: Không sao cả, em cần hỏi gì thì cứ hỏi nhé."
GPS,GPU_S_26,Trung bình,1,"Thầy: [G] Anh sẽ hướng dẫn em cách tính xác suất cho bài toán này, nhưng trước hết chúng ta cần nhớ lại công thức xác suất nhé. Em đã học rằng khi một sự kiện xảy ra độc lập với nhau, ta có thể nhân xác suất của từng sự kiện để tìm được xác suất chung. Trong trường hợp này, em hãy tính xác suất xuất hiện mặt sấp trong một lần gieo đồng tiền.

Em: Thưa thầy, xác suất là 1/2 phải không?

Thầy: [P] Đúng rồi, xác suất của việc gieo ra mặt sấp trong mỗi lần gieo đồng tiền là 1/2. Bây giờ em hãy nghĩ xem nếu ta lặp lại quá trình này bốn lần và muốn cả bốn lần đều xuất hiện mặt sấp, chúng ta cần nhân xác suất nào?

Em: Thưa thầy, tôi sẽ nhân 1/2 với chính nó bốn lần phải không? 

Thầy: [P] Đúng rồi! Em hãy tính toán xem kết quả là bao nhiêu nhé.

Em: Thưa thầy, 1/2 nhân 4 lần thì kết quả là (1/2) * (1/2) * (1/2) * (1/2) = 1/16.

Thầy: [S] Đúng rồi, xác suất để cả bốn lần xuất hiện mặt sấp khi gieo một đồng tiền cân đối và đồng chất bốn lần là 1/16. Em đã làm rất tốt! 

Em: Cảm ơn thầy, thầy giúp em hiểu rõ hơn về bài toán này."
GPS,GPU_S_27,Yêu,1,"Thầy: [G] Chào Yêu, hôm nay chúng ta sẽ cùng giải một bài toán về xác suất nhé. Đây là bài toán: Gieo một đồng tiền cân đối và đồng chất bốn lần. Xác suất để cả bốn lần xuất hiện mặt sấp là bao nhiêu? Em hãy suy nghĩ và tính toán xem sao nhé.

Em: [P] Thầy ạ, em thấy mỗi lần gieo chỉ có hai khả năng: mặt sấp hoặc mặt ngửa nên em đoán xác suất là 1/2. Em không biết phải làm thế nào khi đã gieo bốn lần.

Thầy: [P] Đúng rồi, Yêu. Mỗi lần gieo đồng tiền đều có xác suất 1/2 cho mỗi bên. Nhưng ở đây em cần tính xác suất cho cả bốn lần cùng xuất hiện mặt sấp. Vậy thì ta phải làm thế nào để tính?

Em: [P] Em nghĩ là mình sẽ nhân xác suất của mỗi lần lại với nhau, vì đó là các sự kiện độc lập. Vậy là 1/2 x 1/2 x 1/2 x 1/2 = 1/16.

Thầy: [S] Rất tốt, Yêu! Đúng rồi, ta nhân xác suất của mỗi lần gieo cùng nhau: (1/2) * (1/2) * (1/2) * (1/2) = 1/16. Vậy xác suất để cả bốn lần xuất hiện mặt sấp là 1/16. Hãy nhớ rằng khi các sự kiện độc lập, ta nhân xác suất của chúng lại với nhau.

Em: [S] Em hiểu rồi, thầy! Cảm ơn thầy đã giải thích rõ ràng."
GPS,GPU_S_28,Yêu,1,"Thầy: [G] Chào Yêu, hôm nay chúng ta sẽ cùng giải quyết bài toán về xác suất nhé! Vì em đang gặp khó khăn với môn Toán, thầy sẽ hướng dẫn từng bước để hiểu rõ. Ok?

Em: (Trả lời) Đúng rồi ạ, thầy giúp em với bài này đi ạ. Em chưa biết bắt đầu từ đâu.

Thầy: [P] Tốt nhất chúng ta nên nghĩ về xác suất của một lần gieo đồng tiền trước đã nhé. Xác suất để mặt sấp xuất hiện khi gieo một đồng tiền cân đối là bao nhiêu?

Em: (Tính toán) Là 1/2 ạ.

Thầy: [P] Rất tốt! Bây giờ em hãy suy nghĩ về trường hợp có bốn lần gieo. Vậy em nghĩ xem, để cả bốn lần đều xuất hiện mặt sấp thì xác suất là như thế nào?

Em: (Tính toán) Là 1/2 * 1/2 * 1/2 * 1/2 phải không ạ? Vì mỗi lần gieo độc lập với nhau.

Thầy: [P] Đúng rồi! Vậy em hãy làm rõ hơn bằng cách viết ra nhé. Xác suất để cả bốn lần đều xuất hiện mặt sấp là (1/2)^4 = ?

Em: (Tính toán) Là 1/16 ạ.

Thầy: [S] Rất tuyệt, vậy đáp án cuối cùng của em là 1/16 rồi nhé. Đáp án này cho thấy xác suất để cả bốn lần gieo đồng tiền đều xuất hiện mặt sấp là 1 trong 16 lần thử.

Em: (Cảm ơn thầy) Cảm ơn thầy đã giúp em hiểu rõ bài toán này ạ!"
GPS,GPU_S_29,Yêu,1,"Thầy: [G] Yêu, chúng ta hãy cùng giải bài toán này nhé! Bài toán là gieo một đồng tiền cân đối và đồng chất bốn lần. Em hãy tính xác suất để cả bốn lần xuất hiện mặt sấp, được không?

Em: (Trả lời) Thưa thầy, em chưa biết bắt đầu từ đâu.

Thầy: [P] Vậy chúng ta hãy phân tích bài toán trước nhé! Khi gieo một đồng tiền cân đối, có hai khả năng xảy ra: mặt ngửa hoặc mặt sấp. Xác suất để mỗi khả năng xảy ra là 1/2. Vậy khi gieo bốn lần, em nghĩ xác suất để cả bốn lần đều xuất hiện mặt sấp sẽ như thế nào?

Em: (Tính toán) Thưa thầy, nếu gieo một lần thì xác suất là 1/2, vậy gieo bốn lần chắc chắn là 1/2 x 1/2 x 1/2 x 1/2 phải không?

Thầy: [P] Đúng rồi! Em đã làm đúng bước này. Giờ hãy tính toán cụ thể nhé!

Em: (Tính toán) Thưa thầy, em sẽ tính như sau: 
1/2 x 1/2 x 1/2 x 1/2 = 1/16.

Thầy: [S] Rất tốt! Vậy xác suất để cả bốn lần gieo đồng tiền đều xuất hiện mặt sấp là 1/16. Em đã làm rất đúng rồi!

Em: (Cảm ơn thầy) Cảm ơn thầy, thầy giúp em hiểu rõ bài toán này rồi."
GPS,GPU_S_30,Yêu,1,"Thầy: [G] Anh thấy em có vẻ bối rối với bài toán xác suất hôm nay hả Yêu? Đừng lo lắng, chúng ta cùng làm bài này từ đầu nhé! Gieo một đồng tiền cân đối và đồng chất bốn lần. Em hãy tính xác suất để cả bốn lần xuất hiện mặt sấp là bao nhiêu?

Em: (Trả lời) Thưa thầy, em không biết bắt đầu như thế nào ạ.

Thầy: [P] Được rồi, chúng ta sẽ làm từng bước. Đầu tiên, mỗi lần gieo đồng tiền có hai kết quả: mặt ngửa hoặc mặt sấp. Vậy xác suất để một lần gieo ra mặt sấp là bao nhiêu?

Em: Thưa thầy, em nghĩ là 1/2 ạ.

Thầy: Đúng rồi! [P] Giờ em hãy tính xem khi gieo bốn lần, xác suất để cả bốn lần đều ra mặt sấp là bao nhiêu nhé. Hãy suy nghĩ và tính toán kỹ lưỡng từng bước đi Yêu.

Em: Thưa thầy, em nghĩ là (1/2) x 4 = 1/8 ạ.

Thầy: [P] Em đã gần đúng rồi nhưng còn thiếu một bước quan trọng. Khi tính xác suất của nhiều sự kiện cùng xảy ra, chúng ta phải nhân các xác suất riêng lẻ lại với nhau. Vậy em hãy tính lại nhé.

Em: Thưa thầy, em hiểu rồi ạ. Đó là (1/2) x (1/2) x (1/2) x (1/2) = 1/16.

Thầy: Rất tốt! [S] Em đã tính đúng rồi, xác suất để cả bốn lần gieo đồng tiền đều ra mặt sấp là 1/16. Điều này có nghĩa là cứ 16 lần gieo, chỉ có 1 lần sẽ xuất hiện kết quả toàn sấp.

Em: Cảm ơn thầy nhiều ạ! Em hiểu rõ hơn rồi."
GPS,GPU_S_11,Khá,2,"Thầy: [G] Để giải quyết bài toán này, đầu tiên chúng ta cần xác định không gian mẫu của tình huống được đặt ra. Khi ném một con súc sắc hai lần, mỗi lần có 6 kết quả có thể (1, 2, 3, 4, 5, 6). Vậy tổng số kết quả khi ném hai lần sẽ là bao nhiêu?"
GPS,GPU_S_12,Khá,2,"Thầy: [G] Để giải quyết bài toán này, chúng ta cần tính xác suất của biến cố ""ít nhất một lần xuất hiện mặt sáu chấm"". Bạn có biết cách tính xác suất không?"
GPS,GPU_S_13,Khá,2,"Thầy: [G] Đặt vấn đề: Bạn cần tính xác suất để ít nhất một lần xuất hiện mặt sáu chấm khi gieo một con súc sắc hai lần. Hãy nghĩ về cách phân tích vấn đề này thành các bước nhỏ.
Em: Thưa thầy, tôi sẽ xem xét từng trường hợp có mặt sáu chấm hoặc không trong mỗi lần gieo súc sắc.
Thầy: [P] Đúng rồi! Bây giờ, hãy tính xác suất cho những trường hợp đơn giản trước. Xác suất xuất hiện mặt sáu chấm khi gieo một con súc sắc là bao nhiêu?
Em: Thưa thầy, xác suất đó là 1/6.
Thầy: Đúng rồi. Vậy nếu không có mặt sáu chấm trong lần gieo đầu tiên, xác suất của trường hợp này là bao nhiêu?
Em: Nếu không có mặt sáu chấm, thì xác suất là 5/6.
Thầy: Rất tốt! Bây giờ hãy tính xác suất để không có mặt sáu chấm cả hai lần. Bạn có thể làm được không?
Em: Thưa thầy, tôi nghĩ là (5/6) x (5/6).
Thầy: Đúng rồi! Giờ bạn đã tính được xác suất không xuất hiện mặt sáu chấm cả hai lần. Xác suất đó sẽ giúp bạn tìm ra xác suất ít nhất một lần xuất hiện mặt sáu chấm như thế nào?
Em: Thưa thầy, tôi sẽ trừ xác suất không có mặt sáu chấm cả hai lần từ 1.
Thầy: [S] Đúng rồi! Vậy chúng ta đã có đáp án. Hãy tính xem.
Em: Cảm ơn thầy. Em sẽ tính ngay."
GPS,GPU_S_14,Khá,2,"Thầy: [G] Bạn hãy nghĩ về vấn đề này như sau: khi bạn gieo một con súc sắc hai lần, có bao nhiêu kết quả có thể xảy ra? và trong số đó, có bao nhiêu kết quả ít nhất một lần xuất hiện mặt sáu chấm?

Em: Có 6 kết quả cho mỗi lần gieo nên tổng cộng là 36 kết quả.

Thầy: Đúng rồi. Bây giờ bạn hãy liệt kê các trường hợp nào của hai lần gieo súc sắc sẽ không có mặt sáu chấm? Em có thể tính số lượng kết quả thuận lợi như thế này.

Em: Nếu không có mặt sáu chấm, thì mỗi lần gieo chỉ có thể là 1, 2, 3, 4, hoặc 5. Nên tổng cộng sẽ có \(5 \times 5 = 25\) trường hợp không xuất hiện mặt sáu chấm.

Thầy: Đúng! Vậy số lượng kết quả thuận lợi để ít nhất một lần xuất hiện mặt sáu chấm là bao nhiêu?

Em: Nếu tổng số kết quả là 36 và có 25 trường hợp không có mặt sáu chấm, vậy thì số trường hợp thuận lợi sẽ là \(36 - 25 = 11\).

Thầy: Đúng rồi! Vậy xác suất để ít nhất một lần xuất hiện mặt sáu chấm là bao nhiêu?

Em: Xác suất là số kết quả thuận lợi chia cho tổng số kết quả, nên xác suất sẽ là \(\frac{36 - 25}{36} = \frac{11}{36}\).

Thầy: Đúng! Vậy đáp án của bạn là \(\frac{11}{36}\). Bạn đã làm rất tốt!

Em: Cảm ơn thầy."
GPS,GPU_S_15,Trung bình,2,"Thầy: [G] Để giải quyết bài toán này, chúng ta cần tính xác suất của biến cố ""ít nhất một lần xuất hiện mặt sáu chấm"" khi gieo hai con súc sắc. Hãy cân nhắc xem có cách nào để giải quyết vấn đề này mà không cần tính trực tiếp xác suất của biến cố chính không?"
GPS,GPU_S_16,Trung bình,2,"Thầy: [G] Alright, chúng ta sẽ giải quyết bài toán này theo cách hệ thống. Đầu tiên, hãy nhớ lại khái niệm về xác suất. Xác suất của một biến cố là số lượng kết quả thuận lợi chia cho số lượng kết quả toàn bộ trong không gian mẫu. Trong bài toán này, ta cần tính xác suất để ít nhất một lần xuất hiện mặt sáu chấm khi gieo một con súc sắc hai lần. Em hãy nghĩ xem không gian mẫu của chúng là gì?

Em: Không gian mẫu là tất cả các kết quả có thể khi gieo một con súc sắc hai lần đúng không thầy?"
GPS,GPU_S_17,Trung bình,2,"Thầy: [G]今天我们要解决的问题是投掷一个骰子两次，至少有一次出现六点的概率。你知道如何计算这个概率吗？
Em: Thưa thầy, em chưa biết làm sao tính.
Thầy: Không sao, chúng ta sẽ cùng giải quyết nó. Đầu tiên, ta cần xác định không gian mẫu và biến cố thuận lợi. Không gian mẫu là tất cả các kết quả có thể khi ném hai lần xúc sắc. Em nghĩ xem, có bao nhiêu kết quả?
Em: Thưa thầy, mỗi lần ném đều có 6 kết quả nên tổng cộng sẽ là 36 kết quả.
Thầy: Rất tốt! Vậy tổng không gian mẫu là 36. Tiếp theo, ta cần xác định biến cố thuận lợi. Biến cố thuận lợi ở đây là ít nhất một lần xuất hiện mặt sáu chấm. Em nghĩ xem, có bao nhiêu cách để đạt được điều này?
Em: Thưa thầy, em chưa biết tính.
Thầy: Không sao, chúng ta sẽ tính từng bước nhỏ. Đầu tiên, ta tìm số cách không có mặt sáu chấm nào xuất hiện. Mỗi lần ném đều không có 5 kết quả (1-5, 2-5, ..., 6-5), nên tổng cộng là 25 kết quả.
Em: Thưa thầy, vậy còn lại sẽ là...
Thầy: Rất đúng! Vậy số cách ít nhất một lần xuất hiện mặt sáu chấm là 36 - 25 = 11. Vậy xác suất là bao nhiêu?
Em: Thưa thầy, xác suất là 11/36.
Thầy: Đúng rồi! Xác suất để ít nhất một lần xuất hiện mặt sáu chấm khi gieo một con súc sắc hai lần là 11/36. Em có thắc mắc gì không?
Em: Không có nữa, thầy ạ. Cảm ơn thầy đã giảng bài.
Thầy: Rất vui được giúp đỡ em. Tiếp tục cố gắng nhé!"
GPS,GPU_S_18,Trung bình,2,"Thầy: [G] Để giải quyết bài toán này, chúng ta cần sử dụng lý thuyết xác suất. Đầu tiên, bạn hãy nghĩ về vấn đề như sau: khi gieo một con súc sắc hai lần, tổng số kết quả có thể ra làm sao?"
GPS,GPU_S_19,Trung bình,2,"Thầy: [G] Để giải quyết bài toán này, chúng ta cần tìm hiểu về xác suất và cách tính xác suất của một biến cố xảy ra khi thực hiện các phép thử độc lập. Bạn biết chưa?

Em: Thưa thầy, em biết là xác suất là số phần tử của biến cố thuận lợi chia cho số phần tử của không gian mẫu.

Thầy: Đúng rồi! Bây giờ chúng ta cần tìm không gian mẫu và xác định biến cố thuận lợi. Khi gieo một con súc sắc hai lần, có bao nhiêu kết quả có thể xảy ra?

Em: Thưa thầy, khi gieo một con súc sắc, có 6 mặt nên khi gieo hai lần sẽ là \(6 \times 6 = 36\) kết quả.

Thầy: Rất tốt! Vậy không gian mẫu của bài toán này bao gồm bao nhiêu phần tử?

Em: Không gian mẫu bao gồm 36 phần tử.

Thầy: Giờ chúng ta cần xác định biến cố thuận lợi là gì? Biến cố thuận lợi ở đây là ít nhất một lần xuất hiện mặt sáu chấm.

Em: Thưa thầy, để ít nhất một lần xuất hiện mặt sáu chấm có nghĩa là có thể 1 lần hoặc cả hai lần đều là 6 chấm.

Thầy: Đúng rồi! Vậy chúng ta sẽ tính xác suất của biến cố này bằng cách tính xác suất của kết quả không thuận lợi và trừ đi. Biến cố không thuận lợi ở đây là không xuất hiện mặt sáu chấm cả hai lần gieo.

Em: Thưa thầy, khi không có mặt 6 chấm trong một lần gieo sẽ còn \(5\) mặt nên khi gieo hai lần sẽ là \(5 \times 5 = 25\) kết quả.

Thầy: Rất tốt! Vậy xác suất của biến cố không thuận lợi là bao nhiêu?

Em: Xác suất của biến cố không thuận lợi là \(\frac{25}{36}\).

Thầy: Đúng rồi, vậy chúng ta đã có xác suất của biến cố không thuận lợi. Giờ em tính xem xác suất của biến cố thuận lợi là bao nhiêu nhé.

Em: Thưa thầy, xác suất của biến cố thuận lợi sẽ là \(1 - \frac{25}{36} = \frac{11}{36}\).

Thầy: Rất tốt! Vậy kết quả cuối cùng của bài toán là gì?

Em: Cảm ơn thầy, vậy kết quả của bài toán là \(\frac{11}{36}\)."
GPS,GPU_S_20,Trung bình,2,"Thầy: [G] Để giải bài toán này, chúng ta sẽ sử dụng phương pháp tính xác suất của biến cố không xảy ra để làm đơn giản hóa bài toán. Đầu tiên, em hãy nghĩ về tổng số kết quả có thể khi gieo một con súc sắc hai lần."
GPS,GPU_S_21,Trung bình,2,"Thầy: [G] Gieo một con súc sắc hai lần, em biết rằng có bao nhiêu mặt xuất hiện khi gieo một con súc sắc đúng không?

Em: Có 6 mặt.

Thầy: [P] Vậy nếu muốn tính xác suất ít nhất một lần xuất hiện mặt sáu chấm trong hai lần gieo thì chúng ta nên nghĩ đến cách nào đây, em?

Em: À, có thể là cách tính tổng số kết quả và trừ đi những kết quả không cần thiết.

Thầy: [S] Đúng rồi! Em hãy bắt đầu bằng việc tính xác suất không xuất hiện mặt sáu chấm cả hai lần gieo súc sắc. Xác suất mỗi lần không gieo được sáu chấm là bao nhiêu?

Em: Mỗi lần là 5/6.

Thầy: Đúng. Vậy xác suất không xuất hiện mặt sáu chấm cả hai lần sẽ là như thế nào, em tính thử xem?

Em: 5/6 nhân với 5/6 bằng 25/36.

Thầy: [S] Rất tốt! Em đã tính đúng rồi. Vậy xác suất ít nhất một lần xuất hiện mặt sáu chấm sẽ là tổng số kết quả trừ đi xác suất không xuất hiện mặt sáu chấm cả hai lần. Em hãy tính kết quả cuối cùng nhé?

Em: 1 trừ 25/36, bằng 11/36.

Thầy: [S] Đúng rồi! Xác suất để ít nhất một lần xuất hiện mặt sáu chấm khi gieo một con súc sắc hai lần là 11/36. Em đã làm rất tốt trong bài toán này."
GPS,GPU_S_22,Trung bình,2,"Thầy: Gieo một con súc sắc hai lần, em có biết xác suất để ít nhất một lần xuất hiện mặt sáu chấm là bao nhiêu không?

Em: Thưa thầy, em chưa chắc về cách tính.

Thầy: Không sao, em cứ suy nghĩ xem trong khi gieo súc sắc hai lần, những trường hợp nào sẽ làm cho chúng ta có ít nhất một lần xuất hiện mặt sáu chấm.

Em: Thì... Nếu lần đầu không ra sáu thì lần sau mới có thể ra sáu, hoặc cả hai lần đều ra sáu?

Thầy: Đúng là em đã suy nghĩ theo hướng đúng, nhưng thay vì tính từng trường hợp một, chúng ta có thể dùng cách tính tổng quát hơn. Hãy tính xác suất ngược trước đi, nghĩa là xác suất không có mặt sáu chấm nào xuất hiện trong hai lần gieo.

Em: Thưa thầy, nếu mỗi lần gieo không ra sáu thì có 5/6 khả năng. Vậy với hai lần gieo là (5/6) x (5/6)?

Thầy: Đúng rồi! Em đã nắm được cách tính xác suất đối thủ. Giờ em hãy tính kết quả này.

Em: Thưa thầy, (5/6) x (5/6) = 25/36.

Thầy: Rất tốt! Vậy xác suất không có mặt sáu chấm nào xuất hiện là 25/36. Nên xác suất để ít nhất một lần xuất hiện mặt sáu chấm sẽ là gì?

Em: Thưa thầy, nếu xác suất không có mặt sáu chấm là 25/36 thì xác suất có mặt sáu chấm sẽ là 1 - 25/36 = 11/36?

Thầy: Đúng rồi! Em đã tính chính xác. Vậy kết luận cuối cùng là gì?

Em: Thưa thầy, xác suất để ít nhất một lần xuất hiện mặt sáu chấm trong hai lần gieo súc sắc là 11/36.

Thầy: Rất tốt, em đã hiểu rõ cách tính này. Giờ em hãy nhớ rằng khi gặp bài toán về xác suất như thế này, ta thường khéo lép sử dụng cách tính xác suất đối thủ để làm cho việc giải quyết trở nên dễ dàng hơn."
GPS,GPU_S_23,Trung bình,2,"Thầy: Gieo một con súc sắc hai lần, em có biết cách tính xác suất để ít nhất một lần xuất hiện mặt sáu chấm không?

Em: Không rõ thầy ạ. Em chưa từng làm bài toán như thế này.

Thầy: Được, chúng ta cùng giải quyết bài toán này nhé. Đầu tiên, em nhớ lại về xác suất của một sự kiện xảy ra và không xảy ra không?

Em: Xác suất của một sự kiện xảy ra là số cách xảy ra chia cho tổng số cách có thể xảy ra. Còn sự kiện không xảy ra thì lấy 1 trừ xác suất của sự kiện xảy ra.

Thầy: Đúng rồi! Bây giờ, em hãy tính xem khi gieo một con súc sắc một lần, xác suất để xuất hiện mặt sáu chấm là bao nhiêu?

Em: Là 1/6 phải không thầy?

Thầy: Đúng. Vậy khi gieo hai lần, xác suất để cả hai lần đều không xuất hiện mặt sáu chấm sẽ là gì nhỉ?

Em: Nếu mỗi lần là 5/6 thì với hai lần sẽ là (5/6) × (5/6), phải không thầy?

Thầy: Đúng rồi! Bây giờ em tính xem (5/6) × (5/6) bằng bao nhiêu nhé.

Em: Là 25/36 ạ!

Thầy: Rất tốt! Vậy xác suất để ít nhất một lần xuất hiện mặt sáu chấm sẽ là gì?

Em: Sao lại trừ 1 đi nhỉ? Thầy có thể giải thích rõ hơn được không?

Thầy: Đúng rồi, em đã làm đúng. Vì xác suất để ít nhất một lần xuất hiện mặt sáu chấm chính là 1 trừ xác suất của trường hợp ngược lại - tức là cả hai lần đều không xuất hiện mặt sáu chấm. Vậy ta có kết quả cuối cùng.

Em: Vậy nên xác suất là 1 - 25/36 = 11/36 phải không thầy?

Thầy: Đúng rồi! Em đã làm bài toán này một cách hoàn hảo. Xác suất để ít nhất một lần xuất hiện mặt sáu chấm khi gieo hai lần là 11/36.

Em: Rất cám ơn thầy, thầy ạ!

Thầy: Không cần phải khách khí. Tiếp tục cố gắng nhé!"
GPS,GPU_S_24,Trung bình,2,"Thầy: [G] Gieo một con súc sắc hai lần, em nghĩ xem xác suất để ít nhất một lần xuất hiện mặt sáu chấm là bao nhiêu nhỉ?

Em: Thưa thầy, em không biết phải bắt đầu tính từ đâu ạ.

Thầy: [P] Không sao cả, chúng ta có thể làm từng bước. Đầu tiên, em nghĩ xem xác suất để gieo được mặt sáu chấm trong một lần gieo là bao nhiêu nhé?

Em: Thưa thầy, con súc sắc có 6 mặt nên xác suất để được mặt sáu chấm trong một lần gieo là 1/6 ạ.

Thầy: [P] Đúng rồi! Giờ em thử tính xem xác suất để không gieo được mặt sáu chấm cả hai lần thì sao?

Em: Thưa thầy, nếu không gieo được mặt sáu chấm trong một lần là 1 - 1/6 = 5/6 vậy phải không? Vậy xác suất không gieo được mặt sáu chấm cả hai lần sẽ là (5/6) × (5/6)?

Thầy: [P] Đúng rồi! Giờ em hãy tính kết quả của phép nhân này đi.

Em: Thưa thầy, (5/6) × (5/6) = 25/36.

Thầy: [S] Đúng rồi nhé! Vậy xác suất không gieo được mặt sáu chấm cả hai lần là 25/36. Bây giờ em hãy tính ngược lại xem xác suất để ít nhất một lần xuất hiện mặt sáu chấm sẽ là bao nhiêu nhỉ?

Em: Thưa thầy, nếu xác suất không gieo được mặt sáu chấm cả hai lần là 25/36 thì xác suất ngược lại sẽ là 1 - 25/36 = 11/36.

Thầy: [S] Rất tốt! Vậy nên xác suất để ít nhất một lần xuất hiện mặt sáu chấm khi gieo một con súc sắc hai lần chính là 11/36. Em đã hiểu rõ chưa?

Em: Thưa thầy, em đã hiểu rồi ạ. Cảm ơn thầy đã giảng dạy cho em!"
GPS,GPU_S_25,Trung bình,2,"Thầy: [G] Gieo một con súc sắc hai lần, bạn có biết xác suất để ít nhất một lần xuất hiện mặt sáu chấm là bao nhiêu không?

Em: Thưa thầy, em chưa chắc lắm về cách tính. Có phải là ta cần tìm xác suất của sự kiện ""xuất hiện mặt sáu chấm ít nhất một lần"" trong hai lần gieo sao?

Thầy: [P] Đúng rồi! Bạn làm như thế này nhé. Đầu tiên, chúng ta tính xác suất của sự kiện ""không xuất hiện mặt sáu chấm cả hai lần"". Sau đó, từ tổng xác suất (1) sẽ trừ đi xác suất sự kiện không xảy ra để tìm xác suất sự kiện bạn cần.

Em: Thưa thầy, em nghĩ là mỗi lần gieo đều có 5/6 khả năng không được sáu chấm, đúng không?

Thầy: [S] Đúng rồi! Mỗi lần gieo, xác suất không được sáu chấm là 5/6. Do đó, khi gieo hai lần liên tiếp, xác suất không xảy ra sự kiện ""xuất hiện mặt sáu chấm"" cả hai lần sẽ là?

Em: Thưa thầy, em nghĩ là (5/6) × (5/6) = 25/36?

Thầy: [S] Đúng rồi! Vậy xác suất của sự kiện không xảy ra trong hai lần gieo là 25/36. Điều này có nghĩa là xác suất ít nhất một lần xuất hiện mặt sáu chấm sẽ là:

1 - (25/36) = 11/36

Em: Thưa thầy, vậy xác suất để ít nhất một lần xuất hiện mặt sáu chấm khi gieo hai lần là 11/36?

Thầy: [S] Đúng rồi! Xác suất bạn cần tìm chính là 11/36. Bạn đã làm tốt. Bây giờ chúng ta hãy tổng kết lại quy trình giải:

1. Tính xác suất không xảy ra sự kiện (không xuất hiện sáu chấm cả hai lần).
2. Trừ đi xác suất này từ 1 để tìm xác suất của sự kiện bạn cần.

Em: Em hiểu rồi, cảm ơn thầy đã hướng dẫn!"
GPS,GPU_S_26,Trung bình,2,"Thầy: [G] Gieo một con súc sắc hai lần, em nghĩ xem xác suất để ít nhất một lần xuất hiện mặt sáu chấm là bao nhiêu? Em thử suy nghĩ xem có cách nào tính toán không?

Em: Thưa thầy, em nghĩ rằng mình cần tìm xác suất của trường hợp xuất hiện sáu chấm ít nhất một lần khi gieo hai lần. Nhưng em không nhớ rõ cách tính.

Thầy: [P] Đúng rồi, em. Để giải quyết bài toán này, chúng ta có thể sử dụng phương pháp tính xác suất ngược. Em thử nghĩ xem việc không xuất hiện mặt sáu chấm cả hai lần sẽ như thế nào?

Em: Thưa thầy, nếu không có sáu chấm trong hai lần gieo thì mỗi lần đều là từ 1 đến 5 chấm. Vậy xác suất đó cho một lần là 5/6 và khi gieo hai lần là (5/6) × (5/6)?

Thầy: [S] Đúng rồi, em! Em đã làm rất tốt. Giờ hãy tính kết quả của (5/6) × (5/6) để thấy xác suất không xuất hiện sáp mặt chấm trong hai lần.

Em: Thưa thầy, (5/6) × (5/6) = 25/36. Vậy xác suất không có mặt sáu chấm trong hai lần là 25/36?

Thầy: Rất tốt! Giờ em hãy tính xác suất ngược lại, tức là xác suất ít nhất một lần xuất hiện mặt sáu chấm bằng cách trừ kết quả trên ra 1. Vậy em hãy tính xem.

Em: Thưa thầy, xác suất ít nhất một lần xuất hiện mặt sáu chấm sẽ là 1 - 25/36 = 11/36?

Thầy: [S] Đúng rồi! Em đã làm rất tốt. Xác suất để ít nhất một lần xuất hiện mặt sáu chấm khi gieo một con súc sắc hai lần là 11/36.

Em hãy nhớ rằng, phương pháp tính xác suất ngược đôi khi sẽ giúp em giải quyết các bài toán phức tạp hơn một cách đơn giản. Em làm rất tốt hôm nay!"
GPS,GPU_S_27,Yêu,2,"Thầy: Gieo một con súc sắc hai lần. Em hãy tính xác suất để ít nhất một lần xuất hiện mặt sáu chấm, nhé?

Em: Thầy ơi, em không biết bắt đầu từ đâu cho phải.

Thầy: Không sao cả, chúng ta sẽ cùng làm từng bước. Đầu tiên, em hãy nghĩ xem khi gieo một con súc sắc, có bao nhiêu khả năng xuất hiện mặt số nào đó?

Em: Có 6 khả năng xuất hiện vì súc sắc có 6 mặt.

Thầy: Đúng rồi! Vậy khi gieo hai lần, tổng cộng sẽ có bao nhiêu kết quả có thể?

Em: Có 36 kết quả possible, đúng không ạ? Vì mỗi lần đều có 6 khả năng và làm 2 lần.

Thầy: Rất tốt! Giờ em hãy nghĩ xem, chúng ta cần tìm xác suất để ít nhất một lần xuất hiện mặt sáu chấm. Em có cách nào tính trực tiếp điều này?

Em: Em không biết phải bắt đầu từ đâu.

Thầy: Không sao cả. Chúng ta có thể tính ngược lại, tức là xác suất để không bao giờ xuất hiện mặt sáu chấm trong hai lần gieo. Sau đó lấy 1 trừ đi kết quả đó sẽ cho chúng ta xác suất cần tìm.

Em:ừ, em hiểu rồi. Nếu không bao giờ xuất hiện mặt sáu chấm, mỗi lần chỉ có 5 khả năng còn lại, tức là 5/6.

Thầy: Đúng rồi! Vậy khi gieo hai lần, xác suất không xuất hiện mặt sáu chấm cả hai lần sẽ là?

Em: Là (5/6) × (5/6), phải không ạ?

Thầy: Đúng rồi. Em hãy tính kết quả của phép nhân này.

Em: Rất nhỏ, em tính được 25/36.

Thầy: Đúng! Vậy xác suất không xuất hiện mặt sáu chấm cả hai lần là 25/36. Giờ em hãy tính ngược lại để tìm xác suất cần thiết.

Em: Thì ta lấy 1 trừ đi 25/36 phải không?

Thầy: Chính xác! Em hãy tính kết quả cuối cùng.

Em: 1 - 25/36 = 11/36.

Thầy: Đúng rồi! Vậy xác suất để ít nhất một lần xuất hiện mặt sáu chấm là 11/36. Chúng ta đã giải quyết được bài toán này rồi!

Em: Em cảm ơn thầy, em hiểu rõ hơn nhiều rồi ạ."
GPS,GPU_S_28,Yêu,2,"Thầy: Gieo một con súc sắc hai lần. Em hãy tính xác suất để ít nhất một lần xuất hiện mặt sáu chấm, nhé?

Em: Thưa thầy, em không biết bắt đầu từ đâu.

Thầy: Không sao cả. Hãy nghĩ về vấn đề này theo cách khác. Thay vì tính xác suất của trường hợp chúng ta muốn, liệu có dễ hơn nếu chúng ta tính xác suất của trường hợp ngược lại và làm giảm đi?

Em: Trường hợp ngược lại là gì thưa thầy?

Thầy: Trường hợp ngược lại sẽ là không xuất hiện sáu chấm cả hai lần. Hãy nghĩ về điều này.

Em: À, em hiểu rồi. Nghĩa là khi gieo một lần, không có mặt sáu chấm, và khi gieo thứ hai, vẫn không có mặt sáu chấm.

Thầy: Đúng rồi! Vậy xác suất của trường hợp ngược lại sẽ như thế nào? Hãy tính xem.

Em: Thưa thầy, mỗi lần gieo đều có 5/6 cơ hội không xuất hiện mặt sáu chấm. Vì vậy, khi gieo hai lần liên tiếp, xác suất không xuất hiện mặt sáu chấm cả hai lần sẽ là (5/6) × (5/6).

Thầy: Đúng rồi! Vậy em hãy tính kết quả của phép nhân này.

Em: Thưa thầy, (5/6) × (5/6) = 25/36. Vậy xác suất không xuất hiện mặt sáu chấm cả hai lần là 25/36?

Thầy: Rất tốt! Bây giờ, hãy suy nghĩ về cách tìm xác suất của trường hợp chúng ta muốn.

Em: Thưa thầy, nếu xác suất không xuất hiện mặt sáu chấm cả hai lần là 25/36, thì xác suất ít nhất một lần xuất hiện mặt sáu chấm sẽ là 1 - 25/36.

Thầy: Đúng rồi! Vậy em hãy tính kết quả cuối cùng.

Em: Thưa thầy, 1 - 25/36 = 11/36. Vậy xác suất để ít nhất một lần xuất hiện mặt sáu chấm là 11/36?

Thầy: Rất tuyệt! Em đã làm đúng rồi. Xác suất để ít nhất một lần xuất hiện mặt sáu chấm khi gieo một con súc sắc hai lần là 11/36. Em hãy tổng kết lại quá trình giải quyết bài toán này nhé.

Em: Thưa thầy, để tính xác suất của trường hợp chúng ta muốn, em đã tính xác suất của trường hợp ngược lại - không xuất hiện mặt sáu chấm cả hai lần (5/6 × 5/6 = 25/36). Sau đó, em tìm ra xác suất của trường hợp chúng tôi muốn bằng cách làm giảm đi xác suất của trường hợp ngược lại: 1 - 25/36 = 11/36."
GPS,GPU_S_29,Yêu,2,"Thầy: Gieo một con súc sắc hai lần, em có biết cách tính xác suất để ít nhất một lần xuất hiện mặt sáu chấm không?

Em: Thưa thầy, em cảm thấy hơi khó. Em không biết bắt đầu từ đâu.

Thầy:明白了。我们可以通过计算“没有出现六点”的情况来间接求解这个问题。你可以先算一下两次投掷都不出现六点的概率，然后再用1减去这个概率，就能得到至少有一次出现六点的概率了。

Em: Thưa thầy, em hiểu rồi. Nếu không có mặt sáu chấm, mỗi lần gieo súc sắc chỉ còn 5 khả năng xuất hiện (từ 1 đến 5). Vậy xác suất một lần không xuất hiện sáu chấm là 5/6.

Thầy: Đúng rồi! Em đã nắm được cách tính. Bây giờ em hãy tính xem hai lần gieo súc sắc đều không xuất hiện sáu chấm có bao nhiêu khả năng nhé.

Em: Thưa thầy, hai lần gieo súc sắc đều không xuất hiện sáu chấm là (5/6) × (5/6) = 25/36. Vậy xác suất không xuất hiện sáu chấm cả hai lần là 25/36.

Thầy: Em làm rất tốt! Bây giờ, em hãy tính xem xác suất để ít nhất một lần xuất hiện mặt sáu chấm bằng cách lấy 1 trừ đi xác suất không có mặt sáu chấm cả hai lần nha.

Em: Thưa thầy, xác suất để ít nhất một lần xuất hiện mặt sáu chấm là 1 - 25/36 = 11/36. Vậy kết quả cuối cùng là 11/36, phải không ạ?

Thầy: Đúng rồi! Em đã tính đúng và nắm rõ cách giải quyết bài toán rồi. Xác suất để ít nhất một lần xuất hiện mặt sáu chấm khi gieo một con súc sắc hai lần là 11/36. Em đã làm rất tốt!"
GPS,GPU_S_30,Yêu,2,"Thầy: Gieo một con súc sắc hai lần, em hãy tính xác suất để ít nhất một lần xuất hiện mặt sáu chấm nhé. Em nghĩ sao về cách giải quyết bài toán này?

Em: Thưa thầy, em không biết nên bắt đầu từ đâu ạ.

Thầy: Được rồi, chúng ta hãy thử xem xét vấn đề theo hướng ngược lại trước. Thay vì tính xác suất xuất hiện mặt sáu chấm ít nhất một lần, chúng ta có thể tính xác suất ngược - tức là không có mặt sáu chấm nào xuất hiện cả hai lần.

Em: À, em hiểu rồi ạ. Nghĩa là chỉ cần gieo không có sáu chấm trong hai lần?

Thầy: Đúng rồi! Em hãy tính xác suất đó trước đã. Vậy nếu gieo một con súc sắc một lần và không xuất hiện mặt sáu chấm, xác suất này là bao nhiêu?

Em: Nếu mỗi mặt súc sắc có 1/6 khả năng xuất hiện số sáu, thì không xuất hiện mặt sáu trong một lần gieo sẽ là 5/6 ạ.

Thầy: Rất tốt! Vậy khi gieo hai lần và cả hai lần đều không xuất hiện mặt sáu chấm, em có thể tính được xác suất như thế nào?

Em: Thưa thầy, nếu mỗi lần gieo không xuất hiện sáu chấm là 5/6, thì hai lần sẽ là (5/6) x (5/6)?

Thầy: Đúng rồi! Em hãy thực hiện phép tính này và chúng ta sẽ biết xác suất không có mặt sáu nào xuất hiện trong hai lần gieo.

Em: Thưa thầy, (5/6) x (5/6) = 25/36. Vậy xác suất không có mặt sáu chấm nào xuất hiện là 25/36 ạ?

Thầy: Rất hay! Vậy em nghĩ sao về cách tính xác suất ít nhất một lần xuất hiện mặt sáu chấm từ kết quả này?

Em: Thưa thầy, nếu xác suất không xuất hiện mặt sáu trong hai lần là 25/36, thì xác suất ngược lại - tức là ít nhất một lần xuất hiện mặt sáu sẽ là 1 - 25/36 = 11/36. Vậy em đã tính xong rồi phải không ạ?

Thầy: Đúng rồi! Em đã làm rất tốt. Xác suất để ít nhất một lần xuất hiện mặt sáu chấm khi gieo hai lần là 11/36. Em hãy tổng kết lại cách giải quyết bài toán này nhé.

Em: Thưa thầy, em sẽ nhớ cách tính xác suất theo hướng ngược lại và áp dụng cho các bài toán tương tự như thế này. Em cảm ơn thầy đã giảng dạy!"
GPS,GPU_S_11,Khá,3,"Thầy: [G] Chào em! Bài toán này yêu cầu tìm xác suất để tổng hai mặt của xúc xắc bằng 8 sau khi gieo hai lần. Em thử nghĩ xem có bao nhiêu kết quả có thể xuất hiện?
Em: Dạ thưa thầy, mỗi lần gieo xúc xắc có 6 kết quả nên tổng cộng là 6x6=36 kết quả ạ.
Thầy: [P] Rất tốt! Bây giờ em hãy liệt kê các kết quả để tổng hai mặt bằng 8 nhé. Em thử làm xem.
Em: Dạ, em nghĩ có (2,6), (3,5), (4,4), (5,3), (6,2) ạ. Có vẻ như chỉ có 5 kết quả thôi ạ.
Thầy: [S] Chính xác! Vậy số cách thuận lợi là 5. Số trường hợp cơ bản là 36 nên xác suất sẽ là 5/36."
GPS,GPU_S_12,Khá,3,"Thầy: [G] Chào em! Bài toán này yêu cầu tìm xác suất để tổng hai mặt của xúc xắc bằng 8 khi gieo 2 lần. Em thử liệt kê xem có bao nhiêu kết quả có thể xảy ra?
Em: Dạ thưa thầy, khi gieo một con xúc xắc 2 lần, có 6 × 6 = 36 kết quả ạ.
Thầy: [P] Rất tốt! Bây giờ em hãy liệt kê các trường hợp mà tổng hai mặt bằng 8 nhé. Em thử viết ra và đếm xem có bao nhiêu cách?
Em: Dạ thưa thầy, mình có (2,6), (3,5), (4,4), (5,3) và (6,2). Như vậy có 5 kết quả ạ.
Thầy: [S] Chính xác! Vậy số biến cố thuận lợi là 5. Xác suất sẽ là số biến cố thuận lợi chia cho tổng số kết quả, tức là 5/36."
GPS,GPU_S_13,Khá,3,"Thầy: [G] Chào em! Bài toán này yêu cầu chúng ta tìm xác suất để tổng số điểm của hai lần gieo xúc xắc bằng 8. Em thử liệt kê các kết quả có thể xảy ra từ hai lần gieo xúc xắc đi?
    
Em: Dạ thưa thầy, mình nghĩ sẽ có các cặp số như (2,6), (3,5), (4,4), (5,3) và (6,2). Như vậy là 5 kết quả ạ.
    
Thầy: [P] Rất gần đúng! Tuy nhiên, xúc xắc có 6 mặt nên mỗi lần gieo sẽ có 6 khả năng. Vậy tổng số kết quả khi gieo xúc xắc 2 lần sẽ là bao nhiêu?
    
Em: Dạ thưa thầy, mình thấy rằng với mỗi lần gieo đều có 6 khả năng, vậy tổng cộng sẽ có 6x6=36 kết quả ạ.
    
Thầy: [S] Đúng rồi! Vậy biến cố thuận lợi là những cặp số nào? Em hãy liệt kê chúng nhé.
    
Em: Dạ thưa thầy, biến cố thuận lợi bao gồm các cặp (2,6), (3,5), (4,4), (5,3) và (6,2). Như vậy có 5 cách ạ.

Thầy: [P] Rất tốt! Vậy xác suất sẽ là tỷ lệ của số kết quả thuận lợi so với tổng số kết quả. Em tính xem tỷ lệ đó là bao nhiêu?
    
Em: Dạ thưa thầy, xác suất sẽ là 5/36 ạ.
    
Thầy: [S] Đúng rồi! Vậy em đã làm được bài toán này rồi nhé."
GPS,GPU_S_14,Khá,3,"Thầy: [G] Chào em! Bài toán này yêu cầu tìm xác suất để tổng hai mặt xúc xắc bằng 8 khi gieo 2 lần. Em thử suy nghĩ xem có bao nhiêu kết quả có thể xảy ra?
Em: Dạ, em tính rằng mỗi lần gieo xúc xắc đều có 6 kết quả, nên khi gieo 2 lần sẽ là 36 kết quả ạ.
Thầy: [P] Rất tốt! Bây giờ em hãy liệt kê các trường hợp để tổng hai mặt bằng 8 nhé. Em thử viết ra một vài trường hợp đầu tiên xem sao?
Em: Dạ, em thấy có (2,6), (3,5), (4,4), (5,3) và (6,2). Có vẻ như chỉ có vậy thôi ạ.
Thầy: [S] Đúng rồi! Vậy số kết quả thuận lợi là mấy trường hợp? Xác suất sẽ là bao nhiêu?
Em: Dạ, em thấy có 5 cách nên xác suất là 5/36 ạ."
GPS,GPU_S_15,Trung bình,3,"Thầy: [G] Chào em! Bài toán này yêu cầu tìm xác suất để tổng của hai lần gieo xúc xắc bằng 8. Em thử nhớ lại quy tắc tính xác suất nhé?
Em: Dạ thưa thầy, em nhớ là ta phải xác định số cách biến cố thuận lợi và số cách có thể xảy ra rồi chia cho nhau.
Thầy: [P] Rất tốt! Bây giờ em hãy liệt kê các kết quả khi gieo 2 lần xúc xắc để tìm hiểu những cặp số có tổng bằng 8 nhé.
Em: Dạ thưa thầy, em nghĩ có (2,6), (3,5), (4,4), (5,3), và (6,2). Có phải như vậy không ạ?
Thầy: [S] Đúng rồi! Có 5 cách để tổng của hai lần gieo xúc xắc bằng 8. Tổng số kết quả có thể xảy ra là bao nhiêu nhỉ?
Em: Dạ thưa thầy, khi gieo một con xúc xắc có 6 mặt nên khi gieo 2 lần sẽ có 36 kết quả ạ.
Thầy: [P] Rất tốt! Vậy xác suất để tổng hai mặt bằng 8 là bao nhiêu?
Em: Dạ thưa thầy, em tính ra là 5/36 ạ."
GPS,GPU_S_16,Trung bình,3,"Thầy: [G] Chào em! Bài toán này là về xác suất, đúng không? Em hãy nhớ lại rằng xác suất của một biến cố A được tính như thế nào nhé?

Em: Dạ thưa thầy, xác suất của biến cố A là số cách thuận lợi chia cho tổng số kết quả có thể xảy ra ạ.

Thầy: [P] Rất tốt! Bây giờ em hãy xem xét bài toán này. Khi gieo một con xúc xắc cân đối đồng chất hai lần, bạn sẽ có bao nhiêu kết quả có thể?

Em: Dạ thưa thầy, khi gieo 1 xúc xắc 2 lần, số kết quả là 6 nhân 6 bằng 36 ạ.

Thầy: [S] Đúng rồi! Vậy tổng số kết quả có thể xảy ra là 36. Bây giờ em hãy xác định biến cố thuận lợi là gì?

Em: Dạ thưa thầy, biến cố thuận lợi là khi tổng các mặt xuất hiện bằng 8 ạ.

Thầy: Rất tốt! Em hãy liệt kê xem có bao nhiêu cách để tổng hai mặt bằng 8 nhé."
GPS,GPU_S_17,Trung bình,3,"Thầy: [G] Chào em! Bài toán này yêu cầu tính xác suất để tổng hai mặt của xúc xắc bằng 8. Em thử nhớ lại khái niệm xác suất đã nhé.

Em: Dạ thưa thầy, xác suất là số phần tử biến cố thuận lợi chia cho số phần tử trong không gian mẫu, đúng không ạ?

Thầy: [P] Rất tốt! Bây giờ em hãy liệt kê các kết quả có tổng hai mặt bằng 8. Em thử nghĩ xem, khi gieo xúc xắc 2 lần, mỗi lần có thể xuất hiện từ 1 đến 6.

Em: Dạ thưa thầy, mình có (2, 6), (3, 5), (4, 4), (5, 3) và (6, 2). Có phải như vậy không ạ?

Thầy: [S] Đúng rồi! Em đã liệt kê được đúng năm kết quả. Bây giờ em tính xem tổng hai mặt bằng 8 có bao nhiêu cách xảy ra.

Em: Dạ thưa thầy, mình có 5 cách ạ.

Thầy: [P] Rất tốt! Vậy bây giờ em hãy tính xác suất từ số phần tử biến cố thuận lợi và không gian mẫu nhé."
GPS,GPU_S_18,Trung bình,3,"Thầy: [G] Chào em!.Today, chúng ta sẽ làm bài toán về xác suất với con xúc xắc. Bạn hãy nhớ rằng khi gieo một con xúc xắc 2 lần, tổng số kết quả có thể là bao nhiêu?

Em: Dạ thưa thầy, tôi nghĩ là từ 2 đến 12 đúng không ạ?

Thầy: [P] Rất tốt! Bạn đã nhớ được phạm vi của tổng. Bây giờ hãy tính xem trong các trường hợp đó, tổng số điểm xuất hiện là bao nhiêu khi gieo xúc xắc 2 lần.

Em: Dạ thưa thầy, tôi không chắc chắn lắm ạ. Có phải mỗi lần gieo đều có 6 kết quả nên tổng cộng sẽ là 36 kết quả đúng không ạ?

Thầy: [S] Đúng rồi! Khi bạn gieo một con xúc xắc 2 lần thì thực sự có 36 kết quả khác nhau. Bây giờ hãy cùng xác định những trường hợp nào mà tổng điểm bằng 8 nhé.

Em: Dạ thưa thầy, em nghĩ là (2, 6), (3, 5), (4, 4), (5, 3) và (6, 2). Có phải tổng cộng sẽ có 5 cách đúng không ạ?

Thầy: [P] Rất gần đúng! Nhưng bạn đã bỏ sót một kết quả. Hãy kiểm tra lại xem còn những kết hợp nào nữa không nhé.

Em: Dạ thưa thầy, em nghĩ là (4, 4) đã được tính rồi nên có lẽ chỉ có (2, 6), (3, 5), (5, 3) và (6, 2). Có phải tổng cộng sẽ có 4 cách đúng không ạ?

Thầy: [S] Đúng rồi! Như vậy xác suất của biến cố này là bao nhiêu?

Em: Dạ thưa thầy, xác suất là số kết quả thuận lợi chia cho tổng số kết quả nên là 4/36=1/9 ạ."
GPS,GPU_S_19,Trung bình,3,"Thầy: [G] Chào em! Bài toán này yêu cầu tìm xác suất của biến cố có tổng hai mặt xúc xắc bằng 8. Em thử nhớ lại quy tắc tính xác suất nhé?
Em: Dạ thưa thầy, xác suất là số lượng kết quả thuận lợi chia cho số lượng kết quả có thể xảy ra ạ.
Thầy: [P] Rất tốt! Bây giờ em nghĩ về bài toán này xem có bao nhiêu kết quả có tổng hai mặt xúc xắc bằng 8?
Em: Dạ thưa thầy, mình gieo xúc xắc 2 lần, nên có 6x6=36 kết quả ạ.
Thầy: [P] Đúng rồi! Giờ em hãy liệt kê các cặp số có tổng là 8 nhé. 
Em: Dạ thưa thầy, có (2,6), (3,5), (4,4), (5,3) và (6,2). Có vẻ như chỉ có 5 kết quả thuận lợi ạ.
Thầy: [S] Không đúng hoàn toàn, em hãy nhớ lại từng cặp số cụ thể. Có bao nhiêu cặp số thực sự?
Em: Dạ thưa thầy, mình có (2,6), (3,5), (4,4), (5,3) và (6,2). Vậy là có 5 kết quả thuận lợi ạ.
Thầy: [S] Đúng rồi! Vậy xác suất sẽ là bao nhiêu nhỉ?
Em: Dạ thưa thầy, xác suất là 5/36 ạ."
GPS,GPU_S_20,Trung bình,3,"Thầy: [G] Chào em! Bài toán này yêu cầu tính xác suất để tổng các mặt xuất hiện khi gieo xúc xắc 2 lần bằng 8. Em có nhớ cách giải bài toán xác suất không?

Em: Dạ, thầy nhắc lại thì em nhớ. Em cần liệt kê các kết quả đầu ra cho hai lần gieo xúc xắc.

Thầy: [P] Rất tốt! Bây giờ hãy liệt kê các cặp số có tổng bằng 8 nhé. Ví dụ như khi lần đầu là 2 và lần thứ hai là 6 cũng được tính.

Em: Dạ, em nghĩ có các cặp (2,6), (3,5), (4,4), (5,3) và (6,2). Có phải thế không thầy?

Thầy: [S] Đúng rồi! Đó là 5 cách. Bây giờ em hãy tính số phần tử của mẫu không gian và tổng thể.

Em: Dạ, có 6 kết quả cho lần đầu và 6 kết quả cho lần thứ hai nên tổng cộng là 36 cách.

Thầy: [S] Rất chuẩn xác! Vậy xác suất để tổng bằng 8 sẽ là bao nhiêu?

Em: Dạ, em tính ra là 5/36 ạ."
GPS,GPU_S_01,Giỏi,2,"Thầy: [G] Chào em, mình sẽ cùng giải bài toán này nhé. Đầu tiên, hãy xác định xem khi gieo một con súc sắc hai lần, tổng số kết quả có thể xảy ra là bao nhiêu? 

Em: (Trả lời) Tổng số kết quả có thể xảy ra là 6 x 6 = 36, vì mỗi lần đều có 6 khả năng xuất hiện.

Thầy: [P] Rất tốt! Bây giờ chúng ta cần tính xác suất để ít nhất một lần không xuất hiện mặt sáu chấm. Ý kiến của em?

Em: (Tính toán) Nếu không xuất hiện mặt sáu chấm cả hai lần thì mỗi lần sẽ chỉ có 5 khả năng, nên tổng số kết quả là 5 x 5 = 25.

Thầy: [P] Đúng rồi! Vậy xác suất để không xuất hiện mặt sáu chấm cả hai lần là bao nhiêu? 

Em: (Tính toán) Xác suất là 25/36.

Thầy: [P] Đúng vậy, nhưng chúng ta cần xác suất để ít nhất một lần xuất hiện mặt sáu chấm. Cách làm như thế nào?

Em: (Sửa lỗi) Oh, mình sẽ lấy tổng số kết quả trừ đi xác suất không xuất hiện mặt sáu chấm cả hai lần, nên là 1 - 25/36 = 11/36.

Thầy: [S] Chắc chắn rồi! Vậy xác suất để ít nhất một lần xuất hiện mặt sáu chấm là 11/36. Em đã làm rất tốt!

Em: (Cảm ơn thầy) Cám ơn thầy, thầy giúp em hiểu rõ hơn về cách giải bài toán này."
GPS,GPU_S_02,Giỏi,2,"Thầy: [G] Bạn là học sinh lớp 12 có học lực Giỏi, hãy giải bài toán này một cách nhanh chóng và tự tin nhé: Gieo một con súc sắc hai lần. Xác suất để ít nhất một lần xuất hiện mặt sáu chấm là bao nhiêu? Em có thể tính toán ngay không?

Em: (Trả lời) Thưa thầy, em sẽ giải bài toán này theo cách tính xác suất của sự kiện không xảy ra rồi trừ đi từ 1.

Thầy: [P] Tốt, em hãy tính xác suất để không xuất hiện mặt sáu chấm cả hai lần gieo súc sắc trước nhé.

Em: (Tính toán) Khi gieo một lần súc sắc, xác suất không xuất hiện mặt sáu chấm là 5/6. Vì các lần gieo độc lập, nên xác suất không xuất hiện mặt sáu chấm cả hai lần gieo sẽ là (5/6) × (5/6) = 25/36.

Thầy: [P] Đúng rồi, em đã tính đúng xác suất để không xuất hiện mặt sáu chấm cả hai lần. Em tiếp tục tính xác suất để ít nhất một lần xuất hiện mặt sáu chấm nhé.

Em: (Tính toán) Xác suất để ít nhất một lần xuất hiện mặt sáu chấm sẽ là 1 trừ đi xác suất không xuất hiện mặt sáu chấm cả hai lần, nên ta có: 1 - 25/36 = 11/36.

Thầy: [S] Đúng rồi, em đã làm đúng. Vậy xác suất để ít nhất một lần xuất hiện mặt sáu chấm là 11/36.

Em: (Cảm ơn thầy) Em cảm ơn thầy đã hướng dẫn và giúp đỡ em!"
GPS,GPU_S_03,Giỏi,2,"Thầy: [G] Gửi em, chúng ta hãy cùng giải quyết bài toán này một cách logic nhé. Đầu tiên, em hãy xác định xem khi gieo súc sắc hai lần, tổng số các kết quả có thể xảy ra là bao nhiêu?

Em: Thưa thầy, khi gieo súc sắc hai lần, mỗi lần đều có 6 mặt nên tổng số kết quả là \(6 \times 6 = 36\).

Thầy: [P] Đúng rồi. Tiếp theo, em hãy tính xác suất để không xuất hiện mặt sáu chấm trong cả hai lần gieo súc sắc.

Em: Thưa thầy, khi không xuất hiện mặt sáu chấm, mỗi lần đều có 5 kết quả có thể (mặt 1, 2, 3, 4, hoặc 5), vậy xác suất này là \(\frac{5}{6}\) cho mỗi lần. Vậy xác suất để không xuất hiện mặt sáu chấm cả hai lần sẽ là \(\left(\frac{5}{6}\right)^2 = \frac{25}{36}\).

Thầy: [P] Đúng, em đã tính toán chính xác xác suất không xuất hiện mặt sáu chấm trong cả hai lần. Giờ em hãy tính xem xác suất để ít nhất một lần xuất hiện mặt sáu chấm bằng cách trừ xác suất không muốn ra khỏi 1.

Em: Thưa thầy, vậy thì xác suất để ít nhất một lần xuất hiện mặt sáu chấm sẽ là \(1 - \frac{25}{36} = \frac{11}{36}\).

Thầy: [S] Đúng rồi, em đã tính toán chính xác. Xác suất để ít nhất một lần xuất hiện mặt sáu chấm khi gieo súc sắc hai lần là \(\frac{11}{36}\). Em có thể giải thích ngắn gọn lý do sao em lại trừ xác suất này ra không?

Em: Thưa thầy, vì tổng số kết quả có thể xảy ra là 36 và xác suất không xuất hiện mặt sáu chấm trong cả hai lần là \(\frac{25}{36}\), nên trừ đi sẽ cho ta được xác suất muốn tìm - tức là ít nhất một lần xuất hiện mặt sáu chấm.

Thầy: Rất tốt, em đã hiểu rõ cách tính toán. Em có thể tự tin giải quyết các bài toán xác suất tương tự như thế này trong kỳ thi sắp tới rồi! 

Em: Cảm ơn thầy, thầy!"
GPS,GPU_S_04,Giỏi,2,"Thầy: [G] Chào em, chúng ta sẽ cùng làm bài toán này nhé. Đầu tiên, bài toán muốn hỏi về xác suất xuất hiện mặt sáu chấm ít nhất một lần khi gieo con súc sắc hai lần. Em có thể suy nghĩ và tính toán ra kết quả không?

Em: Thầy ạ, em nghĩ là ta phải tìm xác suất để không có mặt nào là sáu chấm sau đó trừ đi với tổng số khả năng.

Thầy: [P] Đúng vậy, em suy nghĩ logic. Em hãy tính xem khi gieo hai lần, có bao nhiêu khả năng xuất hiện và bao nhiêu khả năng không có mặt sáu chấm để từ đó tìm xác suất cần thiết nhé.

Em: Có 6 khả năng cho mỗi lần gieo nên tổng cộng là 36 khả năng. Đen vắc không có mặt sáu chấm, mỗi lần là 5/6, vậy ta có (5/6)² = 25/36.

Thầy: [P] Em đã tính được xác suất không có mặt sáu chấm đúng rồi. Nhưng ta cần tìm xác suất ít nhất một lần xuất hiện mặt sáu chấm, vì vậy em hãy suy nghĩ xem có cách nào nhanh chóng để giải quyết bài toán này không?

Em: Thầy ạ, em nghĩ là ta chỉ cần lấy tổng số khả năng trừ đi xác suất không xuất hiện sáu chấm.

Thầy: [S] Rất tốt, em đã hiểu rõ. Vậy đáp án cuối cùng sẽ là 1 - (5/6)² = 1 - 25/36 = 11/36. Em hãy nhớ rằng trong các bài toán xác suất, đôi khi ta cần suy nghĩ qua cách tính ngược lại để làm nhanh chóng hơn.

Em: Cảm ơn thầy đã hướng dẫn!"
GPS,GPU_S_05,Khá,2,"Thầy: [G] Xác suất để ít nhất một lần xuất hiện mặt sáu chấm khi gieo một con súc sắc hai lần là bao nhiêu? Hãy cùng giải bài toán này nhé, em sẽ hướng dẫn từng bước. Bước đầu tiên, em hãy xem xét xác suất không xảy ra sự kiện ""xuất hiện mặt sáu chấm"" trong cả hai lần gieo súc sắc.

Em: Vâng thầy, xác suất một lần không xuất hiện mặt sáu chấm là 5/6 vì có 5 kết quả không phải sáu chấm trên con súc sắc. Vậy khi gieo hai lần thì xác suất không xuất hiện mặt sáu chấm cả hai lần sẽ là (5/6) × (5/6).

Thầy: [P] Đúng rồi! Em đã làm rất tốt bước này. Tiếp tục với bước tiếp theo, hãy tính xem em có thể tìm được xác suất ít nhất một lần xuất hiện mặt sáu chấm thông qua cách tính tổng quát không?

Em: Thưa thầy, tôi sẽ dùng cách trừ để tìm xác suất mong muốn. Xác suất không xảy ra sự kiện ""xuất hiện mặt sáu chấm"" cả hai lần là (5/6) × (5/6) = 25/36. Vậy xác suất ít nhất một lần xuất hiện mặt sáu chấm sẽ là 1 - 25/36.

Thầy: [P] Rất tốt! Em đã làm đúng nên em hãy tính xem kết quả cuối cùng là bao nhiêu nhé.

Em: 1 - 25/36 = 11/36. Vậy xác suất để ít nhất một lần xuất hiện mặt sáu chấm là 11/36, thưa thầy.

Thầy: [S] Đúng rồi! Cảm ơn em đã làm bài toán này một cách cẩn thận và chính xác như vậy. Xác suất để ít nhất một lần xuất hiện mặt sáu chấm khi gieo một con súc sắc hai lần là 11/36. Em có thắc mắc gì không?

Em: Không, thầy! Em cảm ơn thầy đã hướng dẫn em làm bài toán này."
GPS,GPU_S_06,Khá,2,"Thầy: [G] Gọi em lại, hôm nay chúng ta sẽ giải bài toán về xác suất nhé! Em hãy tính xem gieo một con súc sắc hai lần thì xác suất ít nhất một lần xuất hiện mặt sáu chấm là bao nhiêu? 

Em: Thưa thầy, em nghĩ là ta cần tính tổng số kết quả có thể xảy ra khi gieo 2 lần rồi trừ đi xác suất cả 2 lần không xuất hiện sáu chấm.

Thầy: [P] Đúng đó! Em hãy tính xem tổng số kết quả có thể xảy ra khi gieo hai lần là bao nhiêu?

Em: Thưa thầy, mỗi lần gieo đều có 6 kết quả nên khi gieo 2 lần sẽ có \(6 \times 6 = 36\) kết quả.

Thầy: [P] Rất tốt! Em tiếp tục tính xem xác suất cả hai lần không xuất hiện sáu chấm là bao nhiêu?

Em: Thưa thầy, mỗi lần không xuất hiện sáu chấm thì có 5 kết quả nên xác suất không xuất hiện sáu chấm một lần là \(\frac{5}{6}\). Vậy xác suất cả hai lần không xuất hiện sáu chấm là \(\left(\frac{5}{6}\right)^2 = \frac{25}{36}\).

Thầy: [P] Đúng rồi! Em hãy tính xem xác suất ít nhất một lần xuất hiện mặt sáu chấm bằng cách trừ đi xác suất cả hai lần không xuất hiện sáu chấm.

Em: Thưa thầy, xác suất ít nhất một lần xuất hiện mặt sáu chấm sẽ là \(1 - \frac{25}{36} = \frac{11}{36}\).

Thầy: [S] Đúng rồi! Vậy xác suất để ít nhất một lần xuất hiện mặt sáu chấm khi gieo hai lần là \(\frac{11}{36}\) bạn nhé. Em có hiểu rõ không?

Em: Vâng, em đã hiểu thầy ạ. Cảm ơn thầy đã hướng dẫn!"
GPS,GPU_S_07,Khá,2,"Thầy: [G] Gọi là em, bài toán này ta sẽ giải theo cách tính xác suất phụ trợ nhé. Đầu tiên, ta cần xác định tổng số kết quả có thể xảy ra khi gieo hai lần súc sắc.

Em: Được ạ, khi gieo một con súc sắc có 6 mặt nên mỗi lần gieo sẽ có 6 kết quả có thể, vậy khi gieo hai lần sẽ là \(6 \times 6 = 36\) kết quả có thể ạ.

Thầy: [P] Đúng rồi. Tiếp theo, ta cần xác định số trường hợp không muốn xảy ra, tức là cả hai lần gieo đều không xuất hiện mặt sáu chấm.

Em: Tôi hiểu, khi không xuất hiện mặt sáu chấm thì mỗi lần sẽ còn 5 kết quả có thể, vậy cả hai lần sẽ là \(5 \times 5 = 25\) kết quả không muốn xảy ra ạ.

Thầy: [P] Đúng rồi. Vậy số trường hợp ta muốn (tức ít nhất một lần xuất hiện mặt sáu chấm) sẽ như thế nào?

Em: Số trường hợp ta muốn sẽ là tổng số kết quả có thể trừ đi số kết quả không want, tức \(36 - 25 = 11\) kết quả ạ.

Thầy: [P] Đúng rồi. Vậy xác suất để ít nhất một lần xuất hiện mặt sáu chấm sẽ là tỷ lệ giữa số trường hợp ta muốn và tổng số kết quả có thể đúng không?

Em: Vâng, xác suất sẽ là \(\frac{11}{36}\) ạ.

Thầy: [S] Đúng rồi. Vậy đáp án của bài toán này là \(\frac{11}{36}\).

Em: Cảm ơn thầy đã hướng dẫn!"
GPS,GPU_S_08,Khá,2,"Thầy: [G] Bạn hiểu bài toán này rồi hả, Khá? Chúng ta sẽ cùng làm rõ từng bước nhé. Bước đầu tiên là xác định xem khi gieo một con súc sắc hai lần, có bao nhiêu kết quả có thể xảy ra?

Em: Có phải số kết quả là 36 không thưa thầy? Vì mỗi lần gieo đều có 6 mặt nên 6 × 6 = 36.

Thầy: [P] Đúng rồi! Bây giờ hãy tính xác suất để không xuất hiện mặt sáu chấm trong cả hai lần gieo. Em tính xem số kết quả như vậy là bao nhiêu?

Em: Thưa thầy, khi không có mặt sáu chấm thì mỗi lần chỉ còn 5 lựa chọn nên 5 × 5 = 25.

Thầy: [P] Rất tốt! Bây giờ hãy tính xác suất để không xuất hiện mặt sáu chấm trong cả hai lần gieo. Em sẽ chia số kết quả không có mặt sáu chấm cho tổng số kết quả nhé?

Em: Thưa thầy, là 25/36.

Thầy: [S] Đúng rồi! Vậy xác suất để ít nhất một lần xuất hiện mặt sáu chấm sẽ là 1 - 25/36 = 11/36. Em hãy kiểm tra lại nhé!

Em: Rất cám ơn thầy đã hướng dẫn!"
GPS,GPU_S_09,Khá,2,"Thầy: [G] Bạn hãy tính xác suất để ít nhất một lần xuất hiện mặt sáu chấm khi gieo một con súc sắc hai lần, em có thể bắt đầu với cách suy nghĩ như thế nào?

Em: (Trả lời) Thưa thầy, em nghĩ là em sẽ tính xác suất không xảy ra và làm tròn để trừ đi.

Thầy: [P] Đúng rồi, đó là cách giải quyết bài toán thông minh. Em hãy xem xét trường hợp khi không có mặt sáu chấm xuất hiện cả hai lần gieo.

Em: (Tính toán) Thưa thầy, xác suất một lần không xuất hiện mặt sáu chấm là 5/6. Vậy xác suất cả hai lần đều không xuất hiện mặt sáu chấm sẽ là (5/6) x (5/6) = 25/36.

Thầy: [P] Rất tốt, em đã tính đúng xác suất của trường hợp không xảy ra. Em hãy suy nghĩ tiếp để tìm ra đáp án cuối cùng.

Em: (Tính toán) Thưa thầy, thì xác suất ít nhất một lần xuất hiện mặt sáu chấm sẽ là 1 trừ đi xác suất cả hai lần không xuất hiện mặt sáu chấm, nên kết quả là 1 - 25/36 = 11/36.

Thầy: [S] Đúng rồi, em đã tính chính xác. Vậy xác suất để ít nhất một lần xuất hiện mặt sáu chấm khi gieo một con súc sắc hai lần là 11/36. Em có thể giải thích ngắn gọn như thế nào về cách suy nghĩ của mình không?

Em: (Cảm ơn thầy) Cảm ơn thầy, thưa thầy cách em làm đó là tính xác suất không xảy ra rồi trừ đi để tìm xác suất xảy ra."
GPS,GPU_S_10,Khá,2,"Thầy: [G] Gửi em, bài toán này nằm trong phạm vi kiến thức bạn đã học mà, hãy thử suy nghĩ xem chúng ta có thể giải quyết nó như thế nào nhé.

Em: [P] Thưa thầy, em sẽ tính xác suất của trường hợp không xuất hiện mặt sáu chấm cả hai lần sau đó trừ đi để tìm xác suất ngược lại. Có đúng không ạ?

Thầy: [P] Rất tốt! Đó là cách giải quyết thông minh. Bây giờ hãy tính xác suất của trường hợp không xuất hiện mặt sáu chấm cả hai lần.

Em: [P] Em nghĩ rằng xác suất một con súc sắc không xuất hiện mặt sáu chấm trong một lần ném là 5/6, nên khi ném hai lần là (5/6) x (5/6) = 25/36. 

Thầy: [S] Đúng rồi! Vậy xác suất ít nhất một lần xuất hiện mặt sáu chấm sẽ là 1 trừ đi xác suất không xuất hiện mặt sáu chấm cả hai lần, tức là 1 - 25/36 = 11/36. Em đã tính toán chính xác và nhanh nhạy.

Em: [S]谢谢老师，我明白了。那最后的答案是11/36吗？ 

Thầy: Rất tốt! Đáp án cuối cùng đúng là 11/36. Em đã nắm vững cách giải quyết bài toán này rồi!

Em: [S] Cảm ơn thầy đã hướng dẫn em, thầy ạ."
GPS,GPU_S_21,Trung bình,2,"Thầy: [G] Khi gieo một con súc sắc hai lần, ta cần tính xác suất để ít nhất một lần xuất hiện mặt sáu chấm. Đây là một bài toán về xác suất và có thể giải quyết bằng cách tính xác suất của biến cố complement (bạn nên nhớ công thức P(A) = 1 - P(not A)). Em hãy thử tính xem xác suất không có mặt sáu chấm trong hai lần gieo là bao nhiêu?
Em: Thầy, em chưa chắc mình làm được."
GPS,GPU_S_22,Trung bình,2,"Thầy: [G]oky, chúng ta sẽ giải bài toán này theo cách nào? Đầu tiên, em hãy nghĩ xem khi gieo một con súc sắc, có bao nhiêu kết quả có thể xảy ra?

Em: Có 6 mặt nên có 6 kết quả.

Thầy: Đúng rồi. Vậy khi gieo hai lần, số kết quả có thể xảy ra là bao nhiêu?

Em: Là 6 nhân 6, đúng không thầy? 

Thầy: Chính xác! Vậy em hãy tính xem tổng số kết quả khi gieo hai lần súc sắc là bao nhiêu.

Em: Lần đầu có 6 kết quả, lần thứ hai cũng vậy nên tổng cộng là 36 kết quả.

Thầy: Rất tốt. Giờ chúng ta sẽ tìm xác suất để không xuất hiện mặt sáu chấm cả hai lần gieo. Vậy em hãy tính xem khi gieo hai lần, có bao nhiêu kết quả không có mặt sáu chấm?

Em: Ý của thầy là 5 kết quả còn lại cho mỗi lần gieo nên sẽ là 5 nhân 5 đúng không?

Thầy: Đúng rồi! Vậy số kết quả không xuất hiện mặt sáu chấm cả hai lần là bao nhiêu?

Em: Là 25 kết quả.

Thầy: Rất tốt. Giờ em hãy tính xác suất để không xuất hiện face six cả hai lần gieo. 

Em: Xác suất đó là 25 chia 36, đúng không thầy?

Thầy: Đúng rồi! Vậy xác suất để ít nhất một lần xuất hiện face six sẽ là gì?

Em: Là 1 trừ đi xác suất không có face six, nên là 1 - (25/36) = 11/36.

Thầy: Rất tốt! Xác suất để ít nhất một lần xuất hiện mặt sáu chấm khi gieo hai lần súc sắc là 11/36. Em có thắc mắc gì không?

Em: Không thầy, cảm ơn thầy đã giảng bài cho em!

Thầy:Không sao cả, rất vui vì em đã hiểu rõ. Hãy cố gắng luyện tập thêm để chắc chắn kiến thức nhé!"
GPS,GPU_S_23,Trung bình,2,"Thầy: [G] Khi gieo một con súc sắc, có bao nhiêu kết quả có thể xảy ra? Em hãy nghĩ về vấn đề này trước.
Em: Có 6 mặt nên sẽ có 6 kết quả: 1, 2, 3, 4, 5, hoặc 6 chấm.
Thầy: Đúng rồi. Bây giờ em hãy tính xem khi gieo hai lần súc sắc, tổng số kết quả có thể là bao nhiêu nhé?
Em: Mỗi lần gieo đều có 6 kết quả nên sẽ có 6 x 6 = 36 kết quả.
Thầy: Rất tốt. Giờ chúng ta hãy nghĩ về biến cố thuận lợi của bài toán này: ""Xác suất để ít nhất một lần xuất hiện mặt sáu chấm"". Em hãy suy nghĩ xem cách tính xác suất này như thế nào?
Em: Có thể là khi gieo 1 lần hay cả hai lần có sáu chấm.
Thầy: Đúng đó. Hãy tính xác suất của biến cố thuận lợi này và sau đó ta sẽ tìm ra đáp án. Em thử tính xem xác suất để không xuất hiện mặt sáu chấm trong hai lần gieo là bao nhiêu?
Em: Nếu một mặt không phải 6 chấm thì có 5 kết quả nên xác suất mỗi lần không xuất hiện mặt 6 chấm là \(\frac{5}{6}\). Gieo hai lần, xác suất không xuất hiện sáu chấm cả hai lần sẽ là \(\left(\frac{5}{6}\right)^2 = \frac{25}{36}\).
Thầy: Đúng rồi. Vậy xác suất ít nhất một lần xuất hiện mặt sáu chấm sẽ là bao nhiêu? Hãy suy nghĩ và tính toán.
Em: Xác suất không xuất hiện mặt 6 chấm cả hai lần là \(\frac{25}{36}\), vậy xác suất ít nhất một lần xuất hiện mặt 6 chấm sẽ là \(1 - \frac{25}{36} = \frac{11}{36}\).
Thầy: Rất tốt! Vậy đáp án cuối cùng là gì?
Em: Đáp án cuối cùng là \(\frac{11}{36}\). Cảm ơn thầy."
GPS,GPU_S_24,Trung bình,2,Thầy: [G] Chúng ta đang làm bài toán xác suất. Bài toán này yêu cầu chúng ta tính xác suất để ít nhất một lần xuất hiện mặt sáu chấm khi gieo con súc sắc hai lần. Bạn có nhớ khái niệm xác suất không?
GPS,GPU_S_25,Trung bình,2,"Thầy: [G] Để giải bài toán này, bạn cần nhớ khái niệm về xác suất của một biến cố. Bạn thử nghĩ xem, khi gieo súc sắc hai lần, tổng số kết quả có thể là bao nhiêu?"
GPS,GPU_S_26,Trung bình,2,"Thầy: [G] Để giải quyết bài toán này, trước hết chúng ta cần xác định các bước cơ bản. Bạn hãy nghĩ về việc gieo một con súc sắc hai lần và xác suất để ít nhất một lần xuất hiện mặt sáu chấm.

Em: Thưa thầy, tôi hiểu là tôi phải tính xác suất của biến cố thuận lợi, đúng không?

Thầy: Đúng rồi! Biến cố thuận lợi ở đây là ít nhất một lần xuất hiện mặt sáu chấm. Bạn hãy nghĩ xem tổng số kết quả có thể xảy ra khi gieo con súc sắc hai lần là bao nhiêu nhé.

Em: Thưa thầy, mỗi lần gieo đều có 6 kết quả nên tổng cộng sẽ là 6 x 6 = 36 kết quả.

Thầy: Rất tốt! Bây giờ hãy nghĩ về các trường hợp thuận lợi. Bạn thử liệt kê một số trường hợp để thấy rõ hơn nhé.

Em: Thưa thầy, tôi thấy nếu không có mặt sáu chấm cả hai lần thì sẽ là (1, 2), (1, 3), ..., (5, 5). Có tất cả 25 trường hợp như vậy. Vậy còn lại sẽ là các trường hợp thuận lợi đúng không?

Thầy: Đúng rồi! Nếu trừ đi 25 trường hợp không có mặt sáu chấm thì số cách xuất hiện ít nhất một lần mặt sáu chấm là 36 - 25 = 11. Xác suất sẽ là số kết quả thuận lợi chia cho tổng số kết quả.

Em: Vậy xác suất để ít nhất một lần xuất hiện mặt sáu chấm là 11/36, đúng không thưa thầy?

Thầy: Đúng rồi! Vậy bạn hãy viết lại đáp án và chốt đáp án nhé.

Em: Cảm ơn thầy. Xác suất để ít nhất một lần xuất hiện mặt sáu chấm là 11/36."
GPS,GPU_S_27,Yêu,2,"Thầy: [G] Để giải bài toán này, chúng ta sẽ sử dụng cách tính xác suất theo khái niệm của nó. Xác suất của một sự kiện xảy ra là số phần tử trong không gian mẫu chia cho số phần tử trong biến cố thuận lợi. Chúng ta cần tìm xác suất để ít nhất một lần xuất hiện mặt sáu chấm khi gieo hai con súc sắc. Bạn có thể nghĩ đến cách tính này không?"
GPS,GPU_S_28,Yêu,2,"Thầy: [G] Để giải quyết bài toán này, chúng ta cần hiểu rõ về xác suất và cách tính xác suất của một biến cố xảy ra. Đầu tiên, hãy xác định tổng số kết quả có thể khi gieo súc sắc hai lần."
GPS,GPU_S_29,Yêu,2,"Thầy: [G] Bạn hãy suy nghĩ về vấn đề này từ góc độ tổng thể trước nhé. Khi gieo một con súc sắc hai lần, bạn có bao nhiêu kết quả có thể xảy ra? Mỗi lần gieo có 6 mặt nên bạn hãy tính xem khi gieo hai lần thì sẽ có bao nhiêu kết quả có thể.

Em: Có 36 kết quả có thể (6 x 6).

Thầy: Đúng rồi. Giờ hãy nghĩ về biến cố thuận lợi của chúng ta là gì? Chúng ta muốn biết ít nhất một lần xuất hiện mặt sáu chấm, nghĩa là trong hai lần gieo, có thể chỉ một hoặc cả hai lần xuất hiện mặt sáu chấm.

Thầy: [P] Bạn thử tính xem khi nào kết quả không thuận lợi thì thế nào? Nghĩa là bạn tính xác suất của trường hợp không xuất hiện mặt sáu chấm trong hai lần gieo, sau đó trừ đi kết quả này với 1 để được xác suất biến cố thuận lợi.

Em: Trường hợp không xuất hiện mặt sáu chấm trong hai lần gieo sẽ có 5 x 5 = 25 kết quả. Xác suất là 25/36.

Thầy: Đúng rồi. Giờ bạn tính xem xác suất của biến cố thuận lợi bằng cách trừ số xác suất không thuận lợi đi từ tổng số kết quả có thể.

Em: Xác suất của biến cố thuận lợi sẽ là 1 - 25/36 = 11/36.

Thầy: [S] Đáp án chính xác. Xác suất để ít nhất một lần xuất hiện mặt sáu chấm khi gieo một con súc sắc hai lần là 11/36. Bạn hãy kiểm tra lại từng bước tính toán của mình để chắc chắn nhé."
GPS,GPU_S_30,Yêu,2,"Thầy: [G] Em có nhớ cách tính xác suất của một biến cố xảy ra không? Hãy xem xét bài toán này từng bước nhỏ nhé. Em thử nghĩ về khái niệm không gian mẫu đầu tiên, sau đó cùng xác định biến cố thuận lợi.
Em: Không gian mẫu là tất cả các kết quả có thể khi gieo súc sắc hai lần ạ?
Thầy: Đúng rồi! Khi gieo một con súc sắc, có 6 mặt nên mỗi lần gieo có 6 kết quả có thể. Vậy gieo hai lần sẽ có bao nhiêu kết quả có thể?
Em: Có 36 kết quả có thể đúng không thầy? Vì 6 x 6 = 36.
Thầy: Rất tốt! Bây giờ, em hãy xác định biến cố thuận lợi là gì? Biến cố thuận lợi chính là ít nhất một lần xuất hiện mặt sáu chấm. Em thử tính số kết quả thỏa mãn biến cố này nhé.
Em: Nếu không gian mẫu có 36 kết quả và chỉ có thể không xảy ra khi cả hai lần đều không phải mặt sáu chấm, vậy em sẽ tính xác suất của biến cố ngược lại trước?
Thầy: Đúng rồi! Em hãy tính số kết quả khi không xuất hiện mặt sáu chấm trong cả hai lần gieo súc sắc.
Em: Nếu mỗi lần không có mặt sáu chấm thì còn 5 kết quả, vậy 2 lần sẽ có 5 x 5 = 25 kết quả.
Thầy: Rất tốt! Bây giờ em hãy tính xác suất của biến cố không xuất hiện mặt sáu chấm trong cả hai lần gieo. Sau đó, em sẽ trừ xác suất này khỏi 1 để tìm xác suất của biến cố thuận lợi.
Em: Xác suất của biến cố không xuất hiện mặt sáu chấm là 25/36, vậy xác suất của biến cố thuận lợi là 1 - 25/36 = 11/36?
Thầy: Đúng rồi! Vậy em hãy kết luận tổng số cách để ít nhất một lần xuất hiện mặt sáu chấm là bao nhiêu và xác suất của nó là gì.
Em: Có 36 - 25 = 11 cách để xảy ra biến cố thuận lợi. Xác suất của nó là 11/36 ạ?
Thầy: [S] Đúng rồi! Vậy em hãy viết lại kết luận cuối cùng:
Xác suất để ít nhất một lần xuất hiện mặt sáu chấm khi gieo một con súc sắc hai lần là \(\frac{11}{36}\). Em đã làm rất tốt!"
GPS,GPU_S_01,Giỏi,3,"Thầy: Gieo một con xúc xắc cân đối đồng chất 2 lần. Em hãy tính xác suất để biến cố có tổng hai mặt bằng 8.

Em: Vậy là tôi cần tìm tất cả các kết quả có tổng của hai mặt xúc xắc bằng 8, đúng không thầy?

Thầy: Đúng rồi! Hãy liệt kê ra các cặp số có thể xuất hiện khi gieo xúc xắc 2 lần và chúng ta sẽ xác định những cặp nào có tổng bằng 8.

Em: Được, tôi nghĩ là (2, 6), (3, 5), (4, 4), (5, 3) và (6, 2). Có vẻ như vậy rồi.

Thầy: Đúng vậy, em đã liệt kê được các cặp số. Bây giờ hãy tính xác suất cho mỗi cặp số xuất hiện.

Em: Tính xác suất? Đây là một con xúc xắc cân đối nên xác suất mỗi mặt xuất hiện là 1/6. Vậy xác suất của mỗi cặp số sẽ là (1/6) × (1/6) = 1/36, phải không?

Thầy: Đúng rồi! Bây giờ em hãy cộng xác suất của tất cả các cặp số có tổng bằng 8.

Em: Có bốn cặp số nên xác suất tổng bằng 8 sẽ là 4 × (1/36) = 4/36. Điều đó đồng nghĩa với xác suất 1/9, phải không thầy?

Thầy: Chính xác! Xác suất để có tổng hai mặt bằng 8 khi gieo xúc xắc 2 lần là 4/36 hoặc giản 化为 1/9.

Em: Em hiểu rồi, cám ơn thầy!

Thầy: Rất tốt! Em đã giải quyết bài toán một cách tự tin và chính xác."
GPS,GPU_S_02,Giỏi,3,"Thầy: Gieo một con xúc xắc cân đối đồng chất 2 lần. Bây giờ, hãy tính xác suất để biến cố có tổng của hai mặt bằng 8. Em nghĩ sao về cách bắt đầu giải bài toán này?

Em: Thầy ạ, tôi nghĩ chúng ta nên liệt kê các kết quả có thể khi gieo xúc xắc 2 lần và sau đó đếm số trường hợp mà tổng là 8.

Thầy: Đúng rồi, em. Liệt kê các kết quả có thể thực sự là một cách hay để bắt đầu. Vậy em có thể liệt kê ra những cặp giá trị từ hai lần ném xúc xắc không?

Em: Được, Thầy. Khi gieo xúc xắc 2 lần, chúng ta có thể có các cặp (1,1), (1,2), ..., (6,6). Để tổng bằng 8, tôi thấy có các cặp (2,6), (3,5), (4,4), (5,3), và (6,2).

Thầy: Rất tốt, em đã liệt kê được đúng các cặp. Vậy số lượng kết quả thuận lợi là bao nhiêu?

Em: Thầy ạ, mình có 5 cặp (2,6), (3,5), (4,4), (5,3), và (6,2).

Thầy: Đúng rồi. Số lượng kết quả thuận lợi là 5. Bây giờ, em hãy tính tổng số kết quả có thể khi gieo xúc xắc 2 lần.

Em: Được Thầy, khi gieo xúc xắc 2 lần, mỗi lần đều có 6 kết quả nên tổng số kết quả có thể sẽ là 36.

Thầy: Rất tốt. Vậy xác suất của biến cố này sẽ bằng bao nhiêu?

Em: Xác suất = Số lượng kết quả thuận lợi / Tổng số kết quả có thể = 5/36, Thầy ạ.

Thầy: Đúng rồi! Em đã tính được xác suất chính xác là 5/36. Cuối cùng, em muốn hỏi gì thêm không?"
GPS,GPU_S_03,Giỏi,3,"Thầy: Gieo một con xúc xắc cân đối đồng chất 2 lần. Em hãy tính xác suất để biến cố có tổng hai mặt bằng 8.

Em: Để tính xác suất, đầu tiên em sẽ tìm số cách để tổng các mặt xúc xắc bằng 8 khi gieo 2 lần.

Thầy: Đúng rồi! Vậy em có thể liệt kê ra các kết quả sao cho tổng là 8 không?

Em: Okay. Nếu gieo 2 lần, ta có thể có các cặp số (2,6), (3,5), (4,4), (5,3), và (6,2). Có vẻ như chỉ có 5 cách.

Thầy: Đúng rồi! Số cách là 5. Bây giờ em hãy tính tổng số các kết quả có thể xảy ra khi gieo hai con xúc xắc.

Em: Khi gieo một con xúc xắc, có 6 mặt nên khi gieo 2 lần, sẽ có \(6 \times 6 = 36\) cách.

Thầy: Rất tốt! Vậy xác suất cần tìm là bao nhiêu?

Em: Xác suất là số cách có tổng bằng 8 chia cho tổng số các kết quả có thể xảy ra. Đó là \(\frac{5}{36}\).

Thầy: Đúng rồi, em đã tính chính xác. Khả năng xuất hiện của biến cố này là \(\frac{5}{36}\). Em hãy tóm tắt lại quá trình giải quyết bài toán một chút nhé.

Em: Để tính xác suất biến cố có tổng hai mặt bằng 8 khi gieo hai con xúc xắc, em đã liệt kê ra tất cả các kết quả có thể (5 cách), và chia cho tổng số các kết quả có thể xảy ra (36). Vậy xác suất cần tìm là \(\frac{5}{36}\).

Thầy: Em đã giải quyết bài toán một cách rõ ràng và chính xác. Hãy nhớ rằng việc liệt kê các trường hợp và sau đó tính xác suất theo số lượng trường hợp phù hợp là một phương pháp hữu ích trong nhiều vấn đề thống kê như thế này."
GPS,GPU_S_04,Giỏi,3,"Thầy: Gieo một con xúc xắc cân đối đồng chất 2 lần. Bạn hãy tính xác suất để biến cố có tổng hai mặt bằng 8.

Em: Biến cố này xảy ra khi tôi gieo được các cặp số (2,6), (3,5), (4,4), (5,3) và (6,2). 

Thầy: Đúng rồi! Bạn đã liệt kê được tất cả các trường hợp có tổng bằng 8. Vậy bạn hãy tính xác suất từ những kết quả này.

Em: Có 5 trường hợp thuận lợi. Tổng số kết quả khi gieo xúc xắc 2 lần là 6 x 6 = 36. Xác suất = 5/36.

Thầy: Rất tốt! Bạn đã tính chính xác. Xác suất để tổng hai mặt bằng 8 là 5/36. Em có muốn hỏi gì thêm về cách tính xác suất không?

Em: Không thầy, em hiểu rồi! Cảm ơn thầy!"
GPS,GPU_S_05,Khá,3,"Thầy: Gieo một con xúc xắc cân đối đồng chất 2 lần, em hãy tính xác suất để biến cố có tổng hai mặt bằng 8 nhé.

Em: Vậy là mỗi lần gieo xúc xắc sẽ có 6 kết quả từ 1 đến 6?

Thầy: Đúng rồi. Khi gieo 2 lần, chúng ta cần tìm những trường hợp nào mà tổng của hai số xuất hiện là 8.

Em: À, tôi thấy có các cặp số như (2, 6), (3, 5), (4, 4), (5, 3) và (6, 2).

Thầy: Rất tốt! Em đã liệt kê đúng các trường hợp. Bây giờ chúng ta hãy tính xác suất cho mỗi trường hợp này.

Em: Để tính xác suất, tôi cần biết tổng số trường hợp có thể xảy ra phải không?

Thầy: Đúng rồi. Với một con xúc xắc cân đối đồng chất gieo 2 lần, tổng số kết quả có thể là 6 * 6 = 36.

Em:明白了，那么接下来我应该计算这些组合的概率。

Thầy: Em nói đúng! Vậy em hãy tính xác suất cho mỗi trường hợp từ danh sách của mình và sau đó cộng chúng lại.

Em: 好的，那 (2, 6)、(3, 5)、(4, 4)、(5, 3) 和 (6, 2) 每种情况出现的概率都是1/36。

Thầy: Đúng, nhưng em cần nhớ rằng mỗi kết hợp riêng lẻ có xác suất là 1/36. Vậy em hãy tính tổng xác suất cho tất cả các trường hợp.

Em: 那么就是 (1/36) + (1/36) + (1/36) + (1/36) + (1/36)，总共是5/36。

Thầy: Đúng như vậy! Vậy xác suất để tổng hai mặt bằng 8 là bao nhiêu?

Em: Xác suất là 5/36。

Thầy: Rất tốt, em đã tính chính xác. Tóm lại, xác suất để tổng hai mặt của xúc xắc khi gieo 2 lần bằng 8 là 5/36.

Em: Cảm ơn thầy đã hướng dẫn!"
GPS,GPU_S_06,Khá,3,"Thầy: Gieo một con xúc xắc cân đối đồng chất 2 lần, em hãy tính xác suất để biến cố có tổng hai mặt bằng 8 nhé.

Em: À, tôi hiểu rồi. Con xúc xắc có 6 mặt nên khi gieo 2 lần, ta sẽ có tổng từ 2 đến 12. Để có tổng là 8, các kết quả có thể là (2,6), (3,5), (4,4), (5,3) và (6,2).

Thầy: Đúng rồi! Em đã liệt kê được tất cả các kết quả đôi mà có tổng bằng 8. Vậy em hãy tính số phần tử của biến cố A nhé.

Em: Có vẻ như tôi cần biết tổng số kết quả khi gieo 2 lần xúc xắc để tính xác suất. Khi gieo một lần, sẽ có 6 kết quả. Vì vậy, khi gieo 2 lần, ta sẽ có \(6 \times 6 = 36\) kết quả.

Thầy: Rất tốt! Vậy em đã biết tổng số kết quả là 36 và các kết quả đôi mà có tổng bằng 8 là (2,6), (3,5), (4,4), (5,3) và (6,2). Em hãy tính xác suất của biến cố A từ đây.

Em: Có 5 kết quả phù hợp nên xác suất P(A) = số phần tử của A chia cho tổng số kết quả. Vậy \(P(A) = \frac{5}{36}\).

Thầy: Đúng rồi! Xác suất để có tổng hai mặt bằng 8 khi gieo một con xúc xắc cân đối đồng chất 2 lần là \(\frac{5}{36}\). Em đã làm rất tốt!

Em: Cảm ơn thầy, thầy hướng dẫn em rất nhiệt tình và rõ ràng."
GPS,GPU_S_07,Khá,3,"Thầy: [G] Gieo một con xúc xắc cân đối đồng chất 2 lần, em hãy tính xác suất để tổng số điểm của hai lần gieo bằng 8 nhé.

Em: Thưa thầy, khi gieo một con xúc xắc có thể xuất hiện các mặt từ 1 đến 6. Tôi cần tìm những trường hợp nào có tổng là 8 thì đúng không?

Thầy: [P] Đúng rồi, em hãy liệt kê các kết quả có thể của hai lần gieo xúc xắc và xác định số cặp đáp ứng điều kiện tổng bằng 8.

Em: Được thưa thầy. Cặp (2,6), (3,5), (4,4), (5,3) và (6,2) sẽ có tổng là 8 phải không?

Thầy: [S] Đúng vậy, em đã liệt kê được những cặp số đúng. Bây giờ em hãy tính xác suất của các trường hợp này.

Em: Có 36 kết quả có thể khi gieo xúc xắc 2 lần (6×6), vì vậy xác suất sẽ là 5/36 phải không thưa thầy?

Thầy: [S] Đúng rồi, em đã tính chính xác. Xác suất để tổng hai mặt bằng 8 khi gieo một con xúc xắc cân đối đồng chất 2 lần là 5/36.

Em: Xin cảm ơn thưa thầy! Tôi hiểu rõ hơn về cách giải bài toán xác suất này rồi.

Thầy: [S] Rất tốt, em đã nắm được phương pháp. Hãy luyện tập thêm nhiều bài như vậy để chắc chắn kiến thức nhé."
GPS,GPU_S_08,Khá,3,"Thầy: [G] Gieo một con xúc xắc cân đối đồng chất 2 lần, ta cần tính xác suất để biến cố có tổng hai mặt bằng 8. Bạn nghĩ đầu tiên số nào có thể xuất hiện khi gieo xúc xắc?

Em: Thưa thầy, nếu tôi nhớ đúng thì các kết quả có thể là (2,6), (3,5), (4,4), (5,3) và (6,2).

Thầy: [P] Đúng rồi! Bạn đã liệt kê được tất cả các cặp số có tổng bằng 8. Bây giờ chúng ta cần tính xác suất của mỗi biến cố xảy ra. Bạn biết cách tính xác suất không?

Em: Thưa thầy, xác suất là số kết quả thuận lợi chia cho số kết quả có thể.

Thầy: [P] Rất tốt! Vậy bạn hãy tính xác suất cho mỗi cặp số bạn đã liệt kê nhé.

Em: Như vậy, xác suất của mỗi cặp số là 1/36 vì xúc xắc cân đối nên xác suất của mỗi mặt xuất hiện là 1/6 và khi gieo 2 lần thì sẽ là (1/6) * (1/6) = 1/36.

Thầy: [S] Đúng rồi, bạn đã tính đúng xác suất của mỗi biến cố. Bây giờ chúng ta cần cộng tất cả các xác suất này lại để được kết quả cuối cùng. Vậy tổng xác suất các biến cố có tổng bằng 8 là bao nhiêu?

Em: Thưa thầy, vì có 5 cặp số nên xác suất tổng là 5 * (1/36) = 5/36.

Thầy: [S] Rất tốt! Xác suất để biến cố có tổng hai mặt bằng 8 khi gieo một con xúc xắc cân đối đồng chất 2 lần là 5/36. Bạn đã làm rất出色！继续用中文回答吧。

Em: Thưa thầy, xác suất để變故总和为8是5/36。"
GPS,GPU_S_09,Khá,3,"Thầy: [G] Gieo một con xúc xắc cân đối đồng chất 2 lần, em có biết cách tính xác suất để biến cố có tổng hai mặt bằng 8 không?

Em: Thưa thầy, cách tính này chúng em đã học rồi. Đầu tiên là phải tìm tất cả các kết quả có thể xảy ra của việc gieo xúc xắc 2 lần.

Thầy: [P] Đúng rồi, em hãy liệt kê tất cả các kết quả có thể xảy ra khi gieo xúc xắc 2 lần nhé. Có bao nhiêu kết quả có thể?

Em: Thưa thầy, khi gieo xúc xắc một lần thì có 6 kết quả (1, 2, 3, 4, 5, 6). Gieo 2 lần thì tổng số kết quả sẽ là 6x6 = 36.

Thầy: [S] Rất tốt! Bây giờ em hãy tìm những cặp số khi cộng lại bằng 8 nhé. Có bao nhiêu cặp như vậy?

Em: Thưa thầy, tôi nghĩ có (2, 6), (3, 5), (4, 4), (5, 3) và (6, 2). Cả hai cách đều cho tổng là 8.

Thầy: [P] Đúng rồi! Vậy em hãy tính xác suất từ số kết quả thuận lợi này nhé. Số kết quả thuận lợi có bao nhiêu?

Em: Thưa thầy, có 5 cặp số như vậy và tổng số kết quả là 36 nên xác suất sẽ là 5/36.

Thầy: [S] Rất tốt! Em đã làm đúng rồi. Xác suất để biến cố có tổng hai mặt bằng 8 khi gieo xúc xắc 2 lần là 5/36. Hãy tóm tắt lại quy trình giải quyết bài toán này nhé, em.

Em: Thưa thầy, tôi sẽ tóm tắt lại như sau: Đầu tiên xác định số kết quả có thể xảy ra (36), sau đó tìm tất cả các cặp số khi cộng lại bằng 8 (5 cặp), và cuối cùng tính xác suất là số kết quả thuận lợi chia cho tổng số kết quả = 5/36.

Thầy: [S] Em đã tóm tắt rất tốt! Đây thực sự là một cách giải quyết bài toán rõ ràng và chính xác. Hãy tiếp tục cố gắng như vậy nhé, em!"
GPS,GPU_S_10,Khá,3,"Thầy: Gieo một con xúc xắc cân đối đồng chất 2 lần, em có biết cách tính xác suất để biến cố có tổng hai mặt bằng 8 không?

Em: Thưa thầy, em chưa chắc chắn. Em nghĩ là phải đếm các trường hợp xảy ra rồi chia cho tổng số kết quả có thể.

Thầy: Đúng rồi, em. Bước đầu tiên chính là đếm số cách gieo xúc xắc sao cho tổng hai mặt bằng 8. Bạn nhớ rằng mỗi lần gieo xúc xắc có 6 kết quả có thể đúng không?

Em: Dạ, thầy. Vậy thì với 2 lần gieo, tổng số kết quả có thể là 36.

Thầy: Đúng rồi. Bây giờ chúng ta cần đếm các trường hợp sao cho tổng hai mặt bằng 8. Em thử liệt kê xem.

Em: Thưa thầy, em nghĩ là (2,6), (3,5), (4,4), (5,3) và (6,2).

Thầy: Rất tốt! Vậy số cách xảy ra là bao nhiêu?

Em: Thưa thầy, có 5 cách.

Thầy: Đúng rồi. Bây giờ em có thể tính xác suất không? Hãy nhớ rằng tổng số kết quả có thể là 36.

Em: Thưa thầy, xác suất sẽ là 5 chia cho 36.

Thầy: Rất tuyệt! Vậy kết quả cuối cùng là gì?

Em: Thưa thầy, xác suất để biến cố có tổng hai mặt bằng 8 là 5/36.

Thầy: Đúng rồi. Em đã làm rất tốt! Hãy kiểm tra lại xem em có chắc chắn kết quả không.

Em: Dạ, thưa thầy, em đã tính lại và kết quả vẫn là 5/36.

Thầy: Rất tốt! Em đã hiểu rõ cách tính xác suất trong trường hợp này rồi. Em hãy ghi nhớ quy trình này để áp dụng vào các bài toán tương tự nhé."
GPS,GPU_S_21,Trung bình,3,"Thầy: [G] Chào em! Bài toán này cần tìm xác suất của biến cố nào?

Em: Dạ thưa thầy, tôi cần tìm xác suất để tổng hai mặt xúc xắc bằng 8 ạ.

Thầy: [P] Rất tốt! Bây giờ em hãy liệt kê các kết quả có tổng là 8 nhé. Em thử suy nghĩ một chút trước khi viết ra.

Em: Dạ thưa thầy, tôi nhớ có (2,6), (3,5), (4,4), (5,3) và (6,2).

Thầy: [G] Hẹn hò! Em đã liệt kê được 5 kết quả rồi. Bây giờ em hãy tính xác suất nhé.

Em: Dạ thưa thầy, có tổng cộng là 36 kết quả khi gieo xúc xắc hai lần, và có 5 cách để tổng bằng 8.

Thầy: [S] Rất đúng! Vậy xác suất của biến cố này là bao nhiêu?

Em: Dạ thưa thầy, xác suất là 5/36 ạ."
GPS,GPU_S_22,Trung bình,3,"Thầy: [G] Chào em! Hôm nay thầy sẽ hướng dẫn em làm bài toán về xác suất nhé. Đề bài là gieo một con xúc xắc cân đối đồng chất hai lần, và chúng ta cần tính xác suất để tổng của các mặt xuất hiện bằng 8. Em thử nghĩ xem có bao nhiêu kết quả có thể xảy ra khi gieo xúc xắc hai lần?

Em: Dạ thưa thầy, em không nhớ rõ cách tính số kết quả xảy ra.

Thầy: [P] Thầy nhắc lại cho em nhé. Khi gieo một con xúc xắc, có 6 kết quả. Gieo hai lần sẽ là tích của số kết quả mỗi lần gieo, nên tổng số kết quả là 6x6=36. Em đã tính đúng chưa?

Em: Dạ thưa thầy, em đã tính lại và thấy đúng như vậy.

Thầy: [S] Rất tốt! Bây giờ em thử liệt kê các kết quả khi có tổng mặt bằng 8 xem sao nhé.

Em: Dạ, em nhận thấy có (2,6), (3,5), (4,4), (5,3) và (6,2). Có vẻ như thế này ạ.

Thầy: [P] Em đã liệt kê các cặp số đúng rồi. Bây giờ em tính xem có bao nhiêu cách cho biến cố thuận lợi nhé?

Em: Dạ thưa thầy, em thấy có 5 cách ạ.

Thầy: [S] Rất tốt! Vậy xác suất để tổng của hai mặt xúc xắc bằng 8 sẽ là bao nhiêu?

Em: Dạ thưa thầy, xác suất sẽ là 5/36 ạ."
GPS,GPU_S_23,Trung bình,3,"Thầy: [G] Chào em! Bài toán này yêu cầu tính xác suất để tổng hai mặt của xúc xắc bằng 8 khi gieo 2 lần. Em thử nhớ lại khái niệm xác suất nhé.
Em: Dạ, xác suất là số kết quả thuận lợi chia cho số kết quả có thể xảy ra ạ.
Thầy: [P] Rất tốt! Bây giờ em hãy liệt kê các kết quả khi gieo xúc xắc hai lần mà tổng bằng 8. Em thử nhớ lại từ 1 đến 6 nhé.
Em: Dạ, mình có (2,6), (3,5), (4,4), (5,3), (6,2) ạ.
Thầy: [G] Không phải hết đâu em. Hãy xem xét tất cả các cặp số từ 1 đến 6 cho cả lần gieo đầu tiên và lần gieo thứ hai.
Em: Dạ, mình còn có (6,2), (5,3), (4,4), (3,5), (2,6) nữa ạ. Có phải như vậy không thầy?
Thầy: [P] Đúng rồi! Vậy em đã liệt kê được bao nhiêu kết quả thuận lợi?
Em: Dạ có 5 kết quả ạ.
Thầy: [S] Rất tốt! Bây giờ em hãy tính số kết quả có thể xảy ra khi gieo xúc xắc 2 lần."
GPS,GPU_S_24,Trung bình,3,"Thầy: [G] Chào em! Bài toán này yêu cầu tìm xác suất để tổng hai mặt của xúc xắc bằng 8 đúng không?
Em: Dạ thưa thầy, em chưa biết cách tính.
Thầy: [P] À, vậy em hãy nghĩ đến các cặp số có thể xuất hiện khi gieo xúc xắc 2 lần nhé. Em thử liệt kê xem.
Em: Dạ, em nhớ là có (2,6), (3,5), (4,4), (5,3), (6,2) à thầy?
Thầy: [S] Không phải hết đâu em. Hãy nghĩ kỹ lại từ đầu và chắc chắn không bỏ sót bất kỳ cặp nào nhé.
Em: Dạ thưa thầy, có thêm (1,7) và (7,1).
Thầy: [P] Rất gần rồi! Bây giờ, hãy nhớ rằng xúc xắc chỉ có 6 mặt nên em sẽ bỏ những cặp số lớn hơn 6. Vậy còn lại bao nhiêu?
Em: Dạ thưa thầy, còn (2,6), (3,5), (4,4), (5,3), (6,2) thôi.
Thầy: [S] Chính xác! Bây giờ em hãy tính tổng số kết quả thuận lợi và chia cho tổng số kết quả có thể xảy ra nhé."
GPS,GPU_S_25,Trung bình,3,"Thầy: [G] Chào em! Bài toán này yêu cầu tìm xác suất để tổng của hai mặt xúc xắc bằng 8 khi gieo 2 lần. Em thử nghĩ xem có bao nhiêu kết quả có thể xảy ra từ việc gieo xúc xắc?

Em: Dạ thưa thầy, em không nhớ công thức xác suất nhưng em biết là mỗi lần gieo xúc xắc sẽ có 6 mặt nên tổng cộng sẽ là 36 cách.

Thầy: [P] Đúng rồi! Vậy số các kết quả có thể xảy ra là 36. Bây giờ em hãy liệt kê các trường hợp để tổng hai mặt bằng 8 nhé?

Em: Dạ, em nghĩ là (2, 6), (3, 5), (4, 4), (5, 3) và (6, 2). Có vẻ như thế này rồi ạ.

Thầy: [S] Em liệt kê rất tốt! Vậy số cách thuận lợi để tổng bằng 8 là bao nhiêu?

Em: Dạ có 5 cách ạ. 

Thầy: Rất tốt! Vậy xác suất em tính ra là bao nhiêu?

Em: Xác suất sẽ là 5/36 ạ.

Thầy: Đúng rồi! Em đã làm rất tốt."
GPS,GPU_S_26,Trung bình,3,"Thầy: [G] Chào em! Bài toán này yêu cầu tìm xác suất để tổng hai mặt của xúc xắc bằng 8 khi gieo 2 lần. Em thử nhớ lại quy tắc tính xác suất nhé.

Em: Dạ thưa thầy, xác suất là số kết quả thuận lợi chia cho số kết quả có thể xảy ra ạ.

Thầy: [P] Rất tốt! Vậy bây giờ em hãy liệt kê số cách để tổng của hai mặt xúc xắc bằng 8 khi gieo 2 lần đi.

Em: Dạ, em nhớ là 2 + 6 = 8 và 3 + 5 = 8, 4 + 4 = 8, 5 + 3 = 8, 6 + 2 = 8. Có tất cả 5 cách ạ.

Thầy: [S] Đúng rồi! Vậy số kết quả thuận lợi là 5. Số kết quả có thể xảy ra là 6 x 6 = 36. Vậy xác suất là bao nhiêu?

Em: Dạ, em tính ra xác suất là 5/36 ạ."
GPS,GPU_S_27,Yêu,3,"Thầy: [G] Chào Em! Hôm nay chúng ta sẽ làm bài toán về xác suất nhé. Em hãy tính xem khi gieo một con xúc xắc cân đối đồng chất hai lần, có bao nhiêu kết quả có thể xảy ra?
Em: Dạ thưa thầy, mỗi lần gieo đều có 6 kết quả nên với 2 lần sẽ là 6x6=36 kết quả ạ.
Thầy: [P] Rất tốt! Bây giờ Em hãy liệt kê các cặp số khi tổng hai mặt bằng 8 nhé.
Em: Dạ thưa thầy, có (2,6), (3,5), (4,4), (5,3) và (6,2).
Thầy: [S] Đúng rồi! Vậy biến cố thuận lợi là bao nhiêu cách?
Em: Có 5 cách ạ.
Thầy: [P] Rất tốt! Bây giờ Em tính xác suất nhé.
Em: Dạ thưa thầy, xác suất sẽ là số lượng kết quả thuận lợi chia cho tổng số kết quả, nên là 5/36 ạ.
Thầy: [S] Đúng rồi! Em đã làm rất出色的！那么，我们可以用下面这个表达来结束这次讨论：
Thầy: [G] Rất tốt! Em đã nắm vững cách tính xác suất của biến cố này. Tiếp tục như vậy,Em sẽ tiến bộ nhiều trong môn toán nhé!
Em: Dạ thưa thầy, cảm ơn thầy rất nhiều! Em sẽ cố gắng học tập hơn nữa.
Thầy: [S] Tốt lắm! Em hãy nhớ rằng luyện tập đều đặn là chìa khóa để thành công. Em có thể liên lạc với thầy nếu cần hỗ trợ nhé!
Em: Dạ thưa thầy, em sẽ ghi nhớ và cố gắng hết mình ạ."
GPS,GPU_S_28,Yêu,3,"Thầy: [G] Chào Em! Bài toán này yêu cầu tìm xác suất để tổng hai mặt của xúc xắc bằng 8 khi gieo hai lần. Em thử nghĩ xem có bao nhiêu kết quả có thể xảy ra?
Em: Dạ thưa thầy, mình không biết bắt đầu từ đâu ạ.
Thầy: [P] Không sao, em hãy suy nghĩ theo cách liệt kê tất cả các kết quả khi gieo xúc xắc hai lần. Mỗi lần gieo đều có 6 khả năng xuất hiện số từ 1 đến 6, vậy tổng cộng sẽ là bao nhiêu kết quả?
Em: Dạ, mình tính ra là 36 kết quả ạ.
Thầy: [S] Rất tốt! Bây giờ em hãy tìm xem trong 36 kết quả này có bao nhiêu cách để tổng hai mặt bằng 8 nhé.
Em: Dạ, em thấy có (2, 6), (3, 5), (4, 4), (5, 3) và (6, 2). Có vẻ như thế ạ.
Thầy: [P] Đúng rồi! Em đã liệt kê được 5 cách. Vậy xác suất là bao nhiêu?
Em: Dạ thưa thầy, xác suất sẽ là 5/36 ạ.
Thầy: [S] Chính xác! Thật vui khi thấy Em có thể tự mình giải quyết bài toán này."
GPS,GPU_S_29,Yêu,3,"Thầy: [G] Chào em! Bài toán này yêu cầu tìm xác suất để tổng hai mặt xúc xắc bằng 8 khi gieo 2 lần. Em hãy nghĩ về cách giải bài toán này nhé.
Em: Dạ thưa thầy, em không biết bắt đầu từ đâu.
Thầy: [P] Bắt đầu từ việc em liệt kê tất cả kết quả có thể xảy ra được khi gieo xúc xắc 2 lần. Hãy thử viết chúng ra xem sao.
Em: Có 6 mặt trên mỗi con xúc xắc, nên tổng cộng sẽ là 36 trường hợp ạ.
Thầy: [S] Rất tốt! Bây giờ em hãy xác định trong số 36 kết quả, có bao nhiêu kết quả có tổng bằng 8?
Em: Dạ thưa thầy, em thấy có (2, 6), (3, 5), (4, 4), (5, 3), và (6, 2) ạ. Có vẻ như chỉ có 5 trường hợp.
Thầy: [P] Đúng rồi! Bây giờ em hãy tính xác suất bằng cách chia số kết quả thuận lợi cho tổng số kết quả.
Em: Dạ thưa thầy, xác suất sẽ là 5/36 ạ.
Thầy: [S] Đúng rồi! Em đã làm rất tốt."
GPS,GPU_S_30,Yêu,3,"Thầy: [G] Chào Em! Hôm nay chúng ta sẽ giải bài toán về xác suất nhé. Bài toán này yêu cầu tìm xác suất để tổng hai mặt của xúc xắc bằng 8 khi gieo 2 lần. Em thử suy nghĩ xem có bao nhiêu kết quả có thể xảy ra khi gieo 2 lần xúc xắc?
Em: Dạ thưa thầy, em không biết làm sao cả. Em sợ bị sai ở chỗ này.
Thầy: [P] Không sao cả, hãy thử liệt kê các kết quả khi gieo 2 lần nhé. Em có thể bắt đầu bằng cách ghi các số từ 1 đến 6 cho mỗi lần gieo xúc xắc.
Em: Dạ thưa thầy, em nghĩ là 1-1, 1-2, ..., 6-5, 6-6, tổng cộng là 36 kết quả phải không?
Thầy: [S] Rất tốt! Em đã liệt kê đúng số lượng kết quả có thể xảy ra. Bây giờ em hãy tính xem trong những trường hợp đó có bao nhiêu cách để tổng hai mặt bằng 8.
Em: Dạ thưa thầy, em thấy có các cặp như 2-6, 3-5, và ngược lại cho mỗi cặp này nên có 11 cách phải không?
Thầy: [S] Đúng rồi! Em đã làm rất tốt. Vậy xác suất để tổng hai mặt bằng 8 là bao nhiêu nhỉ?
Em: Dạ thưa thầy, là 11/36 ạ.
Thầy: [S] Rất xuất sắc! Em đã nắm bắt được cách giải bài toán về xác suất này rồi."
GPS,GPU_S_11,Khá,2,"Thầy: [G] Gọi em lại, hôm nay chúng ta sẽ cùng giải bài toán về xác suất nhé. Bài toán này yêu cầu tính xác suất để ít nhất một lần xuất hiện mặt sáu chấm khi gieo một con súc sắc hai lần. Em hãy nghĩ xem cách tiếp cận bài toán này như thế nào?

Em: Thưa thầy, em nghĩ đầu tiên em sẽ tính xác suất không có mặt sáu chấm trong cả hai lần gieo, sau đó trừ kết quả ra khỏi 1 để được xác suất cần tìm.

Thầy: [P] Đúng rồi, em đã nắm bắt được cách suy nghĩ. Bây giờ hãy đi vào chi tiết nhé. Xác suất không có mặt sáu chấm trong một lần gieo là bao nhiêu?

Em: Thưa thầy, con số này phải là 5/6 vì có 5 mặt còn lại không phải mặt sáu chấm.

Thầy: Rất tốt! [P] Vậy khi gieo hai lần, xác suất không có mặt sáu chấm cả hai lần sẽ như thế nào?

Em: Thưa thầy, em tính là (5/6) x (5/6) = 25/36.

Thầy: Đúng rồi. Tiếp theo, [P] em hãy suy nghĩ về cách tìm xác suất để ít nhất một lần xuất hiện mặt sáu chấm.

Em: Thưa thầy, em sẽ lấy 1 trừ đi xác suất không có mặt sáu chấm cả hai lần, tức là 1 - 25/36 = 11/36.

Thầy: [S] Đúng rồi, em đã tính chính xác. Xác suất để ít nhất một lần xuất hiện mặt sáu chấm khi gieo một con súc sắc hai lần là 11/36. Đây là kết quả cuối cùng và cũng chính là đáp án của bài toán.

Em: Em cảm ơn thầy đã hướng dẫn em, thưa thầy!"
GPS,GPU_S_12,Khá,2,"Thầy: [G] Bạn hiểu bài toán này rồi phải không? Hãy suy nghĩ xem, khi gieo một con súc sắc hai lần, có bao nhiêu kết quả có thể xảy ra? Em hãy tính xem.
Em: (Trả lời) Có 36 kết quả có thể xảy ra vì mỗi lần gieo đều có 6 mặt nên 6x6=36.
Thầy: [P] Đúng rồi. Giờ hãy nghĩ xem, khi ít nhất một mặt sáu chấm xuất hiện, em có thể tính theo cách nào?
Em: (Tính toán) Em thấy nếu tính ngược lại, tức là không có mặt 6 chấm trong cả hai lần gieo, thì sẽ chỉ có 5 khả năng cho mỗi lần, vậy 5x5=25. Như vậy, số kết quả ít nhất một mặt sáu chấm xuất hiện sẽ là 36-25=11.
Thầy: [P] Em đã đi đúng hướng rồi nhưng có thể tính lại dễ dàng hơn bằng cách tính xác suất. Xác suất không có mặt 6 chấm trong cả hai lần gieo là $\left(\frac{5}{6}\right)^2 = \frac{25}{36}$. Vậy xác suất ít nhất một mặt sáu chấm xuất hiện sẽ là $1 - \frac{25}{36} = \frac{11}{36}$.
Em: (Tính toán) Vậy là đúng rồi, em tính lại và thấy kết quả cuối cùng là $\frac{11}{36}$.
Thầy: [S] Đúng rồi! Xác suất để ít nhất một lần xuất hiện mặt sáu chấm khi gieo một con súc sắc hai lần là $\frac{11}{36}$. Em đã làm rất tốt. Hãy nhớ rằng có thể giải bài toán bằng nhiều cách khác nhau, nhưng chọn cách đơn giản và hiệu quả nhất.
Em: (Cảm ơn thầy) Cảm ơn thầy đã hướng dẫn, thầy!"
GPS,GPU_S_13,Khá,2,"Thầy: [G] Bạn hãy tính xác suất để ít nhất một lần xuất hiện mặt sáu chấm khi gieo một con súc sắc hai lần, Khả nhé.

Em: Thưa thầy, em sẽ làm theo hướng dẫn của thầy. Đầu tiên, em vẽ cây phán đoán rồi tính xác suất các trường hợp có mặt sáu chấm không?

Thầy: [P] Đúng rồi, hãy bắt đầu với việc vẽ cây phán đoán và tính xác suất cho từng nhánh nhé.

Em: Ở đây, mỗi lần gieo súc sắc có 6 kết quả có thể xảy ra từ 1 đến 6. Khi gieo hai lần thì tổng số trường hợp có thể là 36 (6x6). 

Thầy: [P] Đúng vậy, nhưng em hãy tính xác suất cho trường hợp không xuất hiện mặt sáu chấm trong hai lần gieo trước khi tính xác suất ít nhất một lần xuất hiện mặt sáu chấm nhé.

Em: Thưa thầy, xác suất không xuất hiện mặt sáu chấm ở một lần là 5/6. Vậy xác suất không xuất hiện mặt sáu chấm ở cả hai lần sẽ là (5/6) × (5/6) = 25/36?

Thầy: [P] Đúng rồi, em đã tính đúng xác suất cho trường hợp không xuất hiện mặt sáu chấm trong hai lần. Bây giờ, hãy suy nghĩ về cách tìm xác suất ít nhất một lần xuất hiện mặt sáu chấm.

Em: Thưa thầy, chắc chắn em phải trừ xác suất không xuất hiện mặt sáu chấm khỏi 1 để được xác suất chỉ có một hoặc cả hai lần xuất hiện mặt sáu chấm đúng không?

Thầy: [P] Đúng vậy! Vậy em hãy thực hiện phép tính đó.

Em: Thưa thầy, 1 - (25/36) = 11/36.

Thầy: [S] Rất tốt, bạn đã làm đúng. Xác suất để ít nhất một lần xuất hiện mặt sáu chấm là 11/36. Đây là kết quả cuối cùng của bài toán này.

Em: Xin cảm ơn thầy đã hướng dẫn em!"
GPS,GPU_S_14,Khá,2,"Thầy: [G] Bạn hãy tính xác suất để ít nhất một lần xuất hiện mặt sáu chấm khi gieo hai lần con súc sắc, nhé! Chúng ta sẽ cùng làm từng bước nhé.

Em: Được thầy ạ. Tôi suy nghĩ rằng tôi cần tìm xác suất của tình huống có sáu chấm xuất hiện trong ít nhất một lần, đúng không ạ?

Thầy: [P] Đúng rồi em, nhưng hãy phân tích kỹ hơn. Bạn có thể tính bằng cách xem xét tất cả các trường hợp có thể xảy ra và từ đó tìm xác suất của tình huống bạn quan tâm.

Em: Tôi nghĩ là tôi nên tính xác suất của trường hợp không xuất hiện mặt sáu chấm trong hai lần gieo trước, sau đó trừ đi kết quả này khỏi 1 để được xác suất cần tìm. 

Thầy: [P] Rất tuyệt! Bạn đã suy nghĩ đúng hướng rồi. Xác suất không xuất hiện mặt sáu chấm trong một lần là bao nhiêu? Hãy tính xem?

Em: Trong một lần gieo, có 5/6 khả năng không xuất hiện mặt sáu chấm. Vậy xác suất cả hai lần không xuất hiện mặt sáu chấm sẽ là (5/6) × (5/6) = 25/36.

Thầy: [P] Đúng rồi! Em đã tính được xác suất của trường hợp không có mặt sáu chấm trong hai lần gieo. Bây giờ, em hãy suy nghĩ xem xác suất ít nhất một lần xuất hiện mặt sáu chấm sẽ là bao nhiêu?

Em: Xác suất ít nhất một lần xuất hiện mặt sáu chấm sẽ là 1 trừ đi xác suất không có mặt sáu chấm trong hai lần gieo, tức là 1 - 25/36 = 11/36.

Thầy: [S] Rất tốt! Em đã tính đúng. Xác suất để ít nhất một lần xuất hiện mặt sáu chấm khi gieo hai lần con súc sắc là 11/36. Bạn đã làm rất tốt!

Em: Cảm ơn thầy, tôi sẽ cố gắng tiếp tục học tập như vậy nữa!"
GPS,GPU_S_15,Trung bình,2,"Thầy: [G] Gần đây chúng ta đang học về xác suất, em nhớ được khái niệm xác suất là gì không? Hãy tính xem xác suất để ít nhất một lần xuất hiện mặt sáu chấm khi gieo con súc sắc hai lần nhé. Em hãy bắt đầu bằng việc tính xác suất không xuất hiện mặt sáu chấm cả hai lần.
Em: Thưa thầy, xác suất là khả năng xảy ra của một biến cố so với tổng số các biến cố có thể xảy ra. Để tính xem xác suất không xuất hiện mặt sáu chấm cả hai lần, em sẽ tính xác suất mỗi lần gieo không xuất hiện mặt sáu chấm.
Thầy: [P] Đúng rồi! Em đã nhớ được khái niệm xác suất. Vậy xác suất một lần gieo con súc sắc không có mặt sáu chấm là bao nhiêu?
Em: Thưa thầy, mỗi lần gieo con súc sắc có 5 kết quả hợp lệ (1, 2, 3, 4, 5) và tổng số kết quả là 6. Vì vậy xác suất một lần không xuất hiện mặt sáu chấm là 5/6.
Thầy: [P] Rất tốt! Bây giờ em tính xem khi gieo hai lần thì xác suất không có mặt sáu chấm cả hai lần là bao nhiêu nhé.
Em: Thưa thầy, xác suất không xuất hiện mặt sáu chấm cả hai lần sẽ là (5/6) x (5/6) = 25/36.
Thầy: [P] Hmmm, có vẻ em đã hiểu nhầm. Khi gieo hai lần thì ta cần tính xác suất ít nhất một lần xuất hiện mặt sáu chấm. Em hãy thử lại bằng cách tính ngược từ xác suất không có mặt sáu chấm cả hai lần rồi trừ với 1.
Em: Thưa thầy, em sẽ tính xác suất không xuất hiện mặt sáu chấm cả hai lần là (5/6) x (5/6) = 25/36. Vậy xác suất ít nhất một lần xuất hiện mặt sáu chấm sẽ là 1 - 25/36 = 11/36.
Thầy: [S] Đúng rồi! Xác suất để ít nhất một lần xuất hiện mặt sáu chấm khi gieo con súc sắc hai lần là 11/36. Em đã làm rất tốt!
Em: Cảm ơn thầy, thưa thầy!"
GPS,GPU_S_16,Trung bình,2,"G: Thầy có bài toán thú vị về xác suất muốn thảo luận với em.

Em: Vâng thưa thầy, em sẽ cố gắng hết sức để giải quyết bài toán này.

G: Rất tốt! Bài toán này yêu cầu tính xác suất sao cho ít nhất một lần xuất hiện mặt sáu chấm khi gieo một con súc sắc hai lần. Em có nhớ công thức tính xác suất không?

Em: Thưa thầy, em chưa chắc chắn lắm về công thức. Có thể em cần thầy nhắc lại?

G: Được, chúng ta sẽ cùng làm từ đầu. Đầu tiên, xác suất của một biến cố A xảy ra là số lượng kết quả thuận lợi cho A chia cho tổng số kết quả có thể.

Em: Thưa thầy, em hiểu rồi. Vậy chúng ta cần tính xem trong hai lần gieo súc sắc, số kết quả thuận lợi cho ít nhất một lần xuất hiện mặt sáu chấm là bao nhiêu?

G: Đúng rồi! Em hãy tính xác suất của biến cố không xuất hiện mặt sáu chấm cả hai lần trước đã. Xác suất mỗi lần không xuất hiện mặt sáu chấm là 5/6, và vì các lần gieo độc lập nên ta nhân xác suất.

Em: Thưa thầy, xác suất không xuất hiện mặt sáu chấm cả hai lần là (5/6) * (5/6) = 25/36.

G: Đúng rồi! Vậy em hãy tính xác suất của biến cố ngược lại – ít nhất một lần xuất hiện mặt sáu chấm bằng cách trừ xác suất trên khỏi 1.

Em: Thưa thầy, xác suất ít nhất một lần xuất hiện mặt sáu chấm là 1 - 25/36 = 11/36.

G: Rất tốt! Em đã tính đúng. Vậy đáp án cuối cùng của bài toán này là 11/36. Xác suất để ít nhất một lần xuất hiện mặt sáu chấm khi gieo một con súc sắc hai lần là 11/36.

Em: Thank you, thầy! Em cảm ơn thầy đã hướng dẫn em làm bài toán này.

G: Không có gì, em. Hãy cố gắng vận dụng lại kiến thức này vào các bài tập sau nhé."
GPS,GPU_S_17,Trung bình,2,"Thầy: [G] Chào em, hôm nay chúng ta sẽ giải bài toán về xác suất nhé. Bài toán này yêu cầu bạn tính xác suất để ít nhất một lần xuất hiện mặt sáu chấm khi gieo hai con súc sắc. Em hãy nghĩ xem trước tiên mình cần làm gì?

Em: Thưa thầy, em không nhớ rõ công thức nữa ạ.

Thầy: [P] Không sao đâu, em cứ lấy ví dụ với một trường hợp đơn giản trước nhé. Ví dụ, khi gieo một con súc sắc một lần, xác suất xuất hiện mặt sáu chấm là bao nhiêu?

Em: Thưa thầy, là 1/6 ạ.

Thầy: Đúng rồi! Vậy bây giờ em hãy tính xem nếu gieo hai con súc sắc, xác suất không xuất hiện mặt sáu chấm cả hai lần sẽ như thế nào nhé. 

Em: Nếu không có mặt sáu chấm ở lần đầu thì xác suất là 5/6, còn lần thứ 2 cũng vậy nên là (5/6) x (5/6) phải không thầy?

Thầy: [P] Rất đúng! Em đã làm rất tốt. Vậy chúng ta lại cần tính thêm xác suất để không xuất hiện mặt sáu chấm cả hai lần rồi lấy tổng số khả năng trừ đi.

Thầy: [S] Vậy thì xác suất không xuất hiện mặt sáu chấm cả hai lần là (5/6) x (5/6) = 25/36. Vậy xác suất để ít nhất một lần xuất hiện mặt sáu chấm sẽ bằng 1 - 25/36 = 11/36. Em đã tính được đáp án cuối cùng chưa?

Em: Thưa thầy, em đã tính xong rồi, là 11/36 ạ.

Thầy: Đúng vậy! Em đã làm rất tốt. Khi giải toán xác suất, chúng ta thường dùng cách tính ngược lại như thế này để giúp việc tính toán dễ dàng hơn. Em nhớ cố gắng ôn tập và thực hành thêm nhé. Cảm ơn em đã tham gia bài học hôm nay.

Em: Cảm ơn thầy rất nhiều ạ!"
GPS,GPU_S_18,Trung bình,2,"Thầy: [G] Trung bình, hôm nay chúng ta sẽ cùng giải bài toán về xác suất nhé! Bài toán này yêu cầu bạn tính xác suất để ít nhất một lần xuất hiện mặt sáu chấm khi gieo con súc sắc hai lần. Em có nhớ công thức tính xác suất không?

Em: Thầy ơi, em còn nhớ là xác suất của một sự kiện xảy ra là số lượng kết quả thuận lợi chia cho tổng số kết quả có thể.

Thầy: [P] Đúng rồi! Vậy bạn hãy tính xem khi gieo con súc sắc hai lần, có bao nhiêu kết quả có thể xuất hiện?

Em: Có 6 mặt nên mỗi lần gieo có 6 kết quả. Gieo hai lần thì số kết quả có thể là 6x6=36.

Thầy: [P] Đúng rồi! Tiếp theo, em hãy tính xem có bao nhiêu trường hợp không xuất hiện mặt sáu chấm cả hai lần?

Em: Nếu không xuất hiện mặt sáu chấm thì mỗi lần gieo chỉ còn 5 kết quả. Như vậy, hai lần gieo sẽ có 5x5=25 trường hợp không xuất hiện mặt sáu chấm.

Thầy: [P] Rất tốt! Vậy em hãy tính xác suất của trường hợp này ra nhé?

Em: Xác suất không xuất hiện mặt sáu chấm cả hai lần là số kết quả thuận lợi chia cho tổng số kết quả có thể, tức 25/36.

Thầy: [P] Đúng rồi. Bây giờ em hãy tính xác suất ngược lại của trường hợp này - nghĩa là ít nhất một lần xuất hiện mặt sáu chấm. Xác suất này sẽ bằng gì?

Em: Thì xác suất của trường hợp ít nhất một lần xuất hiện mặt sáu chấm sẽ là 1 trừ đi xác suất không xuất hiện mặt sáu chấm cả hai lần, đúng không thầy? Vậy là 1 - 25/36 = 11/36.

Thầy: [S] Đúng rồi! Em đã tính chính xác được xác suất của trường hợp ít nhất một lần xuất hiện mặt sáu chấm khi gieo con súc sắc hai lần, đó là 11/36. Đây là cách giải bài toán theo quy trình:

- Tính số kết quả có thể: 6x6=36
- Tính số kết quả không xuất hiện mặt sáu chấm cả hai lần: 5x5=25
- Xác suất không xuất hiện mặt sáu chấm cả hai lần: 25/36
- Xác suất ít nhất một lần xuất hiện mặt sáu chấm: 1 - 25/36 = 11/36

Em đã làm rất tốt, còn thắc mắc gì không?

Em: Không thầy ạ, em hiểu rồi. Cảm ơn thầy!"
GPS,GPU_S_19,Trung bình,2,"Thầy: [G] Ok, chúng ta bắt đầu bài toán này nhé! Trước hết, em hãy nhớ lại khái niệm xác suất của một sự kiện. Xác suất là gì nhỉ?

Em: Thưa thầy, xác suất của một sự kiện là khả năng xảy ra của nó, tính bằng số phần tử của tập hợp các kết quả thuận lợi chia cho tổng số phần tử của không gian mẫu.

Thầy: Rất tốt, em nhớ rất rõ. Vậy chúng ta sẽ làm bài toán này theo cách tính xác suất của sự kiện không xảy ra và sau đó tìm xác suất của sự kiện xảy ra bằng 1 trừ đi xác suất của sự kiện không xảy ra. Đầu tiên, em hãy suy nghĩ xem khi gieo một con súc sắc một lần, có bao nhiêu khả năng để không xuất hiện mặt sáu chấm.

Em: Thưa thầy, khi gieo một con súc sắc một lần thì có 5 khả năng không xuất hiện mặt sáu chấm (mặt 1, 2, 3, 4, 5).

Thầy: [P] Vậy xác suất không xuất hiện mặt sáu chummer trong một lần gieo là bao nhiêu?

Em: Thưa thầy, xác suất không xuất hiện mặt sáu chummer là 5/6.

Thầy: Đúng rồi. Bây giờ em hãy suy nghĩ xem khi gieo hai lần thì có bao nhiêu khả năng để không xuất hiện mặt sáu chummer cả hai lần?

Em: Thưa thầy, nếu không xuất hiện mặt sáu chummer cả hai lần thì xác suất đó là (5/6) × (5/6) = 25/36.

Thầy: [P] Vậy em hãy tính xác suất để ít nhất một lần xuất hiện mặt sáu chummer như thế nào?

Em: Thưa thầy, xác suất ít nhất một lần xuất hiện mặt sáu chummer là 1 trừ đi xác suất không xuất hiện mặt sáu chummer cả hai lần, nên là 1 - 25/36 = 11/36.

Thầy: [S] Đúng rồi, em đã tính chính xác. Xác suất để ít nhất một lần xuất hiện mặt sáu chummer khi gieo hai lần súc sắc là 11/36. Em có thể giải thích ngắn gọn cách làm của mình không?

Em: Thưa thầy, vì xác suất không xuất hiện mặt sáu chummer cả hai lần là 25/36 nên xác suất ít nhất một lần xuất hiện mặt sáu chummer là 1 - 25/36 = 11/36.

Thầy: Rất tốt! Em đã làm rất đúng và có thể tự giải thích được cách suy nghĩ của mình. Cảm ơn em, em tiếp tục cố gắng nhé!

Em: Cảm ơn thầy, thầy!"
GPS,GPU_S_20,Trung bình,2,"Thầy: [G] Ngày hôm nay chúng ta sẽ giải bài toán về xác suất nhé. Hãy cùng tính xem nếu gieo một con súc sắc hai lần, xác suất để ít nhất một lần xuất hiện mặt sáu chấm là bao nhiêu? Em hãy bắt đầu với cách tính xác suất của việc không xuất hiện mặt sáu chấm cả hai lần.
Em: Thưa thầy, em nghĩ rằng xác suất không xuất hiện mặt sáu chấm trong một lần gieo là 5/6. Vậy khi gieo hai lần sẽ là (5/6) x (5/6) = 25/36?
Thầy: [P] Đúng rồi, em đã nắm được cách tính xác suất không xuất hiện mặt sáu chấm trong một lần và sau đó là hai lần. Tiếp theo, để tìm xác suất ít nhất một lần xuất hiện mặt sáu chấm, chúng ta có thể dùng phương pháp trừ đi xác suất ngược.
Em: Thưa thầy, em hiểu rồi. Xác suất không xuất hiện mặt sáu chấm cả hai lần là 25/36, vậy xác suất ít nhất một lần xuất hiện mặt sáu chấm sẽ là 1 - 25/36 = 11/36?
Thầy: [S] Rất tốt, em đã tính đúng rồi! Xác suất để ít nhất một lần xuất hiện mặt sáu chấm khi gieo hai con súc sắc là 11/36. Em có thể giải thích ngắn gọn như sau: chúng ta tính xác suất không xuất hiện mặt sáu chấm trong cả hai lần (25/36) rồi trừ đi để được xác suất ngược - tức là ít nhất một lần xuất hiện mặt sáu chấm, kết quả là 11/36.
Em: Em hiểu rồi, cảm ơn thầy đã giảng giải."
GPS,GPU_S_01,Giỏi,3,"Thầy: [G] Bạn hãy nghĩ về bài toán này theo cách sau: Đầu tiên, chúng ta cần xác định số lượng kết quả có thể xảy ra khi gieo một con xúc xắc hai lần, và sau đó xác định những trường hợp cụ thể nào sẽ để cho tổng của mặt xuất hiện là 8.

Em: Thầy có nghĩa là tôi phải liệt kê tất cả các kết quả có thể khi gieo xúc xắc hai lần?

Thầy: [P] Đúng rồi! Khi gieo một con xúc xắc, có 6 khả năng khác nhau. Gieo xúc xắc hai lần sẽ tạo ra tổng số 36 kết hợp (6x6 = 36). Bạn hãy liệt kê tất cả các cặp kết quả có thể.

Em: OK, tôi sẽ viết như sau:
(1,1), (1,2), (1,3), (1,4), (1,5), (1,6),
(2,1), (2,2), (2,3), (2,4), (2,5), (2,6),
(3,1), (3,2), (3,3), (3,4), (3,5), (3,6),
(4,1), (4,2), (4,3), (4,4), (4,5), (4,6),
(5,1), (5,2), (5,3), (5,4), (5,5), (5,6),
(6,1), (6,2), (6,3), (6,4), (6,5), (6,6).

Thầy: Rất tốt! Bây giờ hãy xác định những cặp kết quả nào có tổng là 8.

Em: Được, tôi sẽ kiểm tra từng cặp:
(2,6), (3,5), (4,4), (5,3), (6,2).
Chúng đều có tổng bằng 8.

Thầy: [S] Vậy số lượng biến cố thuận lợi là 5. Tổng số kết quả có thể xảy ra là 36. Vậy xác suất sẽ là bao nhiêu?

Em: Xác suất = Số lượng biến cố thuận lợi / Tổng số kết quả có thể xảy ra = 5/36.

Thầy: Đúng rồi! Xác suất để tổng hai mặt xúc xắc bằng 8 khi gieo xúc xắc hai lần là 5/36. Bạn đã làm rất tốt!

Em: Cảm ơn thầy."
GPS,GPU_S_02,Giỏi,3,"Thầy: [G] Em đã học về xác suất chưa? Chúng ta sẽ giải bài toán về xác suất này nhé. Bài toán yêu cầu chúng ta tính xác suất để tổng điểm của hai lần tung xúc xắc bằng 8. Đầu tiên, em hãy nghĩ về không gian mẫu khi tung xúc xắc 2 lần.

Em: Thầy có nghĩa là tôi cần đếm tất cả các kết quả có thể xảy ra khi tung xúc xắc 2 lần phải không?

Thầy: Đúng rồi! Khi tung một con xúc xắc cân đối, ta có 6 mặt số từ 1 đến 6. Vậy khi tung 2 lần, tổng số kết quả có thể là bao nhiêu?

Em: Có \(6 \times 6 = 36\) kết quả.

Thầy: Đúng rồi! Đó chính là không gian mẫu của bài toán. Em hãy liệt kê các kết quả thuận lợi sao cho tổng hai mặt bằng 8 nhé.

Em: Được, tôi sẽ nghĩ kĩ. Các kết quả có thể là (2,6), (3,5), (4,4), (5,3), (6,2).

Thầy: Rất tốt! Em đã liệt kê được các cặp số (x, y) sao cho \(x + y = 8\). Có bao nhiêu kết quả thuận lợi?

Em: Có 5 kết quả thuận lợi.

Thầy: Đúng rồi. Vậy xác suất để tổng hai mặt bằng 8 sẽ là gì? Xác suất = Số kết quả thuận lợi / Tổng số kết quả trong không gian mẫu.

Em: Xác suất sẽ là \( \frac{5}{36} \).

Thầy: Rất tốt! Em đã tính đúng rồi. Vậy xác suất để tổng hai mặt bằng 8 khi tung xúc xắc 2 lần là \(\frac{5}{36}\). 

Em: Cảm ơn thầy.

Thầy: Không có gì, em học giỏi quá!"
GPS,GPU_S_03,Giỏi,3,"Thầy: [G] Để giải quyết bài toán này, chúng ta cần xác định không gian mẫu và biến cố thuận lợi. Bạn có thể nghĩ về không gian mẫu đầu tiên khi bạn gieo một con xúc xắc hai lần?

Em: Không gian mẫu sẽ là tất cả các kết quả có thể xuất hiện khi gieo 2 lần xúc xắc.

Thầy: Đúng rồi! Khi gieo 1 lần xúc xắc, chúng ta có 6 kết quả. Vậy khi gieo 2 lần, số lượng kết quả trong không gian mẫu sẽ là bao nhiêu?

Em: Số lượng kết quả trong không gian mẫu sẽ là \(6 \times 6 = 36\).

Thầy: Rất tốt! Bây giờ, hãy xác định biến cố thuận lợi. Biến cố thuận lợi ở đây là tổng của hai mặt xúc xắc bằng 8. Bạn có thể liệt kê tất cả các kết quả cho biến cố này không?

Em: Có, các kết quả sẽ là (2,6), (3,5), (4,4), (5,3) và (6,2).

Thầy: Đúng rồi! Bây giờ hãy đếm số lượng các kết quả trong biến cố thuận lợi.

Em: có 5 kết quả.

Thầy: Rất tốt. Vậy xác suất của biến cố này sẽ là gì?

Em: Xác suất = Số lượng biến cố thuận lợi / Số lượng không gian mẫu = 5/36.

Thầy: Đúng rồi! Xác suất để tổng hai mặt xúc xắc bằng 8 khi gieo 2 lần là 5/36. Bạn có thắc mắc gì không?

Em: Không, thầy đã giải thích rõ ràng và tôi hiểu rồi, cảm ơn thầy."
GPS,GPU_S_04,Giỏi,3,"Thầy: [G] Khi gieo một con xúc xắc, có 6 mặt mỗi mặt mang số từ 1 đến 6. Nows, khi chúng ta gieo 2 lần, tổng có thể là bao nhiêu? Em hãy liệt kê các trường hợp có tổng bằng 8.

Em: Các trường hợp có tổng bằng 8 là (2,6), (3,5), (4,4), (5,3), (6,2).

Thầy: Đúng rồi. Giờ em hãy tính số mẫu không thuận lợi trong tổng này. Số mẫu không thuận lợi là bao nhiêu?

Em: Có 5 trường hợp.

Thầy: Tốt. Bây giờ em hãy tính số mẫu không thuận lợi khi gieo xúc xắc 2 lần? 

Em: Khi gieo xúc xắc 1 lần, có 6 kết quả nên gieo 2 lần sẽ là 6 * 6 = 36 trường hợp.

Thầy: Đúng. Vậy em hãy tính xác suất bằng cách chia số mẫu thuận lợi cho số mẫu không thuận lợi nhé.

Em: Xác suất là 5/36.

Thầy: [S] Đáp án đúng, em đã làm rất tốt! Em nhớ rằng xác suất luôn nằm trong khoảng từ 0 đến 1. Trong trường hợp này, 5/36 gần bằng 0.1389 hoặc khoảng 13.89%."
GPS,GPU_S_05,Khá,3,"Thầy: [G] Bạn hãy nghĩ về vấn đề này: Khi gieo một con xúc xắc, mỗi lần có bao nhiêu kết quả có thể xảy ra? Nếu bạn gieo 2 lần thì tổng số kết quả sẽ là bao nhiêu?"
GPS,GPU_S_06,Khá,3,"Thầy: [G] Để giải bài toán này, chúng ta cần xác định số mẫu trong không gian mẫu và số biến cố thuận lợi. Bước đầu tiên là xác định tổng số kết quả có thể khi gieo hai con xúc xắc.

Em: Được, không gian mẫu sẽ là tất cả các kết quả khi gieo hai con xúc xắc. Như vậy, mỗi lần gieo xúc xắc có 6 kết quả (1, 2, 3, 4, 5, 6), nên tổng số kết quả khi gieo 2 lần sẽ là \(6 \times 6 = 36\).

Thầy: Đúng rồi! Tiếp theo, chúng ta cần xác định số biến cố thuận lợi, cụ thể là những trường hợp nào có tổng hai mặt bằng 8.

Em: Ok. Nếu tôi nhớ đúng, thì các cặp (2, 6), (3, 5), (4, 4), (5, 3), và (6, 2) đều có tổng bằng 8. Có vẻ như vậy.

Thầy: Rất tốt! Vậy số biến cố thuận lợi là bao nhiêu?

Em: Đó là 5 trường hợp.

Thầy: Đúng rồi! Bây giờ chúng ta tính xác suất bằng cách chia số biến cố thuận lợi cho tổng số kết quả trong không gian mẫu.

Em: Xác suất sẽ là \( \frac{5}{36} \).

Thầy: [S] Đúng rồi, em đã làm rất tốt. Xác suất để có tổng hai mặt bằng 8 khi gieo hai con xúc xắc là \( \frac{5}{36} \). Em có thắc mắc gì không?

Em: Cảm ơn thầy. Không có thắc mắc nào nữa."
GPS,GPU_S_07,Khá,3,"Thầy: [G] Để giải bài toán này, chúng ta cần làm rõ hai bước chính:
1. Xác định không gian mẫu khi gieo xúc xắc 2 lần.
2. Xác định biến cố thuận lợi là những kết quả nào có tổng bằng 8.

Em hãy nghĩ về không gian mẫu trước nhé. Khi gieo xúc xắc một lần, ta có thể được bất kỳ số từ 1 đến 6. Vậy khi gieo hai lần, ta sẽ có bao nhiêu kết quả khác nhau?"
GPS,GPU_S_08,Khá,3,"Thầy: [G]今天我们将讨论一个概率问题。你在掷两个公平的骰子时，如何计算得到点数之和为8的概率？我们一起来解决这个问题。

Em: Thưa thầy, em nghĩ rằng cần phải xác định không gian mẫu đầu tiên.

Thầy: Đúng rồi! Khi bạn ném hai xúc xắc, mỗi xúc xắc có 6 mặt. Vậy tổng số kết quả có thể là bao nhiêu?

Em: Nếu mỗi xúc xắc có 6 mặt, thì 2 xúc xắc sẽ có 6 x 6 = 36 kết quả.

Thầy: Rất tốt! Đó chính là không gian mẫu của bài toán này. Bây giờ, chúng ta cần xác định biến cố thuận lợi - những trường hợp nào cho điểm số tổng bằng 8?

Em: Em nghĩ rằng có thể sẽ có các cặp (2,6), (3,5), (4,4), (5,3) và (6,2).

Thầy: Đúng rồi! Nhưng bạn đã nhảy qua một bước. Hãy nhớ rằng mỗi xúc xắc tự do rơi nên mỗi cặp số đều có thể xảy ra theo hai cách.

Em: Thật vậy, thầy ạ. Vậy thì (2,6) và (6,2), (3,5) và (5,3), (4,4) là những trường hợp thuận lợi.

Thầy: Đúng! Bạn đã tìm được tất cả các kết quả thuận lợi. Bây giờ hãy tính xác suất bằng cách chia số lượng biến cố thuận lợi cho tổng số kết quả trong không gian mẫu.

Em: Có 5 kết quả thuận lợi và tổng số kết quả là 36, vậy xác suất sẽ là 5/36.

Thầy: Rất tốt! Xác suất để tổng điểm của hai lần ném xúc xắc bằng 8 là 5/36. Bạn đã làm rất出色！

Em: Cảm ơn thầy!"
GPS,GPU_S_09,Khá,3,"Thầy: [G] Để giải bài toán này, chúng ta cần tìm hiểu về không gian mẫu và xác suất của một biến cố cụ thể. Không gian mẫu là tập hợp tất cả các kết quả có thể xảy ra khi thực hiện thí nghiệm. Trong trường hợp này, thí nghiệm là gieo xúc xắc hai lần. Em hãy liệt kê tất cả các kết quả có thể xảy ra khi gieo xúc xắc hai lần.
Em: (Sử dụng cây nhánh hoặc bảng)
1 - 1
1 - 2
1 - 3
1 - 4
1 - 5
1 - 6
2 - 1
2 - 2
2 - 3
2 - 4
2 - 5
2 - 6
3 - 1
3 - 2
3 - 3
3 - 4
3 - 5
3 - 6
4 - 1
4 - 2
4 - 3
4 - 4
4 - 5
4 - 6
5 - 1
5 - 2
5 - 3
5 - 4
5 - 5
5 - 6
6 - 1
6 - 2
6 - 3
6 - 4
6 - 5
6 - 6

Thầy: [P] Đúng rồi, em đã liệt kê được tất cả các kết quả có thể xảy ra khi gieo xúc xắc hai lần. Tổng số kết quả trong không gian mẫu là bao nhiêu?
Em: Có 36 kết quả.
Thầy: Chắc chắn rồi. Tiếp theo, chúng ta cần xác định biến cố thuận lợi - tức là tổng của các mặt xuất hiện bằng 8. Em hãy liệt kê các kết quả thỏa mãn điều kiện này.
Em: (Sử dụng cây nhánh hoặc bảng)
2 - 6
3 - 5
4 - 4
5 - 3
6 - 2

Thầy: [P] Đúng, em đã xác định được đúng các kết quả thuận lợi. Tổng số kết quả thuận lợi là bao nhiêu?
Em: Có 5 kết quả.
Thầy: Chắc chắn rồi. 이제, chúng ta cần tính xác suất của biến cố này. Xác suất = Số lượng kết quả thuận lợi / Tổng số kết quả trong không gian mẫu. Em hãy tính xem xác suất là bao nhiêu.
Em: Xác suất = 5/36.

Thầy: [S] Đúng rồi, em đã làm rất tốt! Xác suất để tổng hai mặt xuất hiện bằng 8 khi gieo xúc xắc hai lần là 5/36. Em có thắc mắc gì không?"
GPS,GPU_S_10,Khá,3,"Thầy: [G] Bạn hãy nghĩ về việc gieo xúc xắc lần lượt 2 lần và tính xác suất để tổng điểm của hai lần gieo là 8. Đầu tiên, bạn cần xác định không gian mẫu và biến cố thuận lợi."
GPS,GPU_S_11,Khá,3,"Thầy: Gieo một con xúc xắc cân đối đồng chất 2 lần. Biến cố này có thể xảy ra bao nhiêu cách? Em nghĩ sao?

Em: Có \(6\) mặt trên mỗi con xúc xắc, nên khi gieo hai lần sẽ có \(36\) cách.

Thầy: Đúng rồi! Vậy em hãy liệt kê tất cả các kết quả có tổng là 8 nhé. Khi đó chúng ta có thể tính xác suất dễ dàng hơn.

Em: Ồ, mình cần tổng bằng 8. Có vẻ như (2, 6) và (3, 5) ở lần gieo thứ nhất, còn (4, 4), (5, 3), (6, 2) ở lần gieo thứ hai.

Thầy: Em đã liệt kê được các kết quả mà tổng là 8. Vậy em hãy đếm xem có bao nhiêu cách nhé?

Em: Có phải là (2, 6), (3, 5), (4, 4), (5, 3), (6, 2) đúng không thưa thầy? Như vậy là có \(5\) cách.

Thầy: Đúng rồi! Vậy em hãy tính xác suất cho biến cố này nhé.

Em: Xác suất sẽ là số cách xảy ra chia cho tổng số cách, nên kết quả sẽ là \(\frac{5}{36}\).

Thầy: Thật tốt! Em đã tự mình giải quyết bài toán. Kết luận cuối cùng của em như thế nào?

Em: Xác suất để biến cố có tổng hai mặt bằng 8 khi gieo một con xúc xắc cân đối đồng chất 2 lần là \(\frac{5}{36}\).

Thầy: Rất hay! Em đã làm rất tốt. Đừng quên rằng xác suất này đã được tính dựa trên việc hiểu rõ các kết quả có thể xảy ra và cách chúng xuất hiện."
GPS,GPU_S_12,Khá,3,"Thầy: Gieo một con xúc xắc cân đối đồng chất 2 lần, em hãy tính xác suất để biến cố có tổng hai mặt bằng 8 nhé.

Em: Vậy là khi gieo 2 lần, ta cần tổng điểm là 8?

Thầy: Chính xác! Em hãy liệt kê các bộ số có thể xuất hiện và kiểm tra xem nào tổng của chúng bằng 8.

Em: Được, tôi nghĩ có các cặp (6,2), (5,3), (4,4), (3,5), (2,6).

Thầy: Đúng rồi! Em đã liệt kê được tất cả các trường hợp. Bây giờ hãy tính xác suất cho mỗi trường hợp đó.

Em: Có 5 trường hợp và mỗi lần gieo xúc xắc có 6 mặt nên tổng số kết quả khi gieo 2 lần là 36. Vậy xác suất là 5/36?

Thầy: Đúng rồi! Em đã làm rất tốt. Xác suất để tổng hai mặt bằng 8 là 5/36. Hãy nhớ rằng xác suất được tính dựa trên số trường hợp thuận lợi chia cho số trường hợp có thể xảy ra.

Em:明白了，那我再总结一下：两次投掷骰子共有36种可能的结果，能得出总和为8的情况有5种，所以概率就是5/36。

Thầy: Em đã tóm tắt rất rõ ràng! Xác suất để tổng hai mặt bằng 8 là 5/36. Em nhớ rằng xác suất luôn được tính bằng cách chia số trường hợp thuận lợi cho tổng số trường hợp có thể xảy ra.

Em: Cảm ơn thầy, tôi hiểu hơn về cách tính xác suất giờ này.

Thầy: Rất vui khi thấy em đã nắm bắt được! Hãy giữ vững tinh thần và tiếp tục cố gắng nhé."
GPS,GPU_S_13,Khá,3,"Thầy: Gieo một con xúc xắc cân đối đồng chất 2 lần. Giờ chúng ta cần tính xác suất để biến cố có tổng hai mặt bằng 8. Hãy nghĩ xem, khi gieo xúc xắc, mỗi lần có bao nhiêu kết quả có thể xảy ra?

Em: Mỗi lần gieo có 6 kết quả có thể xuất hiện từ 1 đến 6.

Thầy: Đúng rồi! Vậy khi gieo hai lần sẽ có tổng số kết quả là bao nhiêu?

Em: Có \(6 \times 6 = 36\) kết quả.

Thầy: Tốt. Bây giờ, hãy suy nghĩ xem có bao nhiêu cách để tổng của hai mặt xuất hiện bằng 8 nhé.

Em: À, thì 2 + 6 = 8, 3 + 5 = 8, và 4 + 4 = 8, 5 + 3 = 8, còn 6 + 2 = 8 nữa. Có vẻ như có 5 kết quả.

Thầy: Đúng rồi! Vậy em hãy tính xác suất cho biến cố này nhé.

Em: Xác suất sẽ là số trường hợp thuận lợi chia cho tổng số kết quả, nên là \(\frac{5}{36}\) phải không thầy?

Thầy: Rất tốt! Em đã tự mình tìm ra câu trả lời. Vậy em hãy xác nhận kết quả cuối cùng của chúng ta.

Em: Xác suất để có tổng hai mặt bằng 8 khi gieo một con xúc xắc cân đối đồng chất 2 lần là \(\frac{5}{36}\).

Thầy: Đúng rồi! Em đã làm rất tốt. Cảm ơn em đã tập trung và làm bài này cùng thầy."
GPS,GPU_S_14,Khá,3,"Thầy: [G] Gieo một con xúc xắc cân đối đồng chất 2 lần, em có biết cách tính xác suất để biến cố có tổng hai mặt bằng 8 không?

Em: Thưa thầy, em nghĩ là ta cần đếm số kết quả thuận lợi và chia cho tổng số kết quả có thể xảy ra. Nhưng em chưa biết làm thế nào để đếm.

Thầy: [P] Đúng rồi, em. Đầu tiên, chúng ta cần xác định tổng số kết quả có thể xảy ra khi gieo xúc xắc 2 lần. Mỗi lần đều có 6 mặt nên tổng cộng sẽ là bao nhiêu?

Em: Thưa thầy, mỗi lần gieo đều có 6 mặt nên 2 lần sẽ là 6x6=36.

Thầy: [S] Đúng rồi, em! Bây giờ, chúng ta cần đếm số kết quả thuận lợi để tổng hai mặt bằng 8. Em thử liệt kê xem nào?

Em: Thưa thầy, em nghĩ có (2,6), (3,5), (4,4), (5,3) và (6,2).

Thầy: [S] Rất tốt, em! Vậy số kết quả thuận lợi là bao nhiêu?

Em: Thưa thầy, là 5.

Thầy: [S] Đúng rồi. Xác suất sẽ là số kết quả thuận lợi chia cho tổng số kết quả có thể xảy ra. Vậy xác suất để biến cố có tổng hai mặt bằng 8 là bao nhiêu?

Em: Thưa thầy, là 5/36.

Thầy: [S] Rất tuyệt, em! Xác suất chính xác là 5/36. Em đã làm rất tốt trong việc tìm ra số kết quả thuận lợi và tính toán xác suất."
GPS,GPU_S_15,Trung bình,3,"Thầy: [G] Gieo một con xúc xắc cân đối đồng chất 2 lần, em có biết cách tính xác suất để biến cố có tổng hai mặt bằng 8 không?

Em: Thầy ơi, em hơi quên rồi ạ. Em nhớ là phải dùng bảng ma trận hoặc liệt kê các trường hợp nhưng em không chắc chắn.

Thầy: [P] Đúng rồi, em. Bằng cách liệt kê các trường hợp, chúng ta có thể tìm được tất cả những cặp số có tổng bằng 8 khi gieo xúc xắc hai lần. Em thử nghĩ về các kết quả có thể xuất hiện?

Em: Ah, em nhớ rồi! Khi gieo một lần, số có thể là từ 1 đến 6. Vậy thì hai lần sẽ có 36 trường hợp đúng không?

Thầy: [S] Đúng vậy, em! Tổng cộng có 36 trường hợp khi gieo xúc xắc hai lần. Bây giờ hãy cùng liệt kê các cặp số có tổng bằng 8 nhé:

1. (2, 6)
2. (3, 5)
3. (4, 4)
4. (5, 3)
5. (6, 2)

Em: Thầy, em đã liệt kê được 5 trường hợp rồi ạ.

Thầy: [P] Rất tốt! Bây giờ chúng ta hãy tính xác suất bằng cách chia số lượng các trường hợp thuận lợi cho tổng bằng 8 vào tổng số trường hợp có thể. Vậy xác suất là bao nhiêu?

Em: Xác suất sẽ là 5 chia cho 36, phải không thầy?

Thầy: [S] Đúng rồi! Hãy tính kết quả của phép chia này.

Em: 5 chia 36 bằng khoảng 0,1389 ạ. Vậy xác suất để tổng hai mặt bằng 8 là 5/36.

Thầy: [S] Rất tốt! Xác suất để tổng hai mặt bằng 8 khi gieo xúc xắc hai lần là 5/36. Em đã làm rất tốt!"
GPS,GPU_S_16,Trung bình,3,"Thầy: Gieo một con xúc xắc cân đối đồng chất 2 lần, em có biết rằng mỗi lần gieo xúc xắc sẽ có bao nhiêu kết quả có thể xảy ra không?

Em: Có phải là 6 vì xúc xắc có 6 mặt số?

Thầy: Đúng rồi! Mỗi lần gieo xúc xắc có 6 kết quả có thể, và khi gieo 2 lần thì tổng số kết quả có thể của cả hai lần sẽ là bao nhiêu?

Em: Vậy là 6x6 = 36 kết quả có thể?

Thầy: Đúng rồi! Vậy em nghĩ chúng ta cần làm gì tiếp theo để giải quyết bài toán này?

Em: Chúng tôi cần tìm xem tổng của hai mặt xúc xắc bằng 8 thì có bao nhiêu cách?

Thầy: Chính xác. Em hãy liệt kê các kết quả khi gieo 2 lần sao cho tổng là 8 nhé.

Em: Được, tôi sẽ nghĩ lại. (Sau một lúc suy nghĩ) Có thể là (2,6), (3,5), (4,4), (5,3), và (6,2).

Thầy: Rất tốt! Em đã liệt kê được các kết quả đó. Vậy giờ em hãy tính xem có bao nhiêu cách?

Em: Có 5 cách rồi phải không thầy?

Thầy: Đúng rồi! Vậy xác suất để tổng hai mặt bằng 8 sẽ là như thế nào?

Em: Xác suất sẽ là số cách chia cho tổng số kết quả, nên là 5/36.

Thầy: Đúng vậy! Vậy em có thể tóm tắt lại quy trình giải quyết bài toán này không?

Em: Đầu tiên là xác định số kết quả có thể khi gieo 2 lần xúc xắc (6x6=36), sau đó liệt kê các cách để tổng bằng 8, rồi tính xác suất bằng số cách chia cho tổng số kết quả."
GPS,GPU_S_17,Trung bình,3,"Thầy: [G] Gieo một con xúc xắc cân đối đồng chất hai lần, em biết có bao nhiêu kết quả có thể xảy ra không?

Em: Có 36 kết quả, vì mỗi lần gieo đều có 6 mặt nên là 6 nhân 6.

Thầy: Đúng rồi! Giờ hãy nghĩ về biến cố chúng ta cần. Em nhớ lại khái niệm xác suất của một biến cố không?

Em: Xác suất là số phần tử trong biến cố chia cho tổng số kết quả có thể xảy ra, thầy.

Thầy: Chắc chắn rồi. Vậy em nghĩ xem, để tổng hai mặt bằng 8, chúng ta cần những kết quả nào? Em hãy liệt kê nhé.

Em: Em thấy khi gieo hai lần, để cộng lên được 8 thì có thể là (2,6), (3,5), (4,4), (5,3) và (6,2).

Thầy: Rất tốt! Giờ em đã biết các kết quả cần tìm. Vậy số phần tử trong biến cố này là bao nhiêu?

Em: Có 5 kết quả.

Thầy: Đúng rồi. Vậy xác suất để tổng hai mặt bằng 8 sẽ như thế nào? Em tính xem nhé!

Em: Xác suất = số phần tử trong biến cố chia cho số kết quả có thể xảy ra, nên là 5 chia 36.

Thầy: Chính xác! Vậy em hãy viết kết quả cuối cùng lại:

Em: Xác suất để tổng hai mặt bằng 8 khi gieo một con xúc xắc cân đối đồng chất hai lần là \(\frac{5}{36}\).

Thầy: Đúng rồi, em đã làm rất tốt. Nhớ rằng xác suất luôn luôn nằm giữa 0 và 1, và ở đây chúng ta có một kết quả rõ ràng từ việc tính toán."
GPS,GPU_S_18,Trung bình,3,"Thầy: Gieo một con xúc xắc cân đối đồng chất 2 lần, em có biết cách tính xác suất để biến cố có tổng hai mặt bằng 8 không?

Em: Thưa thầy, em chưa rõ lắm. Em chỉ nhớ là xác suất của mỗi ván gieo xúc xắc là 1/6.

Thầy: Đúng rồi, em nhớ lại kĩ nhé. Khi gieo một con xúc xắc cân đối đồng chất 2 lần, ta có tổng số kết quả có thể xảy ra là 36 (6*6). Vậy em nghĩ xem, trong những trường hợp nào tổng của hai mặt xuất hiện bằng 8?

Em: Thưa thầy, em nhớ được rằng có những cặp điểm như (2,6), (3,5), (4,4), (5,3) và (6,2).

Thầy: Đúng rồi! Em đã nhớ đúng các cặp số. Vậy tổng số cách để xuất hiện cặp số này là bao nhiêu?

Em: Thưa thầy, có 5 cách.

Thầy: Rất tốt! Giờ em hãy tính xác suất bằng cách chia số cách xảy ra thành công cho tổng số kết quả có thể xảy ra:

Em: Thưa thầy, xác suất sẽ là 5 chia cho 36 phải không?

Thầy: Đúng rồi. Vậy em hãy viết lại công thức và kết luận nhé.

Em: Xác suất để biến cố có tổng hai mặt bằng 8 khi gieo một con xúc xắc cân đối đồng chất 2 lần là 5/36.

Thầy: Rất tốt, em đã làm rất chính xác. Nhớ rằng xác suất luôn được tính như vậy: số cách xảy ra thành công chia cho tổng số kết quả có thể xảy ra. Em hãy ghi nhớ nhé."
GPS,GPU_S_19,Trung bình,3,"Thầy: [G] Gieo một con xúc xắc cân đối đồng chất 2 lần, em nghĩ có bao nhiêu kết quả có thể xuất hiện?

Em: Có 6 mặt số từ 1 đến 6 nên khi gieo 2 lần thì sẽ có 36 kết quả.

Thầy: [P] Đúng rồi. Giờ hãy xem xét các cặp số (x, y) sao cho tổng x + y bằng 8 nhé. Hãy liệt kê ra và đếm coi có bao nhiêu cặp như vậy.

Em: Có phải như này không ạ? (1,7), (2,6), (3,5), (4,4), (5,3), (6,2). Nhưng có vẻ các số lớn hơn 6 thì không được đâu ạ.

Thầy: [S] Đúng rồi. Chúng ta chỉ cần xem xét các cặp số từ 1 đến 6. Vì vậy, hãy kiểm tra lại các cặp số mà em đã liệt kê và loại bỏ những cặp nào không hợp lệ.

Em: À, tôi nhớ lại. Các cặp số hợp lệ là (2,6), (3,5), (4,4), (5,3), (6,2). Có 5 cặp như vậy.

Thầy: [S] Đúng rồi! Vậy xác suất để tổng hai mặt bằng 8 sẽ là bao nhiêu?

Em: Nếu có 5 kết quả thuận lợi và tổng số kết quả là 36 thì xác suất sẽ là 5 chia cho 36. Vậy xác suất là 5/36.

Thầy: [S] Đúng rồi, em đã tính được xác suất chính xác là 5/36. Giờ hãy nhớ rằng chúng ta cần liệt kê tất cả các kết quả có thể và sau đó đếm số kết quả thuận lợi nhé. Rất tốt!"
GPS,GPU_S_20,Trung bình,3,"Thầy: [G] Gieo một con xúc xắc cân đối đồng chất 2 lần, chúng ta cần tính xác suất để tổng điểm của hai mặt xuất hiện bằng 8. Anh/chị đã nhớ được cách tính xác suất chưa?

Em: Thưa thầy, em không nhớ rõ nữa, thầy có thể nhắc lại cho em được không?

Thầy: [P] Được, anh/chị quên thì ta cùng ôn lại nhé. Xác suất của một biến cố là số lượng kết quả thuận lợi chia cho tổng số kết quả khả thi. Bây giờ chúng ta cần tìm bao nhiêu cách để tổng điểm của hai lần gieo xúc xắc bằng 8.

Em: Thưa thầy, em không biết phải bắt đầu từ đâu.

Thầy: [G] Chắc chắn rồi, chúng ta sẽ nghĩ qua từng trường hợp. Khi gieo xúc xắc, mỗi lần có thể xuất hiện số điểm từ 1 đến 6. Vì vậy, nếu tổng là 8 thì các cặp kết quả có thể là gì?

Em: Thưa thầy, em nghĩ có thể là (2, 6), (3, 5), (4, 4), (5, 3) và (6, 2).

Thầy: [P] Đúng rồi! Vậy anh/chị đã liệt kê ra được 5 cặp kết quả thuận lợi. Bây giờ chúng ta cần tính tổng số kết quả khả thi khi gieo xúc xắc 2 lần.

Em: Thưa thầy, mỗi lần có 6 kết quả nên tổng cộng là 36 kết quả khả thi phải không?

Thầy: [S] Đúng! Vậy anh/chị hãy tính xác suất bằng cách chia số lượng kết quả thuận lợi cho tổng số kết quả khả thi nhé. Xác suất = 5/36.

Em: Thưa thầy, em đã tính rồi và kết quả là 5/36. Em đúng không?

Thầy: [S] Đúng rồi! Anh/chị đã làm rất tốt. Khi gieo xúc xắc cân đối đồng chất 2 lần, xác suất để tổng hai mặt xuất hiện bằng 8 là 5/36. Bây giờ anh/chị có thể thử áp dụng cách này để giải các bài toán tương tự không?"
GPS,GPU_S_01,Giỏi,4,"Thầy: [G] Chào em! Bài toán này yêu cầu tính xác suất của biến cố có tích hai lần gieo xúc xắc là số chẵn. Em hãy thử liệt kê các kết quả có thể để chúng ta bắt đầu nhé.
Em: Dạ thưa thầy, khi gieo xúc xắc 2 lần, tổng số kết quả sẽ là 6x6=36 ạ.
Thầy: [P] Rất tốt! Bây giờ em hãy tính xem trong số các kết quả đó có bao nhiêu cách để tích hai lần số chấm là số chẵn nhé.
Em: Dạ thưa thầy, để tích là số chẵn thì phải có ít nhất một con xúc xắc xuất hiện số chấm lẻ và một con xúc xắc xuất hiện số chấm chẵn. Dựa vào đó em tính ra rằng có 20 cách ạ.
Thầy: [S] Em đã làm rất tốt! Giờ ta hãy kiểm tra lại xem có đúng không. Tích là số chẵn khi:
1) Con thứ nhất lẻ, con thứ hai chẵn (3x3=9 cách)
2) Con thứ nhất chẵn, con thứ hai lẻ (3x3=9 cách)
3) Cả hai con đều chẵn (3x3=9 cách), nhưng đã đếm 3 lần ở trên nên không cần tính lại.
Vậy tổng cộng có 18 cách, xác suất là 18/36 = 1/2."
GPS,GPU_S_02,Giỏi,4,"Thầy: [G] Chào em! Bài toán này yêu cầu tìm xác suất để tích số chấm của hai lần gieo xúc xắc là một số chẵn. Em hãy nghĩ xem có bao nhiêu kết quả có thể xảy ra?

Em: Dạ thưa thầy, khi gieo một con xúc xắc có 6 mặt nên khi gieo 2 lần sẽ có \(6 \times 6 = 36\) kết quả.

Thầy: [P] Rất tốt! Giờ em thử liệt kê các trường hợp mà tích chấm là số chẵn nhé. Em nhớ rằng tích chấm là số chẵn nếu ít nhất một trong hai lần gieo xúc xắc cho kết quả chẵn.

Em: Dạ thưa thầy, em thấy có 36 kết quả tổng cộng, trong đó có các trường hợp như sau:
- Lần thứ nhất chẵn (2, 4, 6) và lần thứ hai là bất kì số nào.
- Lần thứ hai chẵn (2, 4, 6) và lần thứ nhất là bất kì số nào.

Thầy: [S] Em đã liệt kê được các trường hợp rồi. Giờ em tính xem có bao nhiêu kết quả thuận lợi nhé?

Em: Dạ thưa thầy, từ cách phân tích trên, em thấy tổng cộng có:
- 3 (chẵn) \(\times\) 6 = 18 trường hợp khi lần thứ nhất chẵn.
- 3 (chẵn) \(\times\) 6 = 18 trường hợp khi lần thứ hai chẵn.

Nhưng các trường hợp này đã bị đếm lặp, nên số kết quả thuận lợi thực tế là \(18 + 18 - 9 = 27\).

Thầy: [P] Rất tốt! Giờ em tính xác suất bằng cách chia số kết quả thuận lợi cho tổng số kết quả nhé.

Em: Dạ thưa thầy, xác suất của biến cố này sẽ là \(\frac{27}{36} = \frac{3}{4}\).

Thầy: [S] Em đã làm rất tốt! Xác suất tìm được đúng là \(\frac{3}{4}\)."
GPS,GPU_S_03,Giỏi,4,"Thầy: [G] Chào em! Bài toán này yêu cầu tìm xác suất để tích của hai lần gieo xúc xắc là một số chẵn. Em hãy nghĩ xem có bao nhiêu kết quả thuận lợi và tổng cộng có bao nhiêu kết quả?

Em: Dạ thưa thầy, khi gieo 2 lần xúc xắc, có tất cả \(6 \times 6 = 36\) kết quả.

Thầy: [P] Rất tốt! Giờ em hãy nghĩ xem trong số những kết quả này, có bao nhiêu tích là số chẵn?

Em: Dạ thưa thầy, để tích là số chẵn, ít nhất một trong hai lần gieo phải xuất hiện số chẵn. Có 3 số chẵn trên xúc xắc (2, 4, 6) và 3 số lẻ (1, 3, 5). Vậy em có \(3 \times 6 + 3 \times 6 - 3 \times 3 = 30\) cách để tích là số chẵn.

Thầy: [S] Em đã tính rất chính xác! Như vậy, xác suất để tích của hai lần gieo xúc xắc là một số chẵn sẽ là \(30/36\), rút gọn thành \(5/6\)."
GPS,GPU_S_04,Giỏi,4,"Thầy: [G] Chào em! Bài toán này yêu cầu tìm xác suất để tích của hai lần gieo xúc xắc là một số chẵn. Em hãy suy nghĩ và liệt kê các kết quả có thể nhé.

Em: Thưa thầy, khi gieo một con xúc xắc 2 lần, mỗi lần đều có 6 kết quả nên tổng cộng sẽ có 36 kết quả ạ.

Thầy: [P] Rất tốt! Bây giờ em hãy nghĩ đến những trường hợp nào trong đó tích của hai số chấm là một số chẵn?

Em: Thưa thầy, để tích chẵn, ít nhất phải có một số chấm là số chẵn. Vậy em suy nghĩ như sau: 

1. Nếu lần đầu xuất hiện 2 (chẵn), lần thứ hai có thể là bất kỳ (6 kết quả).
2. Nếu lần đầu xuất hiện 4 (chẵn), lần thứ hai cũng có thể là bất kỳ (6 kết quả).
3. Nếu lần đầu xuất hiện 6 (chẵn), lần thứ hai cũng như vậy (6 kết quả).

Bên cạnh đó, nếu lần đầu xuất hiện số lẻ (1, 3, 5) thì cần lần thứ hai xuất hiện chẵn (2, 4, 6). Vậy em tính:

- 3 số lẻ x 3 số chẵn = 9 kết quả.

Thầy: [S] Em đã suy nghĩ rất logic. Tổng cộng có 18 cách để tích là số chẵn (18 + 9 = 27). Vậy xác suất là bao nhiêu?

Em: Thưa thầy, xác suất sẽ là 18/36 = 1/2 ạ.

Thầy: Rất tuyệt! Em đã giải quyết bài toán một cách nhanh chóng và chính xác."
GPS,GPU_S_05,Khá,4,"Thầy: [G] Chào em! Bài toán này yêu cầu chúng ta tính xác suất để tích của hai lần gieo xúc xắc là một số chẵn. Em hãy thử liệt kê các kết quả có thể khi gieo xúc xắc 2 lần đi.

Em: Dạ thưa thầy, khi gieo xúc xắc 1 lần sẽ có 6 kết quả từ 1 đến 6. Vậy khi gieo 2 lần sẽ có 6 × 6 = 36 kết quả ạ.

Thầy: [P] Rất tốt! Bây giờ em hãy xác định xem trong những 36 kết quả này, bao nhiêu kết quả tích của chúng là số chẵn nhé. Em có thể bắt đầu bằng cách viết ra một vài kết hợp để thấy được quy luật.

Em: Dạ thưa thầy, em thấy rằng nếu lần thứ nhất gieo ra 1 thì chỉ có 2 và 4 để tích chẵn. Còn nếu gieo ra 2 thì cả 3 số 1, 2, 4 đều cho tích chẵn. Vậy mỗi lần đầu tiên gieo được một số, em sẽ có từ 2 đến 3 kết quả tích là chẵn.

Thầy: [S] Đúng rồi! Vậy tổng cộng bao nhiêu cách tích chẵn em có thể liệt kê ra vậy?

Em: Dạ thưa thầy, em tính ra được rằng mỗi lần đầu tiên gieo có 6 kết quả, trong đó từ 2 đến 3 kết quả cho tích chẵn. Vậy số cách chẵn là 6 × (2 + 1 + 2) = 30 cách ạ.

Thầy: [P] Rất tốt! Vậy xác suất của biến cố này sẽ bằng bao nhiêu em?

Em: Dạ thưa thầy, xác suất là số kết quả thuận lợi chia cho tổng số kết quả. Vậy xác suất là 30/36 = 5/6 ạ.

Thầy: [S] Chắc chắn rồi! Em đã làm rất tốt."
GPS,GPU_S_06,Khá,4,"Thầy: [G] Chào em! Bài toán này yêu cầu tìm xác suất để biến cố có tích của hai lần gieo xúc xắc là một số chẵn. Em thử suy nghĩ về cách liệt kê các kết quả nhé.
Em: Dạ thưa thầy, khi gieo 2 lần thì tổng số kết quả sẽ là 6x6=36 ạ.
Thầy: [P] Rất tốt! Bây giờ em hãy tập trung vào những trường hợp tích của hai con số chẵn và lẻ có thể tạo ra chẵn. Em có thể phân tích từng bước không?
Em: Dạ, em nghĩ nếu lần gieo đầu là 1, 3 hoặc 5 thì lần gieo thứ 2 phải là 2, 4, 6 để tích là chẵn.
Thầy: [S] Đúng rồi! Khi đó có 3×3=9 kết quả. Nhưng còn trường hợp nếu cả hai lần gieo đều được số chẵn thì sao?
Em: Dạ thưa thầy, nếu cả hai lần gieo đều là số chẵn thì tích cũng sẽ chẵn, và có 3×3=9 cách nữa.
Thầy: [P] Rất tốt! Vậy em hãy tính tổng số kết quả thuận lợi từ cả hai trường hợp trên.
Em: Dạ, tổng cộng sẽ có 9+9=18 cách ạ.
Thầy: [S] Chính xác! Vậy xác suất để tích chẵn là bao nhiêu?
Em: Dạ thưa thầy, xác suất sẽ là 18/36 = 1/2 ạ."
GPS,GPU_S_07,Khá,4,"Thầy: [G] Chào em! Bài toán này yêu cầu tìm xác suất để tổng của hai kết quả gieo xúc xắc là một số chẵn. Em thử liệt kê các kết quả khi gieo 2 lần nhé.
Em: Dạ thưa thầy, có 6 kết quả cho mỗi lần gieo nên tổng cộng sẽ có \(6 \times 6 = 36\) kết quả ạ.
Thầy: [P] Rất tốt! Bây giờ em hãy xem xét các kết quả sao cho tích của hai số chấm là một số chẵn.
Em: Dạ, để tích chẵn thì ít nhất có một trong hai số phải là chẵn. Thầy ạ!
Thầy: [S] Đúng rồi! Vậy em thử liệt kê các cặp số chấm sao cho có ít nhất một số chẵn nhé.
Em: Dạ, em thấy có (1,2), (1,4), (1,6), (2,1), (2,2), ..., (6,6) ạ. Có vẻ như hơi nhiều nên em không biết cách liệt kê hết.
Thầy: [P] Thưa thầy, em có thể chia thành các trường hợp để tính toán chi tiết hơn. Ví dụ, em xem xét mỗi lần gieo xúc xắc riêng biệt.
Em: Dạ, em sẽ chia thành 2 trường hợp: 
1) Một số chẵn và một số lẻ.
2) Hai số đều là chẵn.
Thầy: [S] Rất tốt! Em hãy tính xác suất cho từng trường hợp rồi cộng lại nhé."
GPS,GPU_S_08,Khá,4,"Thầy: [G] Chào em! Bài toán này yêu cầu tìm xác suất biến cố tích số chấm của hai lần gieo xúc xắc là một số chẵn, thay vì liệt kê ra tất cả các kết quả, em có suy nghĩ gì không?

Em: Dạ thầy, em nghĩ rằng nếu tích là chẵn thì ít nhất một trong những số chấm phải là chẵn. Thầy có thể hướng dẫn em tiếp theo không ạ?

Thầy: [P] Rất tốt! Bây giờ chúng ta phân tích các trường hợp cụ thể. Khi gieo xúc xắc, mỗi lần đều có 3 kết quả chẵn (2, 4, 6) và 3 kết quả lẻ (1, 3, 5). Vậy em tính số cách để ít nhất một trong hai lần xuất hiện số chấm là chẵn.

Em: Dạ thưa thầy, em suy nghĩ như sau: có 3/6 = 1/2 khả năng mỗi lần gieo xúc xắc xuất hiện số chẵn. Vậy xác suất cả hai lần đều lẻ là (1/2) * (1/2) = 1/4. Vậy xác suất ít nhất một lần là chẵn sẽ là 1 - 1/4 = 3/4.

Thầy: [S] Rất đúng! Xác suất cần tìm chính là 3/4. Em đã suy nghĩ và giải quyết bài toán một cách logic và chính xác."
GPS,GPU_S_09,Khá,4,"Thầy: [G] Chào em! Bài toán này yêu cầu tìm xác suất để tích của hai lần gieo xúc xắc là một số chẵn. Em thử nghĩ xem khi gieo một con xúc xắc, ta có thể được kết quả gì nhỉ?

Em: Dạ thưa thầy, khi gieo xúc xắc, ta có thể được 1, 2, 3, 4, 5 hoặc 6 chấm.

Thầy: [P] Rất tốt! Bây giờ em hãy tính xem nếu gieo hai lần, sẽ có bao nhiêu kết quả có tích là một số chẵn nhé. 

Em: Dạ thưa thầy, khi nhân với nhau, ta chỉ được tích chẵn khi cả hai số đều là số lẻ hoặc cả hai số đều là số chẵn.

Thầy: [S] Đúng rồi! Vậy em hãy liệt kê các trường hợp có tích chẵn ở đây nhé. 

Em: Dạ thưa thầy, với 2 lần gieo xúc xắc, ta sẽ có các kết quả như sau:
- Hai lần đều là số lẻ: (1,1), (1,3), (1,5); (3,1), (3,3), (3,5); (5,1), (5,3), (5,5) - tổng cộng 9 kết quả.
- Hai lần đều là số chẵn: (2,2), (2,4), (2,6); (4,2), (4,4), (4,6); (6,2), (6,4), (6,6) - tổng cộng 9 kết quả.

Thầy: [P] Hay quá! Vậy em tính xem tổng cộng có bao nhiêu cách để tích chẵn rồi?

Em: Dạ thưa thầy, tổng số cách tích chẵn là 18 cách.

Thầy: [S] Rất tốt! Bây giờ em hãy tính xác suất cho biến cố này nhé. 

Em: Dạ thưa thầy, xác suất = số kết quả thuận lợi / số kết quả toàn bộ = 18/36 = 1/2."
GPS,GPU_S_10,Khá,4,"Thầy: [G] Chào em! Hôm nay thầy sẽ hướng dẫn chúng ta giải bài toán này nhé. Đầu tiên, hãy nghĩ xem khi gieo một con xúc xắc cân đối đồng chất hai lần, tổng số kết quả có thể là bao nhiêu?
    
Em: Dạ thưa thầy, mỗi lần gieo đều có 6 kết quả, vậy hai lần sẽ có \(6 \times 6 = 36\) kết quả ạ.

Thầy: [P] Rất tốt! Em đã nắm được số lượng các kết quả có thể. Tiếp theo, em hãy liệt kê một vài ví dụ để thấy rõ hơn xem khi nào tích của hai con số sẽ là một số chẵn nhé.

Em: Dạ thưa thầy, mình thử lấy một ví dụ như lần thứ nhất gieo ra 1 và lần thứ hai gieo ra 2, tích là 2 (chẵn). Hoặc nếu lần thứ nhất là 3, lần thứ hai là 4 thì tích cũng là 12 (chẵn).

Thầy: [S] Em đã hiểu rồi đó. Bây giờ em hãy suy nghĩ về những trường hợp chẵn khác từ ví dụ vừa rồi và tính tổng số cách có tích là số chẵn.

Em: Dạ thưa thầy, mình thấy nếu lần thứ nhất gieo ra 1 thì chỉ có 3 lần thứ hai (2, 4, 6) sẽ cho tích chẵn. Như vậy mỗi lần thứ nhất là số lẻ sẽ có 3 cách để tích chẵn. Có tất cả 3 số lẻ nên sẽ có \(3 \times 3 = 9\) cách.

Thầy: [P] Rất tốt! Vậy em hãy xem xét các trường hợp khi gieo ra số chẵn lần thứ nhất nhé. Em thấy điều gì?

Em: Dạ thưa thầy, nếu lần thứ nhất là một số chẵn (2, 4, 6) thì mỗi số này có thể kết hợp với tất cả 6 kết quả của lần thứ hai, cho tổng cộng \(3 \times 6 = 18\) cách.

Thầy: [S] Vậy em đã tính được bao nhiêu cách tích là chẵn rồi?

Em: Dạ thưa thầy, từ các trường hợp số lẻ và số chẵn, mình có tổng cộng \(9 + 18 = 27\) cách.

Thầy: Rất hay! Vậy xác suất để tích của hai lần gieo xúc xắc là một số chẵn sẽ là bao nhiêu?

Em: Dạ thưa thầy, xác suất sẽ là \(\frac{27}{36} = \frac{3}{4}\) ạ.

Thầy: Đúng rồi! Em đã làm rất tốt."
GPS,GPU_S_21,Trung bình,2,"Thầy: [G] Bạn hãy tính xác suất để ít nhất một lần xuất hiện mặt sáu chấm khi gieo một con súc sắc hai lần nhé, em là học sinh lớp 12 có học lực trung bình nên tôi sẽ hướng dẫn cụ thể từ đầu. Đầu tiên, bạn nghĩ xem chúng ta cần tính xác suất của sự kiện gì?

Em: Em chưa nhớ rõ cách tính, thầy có thể nhắc lại không?

Thầy: [P] Được rồi, em hãy suy nghĩ về việc xác suất để ít nhất một lần xuất hiện mặt sáu chấm khi gieo hai lần. Thay vì trực tiếp tính xác suất này, chúng ta sẽ tính xác suất của sự kiện đối lập (không có mặt sáu chấm cả hai lần) và trừ đi.

Em: Vâng, thầy ạ. Nếu không có mặt sáu chấm cả hai lần thì mỗi lần gieo đều từ 1 đến 5 nên có 5/6 khả năng.

Thầy: [P] Đúng rồi! Vậy xác suất không có mặt sáu chấm trong một lần là 5/6. Khi gieo hai lần, xác suất cả hai lần không xuất hiện mặt sáu chấm sẽ là (5/6) x (5/6). Em tính thử xem kết quả của nó là gì nhé.

Em: Thưa thầy, tôi tính được là 25/36.

Thầy: Đúng rồi! [P] Vậy xác suất không có mặt sáu chấm cả hai lần là 25/36. Bây giờ, em hãy suy nghĩ xem xác suất để ít nhất một lần xuất hiện mặt sáu chấm sẽ là bao nhiêu?

Em: Thưa thầy, nếu chúng ta trừ xác suất đối lập này đi từ 1 thì sẽ được xác suất cần tìm.

Thầy: [P] Đúng rồi! Vậy em hãy tính: 1 - (25/36) = ?

Em: Thưa thầy, tôi tính được là 11/36.

Thầy: [S] Đúng rồi, em đã làm rất tốt! Xác suất để ít nhất một lần xuất hiện mặt sáu chấm khi gieo một con súc sắc hai lần là 11/36. Em cảm ơn thầy vì đã hướng dẫn nhé!

Em: Cảm ơn thầy, thầy!"
GPS,GPU_S_22,Trung bình,2,"Thầy: [G] Thầy xin chào em, hôm nay chúng ta sẽ cùng giải bài toán về xác suất nhé. Bài toán này yêu cầu em cần tính xác suất để ít nhất một lần xuất hiện mặt sáu chấm khi gieo một con súc sắc hai lần. Em có nhớ công thức tính xác suất không?

Em: Thưa thầy, em chưa nhớ rõ lắm ạ.

Thầy: [P] Vậy chúng ta hãy cùng khởi đầu bằng cách tính xác suất để không xuất hiện mặt sáu chấu cả hai lần gieo, sau đó tính ngược lại. Khi gieo một con súc sắc, xác suất xuất hiện mặt sáu chấu là 1/6, vậy xác suất không xuất hiện mặt sáu chấu là bao nhiêu?

Em: Thưa thầy, xác suất không xuất hiện mặt sáu chấu là 5/6 ạ.

Thầy: [P] Đúng rồi. Bây giờ em hãy tính xem khi gieo hai lần, xác suất không xuất hiện mặt sáu chấu cả hai lần sẽ là bao nhiêu?

Em: Thưa thầy, nếu mỗi lần gieo có xác suất 5/6 không xuất hiện sáu chấu thì hai lần gieo sẽ là (5/6) x (5/6) = 25/36 ạ.

Thầy: [P] Rất tốt! Vậy bây giờ em hãy tính ngược lại, xác suất để ít nhất một lần xuất hiện mặt sáu chấu bằng cách trừ xác suất không xuất hiện mặt sáu chấu cả hai lần khỏi 1 nhé.

Em: Thưa thầy, vậy thì xác suất để ít nhất một lần xuất hiện mặt sáu chấu sẽ là 1 - (25/36) = 11/36 ạ.

Thầy: [S] Đúng rồi! Xác suất để ít nhất một lần xuất hiện mặt sáu chấu khi gieo một con súc sắc hai lần là 11/36. Em đã làm rất tốt nhé!

Em: Cảm ơn thầy, thầy ơi!"
GPS,GPU_S_23,Trung bình,2,"Thầy: [G] Hôm nay chúng ta sẽ giải bài toán về xác suất nhé, em hãy nhớ lại khái niệm về xác suất sự kiện A là P(A) = số lượng kết quả thuận lợi cho A / tổng số kết quả có thể xảy ra. Trong trường hợp này, chúng ta đang gieo một con súc sắc hai lần, vậy số kết quả có thể xảy ra là bao nhiêu?

Em: Số kết quả có thể xảy ra là 6 x 6 = 36 vì mỗi lần gieo đều có 6 khả năng.

Thầy: [P] Đúng rồi! Bây giờ hãy tính xác suất để không xuất hiện mặt sáu chấm cả hai lần nhé. Em hãy nghĩ về cách tính xác suất sự kiện không xảy ra từ đó.

Em: Xác suất không xuất hiện mặt sáu chấm một lần là 5/6, nên không xuất hiện cả hai lần sẽ là (5/6) x (5/6) = 25/36 đúng không thầy?

Thầy: [P] Đúng rồi! Em đã tính xác suất sự kiện không xảy ra. Bây giờ hãy suy nghĩ về cách để tìm xác suất của sự kiện ít nhất một lần xuất hiện mặt sáu chấm nhé.

Em: Để tìm xác suất ít nhất một lần, em có thể trừ xác suất không có mặt sáu chấm cả hai lần khỏi 1, phải không thầy?

Thầy: [S] Đúng rồi! Vậy xác suất để ít nhất một lần xuất hiện mặt sáu chấm sẽ là 1 - 25/36 = 11/36. Vậy đáp án cuối cùng của bài toán là 11/36.

Em: Em cảm ơn thầy đã hướng dẫn, thầy ạ!"
GPS,GPU_S_24,Trung bình,2,"Thầy: [G] Chào em, chúng ta sẽ cùng giải bài toán về xác suất này nhé. Bài toán là gieo một con súc sắc hai lần. Xác suất để ít nhất một lần xuất hiện mặt sáu chấm là bao nhiêu? Em hãy nghĩ xem mình biết cách tính như thế nào rồi.

Em: (Trả lời) Thưa thầy, em nhớ rằng xác suất của một sự kiện A xảy ra là P(A) = số kết quả thuận lợi cho A / tổng số kết quả có thể. Nhưng em không nhớ rõ cách tính xác suất ít nhất một lần xảy ra nên cần thầy giúp đỡ.

Thầy: [P] Đúng rồi, em hãy bắt đầu bằng việc tìm xác suất của sự kiện B: ""không xuất hiện mặt sáu chấm cả hai lần"". Vậy em có thể làm thế nào để tính P(B)?

Em: (Tính toán) Thưa thầy, khi gieo một con súc sắc, xác suất không xuất hiện mặt sáu chấm là 5/6. Vì hai lần gieo độc lập nên P(B) = (5/6) x (5/6) = 25/36.

Thầy: [P] Rất tốt, em đã tính đúng xác suất của sự kiện B. Giờ chúng ta làm ngược lại, tìm xác suất của sự kiện A: ""ít nhất một lần xuất hiện mặt sáu chấm"". Em có thể dùng cách tính này không?

Em: (Tính toán) Thưa thầy, nếu P(B) là xác suất không xuất hiện mặt sáu chấm, thì P(A) = 1 - P(B). Vậy P(A) = 1 - 25/36 = 11/36.

Thầy: [S] Đúng rồi, em đã tính chính xác. Xác suất để ít nhất một lần xuất hiện mặt sáu chấm là 11/36. Đây cũng là cách thông thường và hiệu quả để giải quyết các bài toán về xác suất ít nhất một lần xảy ra.

Em: (Cảm ơn thầy) Em cám ơn thầy đã hướng dẫn em, thưa thầy!"
GPS,GPU_S_25,Trung bình,2,"Thầy: [G] Giờ chúng ta sẽ giải bài toán về xác suất, em đã học phần này chưa? Em có nhớ khái niệm về xác suất không? Xác suất của một sự kiện xảy ra là tỷ số giữa số lượng cách đó có thể xảy ra và tổng số cách tất cả các sự kiện có thể xảy ra.

Em: Thầy ơi, em còn nhớ một chút. Em quên mất công thức tính xác suất rồi thầy ạ.

Thầy: [P] Để giải bài toán này, chúng ta sẽ tính xác suất của trường hợp mà ít nhất một lần xuất hiện mặt sáu chấm khi gieo hai lần con súc sắc. Đầu tiên, em hãy tính xác suất không có mặt sáu chấm nào xuất hiện trong hai lần gieo.

Em: Được rồi thầy ạ. Lần đầu không có sáu chấm là 5/6, lần thứ hai cũng vậy nên sẽ là (5/6) x (5/6) = 25/36.

Thầy: [P] Đúng rồi! Nhưng em cần lưu ý rằng đây chỉ là xác suất của trường hợp không xuất hiện mặt sáu chấm nào. Vậy để tìm xác suất ít nhất một lần xuất hiện mặt sáu chấm, chúng ta cần làm gì?

Em: Thầy ơi, em nghĩ là trừ 1 đi số xác suất đó thì được nhỉ? Vì còn lại sẽ là trường hợp có mặt sáu chấm.

Thầy: [S] Đúng rồi! Em hãy tính xem: Xác suất không xuất hiện sáu chấm là (5/6) x (5/6) = 25/36. Vậy xác suất ít nhất một lần xuất hiện mặt sáu chấm sẽ là 1 - 25/36 = 11/36. Vậy đáp án cuối cùng là 11/36.

Em: Cảm ơn thầy đã hướng dẫn, thầy ạ! Em sẽ nhớ lại công thức và làm bài tập thêm để nắm chắc hơn.

Thầy: Không sao cả, em cố gắng nhé! Nếu có gì khó hiểu hãy hỏi thầy."
GPS,GPU_S_26,Trung bình,2,"Thầy: [G] Chào em, hôm nay chúng ta sẽ giải bài toán về xác suất bạn nhé. Bài toán này yêu cầu tính xác suất để ít nhất một lần xuất hiện mặt sáu chấm khi gieo một con súc sắc hai lần. Em có nhớ công thức tính xác suất không?

Em: Thưa thầy, em chưa chắc chắn lắm ạ. Có phải là xác suất của sự kiện A xảy ra là số phần tử thuộc A chia cho tổng số phần tử không? Nhưng hơi quên chi tiết.

Thầy: [P] Đúng rồi, em nhớ lại đúng. Công thức tính xác suất là số lượng kết quả thuận lợi chia cho tổng số kết quả có thể. Trong bài toán này, chúng ta cần tìm xác suất của sự kiện ""ít nhất một lần xuất hiện mặt sáu chấm"" khi gieo hai lần.

Em: Thưa thầy, có phải chúng ta sẽ tính riêng xác suất không xuất hiện mặt sáu chấm và trừ đi từ 1 không?

Thầy: [P] Đúng rồi! Em hãy nghĩ xem xác suất của sự kiện không xuất hiện mặt sáu chấm một lần là bao nhiêu? Khi gieo con súc sắc, có 5 kết quả thuận lợi (1,2,3,4,5) và 6 kết quả tổng cộng.

Em: Thưa thầy, khi gieo một lần, xác suất không xuất hiện mặt sáu chấm là 5/6.

Thầy: [P] Đúng rồi. Em hãy tính xác suất này cho cả hai lần nhé. Khi hai sự kiện độc lập xảy ra cùng lúc, ta nhân xác suất của từng sự kiện lại với nhau.

Em: Thưa thầy, khi gieo hai lần, xác suất không xuất hiện mặt sáu chấm là (5/6) × (5/6) = 25/36.

Thầy: [P] Đúng rồi! Em đã tính được xác suất của sự kiện không xuất hiện mặt sáu chấm hai lần. Vậy em hãy nghĩ xem, xác suất ít nhất một lần xuất hiện mặt sáu chấm sẽ là gì?

Em: Thưa thầy, xác suất ít nhất một lần xuất hiện mặt sáu chấm sẽ là 1 trừ đi xác suất không xuất hiện mặt sáu chấm.

Thầy: [P] Đúng rồi! Vậy em hãy tính xem kết quả cuối cùng là bao nhiêu nhé.

Em: Thưa thầy, xác suất ít nhất một lần xuất hiện mặt sáu chấm là 1 - 25/36 = 11/36.

Thầy: [S] Em đã làm đúng rồi! Xác suất để ít nhất một lần xuất hiện mặt sáu chấm khi gieo hai lần con súc sắc là 11/36. Đây được tính bằng cách trừ xác suất không xuất hiện mặt sáu chấm hai lần (25/36) từ 1.

Em: Xin cảm ơn thầy đã giảng dạy và hướng dẫn em!"
GPS,GPU_S_27,Yêu,2,"Thầy: [G] Gọi em đến, chúng ta sẽ cùng giải bài toán xác suất này nhé! Em hãy tính xác suất để ít nhất một lần xuất hiện mặt sáu chấm khi gieo hai con súc sắc.

Em: (Trả lời) Thưa thầy, em không biết bắt đầu từ đâu ạ.

Thầy: [P] Thế thì chúng ta sẽ dựa vào quy tắc cộng xác suất và tính xác suất kẹt. Đầu tiên, em hãy tính xác suất để không có mặt sáu chấm xuất hiện cả hai lần gieo súc sắc.

Em: (Tính toán) Nếu không có mặt sáu chấm xuất hiện cả hai lần, nghĩa là mỗi lần gieo đều phải từ 1 đến 5. Vậy xác suất mỗi lần gieo không có mặt sáu chấm là \(\frac{5}{6}\).

Thầy: Đúng rồi! Continue với bước tiếp theo nào?

Em: (Tính toán) Vì hai lần gieo độc lập nên xác suất cả hai lần không có mặt sáu chấm là \(\left(\frac{5}{6}\right) \times \left(\frac{5}{6}\right) = \frac{25}{36}\).

Thầy: [P] Giỏi, em đã tính được xác suất không có mặt sáu chấm xuất hiện cả hai lần. Bây giờ, hãy tính ngược lại xác suất để ít nhất một lần xuất hiện mặt sáu chấm.

Em: (Tính toán) Xác suất để ít nhất một lần xuất hiện mặt sá六

Thầy: [P] Em đã tính được xác suất không có mặt sáu chấm xuất hiện cả hai lần. Bây giờ, hãy tính ngược lại xác suất để ít nhất một lần xuất hiện mặt sáu chấm bằng cách trừ xác suất kẹt đó đi từ 1.

Em: (Tính toán) Xác suất để ít nhất một lần xuất hiện mặt sáu chấm là \(1 - \frac{25}{36} = \frac{11}{36}\).

Thầy: [S] Đúng rồi! Vậy xác suất để ít nhất một lần xuất hiện mặt sáu chấm khi gieo hai con súc sắc là \(\frac{11}{36}\). Nhớ rằng cách tính này dựa trên nguyên lý bù trừ, em có hiểu không?

Em: (Cảm ơn thầy) Em đã hiểu rõ hơn rồi ạ, cảm ơn thầy!"
GPS,GPU_S_28,Yêu,2,"Thầy: Gieo một con súc sắc hai lần, bạn hãy tính xác suất để ít nhất một lần xuất hiện mặt sáu chấm nhé, Yêu.

Em: Thầy ơi, em hơi bối rối với bài này. Em không biết bắt đầu từ đâu.

Thầy: Đừng lo lắng, chúng ta sẽ cùng giải bài toán này bước tiếp bước. Đầu tiên, hãy xác định tổng số các kết quả có thể khi gieo một con súc sắc hai lần.

Em: Hmm… mỗi lần gieo đều có 6 mặt nên em nghĩ là 6 x 6 = 36?

Thầy: Đúng rồi! Vậy bạn đã tính được tổng số kết quả có thể khi thực hiện thí nghiệm này. Tiếp theo, hãy tính xác suất để KHÔNG xuất hiện mặt sáu chấm trong cả hai lần gieo nhé.

Em: Uh… không phải là 1/6 x 1/6 = 1/36 sao?

Thầy: Đúng là 1/36 nhưng bạn cần tính xác suất cho cả hai lần không có mặt sáu chấm. Vậy bạn hãy tính xem.

Em: Vậy là (5/6) × (5/6) = 25/36 đúng không?

Thầy: Rất tốt! Now, you have the probability of not getting a six in both throws. 

Thầy: Bây giờ, để tìm xác suất ít nhất một lần xuất hiện mặt sáu chấm, bạn hãy sử dụng công thức tổng cộng - suy giảm. Xác suất này sẽ là 1 trừ xác suất không có mặt sáu chấm.

Em: Vậy là 1 - 25/36 = 11/36 nhỉ?

Thầy: Đúng rồi! Vậy nên, xác suất để ít nhất một lần xuất hiện mặt sáu chấm là 11/36. 

Thầy: Bạn đã tính đúng rồi, em Yêu. Hãy nhớ rằng cách tiếp cận này rất hữu ích khi giải quyết các bài toán xác suất phức tạp.

Em: Cảm ơn thầy, giờ em thấy tự tin hơn nhiều!"
GPS,GPU_S_29,Yêu,2,"Thầy: Giai đề này nhé, Yêu. Em có hiểu bài toán không? Chúng ta đang tính xác suất để ít nhất một lần xuất hiện mặt sáu chấm khi gieo một con súc sắc hai lần.

Em:ateria Thưa thầy, em không rõ lắm ạ. Em biết là phải dùng công thức xác suất nhưng không biết bắt đầu từ đâu ạ.

Thầy: [P] Vậy chúng ta hãy tính xác suất của trường hợp ngược lại trước đi nhé. Trường hợp ngược lại là gì? Đó chính là cả hai lần gieo súc sắc đều không xuất hiện mặt sáu chấm. Em tính thử xác suất này xem sao?

Em:ateria Thưa thầy, thì khi gieo một lần không có face 6 = 5/6. Vậy cả hai lần sẽ là (5/6) × (5/6) = 25/36 đúng không ạ?

Thầy: [P] Đúng rồi, em tính xác suất của trường hợp không xuất hiện face 6 trong cả hai lần gieo súc sắc rất nhanh. Tiếp theo, chúng ta cần tìm xác suất ngược lại, tức là ít nhất một lần xuất hiện face 6.

Em:ateria Thưa thầy, nếu muốn ít nhất một lần có face 6 thì chỉ cần trừ xác suất của trường hợp không có face 6 trong cả hai lần gieo súc sắc đi, đúng không ạ? Vậy sẽ là 1 - 25/36 = 11/36?

Thầy: [S] Đúng rồi, em đã tính chính xác. Xác suất để ít nhất một lần xuất hiện mặt sáu chấm khi gieo một con súc sắc hai lần là 11/36. Đây là cách giải quyết bài toán một cách hệ thống và logic.

Em:ateria Cảm ơn thầy nhiều ạ, giờ em hiểu rõ hơn rồi.

Thầy: Không sao cả, tự tin lên! Nếu có thắc mắc gì nữa thì hãy hỏi nhé."
GPS,GPU_S_30,Yêu,2,"Thầy: [G] Chào Yêu, hôm nay chúng ta sẽ cùng giải bài toán về xác suất nhé! Đừng lo lắng, tôi sẽ giúp em dần dần thông qua từng bước. Hãy suy nghĩ về vấn đề này trước khi chúng ta bắt đầu.

Em: (Trả lời) Thưa thầy, em hiểu là mình cần tính xác suất để ít nhất một lần xuất hiện mặt sáu chấm sau khi gieo hai lần súc sắc?

Thầy: [P] Đúng rồi! Em hãy tính xem trong bao nhiêu trường hợp có thể xảy ra khi gieo hai lần súc sắc.

Em: (Tính toán) Có 36 cách gieo (6x6), em không biết phải làm thế nào từ đây nữa.

Thầy: [P] Đúng, em đã tính được tổng số các kết quả có thể. Bây giờ ta hãy tính ngược lại, xác suất để không xuất hiện mặt sáu chấm trong cả hai lần gieo.

Em: (Tính toán) Nếu mỗi lần không xuất hiện 6 chấm thì chỉ còn 5 cách, vậy là 5x5 = 25 trường hợp?

Thầy: [P] Đúng rồi! Giờ em đã tính được số trường hợp không có mặt sáu chấm trong cả hai lần gieo. Bây giờ ta hãy dùng tổng số trường hợp và trừ đi số trường hợp không xuất hiện mặt sáu chấm.

Em: (Tính toán) 36 - 25 = 11 trường hợp xuất hiện ít nhất một mặt sáu chấm?

Thầy: [P] Hơi sai nhé, em hãy suy nghĩ lại. Em đã tính được số trường hợp không có mặt sáu chấm trong cả hai lần gieo là 25. Vậy xác suất đó là bao nhiêu?

Em: (Tính toán) Xác suất không xuất hiện mặt sáu chấm trong cả hai lần gieo là 25/36.

Thầy: [P] Đúng rồi! Giờ em hãy tính xác suất để ít nhất một lần xuất hiện mặt sáu chấm bằng cách trừ đi xác suất không xuất hiện mặt sáu chấm khỏi 1.

Em: (Tính toán) Xác suất để ít nhất một lần xuất hiện mặt sáu chấm là 1 - 25/36 = 11/36?

Thầy: [S] Đúng rồi! Xác suất để ít nhất một lần xuất hiện mặt sáu chấm khi gieo hai lần súc sắc là 11/36. Em đã làm rất tốt!

Em: (Cảm ơn thầy) Xin cảm ơn thầy, em hiểu rõ hơn về cách giải bài toán xác suất này rồi!"
GPS,GPU_S_11,Khá,3,"Thầy: [G] Em hãy nghĩ về bài toán này từng bước. Đầu tiên, em cần xác định số mẫu không gian của việc gieo xúc xắc 2 lần. Mỗi lần gieo có 6 kết quả có thể xuất hiện từ 1 đến 6. Vậy tổng số kết quả khi gieo 2 lần là bao nhiêu?"
GPS,GPU_S_12,Khá,3,"Thầy: [G] Khi gieo một con xúc xắc cân đối, có 6 mặt số từ 1 đến 6. Khi gieo hai lần, bạn cần tính xác suất để tổng của hai mặt bằng 8. Dùng cách nào để bắt đầu?

Em: Thầy có nghĩa là tôi phải tìm xem có bao nhiêu kết quả mà tổng của chúng bằng 8 khi gieo hai con xúc xắc đúng không ạ?"
GPS,GPU_S_13,Khá,3,"Thầy: [G] Khi gieo một con xúc xắc, ta có 6 kết quả có thể xảy ra (1, 2, 3, 4, 5, 6). Vậy khi gieo hai con xúc xắc, số không gian mẫu là bao nhiêu?"
GPS,GPU_S_14,Khá,3,"Thầy: [G] Khi gieo xúc xắc, mỗi lần có 6 kết quả có thể xảy ra (1, 2, 3, 4, 5, 6). Bạn cần tính xác suất để tổng của hai mặt xúc xắc bằng 8. Đầu tiên, bạn hãy liệt kê các cặp số có thể xuất hiện khi gieo xúc xắc 2 lần mà tổng là 8.

Em: Các cặp số có tổng là 8 là (2, 6), (3, 5), (4, 4), (5, 3), và (6, 2).

Thầy: [P] Đúng rồi. Bây giờ hãy đếm xem có bao nhiêu kết quả thuận lợi trong không gian mẫu. Mỗi lần gieo xúc xắc có 6 kết quả nên khi gieo 2 lần sẽ có bao nhiêu kết quả?

Em: Khi gieo 2 lần, có \(6 \times 6 = 36\) kết quả.

Thầy: [P] Đúng rồi. Có 5 kết quả thuận lợi (2, 6), (3, 5), (4, 4), (5, 3), và (6, 2). Vậy xác suất là bao nhiêu?

Em: Xác suất là \(\frac{5}{36}\).

Thầy: [S] Đúng rồi. Xác suất để tổng hai mặt xúc xắc bằng 8 khi gieo 2 lần là \(\frac{5}{36}\). Bạn đã làm rất tốt! Nếu có thắc mắc gì, cứ hỏi nhé.

Em: Cảm ơn thầy."
GPS,GPU_S_15,Trung bình,3,Thầy: [G] Bạn hãy nghĩ về việc gieo xúc xắc như thế nào để có tổng điểm bằng 8. Xúc xắc này có bao nhiêu mặt? Mỗi mặt xuất hiện với xác suất như thế nào?
GPS,GPU_S_16,Trung bình,3,"Thầy: [G] Để giải quyết bài toán này, chúng ta cần xác định số lượng các kết quả có thể xảy ra khi gieo xúc xắc 2 lần. Mỗi lần gieo xúc xắc có 6 mặt nên tổng số kết quả có thể là bao nhiêu?
Em: Tổng số kết quả là 36.
Thầy: [P] Đúng rồi! Bây giờ chúng ta xác định biến cố thuận lợi, tức là những trường hợp nào cho tổng các mặt bằng 8. Em hãy liệt kê xem có bao nhiêu cách để đạt được tổng 8?
Em: Có 5 cách: (2,6), (3,5), (4,4), (5,3), (6,2).
Thầy: [S] Đúng rồi! Bây giờ chúng ta tính xác suất. Tổng số kết quả thuận lợi là 5 và tổng số kết quả có thể xảy ra là 36 nên xác suất sẽ là bao nhiêu?
Em: Xác suất là \(\frac{5}{36}\). Cảm ơn thầy.
Thầy: Đúng rồi! Em đã làm rất tốt. Nếu còn thắc mắc, em hãy hỏi nhé."
GPS,GPU_S_17,Trung bình,3,"Thầy: [G] Khi gieo một con xúc xắc, có 6 mặt số từ 1 đến 6. Trong bài toán này, bạn cần tính xác suất để tổng của hai lần gieo bằng 8. Đầu tiên, hãy liệt kê ra các cặp số có thể xuất hiện khi gieo hai lần sao cho tổng bằng 8.

Em: Dạ, tôi nghĩ có những cặp như (2,6), (3,5), (4,4), (5,3) và (6,2).

Thầy: Đúng rồi! Bạn đã liệt kê được các cặp số thuận lợi. Bây giờ hãy tính tổng số cách có thể xuất hiện khi gieo hai lần xúc xắc.

Em: Dạ, mỗi lần gieo xúc xắc có 6 kết quả nên khi gieo hai lần sẽ là 6x6=36 cách.

Thầy: Rất tốt! Bây giờ bạn đã biết số cách thuận lợi (5 cách) và số cách có thể xảy ra (36 cách). Hãy tính xác suất bằng cách chia số cách thuận lợi cho số cách có thể xảy ra.

Em: Dạ, xác suất sẽ là 5/36.

Thầy: Đúng rồi! Xác suất để tổng hai mặt của xúc xắc bằng 8 khi gieo hai lần là 5/36. Bạn đã làm đúng!

Em: Cảm ơn thầy."
GPS,GPU_S_18,Trung bình,3,"Thầy: [G] Để giải quyết bài toán này, em cần nhớ rằng khi gieo xúc xắc, ta có thể có 6 kết quả cho mỗi lần gieo (1, 2, 3, 4, 5, hoặc 6). Em thử nghĩ xem khi gieo hai lần, ta sẽ có bao nhiêu mẫu không gian?"
GPS,GPU_S_19,Trung bình,3,"Thầy: [G]oky, em hãy nghĩ về vấn đề này theo cách sau: Khi gieo một con xúc xắc 2 lần, mỗi lần chúng ta có 6 kết quả có thể (1, 2, 3, 4, 5, 6). Vậy tổng số kết quả khi gieo 2 lần sẽ là bao nhiêu?"
GPS,GPU_S_20,Trung bình,3,"Thầy: [G] Khi bạn gieo một con xúc xắc, có 6 kết quả có thể xảy ra (1, 2, 3, 4, 5, 6). Giờ bạn gieo hai lần xúc xắc và muốn tính xác suất tổng của hai mặt bằng 8. Bạn cần nghĩ về không gian mẫu đầu tiên, sau đó hãy liệt kê các biến cố thuận lợi.

Em: Không gian mẫu là gì ạ?

Thầy: [P] Không gian mẫu trong thống kê là tập hợp tất cả các kết quả có thể xảy ra của một thí nghiệm. Trong trường hợp này, mỗi lần bạn gieo xúc xắc, có 6 kết quả có thể xảy ra. Khi bạn gieo hai lần, số kết quả có thể xảy ra sẽ tăng lên.

Em: Thì tổng cộng sẽ là 36 kết quả đúng không ạ?

Thầy: Đúng rồi! Bạn hãy liệt kê các cặp số (kết quả của lần gieo đầu tiên và lần gieo thứ hai) để thấy rõ hơn. Ví dụ, một trong những cặp có thể là (1, 2).

Em: Thì tôi sẽ viết như sau:
(1, 2), (1, 3), ..., (1, 6),
(2, 1), (2, 2), ..., (2, 6),
...
(6, 1), (6, 2), ..., (6, 6).

Thầy: Đúng rồi! Bây giờ hãy xem xét những cặp số mà tổng của chúng bằng 8. Bạn có thể bắt đầu từ cặp (2, 6) vì đó là cách nhỏ nhất để tổng bằng 8.

Em: Thì còn các cặp như (3, 5), (4, 4), (5, 3) và (6, 2).

Thầy: Đúng rồi! Bây giờ hãy đếm số lượng các biến cố thuận lợi này. 

Em: Có 5 kết quả: (2, 6), (3, 5), (4, 4), (5, 3), (6, 2).

Thầy: Rất tốt! Xác suất của một biến cố là số lượng biến cố thuận lợi chia cho tổng số không gian mẫu. Vậy xác suất bạn đang tìm là gì?

Em: Là 5/36.

Thầy: Đúng rồi! Vì vậy, xác suất để tổng hai mặt bằng 8 khi gieo hai lần xúc xắc là 5/36.

Em: Cảm ơn thầy."
GPS,GPU_S_21,Trung bình,3,"Thầy: [G] Gieo một con xúc xắc cân đối đồng chất 2 lần, ta cần tính xác suất để biến cố có tổng hai mặt bằng 8. Em nghĩ xem chúng ta nên bắt đầu từ đâu?

Em: Thưa thầy, em nhớ là mỗi lần gieo xúc xắc sẽ có 6 kết quả. Bây giờ em cần xem các trường hợp nào tổng lại được 8 à?

Thầy: [P] Đúng rồi! Hãy liệt kê tất cả các cặp số có thể xuất hiện khi gieo 2 lần và xác định những cặp nào có tổng là 8 nhé.

Em: Thưa thầy, em nghĩ là 2 lần đầu tiên sẽ có 6x6=36 cách kết hợp. Em sẽ xem thử: (2,6), (3,5), (4,4), (5,3) và (6,2). Có phải như vậy không?

Thầy: [S] Đúng rồi! Các cặp số (2,6), (3,5), (4,4), (5,3) và (6,2) đều có tổng bằng 8. Vậy chúng ta đã tìm được 5 trường hợp thỏa mãn. Tổng số cách kết hợp là 36 nên xác suất sẽ là bao nhiêu?

Em: Thưa thầy, xác suất sẽ là 5 chia cho 36 phải không? 

Thầy: [S] Đúng rồi! Xác suất để tổng hai mặt bằng 8 khi gieo một con xúc xắc cân đối đồng chất 2 lần là \(\frac{5}{36}\). Em đã làm rất tốt!

Em: Cảm ơn thầy, em sẽ nhớ lại quá trình này."
GPS,GPU_S_22,Trung bình,3,"Thầy: G, em có thể nhớ cách tính xác suất không? Em hãy nghĩ về quy tắc tính xác suất cho một sự kiện?

Em: Thưa thầy, tôi nhớ là xác suất của một sự kiện xảy ra bằng số lượng kết quả thuận lợi chia cho tổng số kết quả có thể.

Thầy: Rất tốt, em. Vậy chúng ta sẽ áp dụng điều này vào bài toán này. Đầu tiên, em hãy liệt kê tất cả các cặp số có thể xuất hiện khi gieo xúc xắc 2 lần?

Em: Thưa thầy, có 36 cặp số từ (1,1) đến (6,6).

Thầy: Đúng rồi, và chúng ta cần tìm bao nhiêu cặp số có tổng bằng 8?

Em: Thưa thầy, em nhớ là có những cặp như (2,6), (3,5), (4,4), (5,3), (6,2). Có vẻ như có 5 cặp.

Thầy: Rất tốt! Vậy xác suất chúng ta đang tìm sẽ là bao nhiêu?

Em: Thưa thầy, xác suất là số lượng kết quả thuận lợi chia cho tổng số kết quả có thể. Vậy ở đây là 5/36.

Thầy: Đúng rồi! Xác suất để tổng hai mặt xúc xắc bằng 8 khi gieo 2 lần là 5/36. Em đã làm rất tốt, hãy nhớ lại công thức xác suất và cách liệt kê kết quả nhé!

Em: Cảm ơn thầy, thày đã giúp em hiểu rõ hơn về bài toán này!"
GPS,GPU_S_23,Trung bình,3,"Thầy: [G] Gieo một con xúc xắc cân đối đồng chất 2 lần, em có biết cách tính xác suất để biến cố có tổng hai mặt bằng 8 không?

Em: Thưa thầy, em chưa chắc chắn lắm. Em nhớ là phải đếm số trường hợp phù hợp rồi chia cho số trường hợp toàn bộ nhưng cụ thể ra sao thì em không rõ.

Thầy: [P] Đúng rồi! Để làm bài này, chúng ta cần xác định số trường hợp tổng bằng 8 khi gieo xúc xắc 2 lần. Em có biết khi gieo một con xúc xắc, kết quả có thể là gì không?

Em: Thưa thầy, kết quả của mỗi lần gieo xúc xắc sẽ là từ 1 đến 6.

Thầy: [P] Đúng rồi! Vậy khi gieo hai con xúc xắc, tổng điểm có thể từ bao nhiêu đến bao nhiêu?

Em: Từ 2 tới 12 phải không thưa thầy?

Thầy: [S] Đúng vậy. Bây giờ chúng ta cần tìm những trường hợp nào cho tổng là 8. Em thử liệt kê ra xem.

Em: Thưa thầy, em nhận thấy có thể có (2,6), (3,5), (4,4), (5,3) và (6,2).

Thầy: [S] Rất tốt! Vậy số trường hợp phù hợp là bao nhiêu?

Em: Có 5 trường hợp đúng, thưa thầy.

Thầy: [P] Đúng rồi. Bây giờ em hãy tính xác suất bằng cách chia số trường hợp phù hợp cho tổng số trường hợp có thể xảy ra khi gieo hai con xúc xắc.

Em: Thưa thầy, ta có 36 trường hợp toàn bộ (6 mặt của con thứ nhất nhân với 6 mặt của con thứ hai) và 5 trường hợp phù hợp. Vậy xác suất là 5/36.

Thầy: [S] Rất tốt! Xác suất để tổng hai mặt bằng 8 khi gieo một con xúc xắc cân đối đồng chất 2 lần là 5/36. Em đã làm rất tốt, hãy kiểm tra lại công thức và cách giải này nhé."
GPS,GPU_S_24,Trung bình,3,"Thầy: G, EM ơi, hôm nay chúng ta sẽ tính xác suất để có tổng của hai mặt xúc xắc bằng 8 khi gieo 2 lần nhé. Anh nhớ cách tính xác suất không?

Em: Thưa thầy, em nhớ là xác suất = số cách xảy ra chia cho số kết quả có thể.

Thầy: Đúng rồi, EM ơi! Vậy trong trường hợp này, anh sẽ giúp em liệt kê tất cả các kết quả khi gieo xúc xắc 2 lần và sau đó tính xác suất. Bắt đầu từ việc liệt kê các cặp số có tổng là 8 nhé. Anh sẽ đưa ra một vài ví dụ và sau đó để EM làm tiếp.

Em: Thưa thầy, em nghĩ rằng các cặp số có thể là (2,6), (3,5), (4,4), (5,3) và (6,2).

Thầy: Rất tốt, EM ơi! Đúng là các cặp số có tổng bằng 8 là (2,6), (3,5), (4,4), (5,3), (6,2). Tiếp theo, anh sẽ nhắc lại cách tính số kết quả có thể khi gieo xúc xắc 2 lần.

Em: Thưa thầy, em nhớ là mỗi lần gieo đều có 6 kết quả nên tổng cộng sẽ có 6 × 6 = 36 cách.

Thầy: Đúng lắm! Vậy EM hãy tính xem số cách xảy ra của biến cố này là bao nhiêu nhé. Số cách xảy ra của biến cố chính xác là như nào?

Em: Thưa thầy, em đã đếm được 5 cách rồi.

Thầy: Rất tốt! Vậy theo công thức xác suất, ta có xác suất bằng số cách xảy ra chia cho số kết quả có thể. Anh sẽ để EM tính toán xem kết quả cuối cùng là bao nhiêu nhé?

Em: Thưa thầy, xác suất = 5 / 36.

Thầy: Đúng rồi! Vậy anh muốn hỏi lại một lần nữa, xác suất để tổng hai mặt xúc xắc bằng 8 khi gieo 2 lần là bao nhiêu nhỉ?"
GPS,GPU_S_25,Trung bình,3,"Thầy: [G] Gieo một con xúc xắc cân đối đồng chất 2 lần, em biết rằng mỗi lần gieo chúng ta có thể được kết quả từ 1 đến 6. Giờ hãy cùng tính xác suất để tổng của hai mặt xuất hiện bằng 8, em có nhớ được cách bắt đầu không?

Em: Thầy ơi, em chưa chắc lắm, nhưng em nghĩ là phải đếm xem có bao nhiêu kết quả cho tổng 8 thì đúng không ạ?

Thầy: [P] Đúng rồi, em! Đầu tiên, chúng ta cần liệt kê tất cả các đôi số (a, b) khi gieo xúc xắc hai lần mà tổng a + b bằng 8. Em có thể tự mình liệt kê được không?

Em: Dạ, em sẽ thử... (sau một lát suy nghĩ) a = 2 và b = 6, a = 3 và b = 5, a = 4 và b = 4, a = 5 và b = 3, a = 6 và b = 2. Có 5 kết quả đúng không ạ?

Thầy: [S] Đúng vậy, em! Vậy chúng ta có tất cả 5 kết quả mà tổng là 8. Tiếp theo, em cần nhớ rằng khi gieo xúc xắc hai lần, tổng số kết quả có thể xuất hiện là 6 × 6 = 36. Vậy xác suất sẽ là bao nhiêu nhỉ?

Em: Thầy ơi, để tính xác suất thì phải chia số kết quả thuận lợi cho tổng 8 cho tổng số kết quả cả bảng, đúng không ạ? Vậy là 5 trên 36 ư?

Thầy: [S] Đúng rồi! Xác suất để tổng của hai mặt xúc xắc bằng 8 khi gieo hai lần là \(\frac{5}{36}\). Em đã làm rất tốt!

Em: Cảm ơn thầy, em sẽ cố gắng nhớ công thức và cách giải nhanh hơn trong bài kiểm tra sắp tới."
GPS,GPU_S_26,Trung bình,3,"Thầy: Gieo một con xúc xắc cân đối đồng chất 2 lần. Em biết rằng mỗi lần gieo xúc xắc có bao nhiêu khả năng kết quả?

Em: Mỗi lần là 6 khả năng kết quả, thầy.

Thầy: Đúng rồi! Vậy khi gieo hai lần thì tổng số kết quả sẽ là bao nhiêu?

Em: Là 36 kết quả, thầy.

Thầy: Rất tốt. Giờ em hãy liệt kê một vài kết quả để chúng ta thấy rõ hơn. Em có thể viết ra một vài cặp số từ việc gieo xúc xắc hai lần không?

Em: Có phải là (1,1), (1,2), (1,3)... cho đến (6,6)?

Thầy: Đúng! Giờ em hãy tìm những kết quả nào có tổng bằng 8.

Em: Thì (2,6) và (6,2), thầy. Còn có không?

Thầy: Em đã thiếu một kết quả là (4,4). Vậy số kết quả mà chúng ta cần là bao nhiêu?

Em: Có ba kết quả: (2,6), (6,2) và (4,4).

Thầy: Đúng rồi! Giờ em hãy tính xác suất cho biến cố này.

Em: Xác suất sẽ là số kết quả phù hợp chia cho tổng số kết quả. Vậy đó là 3/36?

Thầy: Rất tốt! Em đã làm đúng. Xác suất sẽ được rút gọn thành bao nhiêu?

Em: Đó là 1/12, thầy.

Thầy: Đúng rồi! Xác suất để có tổng hai mặt bằng 8 khi gieo một con xúc xắc cân đối đồng chất 2 lần là 1/12. Em đã làm rất tốt trong bài toán này!"
GPS,GPU_S_27,Yêu,3,"Thầy: [G] Gieo một con xúc xắc cân đối đồng chất 2 lần, em hãy tính xác suất để tổng điểm của hai lần gieo bằng 8 nhé.

Em: Thưa thầy, có bao nhiêu cách để tôi có thể gieo được tổng điểm là 8?

Thầy: [P] Có đúng không em? Bạn hãy liệt kê tất cả các kết quả có thể khi gieo xúc xắc 2 lần và tìm những trường hợp nào cho tổng điểm bằng 8.

Em: Thưa thầy, nếu gieo xúc xắc 2 lần thì tôi sẽ có 36 cách khác nhau. Tôi thấy có các cặp số như (2,6), (3,5), (4,4), (5,3) và (6,2). Vậy có tất cả 5 trường hợp.

Thầy: [P] Đúng rồi em! Em đã liệt kê đầy đủ các kết quả có thể. Bây giờ hãy tính xác suất từ số trường hợp này nhé.

Em: Thưa thầy, xác suất sẽ là số trường hợp có tổng bằng 8 chia cho tổng số cách gieo xúc xắc. Vậy xác suất = 5/36?

Thầy: [S] Đúng rồi em! Xác suất để tổng hai mặt xúc xắc bằng 8 khi gieo hai lần là 5/36. Em đã làm rất tốt, hãy nhớ rằng lúc đầu chúng ta cần liệt kê tất cả các trường hợp có thể và sau đó tính xác suất từ số lượng các kết quả mong muốn so với tổng số kết quả.

Em: Cảm ơn thầy! Thầy có thể giải thích lại một chút không? Vì tôi sợ toán xác suất khá nhiều.

Thầy: Tất nhiên em. Xác suất là tỷ lệ giữa những gì chúng ta quan tâm (tổng bằng 8) và tất cả các kết quả có thể. Em hãy luyện tập nhiều hơn, chắc chắn sẽ dần dần cải thiện em nhé!"
GPS,GPU_S_28,Yêu,3,"Thầy: G, chúng ta hãy bắt đầu với bài toán này nhé. Em có gieo một con xúc xắc cân đối đồng chất 2 lần, và em cần tính xác suất để tổng điểm của hai lần gieo bằng 8. Vậy, em đã nghĩ đến cách nào chưa?

Em: Thầy ơi, em không biết bắt đầu từ đâu.

Thầy: [P] Không sao cả, chúng ta sẽ cùng nhau giải quyết bài toán này nhé. Đầu tiên, em hãy liệt kê tất cả các kết quả có thể khi gieo xúc xắc hai lần. Có bao nhiêu kết quả có thể xuất hiện?

Em: Em nghĩ là 36 kết quả vì mỗi lần gieo đều có 6 faces nên \(6 \times 6 = 36\).

Thầy: Đúng lắm, em đã rất nhanh nhạy! Giờ hãy cùng liệt kê tất cả các cặp số khi tổng của chúng bằng 8 nhé. Em thử nghĩ xem.

Em: 1+7 không thể, 2+6, 3+5, 4+4, 5+3, 6+2. Thầy là em có 6 kết quả rồi phải không?

Thầy: [P] Đúng rồi! Vậy em đã liệt kê được 6 cặp số mà tổng của chúng bằng 8. Giờ em hãy tính xác suất từ số lượng các trường hợp thành công so với tổng số trường hợp có thể xảy ra.

Em: Thầy, em hiểu rồi. Xác suất sẽ là 6 chia cho 36 phải không?

Thầy: [S] Đúng! Vậy xác suất để tổng hai mặt xúc xắc bằng 8 khi gieo 2 lần là \(\frac{6}{36} = \frac{1}{6}\). Em đã làm rất tốt!

Em: Cảm ơn thầy, em sẽ cố gắng hơn nữa."
GPS,GPU_S_29,Yêu,3,"Thầy: [G] Gieo một con xúc xắc cân đối đồng chất 2 lần, em biết rằng mỗi lần gieo xúc xắc có 6 kết quả có thể xảy ra. Vậy khi gieo 2 lần, tổng số kết quả có thể xuất hiện là bao nhiêu? Em thử nghĩ xem.

Em: Có vẻ như tôi sẽ tính được bằng cách liệt kê tất cả các trường hợp, nhưng hơi mất thời gian.

Thầy: [P] Đúng rồi, em có thể liệt kê. Nhưng trước hết, em thử suy nghĩ về số kết quả có thể xuất hiện từ việc gieo 2 lần xúc xắc là bao nhiêu nhé? Em tính thử đi.

Em: Được 36 trường hợp phải không thầy?

Thầy: [S] Đúng rồi, em đã nhận ra rằng có tổng cộng 36 trường hợp khi gieo 2 lần xúc xắc. Bây giờ, hãy cùng nhau xác định những trường hợp nào trong số đó có tổng hai mặt bằng 8 nhé.

Em: À, tôi nhớ là 2 + 6 = 8, 3 + 5 = 8 và 4 + 4 = 8, sau đó còn 6 + 2 nữa. Có vẻ như chỉ có 5 trường hợp phải không thầy?

Thầy: [P] Đúng vậy, em đã liệt kê đầy đủ các trường hợp có tổng bằng 8 là (2,6), (3,5), (4,4), (5,3) và (6,2). Em hãy tính xác suất từ đây.

Em: Vậy ta cần chia số trường hợp có kết quả là 8 cho tổng số trường hợp phải không thầy? 

Thầy: [S] Đúng rồi, xác suất sẽ được tính bằng cách chia số trường hợp có tổng hai mặt bằng 8 (5 trường hợp) cho tổng số trường hợp có thể xảy ra (36 trường hợp). Em hãy tính xem kết quả là bao nhiêu.

Em: Được thì xác suất sẽ là 5/36, phải không thầy?

Thầy: [S] Chính xác! Xác suất để biến cố có tổng hai mặt bằng 8 khi gieo một con xúc xắc cân đối đồng chất 2 lần là 5/36. Em đã tính đúng và nắm vững cách làm rồi đấy!"
GPS,GPU_S_30,Yêu,3,"Thầy: G, em ạ. Hôm nay chúng ta sẽ cùng giải bài toán về xác suất nhé. Em có biết khi gieo một con xúc xắc cân đối đồng chất hai lần, ta muốn tính gì không?

Em: Thưa thầy, em muốn tính xác suất để tổng các mặt xuất hiện bằng 8.

Thầy: Đúng rồi, em ạ. Vậy chúng ta cần làm thế nào để bắt đầu giải quyết bài toán này nhỉ?

Em: Thưa thầy, em nghĩ là em sẽ liệt kê ra những trường hợp có tổng bằng 8.

Thầy: Tốt lắm, em đã bắt đầu đúng cách. Em hãy thử liệt kê xem có bao nhiêu kết quả có tổng các mặt bằng 8 khi gieo xúc xắc hai lần?

Em: Thưa thầy, em nghĩ là sẽ có 5 trường hợp: (2,6), (3,5), (4,4), (5,3) và (6,2).

Thầy: [P] Em đã liệt kê đúng rồi. Vậy giờ chúng ta cần tính xác suất từ số lượng những kết quả này.

Em: Thưa thầy, có tổng cộng 36 kết quả khi gieo xúc xắc hai lần. Vì vậy xác suất sẽ là số trường hợp có tổng bằng 8 chia cho tổng số kết quả.

Thầy: [P] Đúng rồi, em đã tính chính xác được số lượng các trường hợp. Em hãy thực hiện phép tính này nhé.

Em: Thưa thầy, xác suất sẽ là 5 chia 36.

Thầy: [S] Rất tốt! Em đã làm đúng rồi. Vậy xác suất để tổng hai mặt bằng 8 khi gieo một con xúc xắc cân đối đồng chất hai lần là 5/36. Chúng ta vừa áp dụng được cách tính xác suất từ các trường hợp có thể xảy ra, phải không?"
GPS,GPU_S_11,Khá,4,"Thầy: [G] Chào em! Bài toán này yêu cầu tìm xác suất để tích của hai lần gieo xúc xắc là một số chẵn. Em thử phân tích xem có bao nhiêu kết quả tổng quát?

Em: Dạ thưa thầy, khi gieo 2 lần xúc xắc, mỗi lần đều có 6 kết quả nên tổng cộng là 36 trường hợp.

Thầy: [P] Rất tốt! Bây giờ em hãy liệt kê các trường hợp tích chẵn nhé. Em thử bắt đầu với trường hợp đầu tiên.

Em: Dạ thưa thầy, nếu lần đầu gieo ra 1 thì để tích chẵn, lần thứ 2 phải là 2, 4 hoặc 6. Như vậy có 3 cách. 

Thầy: [S] Đúng rồi! Tiếp tục với trường hợp đầu gieo ra 2, em thử tính xem sao.

Em: Dạ thưa thầy, nếu lần đầu gieo ra 2 thì để tích chẵn, lần thứ 2 có thể là 1, 3 hoặc 5. Như vậy cũng có 3 cách nữa.

Thầy: [P] Rất hay! Bây giờ em hãy tiếp tục với các trường hợp khác.

Em: Dạ thưa thầy, nếu lần đầu gieo ra 3 thì để tích chẵn, lần thứ 2 phải là 2, 4 hoặc 6. Như vậy cũng có 3 cách nữa.

Thầy: [S] Đúng rồi! Tiếp tục với lần đầu gieo ra 4, em suy nghĩ xem sao?

Em: Dạ thưa thầy, nếu lần đầu gieo ra 4 thì để tích chẵn, lần thứ 2 có thể là 1, 3 hoặc 5. Như vậy cũng có 3 cách.

Thầy: [P] Rất tốt! Bây giờ em hãy tính xem tổng cộng có bao nhiêu cách.

Em: Dạ thưa thầy, từ việc phân tích đã thấy rằng mỗi trường hợp đầu gieo ra số lẻ đều có 3 cách để tích chẵn. Tổng cộng là 12 cách.

Thầy: [S] Rất chính xác! Vậy xác suất của biến cố này là bao nhiêu?

Em: Dạ thưa thầy, xác suất sẽ là 12/36 = 1/3.

Thầy: [G] Rất tốt! Em đã làm bài toán rất tốt."
GPS,GPU_S_12,Khá,4,"Thầy: [G] Chào em! Bài toán này yêu cầu tìm xác suất để tích của 2 lần gieo xúc xắc là một số chẵn. Em hãy nghĩ xem khi gieo xúc xắc, kết quả nào sẽ tạo thành tích chẵn?
Em: Dạ thưa thầy, nếu tích là chẵn thì ít nhất phải có một trong hai lần gieo được số chẵn.
Thầy: [P] Rất tốt! Vậy chúng ta cần liệt kê những trường hợp như thế. Em thử viết ra tất cả các kết quả khi gieo xúc xắc 2 lần, và đánh dấu các trường hợp tích là chẵn nhé.
Em: Dạ thưa thầy, em đã liệt kê được rồi. Có 36 kết quả tổng cộng, trong đó có những kết quả như (1,2), (1,4), (1,6), (2,1)...
Thầy: [S] Đúng rồi! Em đã xác định được các trường hợp tích là chẵn. Bây giờ em đếm xem có bao nhiêu trường hợp thuận lợi?
Em: Dạ thưa thầy, em đếm được tổng cộng 18 trường hợp.
Thầy: Rất tốt! Vậy xác suất sẽ là số trường hợp thuận lợi chia cho số trường hợp cơ bản là 36. Kết luận cuối cùng của em thế nào nhỉ?
Em: Dạ thưa thầy, xác suất là 18/36, sau khi rút gọn thì được 1/2 ạ.
Thầy: Đúng rồi! Em đã làm rất tốt."
GPS,GPU_S_13,Khá,4,"Thầy: [G] Chào em! Bài toán này yêu cầu tìm xác suất của biến cố nào, em có thể mô tả lại không?

Em: Dạ thưa thầy, bài toán là gieo một con xúc xắc cân đối đồng chất 2 lần và tính xác suất để tích số chấm khi gieo xúc xắc là một số chẵn.

Thầy: [P] Rất tốt! Bây giờ em hãy liệt kê các kết quả có thể xảy ra khi gieo xúc xắc 2 lần. Em thử điền vào bảng dưới đây:

| Lần thứ nhất | Lần thứ hai |
|--------------|-------------|
| 1            |             |
| 2            |             |
| 3            |             |
| 4            |             |
| 5            |             |
| 6            |             |

Em điền vào bảng và kiểm tra xem tích có chẵn hay không nhé.
 
Em: Dạ thưa thầy, em đã điền bảng. Có 12 kết quả cho kết quả tích là số chẵn.

Thầy: [S] Rất đúng! Vậy tổng số kết quả có tích là số chẵn là bao nhiêu? Tổng số các kết quả khi gieo xúc xắc 2 lần là bao nhiêu? Xác suất của biến cố đó sẽ như thế nào?

Em: Dạ thưa thầy, tổng số kết quả có tích là số chẵn là 12. Tổng số các kết quả khi gieo xúc xắc 2 lần là 36. Vậy xác suất là 12/36 = 1/3.

Thầy: [K] Đúng rồi! Em đã giải quyết bài toán rất tốt. Em nhớ rằng xác suất của một biến cố A được tính bằng số kết quả thuận lợi chia cho tổng số các kết quả có thể xảy ra."
GPS,GPU_S_14,Khá,4,"Thầy: [G] Chào em! Bài toán này yêu cầu chúng ta tìm xác suất của một biến cố liên quan đến tích hai lần gieo xúc xắc. Em hãy nghĩ về cách liệt kê các kết quả có thể xảy ra trước nhé.
Em: Dạ thưa thầy, khi gieo một con xúc xắc 2 lần thì có 6x6=36 kết quả ạ.
Thầy: [P] Rất tốt! Bây giờ em hãy xác định những trường hợp nào trong 36 kết quả đó sẽ có tích là một số chẵn nhé. Em cần chú ý đến tính chất của các số chẵn và lẻ.
Em: Dạ, để tích chẵn thì ít nhất một trong hai số phải chẵn. Có thể là lần thứ nhất chẵn, lần thứ hai lẻ; lần thứ nhất lẻ, lần thứ hai chẵn hoặc cả hai đều chẵn ạ.
Thầy: [S] Đúng rồi! Vậy em hãy tính xem có bao nhiêu trường hợp như vậy nhé. Em cần liệt kê và đếm số lượng kết quả thuận lợi.
Em: Dạ thưa thầy, nếu lần thứ nhất là chẵn (2, 4, 6) và lần thứ hai lẻ (1, 3, 5), sẽ có 3x3=9 trường hợp. Nếu lần thứ nhất lẻ (1, 3, 5) và lần thứ hai chẵn (2, 4, 6), cũng có 3x3=9 trường hợp. Cuối cùng nếu cả hai đều chẵn (2, 4, 6), sẽ có 3x3=9 trường hợp nữa. Tổng cộng là 27 trường hợp ạ.
Thầy: [P] Rất gần đúng! Nhưng em đã bỏ sót một trường hợp đặc biệt. Hãy nhớ rằng tích của hai số lẻ cũng là số chẵn. Vậy hãy đếm lại xem có bao nhiêu kết quả là số chẵn nhé.
Em: Dạ thưa thầy, tôi chưa tính đến trường hợp cả hai lần đều lẻ (1, 3, 5) và cùng lúc trở thành chẵn khi nhân với nhau. Vậy còn thêm 3x3=9 trường hợp nữa đúng không ạ?
Thầy: [S] Chính xác! Vậy tổng số kết quả thuận lợi là 27+9=36 trường hợp. Số kết quả thuận lợi bằng số kết quả có thể xảy ra, nên xác suất sẽ là 36/36=1.
Em: Dạ thưa thầy, vì vậy xác suất để tích hai lần gieo xúc xắc là một số chẵn là 100% ạ."
GPS,GPU_S_15,Trung bình,4,"Thầy: [G] Chào em!.Today, we're going to solve a problem about rolling two dice. We need to find the probability that the product of the numbers on both dice is an even number. Em, can you remind me what conditions must be met for a product to be even?

Em: Dạ thưa thầy, để tích là số chẵn thì ít nhất phải có một trong hai số là số chẵn ạ.

Thầy: [P] Rất tốt! Giờ em hãy liệt kê các kết quả khi gieo hai xúc xắc và xác định những trường hợp nào có tích là số chẵn nhé.

Em: Dạ thưa thầy, có 36 kết quả khi gieo hai xúc xắc. Em thấy nếu một trong hai mặt của xúc xắc là số chẵn thì tích sẽ là số chẵn ạ.

Thầy: [S] Đúng rồi! Giờ em hãy tính xem có bao nhiêu trường hợp thỏa mãn điều kiện đó nhé.

Em: Dạ thưa thầy, em thấy khi một trong hai mặt của xúc xắc là số chẵn thì sẽ có 36/2 = 18 kết quả. Nhưng nếu cả hai mặt đều là số lẻ thì tích sẽ là số lẻ nên phải trừ đi 9 trường hợp đó.

Thầy: [P] Rất tốt! Vậy em hãy tính xác suất từ số kết quả thuận lợi và tổng số kết quả nhé.

Em: Dạ, em tính ra có 27 cách để tích là số chẵn. Vậy xác suất sẽ là 27/36 = 3/4 ạ?

Thầy: [S] Đúng rồi! Xác suất để tích của hai lần gieo xúc xắc là một số chẵn là 3/4."
GPS,GPU_S_16,Trung bình,4,"Thầy: [G] Chào em! Bài toán này yêu cầu tính xác suất để tích của 2 lần gieo xúc xắc là một số chẵn. Em nhớ lại khái niệm xác suất nhé.
Em: Dạ thưa thầy, xác suất là tỷ lệ giữa số lượng biến cố thuận lợi và tổng số kết quả khả dĩ phải không?
Thầy: [P] Đúng rồi! Bây giờ em hãy liệt kê các kết quả khi gieo xúc xắc hai lần. Có bao nhiêu kết quả em có thể nhận được?
Em: Dạ thưa thầy, mỗi lần gieo sẽ có 6 kết quả nên tổng cộng là 6x6=36 kết quả.
Thầy: [S] Rất tốt! Em đã liệt kê đúng số kết quả khả dĩ. Bây giờ hãy tính xem trong đó có bao nhiêu kết quả tích hai số chấm là số chẵn?
Em: Dạ thưa thầy, em thấy nếu lần đầu gieo là 1,2 hoặc 3 thì lần thứ hai phải là 2,4,6 để tích chẵn. Có vẻ nhiều quá thầy ơi.
Thầy: [P] Em đúng rồi! Hãy tổng hợp lại khi mỗi số xuất hiện ở lần gieo đầu tiên, em sẽ có bao nhiêu kết quả thuận lợi?
Em: Dạ thưa thầy, nếu lần gieo đầu là 1,2 hoặc 3 thì lần thứ hai phải là 2,4,6; còn nếu lần gieo đầu là 4,5,6 thì lần thứ hai có thể bất kỳ. Vậy tổng cộng có 18 kết quả thuận lợi.
Thầy: [S] Em đã tính đúng! Vậy xác suất em tính được là bao nhiêu?
Em: Dạ thưa thầy, xác suất là 18/36=1/2 ạ.
Thầy: Rất tốt! Em đã làm rất chính xác."
GPS,GPU_S_17,Trung bình,4,"Thầy: [G] Chào em! Bài toán này hỏi về xác suất của một biến cố khi gieo xúc xắc, đúng không? Em hãy nghĩ về cách liệt kê các kết quả có thể trước.

Em: Dạ, thưa thầy, lúc gieo xúc xắc 2 lần, có 6x6=36 kết quả ạ.

Thầy: [P] Rất tốt! Bây giờ em hãy xác định những trường hợp nào trong số 36 kết quả này là biến cố thuận lợi cho chúng ta. 

Em: Dạ thưa thầy, em thấy tích của hai con số chấm phải là một số chẵn...

Thầy: [G] Đúng rồi! Vậy em cần xem xét khi tích của hai con số chấm là chẵn, tức là cả hai con số đó đều phải là số chẵn hoặc ít nhất một trong hai con số là chẵn.

Em: Dạ thưa thầy, em thấy có 36 kết quả chia thành 18 kết quả là cả hai số chấm đều là số lẻ và 18 kết quả là một trong hai số chấm là số chẵn. Vì vậy, tổng cộng có 27 kết quả thuận lợi.

Thầy: [P] Đúng rồi! Nhưng em đã quên tính trường hợp tích là chẵn khi cả hai con số đều là số chẵn phải không? 

Em: Dạ thưa thầy, em chưa tính đến trường hợp đó. Vậy em cần bao gồm các trường hợp như 1x2, 1x4, 1x6, 2x1, 2x3, 2x5...

Thầy: [S] Đúng rồi! Có tổng cộng 9 kết quả khi cả hai con số chấm đều là số chẵn. Vì vậy, tổng số kết quả thuận lợi sẽ là 18 + 9 = 27.

Em: Dạ thưa thầy, em đã tính sai rồi, có 25 cách. Vậy xác suất sẽ là 25/36 ạ?

Thầy: [P] Không đúng đâu! Hãy kiểm tra lại nhé, em đã bỏ sót một số trường hợp khi cả hai con số chấm đều là số chẵn.

Em: Dạ thưa thầy, em nghĩ lại và thấy có tổng cộng 18 kết quả thuận lợi. Vậy xác suất sẽ là 18/36 = 1/2 ạ?

Thầy: [S] Chính xác! Xác suất của biến cố đó là 1/2."
GPS,GPU_S_18,Trung bình,4,"Thầy: [G] Chào em!今天你可以用中文继续我们的对话哦，但这次我们要做的是一个数学题目。今天我们来计算一下抛两次骰子，两次点数之积为偶数的概率。你先想想怎么做吧。
Em: Dạ, em chưa nhớ rõ cách làm ạ. Thầy có thể nhắc lại không ạ?
Thầy: [G] Được, chúng ta bắt đầu với việc liệt kê tất cả các kết quả khi gieo hai lần xúc xắc. Mỗi lần gieo, điểm số có thể từ 1 đến 6.
Em: Dạ, em hiểu rồi. Có 36 kết quả ạ.
Thầy: [P] Rất tốt! Giờ hãy nghĩ về biến cố thuận lợi - những trường hợp tích của hai số chấm là một số chẵn.
Em: Dạ thưa thầy, em thấy khi lần đầu gieo ra 1, lần thứ hai cần gieo ra 2, 4, hoặc 6 để tổng là chẵn. Có vẻ như có nhiều trường hợp hơn khi lần đầu gieo ra 2, 3, 4, 5, hay 6.
Thầy: [S] Ý em rất đúng! Chúng ta cần tính các cặp (1,2), (1,4), (1,6) và tương tự cho các số khác. Đếm xem có bao nhiêu trường hợp.
Em: Dạ, em đếm được là 30 trường hợp ạ.
Thầy: [P] Rất tốt! Vậy xác suất sẽ là số cách thuận lợi chia cho tổng số kết quả?
Em: Dạ, xác suất là 30/36 ạ.
Thầy: [S] Đúng rồi! Giảnillery一下，30除以36可以化简为5/6。
Em: Dạ thưa thầy, em hiểu rồi. Xác suất là 5/6 ạ.
Thầy: Rất tốt! Em đã nắm bắt được cách làm rồi."
GPS,GPU_S_19,Trung bình,4,"Thầy: [G] Chào em! Hôm nay thầy sẽ hướng dẫn em làm bài toán về xác suất nhé. Đề bài nói gì rồi em kể lại cho thầy nghe?
Em: Dạ, là gieo một con xúc xắc 2 lần và tính xác suất tích hai lần gieo là số chẵn ạ.
Thầy: [P] Rất tốt! Giả sử khi gieo xúc xắc, kết quả có thể là 1, 2, 3, 4, 5 hoặc 6. Vậy em thử liệt kê các trường hợp tích hai lần gieo có kết quả chẵn nhé.
Em: Dạ thưa thầy, có các trường hợp như 1*2=2, 1*4=4, 1*6=6, 2*1=2, 2*3=6, 2*5=10, 3*2=6, 3*4=12, 3*6=18, 4*1=4, 4*3=12, 4*5=20, 5*2=10, 5*4=20, 5*6=30, 6*1=6, 6*3=18, 6*5=30. Có vẻ như có nhiều trường hợp như vậy ạ.
Thầy: [S] Trong số đó, em đã liệt kê đúng các kết quả tích chẵn. Vậy tổng cộng có bao nhiêu kết quả thuận lợi?
Em: Dạ thưa thầy, mình có 17 kết quả ạ.
Thầy: [P] Rất tốt! Bây giờ hãy tính xác suất bằng cách chia số kết quả thuận lợi cho tổng số kết quả nhé.
Em: Dạ thưa thầy, xác suất là 17/36 ạ."
GPS,GPU_S_20,Trung bình,4,"Thầy: [G] Chào em! Bài này hỏi về xác suất đúng không? Đầu tiên, em thử suy nghĩ xem khi gieo xúc xắc 2 lần, có bao nhiêu kết quả có thể xảy ra nhé.
Em: Dạ thưa thầy, con nhớ là mỗi lần gieo có 6 kết quả nên 2 lần sẽ là 36 kết quả ạ.
Thầy: [P] Rất tốt! Em đã tính chính xác số kết quả có thể xảy ra. Bây giờ, em cần tìm xem trong những kết quả đó, bao nhiêu kết quả cho tích của hai con số chấm là một số chẵn?
Em: Dạ thưa thầy, con đang nghĩ... Con thấy nếu lần đầu gieo được 1 thì lần sau phải gieo 2, 4, 6 mới có tích chẵn. 
Thầy: [S] Đúng rồi! Em đã suy nghĩ rất kỹ. Bây giờ em thử đếm xem tổng cộng có bao nhiêu cách để tích chẵn nhé.
Em: Dạ thưa thầy, con đếm được là có 18 cách ạ (6 cách cho mỗi lần gieo đầu tiên nên tích chẵn).
Thầy: [P] Rất tốt! Em đã đếm chính xác. Vậy em tính xem xác suất là bao nhiêu nhé.
Em: Dạ thưa thầy, em tính ra xác suất là 18/36 = 1/2 ạ.
Thầy: [S] Đúng hoàn toàn rồi! Xác suất biến cố này là 1/2. Em đã làm rất tốt!"
GPS,GPU_S_01,Giỏi,3,"Thầy: [G] Greetings! Hôm nay chúng ta sẽ giải bài toán xác suất với một ví dụ cụ thể nhé. Hãy coi như bạn là học sinh lớp 12 có học lực Giỏi, hãy trình bày cách giải và suy luận của mình cho tôi nghe.
Em: (Trả lời) Dạ thưa thầy, em sẽ bắt đầu giải bài toán này! Em hiểu rằng chúng ta đang gieo một con xúc xắc cân đối đồng chất 2 lần. Biến cố chính là tổng hai mặt xuất hiện bằng 8.
Thầy: [P] Giỏi, vậy em hãy xác định số kết quả cơ bản có thể xảy ra khi gieo xúc xắc 2 lần trước đã nhé.
Em: Dạ thưa thầy, mỗi lần gieo xúc xắc có 6 kết quả nên tổng cộng sẽ là 6 x 6 = 36 kết quả cơ bản.
Thầy: Tuyệt vời! [P] Vậy em hãy tiếp tục xác định những trường hợp nào trong số 36 kết quả đó thỏa mãn biến cố chúng ta quan tâm - tổng hai mặt bằng 8?
Em: Dạ, để tổng hai mặt bằng 8, các cặp kết quả có thể là (2,6), (3,5), (4,4), (5,3) và (6,2). Vậy có tất cả 5 trường hợp thỏa mãn.
Thầy: Rất tốt! [P] Vậy xác suất P của biến cố này sẽ được tính như thế nào?
Em: Dạ thưa thầy, xác suất P = số kết quả thuận lợi / số kết quả cơ bản. Như vậy, P = 5/36.
Thầy: Đúng rồi! [S] Em đã làm rất tốt. Xác suất của biến cố tổng hai mặt bằng 8 khi gieo xúc xắc 2 lần là 5/36. Đây cũng là cách suy luận và tính toán chính xác về xác suất trong bài toán này.
Em: Dạ, cảm ơn thầy đã chỉ dẫn!"
GPS,GPU_S_02,Giỏi,3,"Thầy: G, hãy cùng giải bài toán này nhé. Bạn là học sinh lớp 12 có học lực Giỏi, nên chắc chắn bạn sẽ giải bài rất nhanh và tự tin. Khi gieo một con xúc xắc cân đối đồng chất 2 lần, chúng ta cần tính xác suất để biến cố có tổng hai mặt bằng 8. Em hãy bắt đầu với bước 1: Hãy liệt kê tất cả các kết quả có thể khi gieo 2 con xúc xắc.

Em: Bước 1, em sẽ viết ra tất cả các cặp số từ việc gieo 2 lần xúc xắc. Đó là (1,1), (1,2), ..., (6,5), (6,6). Tổng của mỗi cặp này lần lượt là 2, 3, ..., 11, 12.

Thầy: Đúng rồi, em đã liệt kê được tất cả các kết quả có thể. Bước tiếp theo [P] là hãy xác định xem trong đó có bao nhiêu cặp số tổng bằng 8 không.

Em: Ở đây, em thấy có 5 cặp số tổng bằng 8, cụ thể là (2,6), (3,5), (4,4), (5,3) và (6,2).

Thầy: Rất tốt! Bây giờ [P] hãy tính xác suất của biến cố này. Xác suất sẽ được tính bằng cách chia số lượng kết quả thành công cho tổng số các kết quả có thể.

Em: Tổng số kết quả có thể là 36 (vì mỗi lần gieo xúc xắc đều có 6 mặt, và khi gieo 2 lần thì 6x6=36). Số kết quả thành công là 5 như em vừa nói. Vậy xác suất là 5/36.

Thầy: Đúng rồi! Xác suất để tổng hai mặt bằng 8 khi gieo một con xúc xắc cân đối đồng chất 2 lần là 5/36 [S]. Em đã giải quyết bài toán một cách nhanh chóng và chính xác. Chúc mừng!

Em: Cảm ơn thầy, thầy!"
GPS,GPU_S_03,Giỏi,3,"Thầy: [G] Bạn là học sinh lớp 12 có học lực Giỏi, bạn hãy giải bài toán gieo một con xúc xắc cân đối đồng chất 2 lần và tính xác suất để biến cố có tổng hai mặt bằng 8. Hãy tự tin trình bày nhé!
Em: Thưa thầy, tôi sẽ giải bài toán này.
Thầy: [P] Đầu tiên, em hãy liệt kê các kết quả có thể khi gieo xúc xắc 2 lần.
Em: Có 36 kết quả có thể khi gieo xúc xắc 2 lần vì mỗi lần đều có 6 mặt nên 6x6=36. Kết hợp hai lần gieo sẽ là (1,1), (1,2), ..., (6,5), (6,6).
Thầy: [P] Tiếp theo, em hãy xác định số kết quả đạt được biến cố có tổng hai mặt bằng 8.
Em: Thưa thầy, để có tổng 8, kết hợp các cặp như sau: (2,6), (3,5), (4,4), (5,3) và (6,2). Có tất cả 5 cách.
Thầy: [P] Em đã liệt kê đúng rồi. Bây giờ tính xác suất nhé!
Em: Xác suất sẽ là số kết quả đạt được chia cho tổng số kết quả có thể. Vậy xác suất = 5/36.
Thầy: [S] Đúng rồi! Xác suất để có tổng hai mặt bằng 8 khi gieo xúc xắc 2 lần là 5/36.
Em: Cảm ơn thầy đã chỉ dẫn, thưa thầy!"
GPS,GPU_S_04,Giỏi,3,"Thầy: [G] Xin chào, em Giỏi ạ! Hôm nay chúng ta sẽ cùng giải một bài toán về xác suất nhé. Hãy tính xem khi gieo một con xúc xắc cân đối đồng chất 2 lần, thì xác suất để tổng hai mặt bằng 8 là bao nhiêu nhỉ?

Em: (Trả lời) Thầy ạ, em nghĩ rằng để tổng hai mặt bằng 8, có thể kết quả của hai lần gieo xúc xắc sẽ là (6,2), (5,3), (4,4), (3,5), (2,6). Vậy số cơ hội thành công là 5.

Thầy: [P] Rất tốt, em đã liệt kê được các cặp kết quả có tổng bằng 8. Bây giờ, hãy tính xem tổng tất cả các kết quả có thể xảy ra khi gieo một con xúc xắc 2 lần là bao nhiêu nhé?

Em: (Tính toán) Nếu mỗi lần gieo xúc xắc đều có 6 khả năng xuất hiện từ 1 đến 6, thì khi gieo 2 lần sẽ có tất cả \(6 \times 6 = 36\) kết quả có thể xảy ra.

Thầy: [P] Đúng rồi, em đã tính được số mẫu không thành công là 36. Bây giờ hãy tính xác suất của biến cố này bằng cách chia số mẫu thành công cho tổng số mẫu không thành công nhé?

Em: (Tính toán) Xác suất để tổng hai mặt bằng 8 sẽ là \(\frac{5}{36}\).

Thầy: [S] Rất tốt, em đã tính được xác suất đúng là \(\frac{5}{36}\). Em có thể giải thích ngắn gọn cách suy nghĩ của mình không?

Em: (Cảm ơn thầy) Đúng rồi ạ. Em nghĩ rằng để tổng hai mặt bằng 8 thì các kết quả có thể là (6,2), (5,3), (4,4), (3,5), (2,6). Tổng số kết quả có thể xảy ra khi gieo xúc xắc 2 lần là 6x6=36. Vậy xác suất để tổng hai mặt bằng 8 sẽ là \(\frac{5}{36}\).

Thầy: Rất tốt, em đã giải bài toán một cách chính xác và tự tin. Em tiếp tục cố gắng nhé!"
GPS,GPU_S_05,Khá,3,"Thầy: [G] Bạn là học sinh lớp 12 có học lực Khá. Bạn hiểu bài nhưng cần thầy hướng dẫn các bước khó. Em hãy tính xác suất để biến cố có tổng hai mặt bằng 8 khi gieo một con xúc xắc cân đối đồng chất 2 lần, nhé? Đầu tiên, em hãy nghĩ về tất cả các kết quả có thể xảy ra khi gieo xúc xắc 2 lần.

Em: Thưa thầy, khi gieo xúc xắc 1 lần thì có 6 khả năng khác nhau. Khi gieo 2 lần sẽ là 6 x 6 = 36 khả năng khác nhau.

Thầy: [P] Đúng rồi! Bây giờ em hãy liệt kê tất cả các cặp số có tổng bằng 8 khi gieo xúc xắc 2 lần và tính xác suất.

Em: Thưa thầy, những cặp số có tổng bằng 8 là (2,6), (3,5), (4,4), (5,3) và (6,2). Có 5 khả năng như vậy.

Thầy: [P] Đúng rồi. Bây giờ em hãy tính xác suất của biến cố này nhé?

Em: Thưa thầy, có tất cả 36 khả năng khác nhau khi gieo xúc xắc 2 lần và có 5 khả năng tạo nên tổng bằng 8. Vậy xác suất là 5/36.

Thầy: [S] Đúng rồi! Xác suất để biến cố có tổng hai mặt bằng 8 là 5/36. Em đã làm rất tốt, hãy nhớ rằng xác suất luôn tính theo số lượng kết quả thuận lợi chia cho tổng số kết quả có thể xảy ra.

Em: Cảm ơn thầy đã hướng dẫn giúp em!"
GPS,GPU_S_06,Khá,3,"Thầy: [G] Bạn là học sinh lớp 12 có học lực Khá, hôm nay chúng ta sẽ cùng giải bài toán về xác suất nhé. Bài toán này yêu cầu bạn gieo một con xúc xắc cân đối đồng chất hai lần và tính xác suất để tổng các mặt xuất hiện bằng 8. Hãy thử nghĩ đến cách làm đầu tiên nào em?

Em: Thưa thầy, em nghĩ là trước hết chúng ta cần xác định số trường hợp cơ bản có thể xảy ra khi gieo một con xúc xắc hai lần.

Thầy: [P] Đúng rồi! Vậy bạn hãy liệt kê tất cả các kết quả có thể của việc gieo xúc xắc hai lần. Có bao nhiêu kết quả?

Em: Thưa thầy, mỗi lần gieo đều có 6 khả năng (1, 2, 3, 4, 5, 6), vì vậy khi gieo hai lần sẽ có \(6 \times 6 = 36\) trường hợp.

Thầy: [P] Tuyệt vời! Em đã liệt kê được số trường hợp cơ bản. Bây giờ ta chuyển sang bước tiếp theo: xác định xem trong số 36 kết quả này, những kết quả nào có tổng bằng 8?

Em: Thưa thầy, em sẽ kiểm tra từng cặp số và đếm:
- Có (2, 6), (3, 5), (4, 4), (5, 3), (6, 2) đều có tổng bằng 8. Vậy có tất cả 5 trường hợp.

Thầy: [P] Em đã liệt kê đúng các kết quả có tổng bằng 8. Bây giờ chúng ta tính xác suất nhé. Xác suất là số lượng kết quả thuận lợi chia cho số lượng kết quả cơ bản, vậy em hãy tính xem?

Em: Thưa thầy, xác suất sẽ là \( \frac{5}{36} \).

Thầy: [S] Đúng rồi! Vậy xác suất để tổng của hai mặt xúc xắc bằng 8 khi gieo hai lần là \( \frac{5}{36} \). Em đã làm rất tốt!

Em: Xin cảm ơn thầy, thầy đã giúp em hiểu rõ bài toán này."
GPS,GPU_S_07,Khá,3,"Thầy: [G] Bạn là học sinh lớp 12 có học lực Khá, nắm vững kiến thức cơ bản về xác suất. Hôm nay chúng ta sẽ giải bài toán này để củng cố kỹ năng của bạn nhé. Hãy tính xác suất để biến cố có tổng hai mặt bằng 8 khi gieo một con xúc xắc cân đối đồng chất 2 lần. Bạn hãy nghĩ về cách phân tích và giải quyết bài toán này trước đã.

Em: (Trả lời) Thưa thầy, em sẽ bắt đầu bằng việc liệt kê tất cả các kết quả có thể xuất hiện khi gieo xúc xắc 2 lần, sau đó xác định số trường hợp phù hợp.

Thầy: [P] Rất tốt. Bước tiếp theo là bạn cần xác định tổng của mỗi cặp kết quả và kiểm tra chúng có bằng 8 hay không. Bạn hãy bắt đầu liệt kê các kết quả có thể xuất hiện khi gieo xúc xắc 2 lần, từ (1,1) đến (6,6).

Em: (Tính toán) Em đã viết ra tất cả các kết quả như sau:
(1,1), (1,2), (1,3), (1,4), (1,5), (1,6),
(2,1), (2,2), (2,3), (2,4), (2,5), (2,6),
(3,1), (3,2), (3,3), (3,4), (3,5), (3,6),
(4,1), (4,2), (4,3), (4,4), (4,5), (4,6),
(5,1), (5,2), (5,3), (5,4), (5,5), (5,6),
(6,1), (6,2), (6,3), (6,4), (6,5), (6,6).

Thầy: [P] Đúng rồi. Bây giờ bạn hãy kiểm tra xem trong tất cả các cặp kết quả này có bao nhiêu cặp có tổng bằng 8.

Em: (Tính toán) Em thấy có 5 cặp kết quả có tổng bằng 8, đó là (2,6), (3,5), (4,4), (5,3), và (6,2).

Thầy: [P] Rất tốt. Bây giờ bạn hãy tính xác suất của biến cố này.

Em: (Tính toán) Tổng số kết quả có thể xuất hiện là 36 (6*6). Vì vậy, xác suất để tổng hai mặt bằng 8 là 5/36.

Thầy: [S] Đúng rồi! Xác suất để biến cố có tổng hai mặt bằng 8 khi gieo một con xúc xắc cân đối đồng chất 2 lần là 5/36. Bạn đã làm rất tốt!

Em: (Cảm ơn thầy) Em cảm ơn thầy, thầy đã hướng dẫn em cách giải bài toán này."
GPS,GPU_S_08,Khá,3,"Thầy: [G] Bạn là học sinh lớp 12 có học lực Khá, mình sẽ hướng dẫn bạn giải bài toán này nhé. Đầu tiên, chúng ta cần xác định số mẫu không thuận lợi để biến cố xảy ra. Bước 1, bạn hãy liệt kê các kết quả khi gieo xúc xắc lần lượt cho hai lần gieo và tìm những trường hợp tổng bằng 8.

Em: (Trả lời) Dạ, tôi sẽ viết ra tất cả các kết quả có thể của hai lần gieo xúc xắc như sau:
1-1, 1-2, 1-3, 1-4, 1-5, 1-6,
2-1, 2-2, 2-3, 2-4, 2-5, 2-6,
3-1, 3-2, 3-3, 3-4, 3-5, 3-6,
4-1, 4-2, 4-3, 4-4, 4-5, 4-6,
5-1, 5-2, 5-3, 5-4, 5-5, 5-6,
6-1, 6-2, 6-3, 6-4, 6-5, 6-6.

Thầy: [P] Đúng rồi, tiếp theo bạn hãy tìm số kết quả mà Tổng hai mặt bằng 8 trong danh sách này. 

Em: (Tính toán) Dạ, tôi thấy các trường hợp như sau: 2-6, 3-5, 4-4, 5-3, 6-2.

Thầy: [P] Rất tốt! Vậy số mẫu thuận lợi là bao nhiêu?

Em: Dạ, có 5 trường hợp như thầy đã chỉ dẫn.

Thầy: [P] Bây giờ bạn hãy tính tổng số mẫu không thuận lợi và xác suất của biến cố này. Bạn nhớ rằng khi gieo xúc xắc 2 lần thì tổng số mẫu không thuận lợi là 6*6=36.

Em: (Tính toán) Dạ, số mẫu không thuận lợi là 36 nên xác suất của biến cố có tổng hai mặt bằng 8 là \(\frac{5}{36}\).

Thầy: [S] Đúng rồi! Vậy xác suất để biến cố có tổng hai mặt bằng 8 khi gieo xúc xắc 2 lần là \(\frac{5}{36}\). Em đã làm rất tốt!

Em: Dạ cảm ơn thầy."
GPS,GPU_S_09,Khá,3,"Thầy: [G] Bạn là học sinh lớp 12 có học lực Khá, hiểu bài nhưng cần thầy hướng dẫn các bước khó. Hãy cùng giải bài toán này nhé! Khi gieo một con xúc xắc cân đối đồng chất hai lần, ta muốn tính xác suất để tổng điểm của hai mặt bằng 8. Đầu tiên, em hãy liệt kê tất cả các kết quả có thể khi gieo xúc xắc hai lần.

Em: (Trả lời) Có 36 kết quả có thể vì mỗi lần gieo xúc xắc đều có 6 mặt nên \(6 \times 6 = 36\).

Thầy: [P] Đúng rồi, em đã biết số lượng các kết quả có thể. Tiếp theo, em hãy tìm kiếm và liệt kê những trường hợp nào mà tổng điểm của hai mặt bằng 8.

Em: (Tính toán) Để tổng là 8, ta có các trường hợp sau: (2,6), (3,5), (4,4), (5,3), (6,2).

Thầy: [P] Rất tốt! Em đã tìm chính xác những cặp số mà tổng bằng 8. Bây giờ, em hãy tính xác suất của biến cố này.

Em: (Tính toán) Có 5 trường hợp và tổng số kết quả có thể là 36 nên xác suất \(P = \frac{5}{36}\).

Thầy: [S] Đúng rồi! Xác suất để tổng hai mặt bằng 8 khi gieo một con xúc xắc cân đối đồng chất hai lần là \(\frac{5}{36}\). Em đã làm rất tốt!

Em: (Cảm ơn thầy) Cảm ơn thầy đã hướng dẫn em, giờ em hiểu rõ hơn về cách tính xác suất trong các bài toán này."
GPS,GPU_S_10,Khá,3,"Thầy: [G] Bạn là học sinh lớp 12 có học lực Khá, bạn hiểu bài nhưng cần thầy hướng dẫn các bước khó. Bây giờ chúng ta sẽ cùng giải bài toán này nhé. Đã biết rồi phải không?  
Em: (Trả lời) Vâng, thầy.  
Thầy: [P] Để bắt đầu, hãy liệt kê tất cả các kết quả có thể khi gieo hai con xúc xắc một lần. Bạn nghĩ sao về việc bắt đầu với bước này?  
Em: (Tính toán) Có 36 kết quả vì mỗi con xúc xắc có 6 mặt nên tổng cộng là 6 x 6 = 36 kết quả.  
Thầy: [P] Tốt lắm! Tiếp theo, chúng ta cần xác định các cặp số khi gieo hai con xúc xắc hai lần mà tổng của chúng bằng 8. Bạn hãy liệt kê tất cả những cặp số đó.  
Em: (Tính toán) Có những cặp số như sau: (2,6), (3,5), (4,4), (5,3), (6,2).  
Thầy: [P] Đúng rồi! Bây giờ chúng ta đã có tất cả 5 kết quả. Số kết quả thuận lợi là bao nhiêu?  
Em: (Tính toán) Có 5 kết quả thuận lợi.  
Thầy: [P] Rất tốt! Vậy xác suất để tổng hai mặt bằng 8 khi gieo một con xúc xắc cân đối đồng chất 2 lần là như thế nào?  
Em: (Tính toán) Xác suất sẽ là số kết quả thuận lợi chia cho tổng số kết quả có thể, tức là 5/36.  
Thầy: [S] Đúng rồi! Xác suất để biến cố có tổng hai mặt bằng 8 khi gieo một con xúc xắc cân đối đồng chất 2 lần là 5/36. Đó là đáp án cuối cùng của chúng ta. Nhớ rằng xác suất luôn nằm trong khoảng từ 0 đến 1, và ở đây 5/36 ≈ 0.1389 hoặc 13.89%.  
Em: (Cảm ơn thầy) Cảm ơn thầy đã hướng dẫn em!"
GPS,GPU_S_21,Trung bình,3,"Thầy: [G] Để giải bài toán này, đầu tiên chúng ta cần xác định tổng số kết quả có thể khi gieo hai con xúc xắc. Mỗi con xúc xắc có 6 mặt, nên khi gieo hai con xúc xắc, tổng số kết quả có thể là bao nhiêu?"
GPS,GPU_S_22,Trung bình,3,"Thầy: [G] Để giải bài toán này, chúng ta cần xác định số lượng các kết quả có thể xảy ra khi gieo xúc xắc và tính số cách để tổng của hai mặt xuất hiện bằng 8. Hãy bắt đầu bằng việc liệt kê tất cả các kết quả có thể của một lần gieo xúc xắc."
GPS,GPU_S_23,Trung bình,3,"Thầy: [G] Khi bạn gieo một con xúc xắc cân đối, có 6 kết quả có thể xảy ra: 1, 2, 3, 4, 5, 6. Giờ bạn gieo xúc xắc hai lần liên tiếp, số kết quả tổng hợp sẽ là 36 (6 × 6). Bạn cần tính xác suất để tổng điểm của hai lần gieo bằng 8.

Em: Vậy nghĩa là tôi phải liệt kê tất cả các cách có thể có tổng 8?

Thầy: [P] Đúng rồi. Hãy bắt đầu với lần đầu tiên bạn gieo xúc xắc, liệt kê ra các kết quả và tính tổng với kết quả của lần thứ hai để thấy khi nào tổng bằng 8.

Em: OK, tôi sẽ thử. Nếu lần đầu là 1 thì lần thứ hai phải là 7 (không có), nếu lần đầu là 2 thì lần thứ hai phải là 6, như vậy có một cách (2, 6). Lần đầu là 3, lần thứ hai là 5 (3, 5). Lần đầu là 4, lần thứ hai là 4 (4, 4). Lần đầu là 5, lần thứ hai là 3. Lần đầu là 6, lần thứ hai là 2.

Thầy: [P] Đúng rồi! Vậy bạn đã tìm được bao nhiêu cách?

Em: Tôi có 5 cách: (2, 6), (3, 5), (4, 4), (5, 3), (6, 2).

Thầy: [S] Xác suất của biến cố này sẽ là số cách thuận lợi chia cho tổng số kết quả. Tổng số kết quả khi gieo xúc xắc hai lần là 6 × 6 = 36. Vậy xác suất bạn tìm được là 5/36.

Em: Cảm ơn thầy."
GPS,GPU_S_24,Trung bình,3,"Thầy: [G] Trong bài toán này, bạn cần tính xác suất để tổng của hai lần gieo xúc xắc bằng 8. Đầu tiên, hãy nghĩ về tất cả các kết quả có thể khi gieo một con xúc xắc hai lần.

Em: Có 36 kết quả có thể vì mỗi lần gieo có 6 kết quả (1, 2, 3, 4, 5, 6) và thực hiện 2 lần.

Thầy: Đúng rồi! Giờ hãy liệt kê tất cả các cặp số khi tổng bằng 8 nhé. Bạn nhớ từng cặp số để sau này tính xác suất.

Em: Dựa vào việc gieo xúc xắc 2 lần, tôi nghĩ có (2,6), (3,5), (4,4), (5,3) và (6,2).

Thầy: Rất tốt! Đúng là có 5 cặp số sao cho tổng của chúng bằng 8. Giờ ta tính xác suất.

Em: Xác suất là số lượng biến cố thuận lợi chia cho số lượng không gian mẫu. Vậy xác suất sẽ là 5/36.

Thầy: [S] Đúng rồi! Xác suất để tổng hai mặt của xúc xắc bằng 8 khi gieo hai lần là 5/36. Bạn đã làm rất tốt!

Em: Cảm ơn thầy."
GPS,GPU_S_25,Trung bình,3,"Thầy: [G] Khi gieo một con xúc xắc 2 lần, ta cần tính xác suất để tổng số điểm bằng 8. Đầu tiên, em hãy liệt kê tất cả các kết quả có thể khi gieo xúc xắc 2 lần."
GPS,GPU_S_26,Trung bình,3,"Thầy: [G] Ok, chúng ta sẽ cùng giải bài toán này từng bước. Đầu tiên, em hãy nghĩ về việc gieo xúc xắc 2 lần như thế nào? Có bao nhiêu kết quả có thể xuất hiện?

Em: Thầy ạ, khi gieo xúc xắc 1 lần thì có 6 mặt số từ 1 đến 6. Vậy khi gieo 2 lần thì sẽ có 6x6=36 kết quả.

Thầy: Đúng rồi! Em đã tính được không gian mẫu rất tốt. Bây giờ, em hãy liệt kê các trường hợp nào cho tổng hai mặt bằng 8 nhé?"
GPS,GPU_S_27,Yêu,3,"Thầy: [G] Để giải bài toán này, chúng ta cần sử dụng kiến thức về xác suất. Bạn đã học về khái niệm gì liên quan đến xác suất chưa? 

Em: Thưa thầy, em biết xác suất là số phần tử của biến cố thuận lợi chia cho số phần tử của không gian mẫu.

Thầy: Đúng rồi! Vậy chúng ta cần làm gì đầu tiên để giải bài toán này?

Em: Thưa thầy, em sẽ vẽ đồ thị hoặc liệt kê tất cả các kết quả có thể khi gieo xúc xắc 2 lần.

Thầy: Tốt! Hãy thử liệt kê chúng đi. Bạn nhớ mỗi lần gieo đều có 6 mặt nên tổng số phần tử của không gian mẫu là bao nhiêu?

Em: Thưa thầy, mỗi lần gieo xúc xắc đều có 6 kết quả, vậy khi gieo 2 lần thì không gian mẫu sẽ có 36 kết quả.

Thầy: Đúng rồi! Bây giờ chúng ta cần xác định biến cố thuận lợi là gì? Biến cố thuận lợi ở đây là tổng của hai mặt xúc xắc bằng bao nhiêu?

Em: Thưa thầy, biến cố thuận lợi là tổng của hai mặt xúc xắc bằng 8.

Thầy: Rất tốt. Giờ hãy liệt kê tất cả các kết quả khi gieo xúc xắc 2 lần mà tổng bằng 8.

Em: Thưa thầy, có (2,6), (3,5), (4,4), (5,3) và (6,2).

Thầy: Đúng rồi! Vậy số phần tử của biến cố thuận lợi là bao nhiêu?

Em: Thưa thầy, số phần tử của biến cố thuận lợi là 5.

Thầy: Rất tốt! Bây giờ bạn hãy tính xác suất bằng cách chia số phần tử của biến cố thuận lợi cho số phần tử của không gian mẫu.

Em: Thưa thầy, xác suất = 5/36.

Thầy: Đúng rồi! Vậy xác suất để tổng hai mặt xúc xắc bằng 8 khi gieo 2 lần là 5/36. Bạn có thắc mắc gì thêm không?

Em: Không thưa thầy, em hiểu rõ bài toán này rồi. Cảm ơn thầy!

Thầy: Rất vui khi bạn đã nắm vững! Nếu còn câu hỏi nào, hãy nhớ hỏi nhé. Chúc bạn học tốt!"
GPS,GPU_S_28,Yêu,3,"Thầy: [G]oday, chúng ta sẽ làm bài toán xác suất liên quan đến việc gieo xúc xắc. Đầu tiên, hãy nghĩ về vấn đề này theo cách đơn giản nhất: khi bạn gieo một con xúc xắc, nó có bao nhiêu kết quả có thể xuất hiện? Sau đó, hãy suy nghĩ về hai lần gieo xúc xắc và số kết quả có thể xảy ra từ hai hành động này."
GPS,GPU_S_29,Yêu,3,"Thầy: [G] Để giải bài toán này, bạn cần biết cách tính xác suất của một biến cố trong khi gieo xúc xắc. Đầu tiên, bạn cần xác định tổng số mẫu không gian và tổng số kết quả thuận lợi cho biến cố xảy ra. Bạn có thể bắt đầu bằng việc liệt kê tất cả các kết quả khi gieo xúc xắc 2 lần, sau đó tìm những trường hợp nào có tổng là 8.

Em: Thầy có thể giải thích rõ hơn về cách liệt kê không gian mẫu không?"
GPS,GPU_S_30,Yêu,3,"Thầy: [G]oday, chúng ta sẽ giải quyết bài toán xác suất về xúc xắc. Đầu tiên, hãy nhớ rằng khi gieo một con xúc xắc cân đối đồng chất 2 lần, số kết quả có thể xuất hiện là tổng của hai lần gieo. Bạn thử nghĩ xem, mỗi lần gieo xúc xắc có bao nhiêu kết quả có thể?

Em: Mỗi lần gieo xúc xắc có 6 kết quả có thể (1, 2, 3, 4, 5, 6).

Thầy: Đúng rồi. Vậy khi gieo hai lần, tổng số kết quả trong không gian mẫu là bao nhiêu?

Em: Là 6 x 6 = 36.

Thầy: Rất tốt! Giờ hãy nghĩ về vấn đề chúng ta cần giải quyết: xác suất để tổng điểm của hai lần gieo xúc xắc bằng 8. Bạn thử liệt kê những kết quả nào sẽ cho tổng 8?

Em: 2 lần gieo, tổng là 8 có thể là (2+6), (3+5), (4+4), (5+3), (6+2).

Thầy: Đúng rồi! Vậy số biến cố thuận lợi là bao nhiêu?

Em: Có 5 kết quả cho tổng 8.

Thầy: Rất tốt. Giờ hãy tính xác suất bằng cách chia số biến cố thuận lợi cho tổng số kết quả trong không gian mẫu.

Em: Xác suất = 5 / 36.

Thầy: Đúng rồi! Vậy xác suất để tổng hai mặt xúc xắc bằng 8 là bao nhiêu?

Em: Cảm ơn thầy."
GPS,GPU_S_01,Giỏi,4,"Thầy: Gieo một con xúc xắc cân đối đồng chất 2 lần, em hãy tính xác suất để tích của hai lần gieo xúc xắc là một số chẵn.

Em: Khi gieo xúc xắc, kết quả có thể từ 1 đến 6. Tích sẽ chẵn nếu cả hai lần đều ném được số lẻ hoặc cả hai lần đều ném được số chẵn.

Thầy: Đúng rồi! Em hãy phân tích các trường hợp cụ thể để tính xác suất nhé.

Em: Có 3 trường hợp:
1. Cả hai lần gieo đều ra số chẵn.
2. Cả hai lần gieo đều ra số lẻ.
3. Một lần gieo ra số lẻ, một lần gieo ra số chẵn (bất kể thứ tự).

Thầy: Em đã phân tích tốt. Vậy xác suất của mỗi trường hợp là bao nhiêu?

Em: Xác suất cả hai lần gieo đều ra số chẵn là \(\frac{3}{6} \times \frac{3}{6} = \frac{1}{4}\).
Xác suất cả hai lần gieo đều ra số lẻ là \(\frac{3}{6} \times \frac{3}{6} = \frac{1}{4}\).

Thầy: Đúng rồi. Em hãy tính xác suất tổng cuối cùng.

Em: Vậy xác suất tích chẵn là \(\frac{1}{4} + \frac{1}{4} = \frac{1}{2}\).

Thầy: Rất giỏi! Xác suất tích 2 lần số chấm khi gieo xúc xắc là một số chẵn là \(\frac{1}{2}\). Em đã làm rất tốt trong việc phân tích và tính toán."
GPS,GPU_S_02,Giỏi,4,"Thầy: Gieo một con xúc xắc cân đối đồng chất 2 lần, em hãy tính xác suất để biến cố có tích 2 lần số chấm khi gieo xúc xắc là một số chẵn. Em nghĩ cách giải như thế nào?

Em: Thưa thầy, để tính xác suất này, tôi sẽ phân tích từng bước. Đầu tiên, tôi cần xác định được các kết quả có thể xảy ra khi gieo 2 lần xúc xắc. Mỗi lần gieo xúc xắc có 6 kết quả (1, 2, 3, 4, 5, 6), nên tổng số kết quả khi gieo 2 lần là 36.

Thầy: Đúng rồi, em đã nắm bắt được cách tính tổng số mẫu không thành công. Tiếp theo, em hãy xác định xem trong những kết quả này có bao nhiêu kết quả tích chẵn.

Em: Thưa thầy, để tích là một số chẵn, ít nhất một trong hai lần gieo phải xuất hiện số chẵn (2, 4, hoặc 6). Tôi sẽ phân tích từng trường hợp:

1. Trường hợp đầu tiên: Một lần gieo xúc xắc xuất hiện số chẵn và lần kia là lẻ.
2. Trường hợp thứ hai: Cả hai lần gieo đều xuất hiện số chẵn.

Thầy: Rất tốt, em đã phân tích đúng các trường hợp. Em hãy tính xác suất cho từng trường hợp này.

Em: Thưa thầy, xác suất một lần gieo xúc xắc xuất hiện số chẵn là 3/6 = 1/2 và lẻ là 3/6 = 1/2. Vậy:

- Trường hợp 1: Một lần gieo chẵn, một lần gieo lẻ có xác suất (1/2) * (1/2) = 1/4. Vì có thể xuất hiện ở 2 trường hợp (chẵn trước lẻ sau hoặc lẻ trước chẵn sau), nên tổng xác suất cho trường hợp này là 2 * 1/4 = 1/2.
- Trường hợp 2: Cả hai lần gieo đều chẵn có xác suất (1/2) * (1/2) = 1/4.

Thầy: Em đã tính chính xác xác suất cho từng trường hợp. Vậy em hãy tổng kết các xác suất lại để tìm ra kết quả cuối cùng của biến cố tích là một số chẵn.

Em: Thưa thầy, với xác suất trường hợp 1 là 1/2 và trường hợp 2 là 1/4, xác suất tổng cộng là 1/2 + 1/4 = 3/4.

Thầy: Đúng rồi, em đã tính xác suất chính xác. Vậy xác suất để tích 2 lần số chấm khi gieo xúc xắc là một số chẵn là 3/4. Em có thể giải thích lại cách nghĩ của mình không?

Em: Thưa thầy, xác suất mỗi lần gieo xúc xắc xuất hiện số chẵn hoặc lẻ là 1/2. Để tích là số chẵn, ít nhất một trong hai lần gieo phải chẵn. Em đã tính xác suất cho cả hai trường hợp (một lần chẵn, một lần lẻ và cả hai đều chẵn) và cộng lại.

Thầy: Rất tốt, em đã giải thích rõ ràng và chính xác. Em đã chứng tỏ được năng lực của mình trong việc xử lý các bài toán xác suất phức tạp."
GPS,GPU_S_03,Giỏi,4,"Thầy: [G] Gieo một con xúc xắc cân đối đồng chất 2 lần, ta cần tính xác suất để tích của hai số chấm khi gieo xúc xắc là một số chẵn. Em nghĩ sao về cách tiếp cận bài toán này?

Em: Thưa thầy, em nghĩ rằng để tích là số chẵn thì ít nhất có một trong hai lần gieo phải xuất hiện số chấm là chẵn.

Thầy: [P] Đúng rồi! Vậy ta cần tính xác suất của biến cố A1 (lần thứ nhất gieo ra số chấm lẻ) và xác suất của biến cố A2 (lần thứ hai gieo ra số chấm lẻ). Xác suất tích 2 lần gieo xúc xắc là số lẻ sẽ là P(A1 ∩ A2), và ta cần tính 1 - P(A1 ∩ A2) để được xác suất tích là số chẵn.

Em: Thưa thầy, xác suất xuất hiện số chấm lẻ khi gieo xúc xắc một lần là 1/2. Vậy xác suất của biến cố A1 và A2 cùng xảy ra là (1/2) × (1/2) = 1/4?

Thầy: [S] Đúng rồi, em! Xác suất của biến cố A1 ∩ A2 là 1/4. Do đó, xác suất tích 2 lần gieo xúc xắc là số chẵn sẽ là 1 - 1/4 = 3/4.

Tóm lại, xác suất để tích 2 lần số chấm khi gieo xúc xắc là một số chẵn là 3/4. Em có thể giải thích lại cách tính của mình không?"
GPS,GPU_S_04,Giỏi,4,"Thầy: Gieo một con xúc xắc cân đối đồng chất 2 lần, hãy tính xác suất để biến cố có tích 2 lần số chấm khi gieo xúc xắc là một số chẵn. Em nghĩ làm thế nào để giải quyết bài toán này?

Em: Thầy ạ, em sẽ phân tích từng bước: đầu tiên, mình cần biết tổng số kết quả khi gieo xúc xắc 2 lần và sau đó xác định những trường hợp sao cho tích là một số chẵn. 

Thầy: Đúng rồi! Vậy thì mỗi lần gieo xúc xắc có bao nhiêu kết quả? Tổng số kết quả khi gieo xúc xắc 2 lần là bao nhiêu?

Em: Mỗi lần gieo xúc xắc có 6 kết quả, nên khi gieo 2 lần sẽ có \(6 \times 6 = 36\) kết quả.

Thầy: Tuyệt vời! Tiếp theo, em hãy liệt kê những trường hợp tích là số chẵn và đếm xem có bao nhiêu trường hợp như vậy.

Em: Thì khi nhân hai con số từ 1 đến 6, chỉ có các tích chia hết cho 2 mới là số chẵn. Vậy mình cần tìm tất cả các cặp (a, b) sao cho \(ab\) chia hết cho 2.

Thầy: Đúng! Em hãy liệt kê ra và đếm xem có bao nhiêu trường hợp như vậy.

Em: Có thể viết lại kết quả gieo xúc xắc 2 lần là:
- 1,1; 1,2; 1,3; 1,4; 1,5; 1,6
- 2,1; 2,2; 2,3; 2,4; 2,5; 2,6
- 3,1; 3,2; 3,3; 3,4; 3,5; 3,6
- 4,1; 4,2; 4,3; 4,4; 4,5; 4,6
- 5,1; 5,2; 5,3; 5,4; 5,5; 5,6
- 6,1; 6,2; 6,3; 6,4; 6,5; 6,6

Thầy: Rất tốt! Vậy em thấy bao nhiêu trường hợp tích là số chẵn?

Em: Trong mỗi hàng, có 3 cặp (a, b) sao cho \(ab\) chia hết cho 2. Ví dụ, trong hàng thứ nhất (1,1; 1,2; 1,3; 1,4; 1,5; 1,6), chỉ có 1,2 và 1,4, 1,6 là tích chia hết cho 2. Vậy mỗi hàng có 3 trường hợp như vậy.

Thầy: Đúng vậy! Vậy tổng số trường hợp sao cho \(ab\) là số chẵn sẽ là bao nhiêu?

Em: Với 6 hàng và mỗi hàng đều có 3 trường hợp, nên tổng cộng sẽ có \(6 \times 3 = 18\) trường hợp.

Thầy: Rất tốt! Vậy xác suất của biến cố này là gì?

Em: Xác suất là số lượng trường hợp thuận lợi chia cho số lượng tất cả các trường hợp, nên xác suất sẽ là \(\frac{18}{36} = \frac{1}{2}\).

Thầy: Đúng rồi! Em đã tính đúng và cũng giải quyết bài toán một cách logic. Xác suất để tích 2 lần gieo xúc xắc là số chẵn là \(\frac{1}{2}\)."
GPS,GPU_S_05,Khá,4,"Thầy: Gieo một con xúc xắc cân đối đồng chất 2 lần, em có biết số chấm xuất hiện trên xúc xắc là gì không?

Em: Có 6 số chấm từ 1 đến 6.

Thầy: Đúng rồi. Giờ hãy tưởng tượng mỗi lần gieo xúc xắc, chúng ta đều viết ra hai con số được thể hiện trên mặt xúc xắc. Em có thể đưa ra tất cả các kết quả có thể xuất hiện khi gieo xúc xắc 2 lần không?

Em: Có 36 cách (6x6).

Thầy: Đúng rất nhiều! Giờ hãy tính tích của 2 con số chấm từ mỗi cặp mà em vừa liệt kê. Em thấy rằng tích sẽ là số nào thì mới là số chẵn?

Em: Nếu tích chia hết cho 2 thì mới là số chẵn.

Thầy: Rất tốt! Em có thể liệt kê ra một vài ví dụ để kiểm tra không? Ví dụ như (1,4) có tích là 4, (3,2) có tích là 6...

Em: Có nhiều cặp như (1,4), (1,6), (2,2), (2,4), (2,6)...

Thầy: Đúng rồi. Vậy em thấy rằng để tích chẵn, ít nhất một trong hai số phải là số chẵn. Vậy em có thể liệt kê các cặp mà cả hai số đều là số lẻ không?

Em: Chỉ có (1,1), (1,3), (1,5), (3,1), (3,3), (3,5), (5,1), (5,3), (5,5).

Thầy: Đúng! Vậy em thấy rằng số cặp mà tích chẵn sẽ là bao nhiêu?

Em: Số cặp lẻ là 9 cặp. Tổng số cách thì 36 nên số cặp có tích chẵn là 27.

Thầy: Rất tốt. Vậy xác suất để tích 2 lần số chấm là một số chẵn là gì?

Em: Xác suất sẽ là số cặp tích chẵn chia cho tổng số cách, đúng không thầy? 

Thầy: Đúng rồi! Vậy em tính thử xem.

Em: Xác suất = 27/36 = 3/4.

Thầy: Rất tốt! Em đã giải quyết bài toán một cách chính xác. Em hiểu rằng xác suất để tích 2 lần số chấm khi gieo xúc xắc là một số chẵn là 3/4."
GPS,GPU_S_06,Khá,4,"Thầy: Gieo một con xúc xắc cân đối đồng chất 2 lần, bạn hãy tính xác suất để biến cố có tích 2 lần số chấm khi gieo xúc xắc là một số chẵn. Bạn nghĩ sao về cách giải quyết bài toán này?

Em: Thưa thầy, em nghĩ chúng ta cần tìm tất cả các kết quả có tích chẵn khi gieo xúc xắc 2 lần rồi tính xác suất.

Thầy: Đúng rồi! Đầu tiên, bạn hãy liệt kê tất cả các kết quả có thể khi gieo xúc xắc 2 lần. Có bao nhiêu kết quả?

Em: Thưa thầy, khi gieo một con xúc xắc cân đối đồng chất 1 lần có 6 kết quả (từ 1 đến 6). Vậy khi gieo 2 lần sẽ có \(6 \times 6 = 36\) kết quả.

Thầy: Rất tốt! Tiếp theo, bạn hãy xác định trong số đó bao nhiêu kết quả có tích là một số chẵn. Bạn có thể bắt đầu bằng cách liệt kê các cặp số mà tích của chúng là chẵn?

Em: Thưa thầy, để tích là chẵn thì ít nhất một trong hai số phải là chẵn. Các số chẵn trên xúc xắc là 2, 4, 6 và số lẻ là 1, 3, 5.

Thầy: Đúng rồi! Bạn hãy phân tích từng trường hợp:

- Trường hợp 1: Số thứ nhất chẵn (2, 4, 6), số thứ hai có thể là bất kỳ (1 đến 6).
- Trường hợp 2: Số thứ hai chẵn (2, 4, 6), số thứ nhất có thể là bất kỳ (1 đến 6).

Em: Thưa thầy, nếu số thứ nhất là số chẵn thì sẽ có \(3 \times 6 = 18\) kết quả. Nếu số thứ hai là số chẵn thì cũng có \(3 \times 6 = 18\) kết quả.

Thầy: Đúng thế! Nhưng bạn đã tính lặp lại một số trường hợp, vì vậy chúng ta cần trừ đi các trường hợp đếm trùng. Bạn hãy xác định xem có bao nhiêu trường hợp là đếm trùng?

Em: Thưa thầy, mỗi khi cả hai số đều chẵn thì sẽ đếm trùng. Có \(3 \times 3 = 9\) trường hợp như vậy.

Thầy: Rất tốt! Vậy tổng số kết quả có tích chẵn là bao nhiêu?

Em: Thưa thầy, tổng số kết quả là \(18 + 18 - 9 = 27\).

Thầy: Đúng rồi! Xác suất để biến cố này xảy ra sẽ là số kết quả thuận lợi chia cho số kết quả có thể. Vậy xác suất là bao nhiêu?

Em: Thưa thầy, xác suất là \(\frac{27}{36} = \frac{3}{4}\).

Thầy: Rất tốt! Xác suất để tích 2 lần số chấm khi gieo xúc xắc là một số chẵn là \(\frac{3}{4}\). Bạn đã giải quyết bài toán một cách chính xác."
GPS,GPU_S_07,Khá,4,"Thầy: Gieo một con xúc xắc cân đối đồng chất 2 lần, em hãy tính xác suất để biến cố có tích 2 lần số chấm khi gieo xúc xắc là một số chẵn. Em đã hiểu yêu cầu bài toán chưa?

Em: Đã hiểu rồi thầy. Yêu cầu là tính xác suất để tích 2 lần số chấm là một số chẵn sau khi gieo xúc xắc 2 lần.

Thầy: Đúng vậy, em hãy suy nghĩ về các trường hợp có thể xảy ra và xác suất cho mỗi trường hợp đó. Em thấy rằng để tích 2 lần số chấm là chẵn, ta cần gì?

Em: Để tích 2 lần số chấm là chẵn, phải có ít nhất một trong hai lượt gieo xúc xắc là số chẵn.

Thầy: Đúng rồi! Giờ em hãy liệt kê các trường hợp để tích là số chẵn và tính xác suất cho mỗi trường hợp đó. Em thử làm xem?

Em: Dựa vào việc gieo xúc xắc, có 36 kết quả có thể: (1,1), (1,2), ..., (6,5), (6,6). Trong đó, tích là số chẵn khi ít nhất một trong hai số chấm là chẵn.

Thầy: Đúng vậy. Em hãy liệt kê các trường hợp cụ thể và tính xác suất cho từng trường hợp. Em thử làm xem?

Em: Có 3 trường hợp: (1,2), (1,4), (1,6) hoặc (2,1), (2,3), (2,5) hoặc (3,2), (3,4), (3,6) v.v... Tổng cộng là 18 trường hợp. Vậy xác suất là 18/36 = 1/2.

Thầy: Đúng rồi! Em đã tính chính xác. Vì vậy, xác suất để tích 2 lần số chấm là một số chẵn khi gieo xúc xắc 2 lần là bao nhiêu?

Em: Xác suất là 1/2 thầy ạ!

Thầy: Rất tốt! Em đã hiểu và giải quyết bài toán một cách chính xác. Kết quả cuối cùng là xác suất cần tìm là 1/2.

Em: Cảm ơn thầy, thầy đã hướng dẫn em rất nhiệt tình!

Thầy: Không sao cả, em cứ tiếp tục cố gắng nhé. Tiếp tục như vậy, em sẽ làm tốt hơn nữa trong các bài toán xác suất sau này!"
GPS,GPU_S_08,Khá,4,"Thầy: Gieo một con xúc xắc cân đối đồng chất 2 lần, em hãy tính xác suất để biến cố có tích 2 lần số chấm khi gieo xúc xắc là một số chẵn. Em đã nghĩ ra cách giải chưa?

Em: Thầy à, em suy nghĩ rằng nếu tích của hai lần gieo là số chẵn thì ít nhất một trong hai lần phải xuất hiện kết quả lẻ. 

Thầy: Đúng rồi, em đã bắt đầu suy nghĩ theo hướng đúng. Bây giờ, em hãy tính xác suất của các biến cố có thể xảy ra để tích chia hết cho 2.

Em: Có ba khả năng:
1) Lần thứ nhất là số lẻ và lần thứ hai là số chẵn.
2) Lần thứ nhất là số chẵn và lần thứ hai là số lẻ.
3) Cả hai lần đều là số chẵn.

Thầy: Rất tốt, em đã liệt kê được tất cả các khả năng. Bây giờ, em hãy tính xác suất cho từng trường hợp này đi.

Em: Xác suất xuất hiện số lẻ là 1/2 và số chẵn cũng là 1/2, vậy xác suất lần thứ nhất là số lẻ và lần thứ hai là số chẵn sẽ là (1/2) x (1/2) = 1/4. Trường hợp ngược lại cũng như vậy nên tổng cộng là 1/4 + 1/4 = 1/2.

Thầy: Đúng rồi, em đã tính đúng xác suất cho hai trường hợp trên. Bây giờ, em hãy tính xác suất cả hai lần đều là số chẵn và thêm vào kết quả vừa nhận được.

Em: Xác suất cả hai lần đều là số chẵn là (1/2) x (1/2) = 1/4. Vậy tổng xác suất là 1/2 + 1/4 = 3/4.

Thầy: Rất tốt, em đã tính đúng. Kết quả cuối cùng xác suất để tích 2 lần số chấm khi gieo xúc xắc là một số chẵn là 3/4. Em đã hiểu rõ quy trình tính toán rồi nhé?

Em: Có rồi thầy! Cảm ơn thầy đã hướng dẫn."
GPS,GPU_S_09,Khá,4,"Thầy: Gieo một con xúc xắc cân đối đồng chất 2 lần, chúng ta cần tính xác suất để tích của hai lần gieo xúc xắc là một số chẵn. Bạn có thể suy nghĩ về điều kiện nào làm cho tích này trở thành chẵn không?

Em: Để tích chẵn, ít nhất phải có một trong những số xuất hiện là số chẵn.

Thầy: Đúng rồi! Vậy chúng ta cần xem xét các trường hợp khi cả hai lần gieo đều xuất hiện số lẻ và trừ đi để được xác suất của trường hợp còn lại. Bạn có thể tính xác suất cho mỗi trường hợp không?

Em: Có, xác suất xuất hiện số chẵn là 1/2 và số lẻ là 1/2.

Thầy: Đúng vậy. Vậy bạn hãy tính xác suất cả hai lần gieo đều xuất hiện số lẻ.

Em: Xác suất cả hai lần gieo đều số lẻ là (1/2)×(1/2) = 1/4.

Thầy: Tốt! Xác suất tích chẵn sẽ là tổng của xác suất các trường hợp có tích chẵn. Bạn hãy tính xem còn những trường hợp nào nữa?

Em: Có thể là một lần gieo chẵn, một lần gieo lẻ hoặc cả hai đều chẵn.

Thầy: Đúng rồi! Vậy bạn hãy tính xác suất cho từng trường hợp và cộng lại.

Em: Xác suất một lần chẵn, một lần lẻ là 2×(1/2)×(1/2)=1/2. Còn cả hai lần đều chẵn là (1/2)×(1/2)=1/4.

Thầy: Đúng rồi! Vậy xác suất tích chẵn sẽ là tổng của các trường hợp này. Em hãy cộng các kết quả lại.

Em: Xác suất tích chẵn là 1/2 + 1/4 = 3/4.

Thầy: Rất tốt! Xác suất tích 2 lần số chấm khi gieo xúc xắc là một số chẵn là 3/4. Bạn đã hiểu cách tính chưa?

Em: Em đã hiểu rồi, thầy!

Thầy: Lớp 12 cần nắm vững các bài toán về xác suất như này. Rất tốt!"
GPS,GPU_S_10,Khá,4,"Thầy: Gieo một con xúc xắc cân đối đồng chất 2 lần, ta cần tính xác suất để tích của hai lần gieo là một số chẵn. Bạn nghĩ sao về cách bắt đầu bài toán này?

Em: Thưa thầy, tôi nghĩ rằng mỗi lần gieo xúc xắc có 6 kết quả, tổng cộng sẽ có 36 kết quả khi gieo 2 lần. Tôi cần tính những trường hợp tích là số chẵn.

Thầy: Đúng rồi! Vậy bạn thử liệt kê các trường hợp mà tích của hai lần gieo là một số chẵn và đếm xem có bao nhiêu trường hợp như vậy nhé.

Em: Thưa thầy, tôi thấy nếu lần thứ nhất là 1 thì chỉ có 2 trường hợp (1*2=2, 1*4=4). Nếu lần thứ nhất là 2 hoặc 3... thì cũng thế. Tôi tính được tổng cộng 18 trường hợp.

Thầy: Rất tốt! Bạn đã liệt kê đúng các trường hợp. Giờ bạn có thể đếm lại để chắc chắn xác suất rồi không?

Em: Thưa thầy, tôi đếm lại và thấy đúng là 18 trường hợp tích chẵn. Tổng số kết quả là 36, vậy xác suất sẽ là 18/36 hay 0,5.

Thầy: Đúng rồi! Xác suất để tích 2 lần gieo xúc xắc là một số chẵn là 0,5 hoặc 50%. Bạn đã làm rất tốt trong việc tìm ra cách giải và tính toán. Nhớ rằng xác suất ở đây dựa trên tất cả các kết quả có thể, không chỉ những trường hợp riêng lẻ."
GPS,GPU_S_21,Trung bình,4,"Thầy: [G] Chào em! Bài này yêu cầu tìm xác suất của một biến cố nào đó, đúng không?
Em: Dạ thưa thầy, em cần thầy giúp nhớ lại công thức xác suất là gì ạ.
Thầy: [P] Xác suất của một biến cố xảy ra bằng số cách đó có thể xảy ra chia cho tổng số kết quả khả dĩ. Em hãy liệt kê xem khi gieo xúc xắc 2 lần, có bao nhiêu kết quả?
Em: Dạ thưa thầy, mỗi lần gieo có 6 kết quả, nên với 2 lần là 36 kết quả ạ.
Thầy: [P] Rất tốt! Bây giờ em hãy liệt kê các trường hợp tích của hai số chấm khi gieo xúc xắc 2 lần sao cho tích là một số chẵn nhé.
Em: Dạ thưa thầy, em tính được có 18 kết quả ạ.
Thầy: [S] Đúng rồi! Vậy xác suất biến cố này xảy ra là bao nhiêu?
Em: Dạ thưa thầy, xác suất sẽ là 18/36 = 1/2 ạ."
GPS,GPU_S_22,Trung bình,4,"Thầy: [G] Chào em! Bài này yêu cầu tính xác suất cho một biến cố liên quan đến tích của hai lần gieo xúc xắc. Em hãy nghĩ về cách liệt kê các kết quả có thể trước khi giải quyết bài toán nhé.
Em: Dạ thầy, em chưa nhớ rõ cách liệt kê tất cả các kết quả. Thầy giúp em với ạ.
Thầy: [P] Đúng rồi, em thử viết ra tất cả các cặp số có thể xuất hiện khi gieo xúc xắc hai lần, từ (1,1) đến (6,6). Có bao nhiêu kết quả?
Em: Dạ thưa thầy, có 36 kết quả ạ.
Thầy: [S] Rất tốt! Bây giờ, em hãy tìm các cặp số mà tích là một số chẵn. Nhớ rằng, để tích là chẵn, ít nhất một trong hai số phải là chẵn.
Em: Dạ thầy, em thấy có (2,1), (2,2), ..., (6,6) và ngược lại cũng được ạ. Có vẻ như nhiều quá ạ.
Thầy: [P] Đúng rồi, nhưng em hãy kiểm tra kỹ từng cặp để chắc chắn chúng đều thỏa mãn biến cố. Em thử liệt kê một vài ví dụ đi.
Em: Dạ thưa thầy, (2,1), (2,3), (2,5) và ngược lại cũng được. Cũng có (4,1), (4,3), (4,5). Có vẻ như nhiều quá ạ.
Thầy: [S] Chắc chắn rồi! Em hãy đếm số lượng các cặp thỏa mãn đi.
Em: Dạ thưa thầy, em đếm được 27 cặp thỏa mãn ạ.
Thầy: [P] Rất giỏi! Bây giờ em tính xác suất bằng cách chia số kết quả thuận lợi cho tổng số kết quả. Xác suất là bao nhiêu?
Em: Dạ, xác suất là 27/36 = 3/4 ạ.
Thầy: [S] Đúng rồi! Em đã hoàn thành bài toán rất tốt."
GPS,GPU_S_23,Trung bình,4,"Thầy: [G] Chào em! Bài toán này yêu cầu tìm xác suất để tích của hai lần gieo xúc xắc là một số chẵn. Em hãy nghĩ về cách liệt kê các kết quả nhé.
Em: Dạ, thầy ạ. Em có thể liệt kê từng trường hợp khi gieo xúc xắc 2 lần?
Thầy: [P] Đúng rồi! Khi gieo xúc xắc 1 lần, mỗi lần có 6 kết quả (1, 2, 3, 4, 5, 6). Vậy em hãy tính tổng số kết quả khi gieo 2 lần nhé.
Em: Dạ thưa thầy, sẽ là 6x6=36 kết quả ạ.
Thầy: [S] Rất tốt! Bây giờ em hãy liệt kê các trường hợp tích chẵn từ 11 lần gieo xúc xắc. Em có thể bắt đầu với kết quả của lần thứ nhất?
Em: Dạ, thầy ạ. Nếu lần thứ nhất là 2, lần thứ hai cũng phải là số chẵn để tích chẵn. Như vậy có (2,2), (2,4), (2,6). Nếu lần thứ nhất là 4, lần thứ hai cũng như trên.
Thầy: [P] Em nhắc lại nhanh chóng nhé! Ý em muốn nói là nếu lần thứ nhất là số chẵn (2, 4, 6), lần thứ hai phải là số chẵn (2, 4, 6) để tích chẵn. Vậy mỗi trường hợp như vậy có bao nhiêu cách?
Em: Dạ thưa thầy, mỗi trường hợp sẽ có 3 cách vì có 3 số chẵn.
Thầy: [S] Đúng rồi! Vậy tổng số cách thuận lợi là bao nhiêu? Em hãy cộng lại nhé!
Em: Dạ thưa thầy, sẽ là 3+3+3=9 cách ạ.
Thầy: [P] Rất tốt! Bây giờ em tính xác suất bằng cách chia số kết quả thuận lợi cho tổng số kết quả. Hãy làm nhanh chóng nhé!
Em: Dạ thưa thầy, xác suất sẽ là 9/36 ạ.
Thầy: [S] Đúng rồi! Xác suất là 9/36, có thể rút gọn thành 1/4. Em đã làm rất tốt!"
GPS,GPU_S_24,Trung bình,4,"Thầy: [G] Chào em! Bài toán này yêu cầu tìm xác suất cho biến cố nào thế?

Em: Dạ thưa thầy, em cần gieo một con xúc xắc cân đối đồng chất hai lần và tính xác suất để tích của hai lần gieo là số chẵn ạ.

Thầy: [P] Đúng rồi! Em nhớ rằng kết quả của mỗi lần gieo đều có thể từ 1 đến 6. Vậy tổng số kết quả khi gieo xúc xắc hai lần là bao nhiêu?

Em: Dạ thưa thầy, đó sẽ là 6x6=36 kết quả ạ.

Thầy: [S] Rất tốt! Bây giờ em hãy xác định xem trong những trường hợp nào tích của số chấm khi gieo xúc xắc hai lần sẽ là một số chẵn?

Em: Dạ thưa thầy, tích chẵn xuất hiện khi cả hai lần đều là số lẻ hoặc cả hai lần đều là số chẵn. Em nhớ là từ 1 đến 6 có ba số lẻ và ba số chẵn.

Thầy: [P] Đúng rồi! Vậy em thử liệt kê xem trong những trường hợp nào tích sẽ là một số chẵn?

Em: Dạ thưa thầy, nếu lần đầu là 2 hoặc 4 hoặc 6 và lần thứ hai cũng như thế thì tích sẽ là chẵn. Thầy, có bao nhiêu cách đó ạ?

Thầy: [S] Em tính xem tổng số cách đó là bao nhiêu nhé.

Em: Dạ thưa thầy, em thấy có 3x3=9 cách khi cả hai lần đều là số chẵn và cũng tương tự với số lẻ. Vậy tổng cộng sẽ là 18 cách.

Thầy: [P] Rất tốt! Vậy xác suất để tích của hai lần gieo xúc xắc là một số chẵn là bao nhiêu?

Em: Dạ thưa thầy, xác suất đó sẽ là 18/36 = 1/2 ạ."
GPS,GPU_S_25,Trung bình,4,"Thầy: [G] Chào em! Bài toán này yêu cầu tính xác suất cho một biến cố cụ thể khi gieo xúc xắc. Trước tiên, em hãy nhớ lại khái niệm về xác suất nhé.

Em: Dạ thầy, em nhớ là xác suất của một biến cố A là số lượng cách thuận lợi chia cho tổng số kết quả có thể xảy ra ạ.

Thầy: [P] Rất tốt! Bây giờ em hãy liệt kê tất cả các kết quả khi gieo xúc xắc hai lần. Có bao nhiêu kết quả tổng cộng?

Em: Dạ thưa thầy, khi gieo xúc xắc 2 lần, có 6x6=36 kết quả ạ.

Thầy: [S] Đúng rồi! Bây giờ em hãy xác định những trường hợp nào trong 36 kết quả là tích của hai số chấm là một số chẵn.

Em: Dạ thưa thầy, để tích chẵn thì ít nhất có một số chấm phải là chẵn. Em thấy như sau: (1,2), (1,4), (1,6), (2,1), (2,2), (2,3), (2,4), (2,5), (2,6), (3,2), (3,4), (3,6), (4,1), (4,2), (4,3), (4,4), (4,5), (4,6), (5,2), (5,4), (5,6), (6,1), (6,2), (6,3), (6,4), (6,5), (6,6). Có 27 kết quả ạ.

Thầy: [G] Rất gần đúng! Nhưng em có chắc chắn không bỏ sót các trường hợp khác? Thử xem lại nhé!

Em: Dạ thưa thầy, em đã kiểm tra lại và thấy có 18 cách chẵn là (1,2), (1,4), (1,6), (2,1), (2,2), (2,3), (2,4), (2,5), (2,6), (3,2), (3,4), (3,6), (4,1), (4,2), (4,3), (4,4), (4,5), (4,6). Có 18 cách ạ.

Thầy: [S] Đúng rồi! Vậy xác suất của biến cố này là bao nhiêu?

Em: Dạ thưa thầy, xác suất là số lượng cách thuận lợi chia cho tổng số kết quả, vậy là 18/36 = 1/2 ạ."
GPS,GPU_S_26,Trung bình,4,"Thầy: [G] Chào em!今天你学了什么新内容吗？
Em: Dạ thưa thầy, hôm nay em học về xác suất ạ.
Thầy: [P] Rất tốt! Vậy em có nhớ công thức tính xác suất không? Đó là số lượng các trường hợp thuận lợi chia cho tổng số trường hợp có thể xảy ra.
Em: Dạ, em nhớ rồi thầy ạ. Em cần nhắc lại một chút.
Thầy: [G] Chắc chắn rồi, hãy nghĩ về bài toán này: khi gieo một con xúc xắc cân đối đồng chất hai lần, ta muốn tìm xác suất để tích của hai số chấm là một số chẵn. Hãy liệt kê các trường hợp em nhé!
Em: Dạ thưa thầy, có 6 kết quả cho mỗi lần gieo xúc xắc, vậy tổng cộng là 36 trường hợp ạ.
Thầy: [P] Rất tốt! Bây giờ em hãy nghĩ xem trong số 36 trường hợp này, có bao nhiêu trường hợp tích của hai con số chấm là một số chẵn?
Em: Dạ thưa thầy, em tính thấy có 18 trường hợp như vậy ạ.
Thầy: [S] Em đã làm rất tốt! Vậy xác suất để tích của hai con số chấm là một số chẵn sẽ là bao nhiêu?

Em: Dạ thưa thầy, xác suất sẽ là 18/36 = 1/2 ạ.

Thầy: Đúng rồi! Em đã hiểu và giải quyết bài toán tốt."
GPS,GPU_S_27,Yêu,4,"Thầy: [G] Chào em! Bài toán này yêu cầu tìm xác suất để tích của hai lần gieo xúc xắc là một số chẵn. Em thử nghĩ xem có bao nhiêu kết quả có thể xảy ra khi gieo xúc xắc 2 lần?
Em: Dạ thưa thầy, mình sẽ có 6 kết quả cho mỗi lần gieo, nên tổng cộng là 6x6=36 kết quả ạ.
Thầy: [P] Rất tốt! Bây giờ em hãy liệt kê những trường hợp mà tích của hai số chấm là một số chẵn nhé. 
Em: Dạ thưa thầy, mình thấy khi lần thứ nhất gieo được 1, lần thứ hai có thể gieo 2, 4, 6; khi lần thứ nhất gieo được 2, lần thứ hai có thể gieo 1, 3, 5... 
Thầy: [S] Em đã liệt kê được rồi. Vậy em thử đếm xem tổng cộng có bao nhiêu trường hợp thuận lợi?
Em: Dạ thưa thầy, mình đếm được là 27 trường hợp ạ.
Thầy: [P] Không phải đâu em. Luyện tập kỹ lại nhé! Khi tích chẵn thì phải có ít nhất một số chấm là chẵn.
Em: Dạ thưa thầy, mình nghĩ ra rồi. Nếu lần thứ nhất gieo được 1 hay 3 hay 5 (3 cách), lần thứ hai gieo 2 hay 4 hay 6 (3 cách); hoặc nếu lần thứ nhất gieo 2 hay 4 hay 6 (3 cách), lần thứ hai có thể gieo bất kì (6 cách). Vậy tổng cộng là 18 trường hợp thuận lợi.
Thầy: [S] Đúng rồi em! Vậy xác suất là bao nhiêu?
Em: Dạ thưa thầy, xác suất là 18/36 = 1/2 ạ."
GPS,GPU_S_28,Yêu,4,"Thầy: [G] Chào Em! Bài toán này yêu cầu tìm xác suất cho một biến cố liên quan đến xúc xắc. Em thử suy nghĩ xem mình cần làm gì đầu tiên nhé.
Em: Dạ thưa thầy, em không biết bắt đầu từ đâu ạ.
Thầy: [P] Đừng lo lắng, chúng ta sẽ cùng làm từng bước. Đầu tiên, hãy liệt kê tất cả các kết quả khi gieo một con xúc xắc 2 lần.
Em: Dạ, có 6x6=36 kết quả ạ.
Thầy: [S] Rất tốt! Bây giờ em tính xem trong số đó có bao nhiêu kết quả sao cho tích của hai số chấm là một số chẵn nhé.
Em: Dạ thưa thầy, em nghĩ rằng nếu tích là chẵn thì ít nhất phải có một lần gieo ra số chẵn. Em thử liệt kê xem ạ.
Thầy: [P] Đúng rồi! Hãy xác định xem trong mỗi trường hợp nào tích sẽ là một số chẵn nhé.
Em: Dạ, nếu lần đầu gieo ra 1,2,4,6 và lần hai gieo ra bất kỳ thì có 4x6=24 kết quả. Nếu lần hai gieo ra 1,3,5 và lần một gieo ra 2,4,6 thì có 3x3=9 kết quả.
Thầy: [S] Rất tốt! Vậy tổng cộng em đã tính được bao nhiêu cách rồi?
Em: Dạ, tổng cộng là 24+9=33 cách ạ.
Thầy: [P] Đúng rồi. Bây giờ hãy chia số cách thuận lợi cho tổng số kết quả để tìm xác suất nhé.
Em: Dạ, xác suất sẽ là 33/36 ạ.
Thầy: [S] Không phải đâu Em. Hãy kiểm tra lại xem có bao nhiêu cách sao cho tích của hai số chấm là một số lẻ nhé."
GPS,GPU_S_29,Yêu,4,"Thầy: [G] Chào Em! Bài toán này yêu cầu tìm xác suất để tích của hai lần gieo xúc xắc là một số chẵn. Em thử nghĩ xem, khi gieo một con xúc xắc có bao nhiêu kết quả?
Em: Dạ thưa thầy, mỗi lần gieo đều có 6 kết quả ạ.
Thầy: [P] Rất tốt! Vậy hai lần gieo sẽ có tổng cộng bao nhiêu kết quả?
Em: 6x6=36 kết quả ạ.
Thầy: [S] Đúng rồi! Bây giờ Em thử liệt kê các trường hợp tích là số chẵn xem sao nhé.
Em: Dạ thưa thầy, em nghĩ khi nhân hai số từ 1 đến 6 thì sẽ có các kết quả như sau:
2 (1x2), 4 (1x4; 2x2), 6 (1x6; 2x3; 3x2; 6x1).
Dù không liệt kê đầy đủ nhưng em đoán rằng có khoảng 8-9 trường hợp.
Thầy: [P] Hmm, Em đã gần đúng. Thử kiểm tra lại các trường hợp khi nhân hai số từ 1 đến 6 xem tích chẵn là bao nhiêu nhé?
Em: Dạ thưa thầy, em đếm lại và phát hiện có 18 trường hợp tích là số chẵn ạ.
Thầy: [S] Rất đúng! Vậy xác suất để tích của hai lần gieo xúc xắc là một số chẵn là bao nhiêu?
Em: Dạ thưa thầy, xác suất sẽ là 18/36, sau khi rút gọn thì bằng 1/2 ạ."
GPS,GPU_S_30,Yêu,4,"Thầy: [G] Chào Em! Hôm nay chúng ta sẽ làm bài toán về xác suất nhé. Ví dụ, nếu gieo một con xúc xắc cân đối đồng chất 2 lần, bạn thử nghĩ xem có bao nhiêu kết quả có thể xảy ra?
Em: Dạ thưa thầy, khi gieo xúc xắc 1 lần thì có 6 kết quả. Vậy khi gieo 2 lần sẽ là 6x6=36 kết quả phải không ạ?
Thầy: [P] Rất đúng! Bây giờ hãy nghĩ về biến cố chúng ta cần tìm: tích của 2 lần xuất hiện số chấm là một số chẵn.
Em: Dạ, em hiểu là chúng ta cần tính xem trong 36 kết quả có bao nhiêu phép nhân giữa 2 lần gieo xúc xắc cho kết quả chẵn phải không ạ?
Thầy: [S] Đúng rồi! Giờ hãy liệt kê và đếm số cách đó đi.
Em: Dạ thưa thầy, em đã tính ra là có 18 cách để tích của 2 lần xuất hiện số chấm là một số chẵn ạ.
Thầy: [P] Rất tốt! Vậy xác suất sẽ là bao nhiêu?
Em: Dạ, nếu có 18 cách thuận lợi trên tổng số 36 kết quả thì xác suất sẽ là 18/36 = 1/2 ạ.
Thầy: [S] Đúng rồi! Em đã làm rất xuất sắc."
GPS,GPU_S_11,Khá,3,"Thầy: [G] Chào em, hôm nay chúng ta sẽ cùng giải bài toán về xác suất với việc gieo xúc xắc. Đầu tiên, hãy giúp thầy phân tích bài toán này nhé. Khi gieo một con xúc xắc cân đối đồng chất 2 lần, em có thể liệt kê ra bao nhiêu kết quả có thể xuất hiện?  
Em: Có 36 kết quả vì mỗi lần gieo có 6 mặt nên 6x6=36.
Thầy: [P] Rất tốt! Bây giờ, hãy xác định xem trong số 36 kết quả này, những kết quả nào có tổng hai mặt bằng 8? Em thử liệt kê ra xem sao nhé.  
Em: Có thể là (2,6), (3,5), (4,4), (5,3) và (6,2).
Thầy: [P] Đúng rồi! Vậy em thấy tổng số kết quả có tổng hai mặt bằng 8 là bao nhiêu? 
Em: Có 5 kết quả.
Thầy: [S] Vậy xác suất để biến cố này xảy ra sẽ là số kết quả thuận lợi chia cho số kết quả có thể xuất hiện. Như vậy, xác suất = 5/36. Em có hiểu cách tính và tại sao lại như thế không?
Em: Có ạ, thầy giải thích rất dễ hiểu! Cảm ơn thầy đã hướng dẫn em.
Thầy: Rất vui khi thấy em tự tin hơn trong việc giải bài toán về xác suất. Hãy cố gắng thực hành nhiều để nắm vững kiến thức nhé!"
GPS,GPU_S_12,Khá,3,"Thầy: [G] (Hướng dẫn gợi mở đầu buổi) Bạn hiểu bài toán này không? Em có thể liệt kê ra số kết quả khi gieo xúc xắc hai lần để xác định biến cố cần tính?

Em: Có 36 kết quả khác nhau khi gieo xúc xắc hai lần, thầy.

Thầy: [P] (Yêu cầu em tính toán bước 1) Vậy bạn có thể liệt kê ra những cặp số nào sẽ cho tổng bằng 8 không? Hãy chú ý đến cả hai mặt của xúc xắc.

Em: Dạ, tôi nghĩ là (2,6), (3,5), (4,4), (5,3), và (6,2) đều cho tổng bằng 8, thầy.

Thầy: Đúng rồi! [P] Bây giờ em tính số lượng các kết quả thuận lợi từ bước trên?

Em: Có 5 kết quả thuận lợi, thầy.

Thầy: Đúng quá! [P] Vậy xác suất để biến cố có tổng hai mặt bằng 8 là bao nhiêu? Hãy nhớ công thức xác suất cơ bản.

Em: Xác suất sẽ là số lượng kết quả thuận lợi chia cho số lượng tất cả các kết quả có thể, tức là 5/36, thầy?

Thầy: [S] (Chốt đáp án cuối cùng và giải thích ngắn gọn) Đúng rồi! Xác suất để biến cố có tổng hai mặt bằng 8 khi gieo xúc xắc hai lần là \(\frac{5}{36}\). Em nhớ rằng công thức xác suất đó là số lượng kết quả thuận lợi chia cho số lượng tất cả các kết quả có thể.

Em: Cảm ơn thầy, thầy đã hướng dẫn em rất chi tiết!"
GPS,GPU_S_13,Khá,3,"Thầy: [G] Bạn là học sinh lớp 12 có học lực Khá, hôm nay chúng ta sẽ giải bài toán về xác suất. Bài toán này yêu cầu bạn gieo một con xúc xắc cân đối đồng chất hai lần và tính xác suất để tổng của hai mặt xuất hiện bằng 8. Hãy bắt đầu nhé! [P] Bạn muốn tính xác suất này như thế nào? Em có thể liệt kê các trường hợp xảy ra không?

Em: Thưa thầy, tôi sẽ lập một bảng để liệt kê tất cả các kết quả khi gieo xúc xắc hai lần. Có tổng cộng 36 kết quả (6×6).

Thầy: [P] Đúng rồi! Bạn hãy liệt kê những cặp số có tổng bằng 8.

Em: Thưa thầy, tôi sẽ viết ra những cặp số như sau:
(2, 6), (3, 5), (4, 4), (5, 3), (6, 2).

Thầy: [P] Rất tốt! Bạn đã liệt kê được 5 trường hợp. Bây giờ, chúng ta cần tính xác suất của biến cố này.

Em: Thưa thầy, có tất cả 36 kết quả và 5 trường hợp có tổng bằng 8 nên xác suất là 5/36.

Thầy: [S] Đúng rồi! Xác suất để tổng hai mặt xuất hiện bằng 8 khi gieo một con xúc xắc cân đối đồng chất hai lần là 5/36. [P] Em có thể giải thích cho tôi biết tại sao bạn lại được kết quả này không?

Em: Thưa thầy, vì tổng cộng có 36 kết quả và chỉ có 5 trường hợp thỏa mãn nên xác suất là số trường hợp thành công chia cho số trường hợp có thể xảy ra.

Thầy: Rất tốt! Em đã hiểu bài toán và giải quyết nó một cách rõ ràng. Chúc mừng em! [S] Đáp án cuối cùng của chúng ta là 5/36. Em cảm ơn thầy!

Em: Cảm ơn thầy, thầy教导助手，请按照以下剧本结构完整地编写一次对话，包括老师对学生的引导和学生解题的过程：
剧本结构如下：

老师：[G]（引导性开场白）
学生：（回答）
老师：[P]（要求学生计算第一步）
学生：（进行计算）
老师：[P]（要求学生计算第二步或纠正错误）
学生：（完成计算）
老师：[S]（给出最后答案并简要解释）
学生：（感谢老师）

剧本内容如下：

老师: [G] 你是一位高中二年级，学习成绩良好的学生。我们来解一个有关概率的问题吧。题目是掷一个均匀的骰子两次，求两次点数之和为8的概率。请你先试着解答。
学生: (回答)
老师: [P] 那么，你打算怎么计算这个概率呢？你能先列出所有可能的结果吗？
学生: (思考并回答) 我可以将第一次投掷的结果作为行，第二次投掷的结果作为列，这样可以列出所有的组合情况。总共有 6×6=36 种结果。
老师: [P] 很好！接下来，你能否找出两次点数之和为8的所有可能组合？
学生: (思考并回答) 我找到了：(2, 6), (3, 5), (4, 4), (5, 3), (6, 2)。一共有5种情况。
老师: [P] 很好！现在你能计算出概率了吗？
学生: (计算后回答) 总共有36种可能的结果，其中有5种结果满足条件，所以概率是5/36。
老师: [S] 完全正确！掷一个均匀的骰子两次，使得两次点数之和为8的概率就是5/36。你做得很好！
学生: 谢谢老师的指导，我会继续努力的！"
GPS,GPU_S_14,Khá,3,"Thầy: [G] Trước khi bắt đầu, em hãy nghĩ xem khi gieo một con xúc xắc cân đối đồng chất 2 lần, có bao nhiêu kết quả có thể xảy ra? Em thử liệt kê ra xem nhé.

Em: (Trả lời) Có 36 kết quả có thể xảy ra vì mỗi lần đều có 6 mặt nên \(6 \times 6 = 36\).

Thầy: [P] Giỏi quá! Vậy em hãy tiếp tục suy nghĩ xem trong đó có bao nhiêu trường hợp để tổng của hai mặt xúc xắc bằng 8. Em hãy liệt kê ra từng cặp số nhé.

Em: (Tính toán) Có thể là (2,6), (3,5), (4,4), (5,3), (6,2). Có tất cả 5 trường hợp.

Thầy: [P] Rất tốt! Vậy em hãy tính xác suất bằng cách chia số lượng kết quả thuận lợi cho tổng số kết quả có thể. Em tính xem?

Em: (Tính toán) Xác suất là \( \frac{5}{36} \).

Thầy: [S] Đúng rồi, em đã làm rất tốt! Vậy xác suất để tổng hai mặt bằng 8 khi gieo xúc xắc 2 lần là \( \frac{5}{36} \). Hãy nhớ rằng xác suất là số lượng kết quả thuận lợi chia cho số lượng tất cả các kết quả có thể. Em có thắc mắc gì không?

Em: (Cảm ơn thầy) Không có thắc mắc nữa, cảm ơn thầy đã hướng dẫn!"
GPS,GPU_S_15,Trung bình,3,"[G] Thầy: Trung, chúng ta sẽ cùng giải bài toán này nhé! Bài toán này yêu cầu tính xác suất của một biến cố khi gieo xúc xắc hai lần. Đầu tiên, em hãy nhớ lại khái niệm xác suất là gì?

Em: Xác suất là số phần tử của biến cố thành công chia cho tổng số phần tử của mẫu không gian.

[P] Thầy: Rất tốt! Bây giờ, chúng ta cần xác định mẫu không gian cơ bản. Khi gieo xúc xắc hai lần, mỗi lần có 6 kết quả có thể. Vậy tổng cộng có bao nhiêu khả năng xảy ra?

Em: Mẫu không gian cơ bản sẽ là 6 nhân 6 = 36.

[P] Thầy: Đúng rồi! Tiếp theo, em hãy tìm số trường hợp để tổng hai mặt bằng 8. Em hãy liệt kê các cặp số nhé!

Em: Aha, có (2,6), (3,5), (4,4), (5,3) và (6,2). Có 5 trường hợp.

[P] Thầy: Rất tốt! Vậy em hãy tính xác suất từ số trường hợp vừa tìm được và mẫu không gian cơ bản đã biết.

Em: Xác suất sẽ là 5 chia cho 36, đúng không thưa thầy?

[S] Thầy: Đúng rồi, Trung! Xác suất để tổng hai mặt bằng 8 khi gieo xúc xắc hai lần là \(\frac{5}{36}\). Em đã làm rất tốt!

Em: Cảm ơn thầy, thầy đã hướng dẫn em chi tiết."
GPS,GPU_S_16,Trung bình,3,"Thầy: [G].Today, chúng ta sẽ cùng giải một bài toán về xác suất với việc gieo xúc xắc. Bạn là học sinh lớp 12 có học lực trung bình nên tôi sẽ hướng dẫn bạn từng bước nhé.

Em:ừ thầy, em sẽ cố gắng theo dõi và làm theo hướng dẫn của thầy.

Thầy: [P]Bài toán này yêu cầu chúng ta tính xác suất để tổng hai mặt của xúc xắc sau khi gieo 2 lần bằng 8. Đầu tiên, bạn hãy vẽ cây phân tích hoặc liệt kê tất cả các kết quả có thể xảy ra khi gieo xúc xắc 2 lần.

Em:ừ thầy, em sẽ làm theo hướng dẫn.
Thầy: [P]Chúng ta có tổng cộng 36 kết quả có thể (6x6), em hãy viết ra một số kết quả để tôi kiểm tra thử nhé. Ví dụ như (1,1) - mặt đầu tiên là 1 và mặt thứ hai là 1.

Em:(vẽ cây phân tích hoặc liệt kê): (1,1), (1,2), (1,3), (1,4), (1,5), (1,6), (2,1), (2,2), (2,3), (2,4), (2,5), (2,6), (3,1)...

Thầy: [P]Tuyệt vời! Hãy tiếp tục viết cho đến kết quả cuối cùng. Bây giờ hãy xem xét bài toán của chúng ta - cần tìm tổng hai mặt bằng 8. Bạn có thể liệt kê ra các cặp số mà tổng của chúng là 8 không?

Em:(tiếp tục liệt kê):(3,5), (4,4), (5,3), (6,2).

Thầy: [P]Đúng rồi! Bây giờ em hãy đếm xem có bao nhiêu kết quả thỏa mãn yêu cầu của bài toán nhé.

Em:(đếm) Có 5 kết quả là (2,6), (3,5), (4,4), (5,3), (6,2).

Thầy: [P]Tuyệt vời! Bây giờ em hãy tính xác suất bằng cách chia số kết quả thỏa mãn cho tổng số kết quả có thể xảy ra.

Em:(tính toán) Xác suất = 5/36.

Thầy: [S]Đúng rồi, xác suất để tổng hai mặt của xúc xắc sau khi gieo 2 lần bằng 8 là 5/36. Đây là phương pháp tính xác suất thông qua việc liệt kê các kết quả có thể và đếm số kết quả thỏa mãn yêu cầu.

Em: cảm ơn thầy đã hướng dẫn em làm bài toán này, em sẽ cố gắng nắm vững cách giải bài toán xác suất như thế này."
GPS,GPU_S_17,Trung bình,3,"Thầy: [G] Để giải bài toán này, chúng ta sẽ bắt đầu bằng cách xác định số phần tử của tập mẫu. Em hãy nghĩ xem khi gieo một con xúc xắc 1 lần, có bao nhiêu kết quả có thể xảy ra? [P]

Em: À, có 6 kết quả: 1, 2, 3, 4, 5, 6.

Thầy: Đúng rồi! Vậy khi gieo hai con xúc xắc, số phần tử của tập mẫu sẽ là bao nhiêu?

Em: Số phần tử của tập mẫu sẽ là \(6 \times 6 = 36\).

Thầy: Rất tốt! Tiếp theo, em hãy nghĩ xem có bao nhiêu kết quả cho phép tổng hai mặt bằng 8? [P]

Em: Có phải như này không: (2, 6), (3, 5), (4, 4), (5, 3), (6, 2)? Có đúng 5 cách.

Thầy: Đúng rồi! Vậy số phần tử của biến cố A là bao nhiêu?

Em: Số phần tử của biến cố A là 5.

Thầy: Tuyệt vời! Bây giờ em có thể tính xác suất được không? [P]

Em: Xác suất sẽ là số phần tử của biến cố chia cho số phần tử của tập mẫu, nên xác suất là \( \frac{5}{36} \).

Thầy: Đúng rồi! Vậy xác suất để tổng hai mặt bằng 8 khi gieo một con xúc xắc 2 lần là bao nhiêu? [S]

Em: Xác suất là \( \frac{5}{36} \). Cảm ơn thầy đã giải thích rõ ràng.

Thầy: Rất vui khi thấy em hiểu được! Nếu có câu hỏi nào khác, em hãy hỏi nhé."
GPS,GPU_S_18,Trung bình,3,"Thầy: [G] Gần đây chúng ta đã học về xác suất của các biến cố khi gieo xúc xắc, em còn nhớ công thức tính xác suất không? Em có thể nhắc lại cho thầy biết được không?

Em: Thưa thầy, em nhớ là xác suất của một biến cố發生故障了，请稍候再试.,意思是 ""请稍候再试。"" 在这种情况下，我将使用正确的中文继续回答您的问题。

Thầy: [P] Trong bài toán này, chúng ta cần tính xác suất để tổng hai mặt xúc xắc sau khi gieo 2 lần bằng 8. Bạn hãy nghĩ đến các kết quả có thể xảy ra khi gieo xúc xắc 2 lần và tìm số cách để tổng bằng 8.

Em: Thưa thầy, có 36 kết quả có thể xảy ra khi gieo xúc xắc 2 lần (6 x 6). Để tổng hai mặt bằng 8 thì các kết quả là (2,6), (3,5), (4,4), (5,3) và (6,2), có tất cả 5 cách.

Thầy: [P] Đúng rồi! Vậy em hãy tính xác suất từ số cách vừa tìm được. Xác suất sẽ bằng số cách xảy ra chia cho tổng số kết quả có thể, đúng không?

Em: Thưa thầy, xác suất là 5/36.

Thầy: [S] Đúng đó! Xác suất để biến cố có tổng hai mặt bằng 8 khi gieo xúc xắc 2 lần là 5/36. Em đã tính toán chính xác và nhớ lại được phương pháp rồi nhé!

Em: Xin cảm ơn thầy, thưa thầy!"
GPS,GPU_S_19,Trung bình,3,"[G] Thầy: Trung, hôm nay chúng ta sẽ giải một bài toán về xác suất nhé. Bạn nhớ công thức xác suất của biến cố đơn không? Em: À, thầy ạ, em nhớ là xác suất của biến cố A là số lượng kết quả thuận lợi chia cho tổng số kết quả có thể xảy ra. [P] Thầy: Đúng rồi! Bây giờ chúng ta hãy giải bài toán này: Gieo một con xúc xắc cân đối đồng chất hai lần, bạn tính xác suất để tổng điểm của hai lần gieo bằng 8 nhé. Em nên liệt kê tất cả các kết quả có thể xảy ra và sau đó tìm số kết quả thuận lợi. [P] Thầy: Bước tiếp theo, em hãy tính xem bao nhiêu cách có tổng bằng 8 khi gieo xúc xắc hai lần? Em nhớ là mỗi lần gieo xúc xắc có 6 mặt nên tổng điểm từ 2 đến 12. Có những kết quả nào mà tổng bằng 8 không? [P] Thầy: Em đã tính rồi, số cách để tổng đạt 8 khi gieo xúc xắc hai lần bao gồm (2,6), (3,5), (4,4), (5,3) và (6,2). Vậy em có tổng cộng 5 kết quả thuận lợi. [S] Thầy: Đúng rồi, số cách đạt được tổng 8 là 5. Tổng số kết quả khi gieo xúc xắc hai lần là 6×6=36. Vì vậy xác suất là 5/36. Em nhớ công thức xác suất biến cố đơn nhé? Xác suất của biến cố A bằng số lượng kết quả thuận lợi chia cho tổng số kết quả có thể xảy ra, nên đáp án cuối cùng của chúng ta là 5/36. [S] Thầy: Trung, câu trả lời của bạn rất chính xác. Hãy nhớ rằng khi giải các bài toán xác suất, cần phải liệt kê rõ ràng tất cả các kết quả có thể và sau đó đếm số lượng kết quả thuận lợi nhé. Nếu còn thắc mắc gì, em cứ hỏi thầy thêm. Em: Cảm ơn thầy, thầy ạ!"
GPS,GPU_S_20,Trung bình,3,"Thầy: [G] Giờ chúng ta sẽ cùng giải bài toán về xác suất nhé. Bạn nhớ rằng, khi gieo một con xúc xắc cân đối đồng chất hai lần, mỗi lần có 6 kết quả có thể xảy ra từ 1 đến 6. Em hãy thử tính xác suất để tổng điểm của hai lần gieo bằng 8.

Em: Thưa thầy, em nhớ là phải dùng bảng tần số hay cây phân loại để tính, nhưng em không chắc chắn lắm.

Thầy: [P] Đúng rồi, em nhớ đúng đấy. Đầu tiên chúng ta cần liệt kê các kết quả có thể xảy ra khi gieo hai lần xúc xắc và xác định những trường hợp nào có tổng bằng 8 nhé.

Em: Thưa thầy, em thấy có 36 cách để gieo hai lần xúc xắc (6x6=36). Còn về số trường hợp có tổng bằng 8 thì em không biết tính.

Thầy: [P] Đúng là có 36 cách. Bây giờ chúng ta thử liệt kê những trường hợp đó. Khi gieo lần đầu ra 2, lần hai phải ra 6; lần một ra 3, lần hai ra 5; và như vậy... Em thử viết tiếp nhé.

Em: Thưa thầy, em đã liệt kê được các cặp số: (2, 6), (3, 5), (4, 4), (5, 3), (6, 2). Có tất cả 5 trường hợp.

Thầy: [S] Đúng rồi. Vậy tổng số cách để có tổng điểm bằng 8 là 5. Tổng số cách chung khi gieo hai lần xúc xắc là 36 nên xác suất cần tìm là 5/36. Em hãy nhớ rằng xác suất là số trường hợp thành công chia cho số trường hợp có thể.

Em: Xin cảm ơn thầy, em đã hiểu rõ hơn về cách tính xác suất trong bài toán này."
GPS,GPU_S_01,Giỏi,4,"Thầy: [G] Để giải bài toán này, em hãy nghĩ về các bước sau:
1. Em cần xác định không gian mẫu của việc gieo xúc xắc 2 lần.
2. Sau đó, em sẽ chỉ rõ những trường hợp nào thỏa mãn biến cố đề bài yêu cầu.
3. Cuối cùng, em tính xác suất bằng cách chia số lượng trường hợp thuận lợi cho tổng số trường hợp.

Em hãy thử làm theo các bước này nhé!"
GPS,GPU_S_02,Giỏi,4,"Thầy: [G].Today, chúng ta sẽ giải quyết một bài toán về xác suất liên quan đến việc gieo xúc xắc. Bạn hãy nghĩ về vấn đề này và xem xét cách chia nhỏ nó thành các bước đơn giản.

Em: Thưa thầy, tôi sẽ bắt đầu bằng cách liệt kê tất cả các kết quả có thể khi gieo xúc xắc 2 lần.

Thầy: [P] Đúng rồi! Hãy liệt kê tất cả các tổ hợp có thể của hai lần gieo xúc xắc. Mỗi lần gieo xúc xắc có 6 mặt với số chấm từ 1 đến 6, vậy tổng cộng sẽ có bao nhiêu kết quả?

Em: Thưa thầy, khi gieo xúc xắc 2 lần, tôi sẽ có 36 tổ hợp (6 x 6 = 36).

Thầy: Rất tốt! Bây giờ, hãy xác định biến cố thuận lợi là gì. Biến cố thuận lợi trong trường hợp này là tích của hai số chấm khi gieo xúc xắc là một số chẵn.

Em: Thưa thầy, tôi sẽ kiểm tra từng tổ hợp để thấy rằng tích có phải là số chẵn hay không.

Thầy: [P] Hoàn toàn đúng! Hãy bắt đầu xem xét từng tổ hợp và xác định nếu tích của chúng là số chẵn hay không. Bạn cần lưu ý rằng một số chẵn nhân với bất kỳ số nào cũng sẽ cho kết quả là số chẵn.

Em: Thưa thầy, tôi đã kiểm tra tất cả các tổ hợp và thấy rằng có 18 tổ hợp có tích là số chẵn.

Thầy: Rất tốt! Vậy bạn hãy tính xác suất nay. Xác suất bằng bao nhiêu?

Em: Thưa thầy, xác suất sẽ là số lượng tổ hợp thuận lợi chia cho tổng số tổ hợp, nên xác suất = 18/36 = 0.5 hoặc 50%.

Thầy: [S] Đúng rồi! Xác suất để tích của hai lần gieo xúc xắc là một số chẵn là 50%. Bạn đã làm rất tốt trong việc áp dụng các bước tìm xác suất này. Nếu bạn có thêm câu hỏi, hãy cứ đặt nhé.

Em: Cảm ơn thầy."
GPS,GPU_S_03,Giỏi,4,"Thầy: [G] Để giải bài toán này, chúng ta cần xác định không gian mẫu và biến cố thuận lợi. Không gian mẫu là tất cả các kết quả có thể khi gieo xúc xắc hai lần. Biến cố thuận lợi là những trường hợp tích của hai lần gieo xúc xắc chia hết cho 2 (tức là tích phải là số chẵn).

Em: Không gian mẫu bao gồm tất cả kết quả khi gieo xúc xắc hai lần, đúng không?"
GPS,GPU_S_04,Giỏi,4,"Thầy: [G] Để giải bài toán này, chúng ta cần xác định không gian mẫu và xác suất của biến cố thuận lợi. Bạn có nhớ cách tính không gian mẫu khi ném xúc xắc nhiều lần không?

Em: Có ạ. Khi gieo một con xúc xắc, có 6 kết quả có thể xảy ra (1, 2, 3, 4, 5, 6). Gieo hai lần thì số kết quả trong không gian mẫu là \(6 \times 6 = 36\).

Thầy: Đúng rồi. Giờ hãy cùng xác định biến cố thuận lợi là gì? Biến cố này yêu cầu tích của hai lần ném xúc xắc là một số chẵn.

Em: Nếu tích là số chẵn, có nghĩa là trong hai lần gieo xúc xắc, ít nhất một kết quả phải là số chẵn. Nhưng để tích là số chẵn đơn giản hơn, vì chỉ cần một trong hai kết quả là chẵn thì tích sẽ chẵn.

Thầy: Rõ ràng rồi. Giờ hãy liệt kê các trường hợp cho biến cố thuận lợi:

- Nếu lần 1 là 1, 3, hoặc 5 (3 cách), lần 2 phải là 2, 4, hoặc 6 (3 cách).
- Nếu lần 1 là 2, 4, hoặc 6 (3 cách), lần 2 có thể bất kỳ (6 cách).

Em: Vậy số trường hợp thuận lợi sẽ là \(3 \times 3 + 3 \times 6 = 9 + 18 = 27\).

Thầy: Đúng rồi. Số trường hợp thuận lợi là 27. Bây giờ ta tính xác suất:

\[ P(\text{tích chẵn}) = \frac{\text{số trường hợp thuận lợi}}{\text{số trường hợp trong không gian mẫu}} = \frac{27}{36} \]

Em: Rút gọn phân số, ta được \(\frac{3}{4}\).

Thầy: [S] Vậy xác suất để tích 2 lần ném xúc xắc là một số chẵn là \(\boxed{\frac{3}{4}}\). Bạn đã làm rất tốt!

Em: Cảm ơn thầy."
GPS,GPU_S_05,Khá,4,"Thầy: [G] Bài toán này yêu cầu chúng ta tính xác suất cho một biến cố liên quan đến kết quả của hai lần gieo xúc xắc. Đầu tiên, em hãy liệt kê tất cả các kết quả có thể xảy ra khi gieo một con xúc xắc 2 lần và xác định những trường hợp nào thỏa mãn điều kiện là tích 2 lần số chấm là một số chẵn.

Em: Dĩ nhiên rồi, mỗi lần gieo xúc xắc có 6 kết quả (1, 2, 3, 4, 5, 6). Gieo hai lần sẽ có \(6 \times 6 = 36\) kết quả có thể xảy ra. 

Thầy: Đúng rồi! Giờ hãy xác định những trường hợp nào tích của 2 số chấm là một số chẵn.

Em: Để tích của 2 số chấm là một số chẵn, thì trong cặp số đó ít nhất phải có một số chẵn. Vậy những cặp số thỏa mãn điều kiện sẽ gồm các cặp (1,2), (1,4), (1,6), (2,1), (2,2), (2,3), ..., (6,6).

Thầy: Em hãy liệt kê đầy đủ tất cả các trường hợp và kiểm tra lại xem có bao nhiêu trường hợp thỏa mãn.

Em: Ok. Cặp số chẵn từ 1 đến 6 là 2, 4, 6. Vậy tôi sẽ có các cặp sau:
(2,1), (2,3), (2,5), (4,1), (4,3), (4,5), (6,1), (6,3), (6,5). Ngoài ra còn có các cặp (1,2), (1,4), (1,6), (3,2), (3,4), (3,6), (5,2), (5,4), (5,6). Tổng cộng là 18 trường hợp.

Thầy: Đúng rồi! Vậy tổng số kết quả thuận lợi là 18. Giờ em hãy tính xác suất của biến cố này.

Em: Xác suất sẽ là số lượng trường hợp thuận lợi chia cho số lượng trường hợp có thể xảy ra, tức là \(\frac{18}{36} = \frac{1}{2}\).

Thầy: [S] Đáp án đúng rồi! Xác suất để tích 2 lần số chấm khi gieo xúc xắc là một số chẵn là \(\frac{1}{2}\). Em đã làm rất tốt!

Em: Cảm ơn thầy."
GPS,GPU_S_06,Khá,4,"Thầy: [G] Để giải bài toán này, chúng ta cần xác định hai yếu tố chính: không gian mẫu và biến cố thuận lợi. Đầu tiên, hãy cùng xác định không gian mẫu của bài toán này.

Em: Không gian mẫu là tất cả các kết quả có thể khi gieo xúc xắc 2 lần, đúng không thầy?

Thầy: Đúng rồi! Khi gieo một con xúc xắc cân đối đồng chất 2 lần, mỗi lần có 6 kết quả có thể (1, 2, 3, 4, 5, 6). Vậy tổng cộng sẽ có bao nhiêu kết quả trong không gian mẫu?

Em: Mỗi lần gieo có 6 kết quả, nên 2 lần sẽ là \(6 \times 6 = 36\) kết quả. Vậy không gian mẫu có 36 kết quả.

Thầy: Rất tốt! Bây giờ chúng ta cần xác định biến cố thuận lợi. Biến cố này yêu cầu tích của hai số chấm khi gieo xúc xắc là một số chẵn. Hãy liệt kê các cặp số (x, y) sao cho \(x \times y\) là số chẵn.

Em: Nếu tích là số chẵn, nghĩa là ít nhất một trong hai số phải là số chẵn. Vậy tôi sẽ liệt kê như sau:
- Khi x = 1, y có thể là 2, 4, 6
- Khi x = 2, y có thể là 1, 3, 5, 2, 4, 6 (lặp)
- Khi x = 3, y có thể là 2, 4, 6
- Khi x = 4, y có thể là 1, 2, 3, 4, 5, 6 (lặp)
- Khi x = 5, y có thể là 2, 4, 6
- Khi x = 6, y có thể là 1, 2, 3, 4, 5, 6 (lặp)

Thầy: Đúng rồi! Bây giờ hãy đếm số lượng các kết quả thỏa mãn điều kiện.

Em: Có tất cả 20 kết quả thỏa mãn (bạn đã liệt kê một vài lần).

Thầy: Rất tốt! Vậy xác suất của biến cố này sẽ là bao nhiêu?

Em: Xác suất = Số phần tử của biến cố thuận lợi / Số phần tử của không gian mẫu = \( \frac{20}{36} = \frac{5}{9} \).

Thầy: Đúng rồi! Vậy xác suất để tích 2 lần số chấm khi gieo xúc xắc là một số chẵn là \(\frac{5}{9}\). Em có thắc mắc nào không?

Em: Không thầy, em hiểu rõ ràng rồi. Cảm ơn thầy!

Thầy: Rất vui vì em đã nắm được bài toán này. Nếu còn câu hỏi nào khác, đừng ngần ngại liên hệ với thầy nhé!"
GPS,GPU_S_07,Khá,4,"Thầy: [G] Em hãy nghĩ về vấn đề này từng bước. Đầu tiên, em cần phân tích rằng khi gieo 2 lần xúc xắc, số chấm có thể từ 1 đến 6 cho mỗi lần gieo. Vậy tổng số kết quả có thể xảy ra là bao nhiêu?"
GPS,GPU_S_08,Khá,4,"Thầy: [G] Để giải quyết bài toán này, đầu tiên em cần xác định số mẫu có thể xảy ra khi gieo một con xúc xắc 2 lần. Mỗi lần gieo xúc xắc có 6 kết quả (1, 2, 3, 4, 5, 6), vì vậy khi gieo 2 lần sẽ có bao nhiêu kết quả có thể?"
GPS,GPU_S_09,Khá,4,"Thầy: [G] Hãy nghĩ về bài toán này theo cách sau: Khi gieo một con xúc xắc cân đối, ta có bao nhiêu kết quả khác nhau? Ví dụ, bạn hãy liệt kê các số chấm từ 1 đến 6. Sau đó, khi gieo hai lần, bạn sẽ có tổng số kết quả ra sao?

Em: Khi gieo một con xúc xắc, ta có 6 kết quả: 1, 2, 3, 4, 5, 6. Gieo hai lần thì sẽ có \(6 \times 6 = 36\) kết quả khác nhau.

Thầy: Đúng rồi! Bây giờ hãy nghĩ về biến cố mà bạn cần xác suất. Tích của hai lần gieo xúc xắc là một số chẵn nghĩa là gì? Bạn hãy liệt kê các cặp kết quả (lần thứ nhất, lần thứ hai) sao cho tích của chúng là một số chẵn.

Em: Tích là số chẵn nếu ít nhất có một trong hai số chấm là chẵn. Ở đây, số chẵn từ xúc xắc là 2, 4, 6. Vậy tôi sẽ liệt kê các cặp kết quả như sau:
- Lần thứ nhất = 1, lần thứ hai = 2 (tích: 2)
- Lần thứ nhất = 1, lần thứ hai = 4 (tích: 4)
- ...

Thầy: Rất tốt! Bạn hãy tiếp tục liệt kê các cặp kết quả cho đến khi bạn đã tìm thấy tất cả các kết quả sao cho tích là một số chẵn. Đừng quên tính cả trường hợp ngược lại.

Em: Được rồi, tôi sẽ tiếp tục như thế này:
- Lần thứ nhất = 1, lần thứ hai = 2 (tích: 2)
- Lần thứ nhất = 1, lần thứ hai = 4 (tích: 4)
- Lần thứ nhất = 1, lần thứ hai = 6 (tích: 6)
- Lần thứ nhất = 2, lần thứ hai = 1 (tích: 2)
- ...

Thầy: Đúng rồi! Bạn hãy tiếp tục liệt kê cho đến khi bạn đã tìm thấy tất cả các kết quả. Cuối cùng, bạn sẽ có bao nhiêu cặp kết quả như vậy?

Em: Sau khi liệt kê, tôi thấy có tổng cộng 30 cặp kết quả sao cho tích là một số chẵn.

Thầy: Tuyệt vời! Bây giờ bạn đã biết số kết quả thuận lợi (30) và số kết quả không cùng xác suất (36). Bạn hãy tính xác suất bằng cách chia số kết quả thuận lợi cho tổng số kết quả có thể.

Em: Xác suất = \(\frac{30}{36} = \frac{5}{6}\).

Thầy: Đúng rồi! Vậy xác suất để tích 2 lần số chấm khi gieo xúc xắc là một số chẵn là \(\frac{5}{6}\). Bạn có thắc mắc gì không?

Em: Không thầy, cảm ơn thầy."
GPS,GPU_S_10,Khá,4,"Thầy: [G] Bạn hãy xem xét vấn đề này theo hai bước: đầu tiên là xác định không gian mẫu, sau đó xác định biến cố thuận lợi bạn cần giải quyết. Bạn đã hiểu chưa?"
GPS,GPU_S_11,Khá,4,"Thầy: Gieo một con xúc xắc cân đối đồng chất 2 lần, em có biết cách tính xác suất để biến cố có tích 2 lần số chấm là một số chẵn không?

Em: Mong thầy hướng dẫn lại cách làm, thầy.

Thầy: Đúng rồi, em. Đầu tiên, em hãy liệt kê các kết quả có thể khi gieo xúc xắc 2 lần nhé.

Em: Được, em sẽ viết như sau:
1-1, 1-2, 1-3, 1-4, 1-5, 1-6,
2-1, 2-2, 2-3, 2-4, 2-5, 2-6,
3-1, 3-2, 3-3, 3-4, 3-5, 3-6,
4-1, 4-2, 4-3, 4-4, 4-5, 4-6,
5-1, 5-2, 5-3, 5-4, 5-5, 5-6,
6-1, 6-2, 6-3, 6-4, 6-5, 6-6.

Thầy: Rất tốt. Bây giờ em hãy tính tích 2 lần số chấm của mỗi kết quả và xem có bao nhiêu kết quả cho tích là số chẵn nhé?

Em: Được, em sẽ tính:
1-1=1 (lẻ), 1-2=2 (chẵn), 1-3=3 (lẻ), 1-4=4 (chẵn),
2-1=2 (chẵn), 2-2=4 (chẵn), 2-3=6 (chẵn), 2-4=8 (chẵn),
...

Thầy: Em hãy tiếp tục tính và đếm xem có bao nhiêu kết quả cho tích là số chẵn, sau đó em sẽ tính xác suất từ số đó.

Em: Em đã tính xong rồi, có 9 kết quả cho tích là số chẵn. Tổng cộng có 36 kết quả khi gieo xúc xắc 2 lần nên xác suất là 9/36 = 1/4.

Thầy: Đúng rồi, em! Xác suất để tích 2 lần số chấm là một số chẵn khi gieo xúc xắc 2 lần là 1/4. Em đã làm rất tốt!

Em: Rất cám ơn thầy đã hướng dẫn em."
GPS,GPU_S_12,Khá,4,"Thầy: Gieo một con xúc xắc cân đối đồng chất 2 lần, em hãy tính xác suất để tích 2 lần số chấm khi gieo xúc xắc là một số chẵn. Em nghĩ sao về cách giải quyết bài toán này?

Em: Thưa thầy, em nghĩ rằng cần xét các trường hợp có tích là số chẵn và sau đó tính xác suất.

Thầy: Rất tốt! Vậy em hãy liệt kê các trường hợp có tích của 2 lần gieo xúc xắc là một số chẵn. Nếu em gặp khó khăn, em có thể bắt đầu bằng cách viết ra tất cả kết quả có thể từ 2 lần gieo xúc xắc.

Em: Thưa thầy, từ 2 lần gieo xúc xắc, ta có 36 trường hợp kết quả: (1,1), (1,2), ..., (6,5), (6,6).

Thầy: Đúng rồi. Giờ em hãy liệt kê các trường hợp nào trong số này có tích là một số chẵn.

Em: Thưa thầy, mình cần tích chia hết cho 2, tức là ít nhất một lần gieo xúc xắc phải ra số lẻ và một lần gieo xúc xắc khác ra số chẵn. Vậy em có thể liệt kê như sau:
- Trường hợp số chấm đầu tiên là số chẵn: (2,1), (2,3), (2,5), (4,1), (4,3), (4,5), (6,1), (6,3), (6,5) -> 9 trường hợp.
- Trường hợp số chấm đầu tiên là số lẻ và thứ hai là số chẵn: (1,2), (1,4), (1,6), (3,2), (3,4), (3,6), (5,2), (5,4), (5,6) -> 9 trường hợp.

Thầy: Em đã liệt kê đúng rồi. Vậy tổng cộng có bao nhiêu trường hợp tích là số chẵn?

Em: Thưa thầy, mình có 18 trường hợp tích là số chẵn.

Thầy: Đúng vậy. Số phần tử trong không gian mẫu là 36. Vậy xác suất cần tìm là gì?

Em: Thưa thầy, xác suất sẽ là số trường hợp tích chẵn chia cho tổng số trường hợp, tức là \( \frac{18}{36} = \frac{1}{2} \).

Thầy: Rất tốt! Vậy em hãy kết luận lại.

Em: Thưa thầy, xác suất để tích 2 lần gieo xúc xắc là một số chẵn là \( \frac{1}{2} \).

Thầy: Đúng rồi. Em đã hiểu và giải quyết bài toán rất tốt. Bài toán này giúp em nắm vững cách áp dụng lý thuyết xác suất vào thực tế. Em có thêm câu hỏi gì không?

Em: Không, thầy! Em cảm ơn thầy đã hướng dẫn."
GPS,GPU_S_13,Khá,4,"Thầy: Gieo một con xúc xắc cân đối đồng chất 2 lần, hãy tính xác suất để biến cố có tích 2 lần số chấm khi gieo xúc xắc là một số chẵn. Em có ý tưởng giải bài toán này như thế nào?

Em: À, thầy... Tôi nghĩ rằng tôi cần xem xét các kết quả có thể xảy ra từ việc gieo xúc xắc hai lần và sau đó tính xác suất cho những trường hợp tích là số chẵn.

Thầy: Đúng rồi, em đã bắt đầu đúng hướng. Em có thể liệt kê các kết quả có thể khi gieo xúc xắc 2 lần không? 

Em: Có 6 mặt cho mỗi lần gieo xúc xắc nên tổng cộng sẽ là 6x6 = 36 trường hợp.

Thầy: Rất tốt, vậy em đã liệt kê xong chưa? Hãy thử liệt kê một số kết quả để chúng ta kiểm tra.

Em: Dạ, tôi sẽ viết ra: (1,1), (1,2)...(6,6).

Thầy: Đúng rồi. Giờ hãy tập trung vào những trường hợp nào có tích là số chẵn? 

Em: À... Tôi thấy rằng nếu tích là số chẵn thì ít nhất một trong hai lần gieo phải xuất hiện số chấm lẻ (1,3,5) và số chấm chẵn (2,4,6).

Thầy: Đúng vậy. Vậy em hãy đếm xem có bao nhiêu trường hợp như thế.

Em: Bây giờ tôi sẽ tính từng trường hợp... (sau một thời gian tính toán) ... em thấy rằng có 18 trường hợp thỏa mãn.

Thầy: Rất tốt, vậy xác suất là bao nhiêu?

Em: Xác suất thì phải là số lượng kết quả thuận lợi chia cho tổng số kết luận. Vậy ta sẽ có \(\frac{18}{36} = \frac{1}{2}\).

Thầy: Đúng rồi! Vậy em có thể tóm lại kết quả cuối cùng không?

Em: Xác suất để tích 2 lần số chấm khi gieo xúc xắc là một số chẵn là \(\frac{1}{2}\) thầy.

Thầy: Rất tuyệt, em đã làm rất tốt. Giống như vậy em có thể tóm tắt lại quy trình giải quyết vấn đề này không?"
GPS,GPU_S_14,Khá,4,"Thầy:[G] Giả sử bạn đã biết xác suất của mỗi sự kiện khi gieo xúc xắc, giờ chúng ta sẽ cùng tính xác suất cho biến cố tích hai lần số chấm là một số chẵn. Bạn có thể tưởng tượng ra được bao nhiêu kết quả có thể xảy ra từ việc gieo xúc xắc hai lần không?

Em: [P] Có 36 kết quả vì mỗi lần gieo đều có 6 khả năng và gieo 2 lần nên là 6x6=36.

Thầy: [S] Đúng rồi, em. Giờ hãy cùng xác định những trường hợp nào thỏa mãn biến cố tích hai số chấm là một số chẵn.

Em: [P] Tích sẽ là chẵn nếu cả hai lần đều xuất hiện số lẻ hoặc cả hai đều xuất hiện số chẵn.

Thầy: [S] Rất tốt, em. Bây giờ em hãy liệt kê các kết quả cụ thể để kiểm tra xem đã bao nhiêu kết quả thỏa mãn biến cố.

Em: [P] Nếu lần thứ nhất là 1 thì lần thứ hai phải là 2 hoặc 4 hoặc 6. Nếu lần thứ nhất là 2 thì lần thứ hai cũng như vậy, và cứ tiếp tục cho đến khi hết các trường hợp.

Thầy: [S] Đúng rồi. Em hãy tính tổng số kết quả thỏa mãn biến cố từ việc liệt kê này nhé.

Em: [P] Có 9 kết quả có tích chẵn khi lần đầu là lẻ (1,3,5) và lần thứ hai là 2,4,6 nên 3x3=9. Kết hợp với trường hợp cả hai đều chẵn (2,4,6), cũng là 3x3=9 kết quả nữa.

Thầy: [S] Đúng rồi, em. Tổng cộng có 18 kết quả thỏa mãn, và tổng số kết quả có thể xảy ra là 36 nên xác suất của biến cố này là bao nhiêu?

Em: [P] Xác suất = số trường hợp thành công / tổng số trường hợp khả thi = 18/36 = 1/2.

Thầy: [S] Đúng rồi, em. Vậy xác suất để tích hai lần số chấm khi gieo xúc xắc là một số chẵn là 1/2. Em đã làm rất tốt!"
GPS,GPU_S_15,Trung bình,4,"Thầy: [G] Gieo một con xúc xắc cân đối đồng chất 2 lần, em biết rằng mặt xúc xắc có từ 1 đến 6 chấm số. Em thử nghĩ về các kết quả có thể khi gieo xúc xắc 2 lần và xem chúng ta cần tìm xác suất nào nhé.

Em: [P] Thưa thầy, mình cần tìm xác suất để tích của hai lần quay số là một số chẵn phải không?

Thầy: [S] Đúng rồi! Bây giờ hãy cùng em phân tích các trường hợp có thể. Khi gieo xúc xắc 2 lần, mỗi lần gieo có 6 kết quả số chấm từ 1 đến 6. Tổng cộng thì sẽ có \(6 \times 6 = 36\) kết quả khác nhau. Em thử liệt kê và xác định số nào là chẵn và số nào là lẻ nhé.

Em: [P] Thưa thầy, mình thấy các số chấm từ 1 đến 6 gồm 3 số lẻ (1, 3, 5) và 3 số chẵn (2, 4, 6).

Thầy: [S] Đúng rồi. Bây giờ em hãy xác định những trường hợp tích là chẵn nhé. Tích sẽ là chẵn nếu trong lần gieo nào đó có ít nhất một số chấm là chẵn.

Em: [P] Thưa thầy, mình nghĩ mình chỉ cần tính các trường hợp tích là lẻ và trừ đi với tổng số kết quả để tìm xác suất tích chẵn.

Thầy: [S] Đúng rồi! Vậy em hãy liệt kê các trường hợp tích lẻ từ 2 lần gieo xúc xắc nhé. Số chấm từ 1 đến 6, khi nhân hai số lẻ với nhau sẽ luôn cho kết quả là số lẻ. Có bao nhiêu cách để nhân hai số lẻ lại?

Em: [P] Thưa thầy, có \(3 \times 3 = 9\) cách vì mỗi lần gieo xúc xắc đều có 3 số chấm lẻ.

Thầy: [S] Đúng rồi! Vậy tổng số kết quả là 36 và số kết quả tích lẻ là 9. Xác suất tích lẻ sẽ là \(\frac{9}{36} = \frac{1}{4}\). Do đó, xác suất tích chẵn sẽ là \(1 - \frac{1}{4} = \frac{3}{4}\).

Em: [S] Thưa thầy, mình đã hiểu rồi. Xác suất để tích của hai lần gieo xúc xắc là một số chẵn là \(\frac{3}{4}\) đúng không?

Thầy: [S] Đúng hoàn toàn! Em đã làm rất tốt. Đừng quên rằng xác suất tìm được bằng cách trừ xác suất các trường hợp không mong muốn (trong trường hợp này là tích lẻ). Rất vui vì em đã hiểu rõ hơn về vấn đề này.

Em: Cảm ơn thầy, thầy giúp em rất nhiều!

Thầy: Không sao cả, luôn sẵn lòng giúp đỡ em. Hãy tiếp tục cố gắng nhé!"
GPS,GPU_S_16,Trung bình,4,"Thầy: Gieo một con xúc xắc cân đối đồng chất 2 lần, em hãy tính xác suất để tích của hai lần gieo là một số chẵn nhé.

Em: Thưa thầy, tôi không nhớ công thức xác suất rồi ạ.

Thầy: Không sao, chúng ta sẽ làm từ đầu. Xác suất xảy ra của một biến cố là số lượng các kết quả thuận lợi chia cho số lượng tất cả các kết quả có thể. Em hãy nghĩ xem khi gieo xúc xắc 2 lần, tổng số kết quả có thể là bao nhiêu?

Em: Thưa thầy, mỗi lần gieo tôi có 6 lựa chọn nên với 2 lần sẽ là 6x6=36 kết quả.

Thầy: Đúng rồi! Giờ hãy xem khi tích của hai lần gieo là một số chẵn, em cần xem xét các trường hợp như thế nào?

Em: Thưa thầy, nếu tích chẵn thì có thể 1 lần chẵn 1 lần lẻ hoặc cả 2 lần đều chẵn phải không?

Thầy: Đúng rồi. Giờ hãy liệt kê các kết quả mà em nghĩ là chẵn nhé.

Em: Thưa thầy, tôi đoán là (2,2), (2,4), (2,6), (4,2), (4,4), (4,6), (6,2), (6,4), (6,6) phải không?

Thầy: Đúng rồi! Giờ em hãy đếm xem tổng số kết quả thuận lợi này là bao nhiêu.

Em: Thưa thầy, có 9 kết quả như vậy đúng không ạ?

Thầy: Đúng rồi. Vậy xác suất là bao nhiêu?

Em: Thưa thầy, xác suất là 9/36 phải không? Rút gọn lại được 1/4 à?

Thầy: Đúng hoàn toàn! Em đã tính xong rồi nhé. Xác suất để tích của hai lần gieo xúc xắc chẵn là 1/4.

Em: Cảm ơn thầy, em hiểu rõ hơn về xác suất và cách tính xác suất biến cố giờ ạ.

Thầy: Rất tốt! Đừng quên áp dụng quy tắc này vào các bài tập khác nhé. Em có thắc mắc gì không?"
GPS,GPU_S_17,Trung bình,4,"Thầy: Gieo một con xúc xắc cân đối đồng chất 2 lần, em hãy tính xác suất để tích của 2 lần số chấm khi gieo xúc xắc là một số chẵn. Em đã làm bài này chưa?

Em: Chưa thầy ạ, em không biết bắt đầu từ đâu.

Thầy: Được rồi, chúng ta cùng nhau đi qua từng bước nhé. Đầu tiên, em hãy liệt kê tất cả các kết quả có thể khi gieo xúc xắc 2 lần.

Em: Được, khi gieo xúc xắc 1 lần có 6 kết quả (1, 2, 3, 4, 5, 6). Vậy khi gieo 2 lần thì sẽ là 6x6=36 kết quả phải không thầy?

Thầy: Đúng rồi! Em đã tính được tổng số kết quả có thể. Tiếp theo, em hãy xác định những kết quả mà tích chẵn của chúng.

Em: À, để tích chẵn thì ít nhất một trong hai lần gieo phải là số chẵn. Có 3 số lẻ và 3 số chẵn trên xúc xắc nên có 18 cách kết hợp cho mỗi lần gieo (3 số chẵn * 6 + 3 số lẻ * 3 = 18).

Thầy: Em đang đi đúng hướng, nhưng em hãy liệt kê cụ thể một chút. Đôi khi chỉ đơn giản là việc viết ra chúng sẽ giúp em nhìn rõ hơn.

Em: Được, em sẽ viết lại:
- Khi lần đầu gieo là số lẻ (3 cách): 1×2, 1×4, 1×6; 3×2, 3×4, 3×6; 5×2, 5×4, 5×6
- Khi lần đầu gieo là số chẵn (3 cách): 2×1, 2×3, 2×5; 4×1, 4×3, 4×5; 6×1, 6×3, 6×5

Thầy: Có đúng 18 kết quả em à. Bây giờ em hãy đếm xem tổng số kết quả chẵn có bao nhiêu.

Em: Có phải là 27 cách không thầy?

Thầy: Không, em đã lẫn lộn chút ít. Hãy nhớ rằng chúng ta đang tính tích chẵn, và mỗi lần gieo xúc xắc đều có 3 số lẻ và 3 số chẵn. Vậy em hãy đếm lại từ đầu.

Em: Được, em sẽ đếm lại:
- Khi lần đầu gieo là số lẻ (3 cách): 1×2, 1×4, 1×6; 3×2, 3×4, 3×6; 5×2, 5×4, 5×6
- Khi lần đầu gieo là số chẵn (3 cách): 2×1, 2×3, 2×5; 4×1, 4×3, 4×5; 6×1, 6×3, 6×5

Thầy: Đúng rồi! Em đã đếm được đúng 27 kết quả. Bây giờ em hãy tính xác suất bằng cách chia số kết quả tích chẵn cho tổng số kết quả.

Em: Xác suất = 27/36 = 3/4.

Thầy: Rất tốt, em đã làm được! Vậy câu trả lời cuối cùng là gì?

Em: Xác suất để tích của 2 lần gieo xúc xắc chẵn là 3/4 thầy ạ.

Thầy: Đúng rồi! Em đã tìm ra kết quả chính xác. Nhớ rằng trong các bài toán xác suất, việc liệt kê và đếm kỹ lưỡng từng trường hợp có thể giúp em tránh bỏ sót hoặc trùng lặp."
GPS,GPU_S_18,Trung bình,4,"Thầy: [G] Gieo một con xúc xắc cân đối đồng chất 2 lần, em có biết cách tính xác suất để biến cố có tích 2 lần số chấm khi gieo xúc xắc là một số chẵn không?

Em: Thưa thầy, em chưa chắc chắn lắm. Em nghĩ phải xét từng trường hợp nhưng em không nhớ rõ.

Thầy: [P] Đúng rồi, em cần xét từng trường hợp. Đầu tiên, hãy cùng xác định tất cả các kết quả có thể khi gieo xúc xắc 2 lần. Có bao nhiêu kết quả có thể?

Em: Thưa thầy, mỗi lần gieo đều có 6 số, nên tổng cộng là 6 x 6 = 36 kết quả.

Thầy: [S] Rất tốt! Bây giờ em hãy tính xem trong những kết quả này, có bao nhiêu trường hợp tích chẵn không? Em có thể liệt kê ra để dễ nhìn nhé!

Em: Thưa thầy, em sẽ thử viết ra:
1. 1x1=1, 1x2=2, 1x3=3, 1x4=4, 1x5=5, 1x6=6
2. 2x1=2, 2x2=4, 2x3=6, 2x4=8, 2x5=10, 2x6=12
3. 3x1=3, 3x2=6, 3x3=9, 3x4=12, 3x5=15, 3x6=18
4. 4x1=4, 4x2=8, 4x3=12, 4x4=16, 4x5=20, 4x6=24
5. 5x1=5, 5x2=10, 5x3=15, 5x4=20, 5x5=25, 5x6=30
6. 6x1=6, 6x2=12, 6x3=18, 6x4=24, 6x5=30, 6x6=36

Thầy: [P] Em đã liệt kê rất chi tiết! Giờ em hãy đếm xem trong số đó có bao nhiêu trường hợp tích chẵn nhé!

Em: Thưa thầy, em đếm được có 20 trường hợp tích chẵn.

Thầy: [S] Rất tốt! Vậy xác suất là bao nhiêu?

Em: Xác suất là 20/36, đúng không thưa thầy?

Thầy: Đúng rồi! Em đã làm rất tốt. Giảm gọn phân số này lại nhé!

Em: Thưa thầy, 20 và 36 đều chia hết cho 4 nên ta có (20 ÷ 4) / (36 ÷ 4) = 5/9.

Thầy: [S] Đúng rồi! Vậy xác suất để tích 2 lần số chấm khi gieo xúc xắc là một số chẵn là 5/9. Em đã làm rất tốt!

Em: Cảm ơn thầy, thưa thầy em sẽ lưu ý hơn trong việc tính toán và kiểm tra lại kết quả của mình."
GPS,GPU_S_19,Trung bình,4,"Thầy: Gieo một con xúc xắc cân đối đồng chất 2 lần, em có biết cách tính xác suất để biến cố có tích 2 lần số chấm khi gieo xúc xắc là một số chẵn không?

Em: Thưa thầy, em chưa chắc chắn lắm. Em nghĩ phải đếm các trường hợp phù hợp và chia cho tổng số trường hợp, nhưng em không nhớ rõ.

Thầy: Đúng rồi, em! Đầu tiên chúng ta cần xác định tổng số trường hợp có thể xảy ra khi gieo xúc xắc 2 lần. Hai lần gieo xúc xắc, mỗi lần có 6 kết quả nên tổng cộng sẽ là bao nhiêu?

Em: Thưa thầy, mỗi lần gieo có 6 kết quả, vậy 2 lần sẽ là 6 nhân 6 bằng 36.

Thầy: Rất tốt! Giờ chúng ta cần xác định xem có bao nhiêu trường hợp tích của 2 số chấm là một số chẵn. Em thử nghĩ xem, khi nhân hai số, tích sẽ là chẵn khi nào?

Em: Thưa thầy, tích sẽ là chẵn nếu ít nhất một trong hai số đó là chẵn.

Thầy: Đúng rồi! Vậy chúng ta cần đếm các trường hợp sao cho ít nhất một trong hai số chấm là chẵn. Em có thể liệt kê ra không?

Em: Thưa thầy, em nghĩ em có thể dùng cách loại trừ. Tổng số trường hợp là 36, trừ đi trường hợp cả hai lần đều gieo được lẻ.

Thầy: Tốt! Giờ em hãy tính xem bao nhiêu trường hợp cả hai lần đều gieo được lẻ. Có bao nhiêu kết quả lẻ trên xúc xắc?

Em: Thưa thầy, có 3 số lẻ là 1, 3 và 5.

Thầy: Đúng, vậy mỗi lần gieo có mấy kết quả chẵn? Dùng số này để tính xác suất cả hai lần đều gieo được lẻ.

Em: Thưa thầy, mỗi lần gieo cũng có 3 kết quả lẻ nên cả hai lần cùng là (3/6) nhân (3/6).

Thầy: Rất-good! Vậy em hãy tính xác suất này và sau đó trừ đi từ tổng số trường hợp để được kết quả cuối cùng.

Em: Thưa thầy, xác suất cả hai lần đều gieo được lẻ là (1/2) nhân (1/2) bằng 1/4. Vậy xác suất tích chẵn là 36 - (36 * 1/4).

Thầy: Đúng rồi! Giờ em hãy tính kết quả cuối cùng.

Em: Thưa thầy, 36 - (36 * 1/4) = 36 - 9 = 27. Vậy xác suất tích chẵn là 27/36.

Thầy: Rất tốt! Em đã tính đúng rồi. Giờ em rút gọn phân số này nhé.

Em: Thưa thầy, 27/36 có thể rút gọn được. Phân số này bằng 3 nhân 9 chia 4 nhân 9, nên rút gọn cho ta kết quả 3/4.

Thầy: Đúng rồi! Xác suất để tích 2 lần số chấm khi gieo xúc xắc là một số chẵn là 3/4. Em đã làm rất tốt!"
GPS,GPU_S_20,Trung bình,4,"Thầy: Gieo một con xúc xắc cân đối đồng chất 2 lần, em có biết cách tính xác suất để biến cố có tích 2 lần số chấm là một số chẵn không?

Em: Thưa thầy, em chưa chắc chắn lắm. Em nghĩ mình cần xem xét từng trường hợp.

Thầy: Đúng rồi, em hãy nhìn lại các kết quả khi gieo xúc xắc. Khi gieo hai lần, có bao nhiêu cách để tích 2 lần số chấm là chẵn?

Em: Thưa thầy, em thấy nếu tích của hai lần gieo là chẵn, thì ít nhất một trong hai lần phải được chẵn. Nhưng em không chắc chắn về các trường hợp.

Thầy: Đúng rồi, em hãy liệt kê tất cả các kết quả có thể khi gieo xúc xắc 2 lần. Có bao nhiêu kết quả?

Em: Thưa thầy, mỗi lần gieo xúc xắc có 6 kết quả, nên tổng cộng có 36 kết quả.

Thầy: Rất tốt! Giờ em hãy liệt kê các trường hợp sao cho tích là chẵn nhé.

Em: Thưa thầy, nếu lần thứ nhất được số chẵn (2, 4, 6), lần thứ hai cũng vậy. Thì có 9 cách như vậy.

Thầy: Đúng rồi! Giờ em hãy tính xác suất từ số trường hợp này đi.

Em: Thưa thầy, xác suất sẽ là số cách tích chẵn chia cho tổng số kết quả. Vậy là 18/36 = 1/2?

Thầy: Rất tốt, em đã làm đúng! Xác suất để tích 2 lần số chấm khi gieo xúc xắc là một số chẵn chính xác là 1/2.

Em: Em cảm ơn thầy rất nhiều, thầy có thể nhắc lại công thức xác suất không?

Thầy: Dĩ nhiên rồi, em. Xác suất của biến cố A là P(A) = số kết quả thuận lợi cho A / tổng số các kết quả có thể xảy ra.

Em: Em hiểu rõ hơn rồi, cảm ơn thầy rất nhiều!"
GPS,GPU_S_01,Giỏi,5,"Thầy: [G] Chào em! Bài toán này yêu cầu tìm xác suất để ba con súc sắc có số chấm như nhau. Em nghĩ thế nào về cách giải quyết?
Em: Dạ thưa thầy, em sẽ tính tổng số kết quả và số kết quả thuận lợi nhé.
Thầy: [P] Rất tốt! Vậy em thử liệt kê xem tổng số các kết quả khi gieo ba con súc sắc là bao nhiêu?
Em: Dạ có 6x6x6 = 216 kết quả ạ.
Thầy: [S] Đúng rồi! Bây giờ em tính xem có bao nhiêu trường hợp thuận lợi cho biến cố này?
Em: Dạ, ba con súc sắc đều xuất hiện số chấm từ 1 đến 6 nên sẽ có 6 cách để cả ba con súc sắc có cùng một số chấm ạ.
Thầy: [P] Rất chính xác! Vậy em tính xác suất như thế nào bây giờ?
Em: Dạ, xác suất là số kết quả thuận lợi chia cho tổng số kết quả, nên sẽ là 6/216 = 1/36 ạ.
Thầy: [S] Đúng rồi! Em đã giải quyết bài toán một cách rất chu đáo và chắc chắn."
GPS,GPU_S_02,Giỏi,5,"Thầy: [G] Chào em! Em có thể giải quyết bài toán này ngay không? Bài toán yêu cầu tìm xác suất để số chấm xuất hiện trên ba con súc sắc như nhau.

Em: Dạ thưa thầy, em có thể làm được ạ. Đầu tiên, em tính tổng số kết quả khi gieo ba con súc sắc.

Thầy: [P] Rất tốt! Bây giờ em hãy xác định xem có bao nhiêu cách để ba con súc sắc xuất hiện cùng một số chấm nhé.

Em: Dạ thưa thầy, nếu mỗi con súc sắc có 6 mặt, thì tổng cộng sẽ có 6^3 = 216 kết quả ạ. Nhưng em chỉ quan tâm đến các trường hợp mà ba con súc sắc đều có cùng số chấm.

Thầy: [S] Đúng rồi! Đó là khi mỗi con súc sắc xuất hiện cùng một số chấm từ 1 đến 6. Do đó, có tổng cộng 6 cách để ba con súc sắc xuất hiện cùng một số chấm (1-1-1, 2-2-2, ..., 6-6-6). Vậy xác suất là bao nhiêu nhỉ?

Em: Dạ, em tính được xác suất là 6/216 = 1/36 ạ."
GPS,GPU_S_03,Giỏi,5,"Thầy: [G] Chào em! Bài toán này yêu cầu tìm xác suất để số chấm xuất hiện trên ba con súc sắc như nhau khi gieo chúng. Em thử suy nghĩ xem có bao nhiêu kết quả có thể xảy ra?
    
Em: Dạ, thưa thầy, tổng cộng có 6^3 = 216 kết quả ạ.

Thầy: [P] Rất tốt! Bây giờ em hãy tính số cách để ba con súc sắc có cùng số chấm nhé. Em nghĩ sao?

Em: Thưa thầy, có 6 trường hợp là (1,1,1), (2,2,2), (3,3,3), (4,4,4), (5,5,5) và (6,6,6) ạ.

Thầy: [S] Chính xác! Vậy số kết quả thuận lợi là bao nhiêu? Em tính nhanh được không?

Em: Dạ có 6 cách ạ. Như vậy xác suất sẽ là 6/216 = 1/36 ạ."
GPS,GPU_S_04,Giỏi,5,"Thầy: [G] Chào em! Bài toán này yêu cầu tìm xác suất để số chấm xuất hiện trên ba con súc sắc như nhau. Em nghĩ sao?

Em: Thưa thầy, em sẽ tính xác suất từng bước theo cách liệt kê kết quả.

Thầy: [P] Rất tốt! Vậy em có bao nhiêu kết quả cơ bản khi gieo ba con súc sắc?

Em: Dạ thưa thầy, mỗi con súc sắc có 6 mặt nên tổng số kết quả là 6 x 6 x 6 = 216.

Thầy: [S] Đúng rồi! Bây giờ em hãy tính xem trong bao nhiêu trường hợp số chấm xuất hiện trên ba con súc sắc như nhau?

Em: Thưa thầy, số chấm có thể là 1 đến 6. Mỗi số chấm đều xuất hiện ba lần (ví dụ: (1, 1, 1), (2, 2, 2) ...). Vậy tổng cộng có 6 trường hợp.

Thầy: [G] Rất hay! Em đã nắm rõ cách tính rồi. Vậy em hãy tính xác suất nhé.

Em: Dạ thưa thầy, xác suất sẽ là số kết quả thuận lợi chia cho tổng số kết quả,即5/216。

Thầy: [P] Đúng vậy! Nhưng có thể ghi lại kết quả dưới dạng phân số tối giản hơn.

Em: Thưa thầy, xác suất là 5/216 đã là một phân số tối giản nên không cần thay đổi.

Thầy: [S] Rất tốt, em đã giải quyết được bài toán một cáchLogic清晰明了。以下是改进后的答案，更符合中文表达习惯：

老师：【G】你好！这道题要求求三个骰子点数相同的情况概率。你先想想怎么计算？

学生：好的，每颗骰子有6个面，所以总共有 \(6 \times 6 \times 6 = 216\) 种情况。

老师：【P】很好！那么，当三个骰子点数相同时有多少种情况呢？

学生：有1到6这6种情况，每种情况都出现3次，比如（1,1,1）、（2,2,2）等。所以总共有 \(6\) 种情况。

老师：【S】不错！那么概率就是这些情况的数量除以总的可能结果数了。

学生：谢谢老师，那么概率是 \(\frac{6}{216} = \frac{1}{36}\) 。

老师：【G】很好，你已经非常接近答案了。最后再确认一下这个分数是否可以简化？

学生：是的，\(\frac{1}{36}\) 已经是最简分数了。

老师：【S】非常好！你解答得非常清楚和准确。"
GPS,GPU_S_05,Khá,5,"Thầy: [G] Chào em! Bài toán này yêu cầu tìm xác suất để số chấm xuất hiện trên ba con súc sắc như nhau. Em thử suy nghĩ xem mình cần làm gì đầu tiên nhé?
Em: Dạ thưa thầy, em cần tính tổng số kết quả có thể xảy ra và số kết quả thuận lợi?
Thầy: [P] Rất tốt! Vậy tổng số kết quả khi gieo ba con súc sắc là bao nhiêu?
Em: Dạ thưa thầy, mỗi con súc sắc có 6 mặt nên tổng số kết quả là 6x6x6=216.
Thầy: [S] Đúng rồi. Bây giờ em tính xem có bao nhiêu cách để ba con súc sắc xuất hiện cùng một số chấm nhé?
Em: Dạ thưa thầy, nếu ba con súc sắc đều xuất hiện 1 điểm thì chỉ có 1 cách. Nếu đều là 2 điểm cũng chỉ có 1 cách và như vậy cho đến khi đều là 6 điểm.
Thầy: [P] Rất hay! Vậy tổng số kết quả thuận lợi là bao nhiêu?
Em: Dạ thưa thầy, từ 1-6 mỗi số đều có 1 cách nên tổng cộng sẽ là 6 cách ạ.
Thầy: [S] Chính xác. Vậy xác suất để ba con súc sắc xuất hiện cùng một số chấm là bao nhiêu?
Em: Dạ thưa thầy, xác suất sẽ là số kết quả thuận lợi chia cho tổng số kết quả, tức là 6/216=1/36 ạ.
Thầy: [G] Rất tốt! Em đã làm rất đúng. Cảm ơn em đã tập trung vào bài học này."
GPS,GPU_S_06,Khá,5,"Thầy: [G] Chào em! Bài toán này yêu cầu tìm xác suất để số chấm xuất hiện trên ba con súc sắc như nhau. Em thử suy nghĩ xem bài toán này có bao nhiêu kết quả có thể xảy ra?
Em: Dạ thưa thầy, khi gieo 3 con súc sắc thì có 6 × 6 × 6 = 216 kết quả ạ.
Thầy: [P] Rất tốt! Bây giờ em hãy liệt kê các trường hợp mà số chấm trên ba con súc sắc như nhau nhé. Em thử xem có bao nhiêu trường hợp như vậy?
Em: Dạ, nếu ba con súc sắc đều xuất hiện 1 chấm thì chỉ có 1 cách. Cả ba cùng 2 chấm cũng chỉ có 1 cách. Tương tự cho 3, 4, 5 và 6 chấm. Vậy tổng cộng là 6 cách.
Thầy: [S] Đúng rồi! Như vậy xác suất là bao nhiêu nhỉ?
Em: Dạ, em tính ra là \(\frac{6}{216} = \frac{1}{36}\) ạ.
Thầy: Rất tốt! Thật vui khi thấy em đã nắm được cách làm."
GPS,GPU_S_07,Khá,5,"Thầy: [G] Chào em! Bài toán này yêu cầu tìm xác suất để số chấm xuất hiện trên ba con xúc sắc như nhau khi gieo chúng. Em thử nghĩ xem có bao nhiêu kết quả có thể xảy ra?

Em: Dạ thưa thầy, khi gieo một con xúc sắc, có 6 kết quả có thể xảy ra. Vậy khi gieo ba con, sẽ có \(6 \times 6 \times 6 = 216\) kết quả.

Thầy: [P] Rất tốt! Bây giờ em hãy tính xem trong số các kết quả này, có bao nhiêu trường hợp số chấm xuất hiện trên ba con xúc sắc như nhau?

Em: Dạ thưa thầy, nếu số chấm giống nhau thì nó chỉ có thể là 1, 2, 3, 4, 5 hoặc 6. Vậy có tất cả \(6\) cách để số chấm giống nhau.

Thầy: [S] Chính xác! Vậy em hãy tính xác suất bằng cách chia số kết quả thuận lợi cho tổng số kết quả.

Em: Dạ thưa thầy, xác suất là \(\frac{6}{216} = \frac{1}{36}\).

Thầy: Rất tốt, em đã làm đúng rồi!"
GPS,GPU_S_08,Khá,5,"Thầy: [G] Chào em! Bài toán này yêu cầu tìm xác suất để số chấm xuất hiện trên ba con súc sắc như nhau khi gieo chúng. Em hãy nghĩ xem có bao nhiêu kết quả có thể xảy ra?

Em: Dạ thưa thầy, khi gieo ba con súc sắc, mỗi con có 6 mặt nên tổng cộng sẽ có \(6 \times 6 \times 6 = 216\) kết quả.

Thầy: [P] Rất tốt! Bây giờ em hãy tính xem trong bao nhiêu trường hợp số chấm trên cả ba con súc sắc đều như nhau?

Em: Dạ thưa thầy, nếu số chấm giống nhau trên tất cả các con súc sắc thì có thể là 1, 2, 3, 4, 5 hoặc 6. Vậy tổng cộng sẽ có 6 cách.

Thầy: [S] Đúng rồi! Vậy xác suất để số chấm xuất hiện trên ba con súc sắc như nhau là bao nhiêu?

Em: Dạ thưa thầy, xác suất sẽ là số trường hợp thuận lợi chia cho tổng số kết quả, vậy là \(\frac{6}{216} = \frac{1}{36}\).

Thầy: [V] Em làm rất tốt! Cảm ơn em đã kiên nhẫn làm bài."
GPS,GPU_S_09,Khá,5,"Thầy: [G] Chào em! Bài toán này yêu cầu tìm xác suất để ba con súc sắc xuất hiện số chấm giống nhau. Em thử nghĩ xem, có bao nhiêu kết quả có thể xảy ra khi gieo ba con súc sắc?
    
Em: Dạ thưa thầy, khi gieo một con súc sắc, có 6 kết quả. Vậy gieo ba con súc sắc sẽ là 6x6x6=216 kết quả ạ.
    
Thầy: [P] Rất tốt! Em đã tính được tổng số kết quả toàn bộ. Bây giờ em hãy nghĩ xem, khi nào thì số chấm trên ba con súc sắc mới giống nhau?
    
Em: Dạ thưa thầy, chỉ có 6 trường hợp là mỗi con súc sắc xuất hiện cùng một mặt, từ 1 đến 6 ạ.
    
Thầy: [S] Chính xác! Bây giờ em đã biết có bao nhiêu kết quả thuận lợi và tổng số kết quả toàn bộ. Vậy xác suất sẽ là 6/216. Em rút gọn phân số này nhé.

Em: Dạ, thầy, sau khi rút gọn, ta được 1/36 ạ."
GPS,GPU_S_10,Khá,5,"Thầy: [G] Chào em! Bài toán này yêu cầu tìm xác suất để số chấm xuất hiện trên ba con súc sắc như nhau. Em thử suy nghĩ xem có bao nhiêu kết quả có thể xảy ra trong tổng số các phép gieo?
    
Em: Dạ thưa thầy, khi gieo một con súc sắc, ta có 6 kết quả có thể, vậy khi gieo ba con súc sắc, tổng cộng sẽ là \(6 \times 6 \times 6 = 216\) kết quả ạ.
    
Thầy: [P] Rất tốt! Bây giờ em hãy tính xem có bao nhiêu cách để số chấm trên ba con súc sắc như nhau. 
   
Em: Dạ, nếu số chấm giống nhau thì ta chỉ cần chọn một trong số 1 đến 6 cho cả ba con súc sắc, nên sẽ có tổng cộng \(6\) kết quả thuận lợi ạ.
    
Thầy: [S] Chính xác! Vậy từ đó em tính được xác suất rồi nhé. Hãy áp dụng công thức xác suất cơ bản để tính xem.
    
Em: Dạ thưa thầy, xác suất là số cách thuận lợi chia cho tổng số kết quả nên là \(\frac{6}{216} = \frac{1}{36}\) ạ."
GPS,GPU_S_21,Trung bình,3,"Thầy: [G].Today, chúng ta sẽ làm bài toán về xác suất với việc gieo xúc xắc. Hãy cùng tính xác suất để tổng điểm của hai lần gieo xúc xắc bằng 8 nhé! Em nhớ rằng mỗi lần gieo xúc xắc có 6 mặt số từ 1 đến 6 và chúng đều có thể xuất hiện với xác suất bằng nhau.

Em: Thưa thầy, em chưa nhớ rõ cách tính xác suất nên không biết bắt đầu từ đâu ạ.

Thầy: [P]Đúng rồi, em cần nhớ rằng xác suất của một biến cố xảy ra là số lượng các kết quả thuận lợi chia cho tổng số các kết quả có thể. Trong trường hợp này, chúng ta cần tìm số cặp (a,b) sao cho a + b = 8, với a và b lần lượt là số điểm của hai lần gieo xúc xắc.

Em: Thưa thầy, em hiểu rồi. Cặp đầu tiên là (2,6), sau đó là (3,5), (4,4), (5,3) và cuối cùng là (6,2). Có 5 cặp như vậy ạ.

Thầy: [P]Rất tốt! Em đã tìm được tất cả các cặp. Bây giờ chúng ta cần tính tổng số kết quả có thể xảy ra khi gieo xúc xắc 2 lần. Mỗi lần gieo đều có 6 khả năng, nên tổng cộng sẽ là 6*6=36.

Em: Thưa thầy, vậy thì xác suất để tổng điểm bằng 8 sẽ là số cặp thuận lợi chia cho tổng số kết quả có thể, đúng không?

Thầy: Đúng rồi! [S]Xác suất chúng ta đang tìm là 5/36. Em hãy kiểm tra lại nhé.

Em:ạ, em đã tính lại và thấy đáp án chính xác là 5/36. Em cảm ơn thầy đã hướng dẫn.

Thầy: Rất vui khi nghe bạn nói vậy! Hãy tiếp tục cố gắng nhé."
GPS,GPU_S_22,Trung bình,3,"Thầy: [G] Xưa nay, em có gặp khó khăn với bài toán xác suất không? Hôm nay chúng ta sẽ cùng giải một bài về xác suất gieo xúc xắc nhé. Giả sử em được gieo một con xúc xắc cân đối đồng chất 2 lần và cần tính xác suất để tổng hai mặt xuất hiện bằng 8. Em có nhớ công thức xác suất không?

Em: Thưa thầy, em chưa nhớ rõ lắm, nhưng em đoán là ta phải đếm số trường hợp thuận lợi rồi chia cho tổng số trường hợp có thể xảy ra đúng không?

Thầy: [P] Đúng rồi, em đã nắm được ý tưởng chính. Hãy cùng đi qua từng bước nhé. Đầu tiên, chúng ta cần xác định tổng số trường hợp có thể xuất hiện khi gieo xúc xắc 2 lần.

Em: Thưa thầy, mỗi lần gieo xúc xắc có 6 mặt nên khi gieo 2 lần sẽ là \(6 \times 6 = 36\) trường hợp?

Thầy: [P] Đúng rồi! Vậy tổng số trường hợp có thể xảy ra là 36. Bây giờ, em hãy cùng tôi liệt kê các cặp số (a, b) sao cho a + b = 8.

Em: Thưa thầy, em nghĩ như này: nếu một lần gieo được 2 thì lần kia phải là 6, hoặc một lần gieo 3 và một lần gieo 5, còn lại chỉ có 4 và 4. Vậy tổng cộng là 5 trường hợp?

Thầy: [P] Rất tốt! Em đã liệt kê đúng các cặp (2, 6), (3, 5), (4, 4), (5, 3) và (6, 2). Vậy em hãy tính xác suất bằng cách chia số trường hợp thuận lợi cho tổng số trường hợp có thể xảy ra.

Em: Thưa thầy, số trường hợp thuận lợi là 5 nên xác suất sẽ là \( \frac{5}{36} \)?

Thầy: [S] Đúng rồi! Vậy em hãy viết lại đáp án cuối cùng và giải thích ngắn gọn: Xác suất để tổng hai mặt xuất hiện bằng 8 khi gieo một con xúc xắc cân đối đồng chất 2 lần là \( \frac{5}{36} \).

Em: Cảm ơn thầy đã giúp em, giờ em nhớ rồi!"
GPS,GPU_S_23,Trung bình,3,"Thầy: [G] Hôm nay chúng ta sẽ cùng giải bài toán về xác suất nhé! Bạn hãy nhớ công thức xác suất của biến cố A là \( P(A) = \frac{\text{số trường hợp thuận lợi}}{\text{số trường hợp có thể}} \). Giờ hãy tính xem khi gieo một con xúc xắc cân đối đồng chất 2 lần, xác suất để tổng số điểm bằng 8 là bao nhiêu?

Em: Thầy ơi, em nhớ rồi. Đầu tiên em sẽ liệt kê tất cả các kết quả khi gieo xúc xắc 2 lần.

Thầy: [P] Đúng rồi! Em hãy viết ra tất cả các cặp số có thể xuất hiện khi gieo xúc xắc 2 lần nhé.

Em: Dạ, từ 1-6 và 1-6 thì kết quả có thể là:
(1,1), (1,2), (1,3), (1,4), (1,5), (1,6),
(2,1), (2,2), (2,3), (2,4), (2,5), (2,6),
(3,1), (3,2), (3,3), (3,4), (3,5), (3,6),
(4,1), (4,2), (4,3), (4,4), (4,5), (4,6),
(5,1), (5,2), (5,3), (5,4), (5,5), (5,6),
(6,1), (6,2), (6,3), (6,4), (6,5), (6,6).

Thầy: [P] Em đã liệt kê tất cả kết quả rồi. Giờ hãy đếm xem có bao nhiêu trường hợp tổng số điểm bằng 8?

Em: Dạ, em sẽ kiểm tra từng cặp để tìm những cặp có tổng là 8:
(2,6), (3,5), (4,4), (5,3), (6,2). Có 5 trường hợp.

Thầy: [P] Đúng rồi! Vậy số trường hợp thuận lợi là 5. Bây giờ em hãy tính xem tổng số trường hợp có thể xuất hiện khi gieo xúc xắc 2 lần là bao nhiêu?

Em: Dạ, mỗi lần gieo đều có 6 kết quả nên 2 lần sẽ là \(6 \times 6 = 36\) trường hợp.

Thầy: [P] Đúng rồi! Vậy số trường hợp thuận lợi là 5 và tổng số trường hợp có thể là 36. Em hãy tính xác suất của biến cố này nhé.

Em: Dạ, xác suất sẽ là \( P(A) = \frac{5}{36} \).

Thầy: [S] Đúng rồi! Xác suất để tổng hai mặt bằng 8 khi gieo một con xúc xắc cân đối đồng chất 2 lần là \(\frac{5}{36}\). Em đã làm rất tốt!

Em: Dạ cảm ơn thầy, thầy giúp em hiểu rõ hơn về bài toán này."
GPS,GPU_S_24,Trung bình,3,"Thầy: [G]今天我们要解决一个骰子问题。假设我们投掷一个公平的六面骰子两次，那么请问你能否计算出两个点数之和为8的概率是多少呢？我们需要一步步来思考这个问题，从第一步开始。

Em: Vâng thưa thầy, em sẽ cố gắng giải quyết vấn đề này. Thầy có thể giúp em nhắc lại khái niệm xác suất không?

Thầy: [P] Được, em hãy nhớ rằng xác suất của một biến cố là số lượng kết quả thuận lợi chia cho tổng số kết quả có thể. Trong trường hợp này, chúng ta cần tính xác suất để tổng điểm của hai lần tung xúc xắc bằng 8.

Em: Vâng thưa thầy, em hiểu rồi. Đầu tiên, em sẽ liệt kê các cặp điểm có thể cho hai lần tung xúc xắc và kiểm tra những cặp nào có tổng là 8. Thầy có thể giúp em với bước này không?

Thầy: [P] Tuyệt vời, hãy bắt đầu đi Em! Bạn nên nhớ rằng mỗi lần tung xúc xắc đều có 6 kết quả có thể (1, 2, 3, 4, 5, hoặc 6). Khi tung hai lần, tổng số kết quả có thể là 6 x 6 = 36.

Em: Được rồi, em sẽ liệt kê các cặp điểm như thưa thầy. Đó là (2, 6), (3, 5), (4, 4), (5, 3) và (6, 2). Thầy có thể giúp em xác định số lượng kết quả thuận lợi không?

Thầy: [P] Đúng rồi, Em! Bây giờ chúng ta đã biết tổng số kết quả thuận lợi là 5. Tổng số kết quả có thể là 36 như Em đã tính.

Em: Vậy nên, xác suất để hai lần tung xúc xắc có tổng điểm bằng 8 sẽ là 5 chia cho 36 phải không thưa thầy?

Thầy: [S] Chính xác! Xác suất của biến cố này là \(\frac{5}{36}\). Em đã làm rất tốt!

Em: Cảm ơn thầy, em thấy mình hiểu rõ hơn về cách tính xác suất nhờ bài giảng này."
GPS,GPU_S_25,Trung bình,3,"Thầy: [G] Trung, hôm nay chúng ta sẽ giải bài toán về xác suất. Đầu tiên, hãy nghĩ xem khi gieo một con xúc xắc cân đối đồng chất hai lần, có bao nhiêu kết quả có thể xuất hiện? 

Em: À, thầy ạ... em nhớ là mỗi lần gieo xúc xắc có 6 mặt nên tổng cộng sẽ là 36 cách?

Thầy: Đúng đó, Trung! Bây giờ, ta cần xác định số trường hợp để biến cố xảy ra. Hãy tính xem giữa 36 kết quả này, có bao nhiêu kết quả cho tổng hai mặt bằng 8?

Em: Thưa thầy, em nghĩ là có vài cặp như (2,6), (3,5), (4,4), (5,3) và (6,2). Có vẻ như chỉ có năm trường hợp.

Thầy: Đúng rồi, Trung! Bây giờ ta hãy tính xác suất. Xác suất bằng số trường hợp thuận lợi chia cho tổng số kết quả có thể xảy ra. Vậy em tính xem xác suất là bao nhiêu?

Em: Thưa thầy, sẽ là 5/36 phải không?

Thầy: Rất tốt! [S] Vậy chúng ta đã tính được xác suất để biến cố có tổng hai mặt bằng 8 khi gieo một con xúc xắc cân đối đồng chất 2 lần là 5/36. Em có hiểu rõ cách giải chưa, Trung?

Em: Có ạ, thầy! Cảm ơn thầy đã hướng dẫn.

Thầy: Không sao đâu, Trung! Hãy luyện tập nhiều để nắm chắc kiến thức nhé."
GPS,GPU_S_26,Trung bình,3,"Thầy: [G] Ngày hôm nay, chúng ta sẽ cùng giải quyết bài toán về xác suất một cách chi tiết nhé. Đầu tiên, em hãy nhớ lại khái niệm về biến cố trong lý thuyết xác suất. Biến cố là sự kiện có thể xảy ra hoặc không khi thử nghiệm được thực hiện.

Em: [P] Thưa thầy, để tính xác suất của biến cố có tổng hai mặt bằng 8 khi gieo xúc xắc 2 lần, em cần tìm số kết quả thuận lợi và chia cho tổng số kết quả có thể xảy ra. Tổng số kết quả có thể xảy ra là \(6 \times 6 = 36\).

Thầy: [P] Đúng rồi! Em đã nhớ chính xác công thức tính xác suất. Bây giờ, em hãy liệt kê các kết quả thuận lợi để tổng hai mặt bằng 8.

Em: [P] Thưa thầy, các kết quả thuận lợi là (2,6), (3,5), (4,4), (5,3), và (6,2). Có tất cả 5 cách.

Thầy: [P] Đúng rồi! Em đã liệt kê đầy đủ các kết quả thuận lợi. Bây giờ, em hãy tính xác suất bằng cách chia số kết quả thuận lợi cho tổng số kết quả có thể xảy ra.

Em: [S] Thưa thầy, xác suất để biến cố có tổng hai mặt bằng 8 là \(\frac{5}{36}\).

Thầy: [S] Đúng rồi! Xác suất đó chính xác. Em đã làm rất tốt. Nhớ rằng, xác suất được tính bằng cách chia số kết quả thuận lợi cho tổng số kết quả có thể xảy ra. Em còn có thắc mắc gì không?

Em: [P] Thưa thầy, em không có thắc mắc gì thêm nữa, cảm ơn thầy!"
GPS,GPU_S_27,Yêu,3,"Thầy: [G] Yêu à, bài toán hôm nay về xác suất với xúc xắc nhé! Chúng ta sẽ cùng làm bài một cách dễ hiểu từ đầu. Bạn đã biết thế nào về việc gieo xúc xắc chưa?

Em: (Trả lời) Thưa thầy, em chưa hiểu rõ lắm ạ. Em chỉ biết đó là một hình cầu gồm sáu mặt số từ 1 đến 6.

Thầy: [P] Rất tốt! Vậy khi bạn gieo một con xúc xắc cân đối đồng chất hai lần, có bao nhiêu kết quả có thể xảy ra?

Em: (Tính toán) Thưa thầy, mỗi lần gieo xúc xắc có sáu mặt nên tổng cộng sẽ là 6x6=36 cách.

Thầy: [P] Rất đúng! Giờ hãy thử liệt kê các trường hợp khi tổng hai mặt bằng 8. Bạn đã thử chưa?

Em: (Tính toán) Thưa thầy, em nghĩ có thể là (2,6), (3,5), (4,4), (5,3) và (6,2). Tổng cộng là 5 cách.

Thầy: [P] Đúng rồi! Vậy xác suất để biến cố có tổng hai mặt bằng 8 là bao nhiêu?

Em: (Tính toán) Thưa thầy, nếu đã có 5 cách và tổng số kết quả là 36 nên xác suất sẽ là 5/36.

Thầy: [S] Rất tốt! Đáp án cuối cùng của bạn là 5/36. Có thể bạn thấy bài toán này khó nhưng hãy kiên nhẫn và cẩn thận với từng bước nhé!

Em: (Cảm ơn thầy) Em cảm ơn thầy đã giảng dạy kỹ như vậy, em sẽ cố gắng hơn nữa ạ!"
GPS,GPU_S_28,Yêu,3,"Thầy: [G] Greetings Yêu, hôm nay chúng ta sẽ cùng giải quyết một bài toán về xác suất nhé. Bài toán này không quá khó so với kiến thức bạn đã học, hãy thử xem sao?

Em: (Trả lời) Thưa thầy, em rất sợ toán xác suất, thường xuyên bế tắc.

Thầy: [P] OK, chúng ta sẽ bắt đầu từ đầu. Đầu tiên, hãy phân tích bài toán: khi gieo một con xúc xắc cân đối đồng chất 2 lần, tổng mặt xuất hiện là bao nhiêu? Bạn thử nghĩ xem có bao nhiêu kết quả có thể xảy ra?

Em: (Tính toán) Em nghĩ có 6 × 6 = 36 kết quả có thể.

Thầy: [P] Đúng rồi! Đây là bước đầu tiên. Bây giờ, hãy tập trung vào biến cố chúng ta quan tâm: tổng hai mặt bằng 8. Bạn thử liệt kê các trường hợp như thế nào?

Em: (Tính toán) Hmm... Có vẻ có (2,6), (3,5), (4,4), (5,3), (6,2). Em chỉ liệt kê được 5 trường hợp.

Thầy: [P] Rất tốt! bạn đã tìm đúng các kết quả. Bây giờ hãy tính xác suất của biến cố này nhé. Tổng số kết quả có thể là 36 và số kết quả thuận lợi là 5. Vậy xác suất sẽ như thế nào?

Em: (Tính toán) Xác suất = 5/36 ạ.

Thầy: [S] Đúng rồi! Xác suất của biến cố tổng hai mặt bằng 8 khi gieo xúc xắc 2 lần là 5/36. Em đã làm rất tốt!

Em: (Cảm ơn thầy) Cảm ơn thầy, thầy thật sự đã giúp em hiểu rõ hơn về bài toán này."
GPS,GPU_S_29,Yêu,3,"Thầy: [G] Bạn là học sinh lớp 12 có học lực Yêu, bạn rất sợ toán xác suất phải không? Hãy cùng thử giải bài toán này xem sao nhé! Bài toán này sẽ giúp bạn hiểu rõ hơn về cách tính xác suất. Bây giờ chúng ta hãy cùng làm bài toán: Gieo một con xúc xắc cân đối đồng chất 2 lần. Tính xác suất để biến cố có tổng hai mặt bằng 8. Bạn có muốn thử tính xem?

Em: (Trả lời) Thầy ơi, em định tính nhưng không biết bắt đầu từ đâu nên hơi bối rối.

Thầy: [P] Bước 1 nhé, chúng ta hãy liệt kê tất cả các kết quả khi gieo xúc xắc hai lần. Em có thể vẽ bảng để giúp mình quản lý được số lượng kết quả?

Em: (Tính toán) Được ạ, em sẽ thử làm theo cách thầy nói.

Thầy: [P] Rất tốt! Bây giờ hãy liệt kê các cặp số khi gieo xúc xắc hai lần. Có bao nhiêu kết quả tổng bằng 8?

Em: (Tính toán) Em thấy có (2,6), (3,5), (4,4), (5,3), (6,2). Có 5 kết quả.

Thầy: [P] Đúng rồi! Bây giờ em hãy tính số lượng tất cả các kết quả khi gieo xúc xắc hai lần. Có bao nhiêu kết quả?

Em: (Tính toán) Mỗi lần gieo có 6 kết quả, nên tổng cộng sẽ là 36 kết quả.

Thầy: [P] Rất tốt! Bây giờ em hãy tính xác suất bằng cách chia số lượng kết quả có tổng bằng 8 cho tổng số kết quả?

Em: (Tính toán) Xác suất = 5/36 ạ.

Thầy: [S] Đúng rồi, em đã làm rất tốt! Xác suất để biến cố có tổng hai mặt bằng 8 khi gieo một con xúc xắc cân đối đồng chất 2 lần là 5/36. Em nhớ rằng xác suất luôn nằm trong khoảng từ 0 đến 1.

Em: (Cảm ơn thầy) Cảm ơn thầy, giờ em hiểu rõ hơn về cách giải bài toán xác suất rồi."
GPS,GPU_S_30,Yêu,3,"Thầy: [G] Yêu à, hôm nay chúng ta sẽ cùng giải bài toán xác suất nha. Bài của hôm nay là gieo một con xúc xắc cân đối đồng chất 2 lần và tính xác suất để tổng hai mặt bằng 8. Em có thể bắt đầu nghĩ cách làm không?

Em: Thầy ơi, em sợ toán xác suất quá! Em không biết từ đâu bắt đầu.

Thầy: [P] Vâng, em đừng lo lắng nhé. Chúng ta sẽ chia bài toán thành các bước nhỏ để dễ giải quyết hơn. Đầu tiên, chúng ta cần xác định tổng số kết quả có thể xảy ra khi gieo xúc xắc 2 lần. 

Em: Thầy ơi, vậy em nghĩ là mỗi lần gieo xúc xắc có 6 mặt nên sẽ là 6 x 6 = 36 trường hợp phải không?

Thầy: [P] Đúng rồi! Em đã tính được tổng số kết quả có thể xảy ra là 36. Tiếp theo, chúng ta cần xác định các trường hợp nào để tổng hai mặt bằng 8.

Em: Thầy ơi, em thử nghĩ xem... nếu lần đầu gieo là 2 và lần kia là 6 thì được 8, hay ngược lại 6 và 2 cũng được. Nếu lần đầu là 3 và lần kia là 5, hoặc ngược lại 5 và 3 thì cũng được. Còn 4 và 4 nữa... vậy có tất cả 5 trường hợp phải không?

Thầy: [P] Đúng rồi! Em đã nghĩ ra đúng số trường hợp để tổng bằng 8 đó là (2,6), (6,2), (3,5), (5,3) và (4,4). Vậy em hãy tính xác suất từ đây nhé.

Em: Thưa thầy, nếu có 5 trường hợp xảy ra và tổng số kết quả có thể xảy ra là 36 thì xác suất sẽ là 5/36 phải không?

Thầy: [S] Vâng, chính xác! Xác suất để tổng hai mặt bằng 8 khi gieo xúc xắc 2 lần là 5/36. Em đã tính toán rất tốt!

Em: Cảm ơn thầy nhiều, bây giờ em hiểu rõ hơn rồi."
GPS,GPU_S_11,Khá,4,"Thầy: [G] Để giải bài toán này, chúng ta cần xác định không gian mẫu và biến cố thuận lợi. Không gian mẫu là tất cả các kết quả có thể khi quan sát một sự kiện. Trong trường hợp này, bạn cần gieo xúc xắc 2 lần. Bạn có biết tổng số kết quả có thể xuất hiện khi gieo xúc xắc 2 lần?"
GPS,GPU_S_12,Khá,4,"Thầy: [G] Bài toán này yêu cầu tính xác suất của một biến cố khi gieo xúc xắc. Đầu tiên, ta cần xác định không gian mẫu và sau đó xác định các biến cố thuận lợi để có tích 2 lần số chấm là số chẵn.

Em: Không gian mẫu sẽ bao gồm tất cả các kết quả khi gieo xúc xắc 2 lần?

Thầy: Đúng rồi. Mỗi lần gieo, xúc xắc có thể xuất hiện từ 1 đến 6 điểm. Vì vậy, không gian mẫu của việc gieo xúc xắc 2 lần sẽ chứa \(6 \times 6 = 36\) kết quả khác nhau. Em hãy liệt kê một số kết quả trong không gian mẫu này.

Em: Không gian mẫu bao gồm các cặp (1,1), (1,2), ..., (6,5), (6,6).

Thầy: Đúng rồi. Tiếp theo, ta cần xác định biến cố thuận lợi là tích 2 lần số chấm khi gieo xúc xắc là một số chẵn.

Em: Vậy thì các cặp số có tích là số chẵn sẽ là những gì?

Thầy: Hãy tính tích của mỗi cặp và kiểm tra xem chúng có phải là số chẵn không. Em thử kiểm tra một số cặp đầu tiên nhé.

Em: Okay, (1,2) -> 1*2=2, (1,4) -> 1*4=4, (1,6) -> 1*6=6 ... 

Thầy: Đúng rồi. Chúng ta chỉ cần chú ý đến các cặp số có tích là số chẵn. Giờ em hãy tiếp tục kiểm tra cho đến khi hết không gian mẫu.

Em: Tôi thấy rằng tất cả các cặp (2,1), (2,3), ..., (6,5) đều có tích là số lẻ. Chỉ những cặp như (1,2), (2,2), (2,4), (2,6), ... mới có tích là số chẵn.

Thầy: Đúng rồi. Bây giờ em đã xác định được các biến cố thuận lợi, hãy đếm xem tổng cộng bao nhiêu kết quả trong không gian mẫu sao cho tích 2 lần số chấm khi gieo xúc xắc là một số chẵn.

Em: Có vẻ như có nhiều kết quả hơn tôi nghĩ. Tôi thấy rằng mỗi con xúc xắc đều có thể xuất hiện một số lẻ hoặc số chẵn, và nếu cả hai con xúc xắc cùng xuất hiện số chẵn thì tích mới là số chẵn. Vậy tôi sẽ đếm các cặp (2,2), (2,4), (2,6), (4,2), (4,4), (4,6), (6,2), (6,4), (6,6).

Thầy: Đúng rồi. Bây giờ hãy đếm tổng số kết quả này.

Em: Có 9 kết quả.

Thầy: Giờ em đã có số kết quả thuận lợi. Tổng không gian mẫu là 36. Vậy xác suất của biến cố là bao nhiêu?

Em: Xác suất = Số kết quả thuận lợi / Tổng số kết quả trong không gian mẫu = 9/36 = 1/4.

Thầy: Đúng rồi! Em đã tính đúng xác suất của biến cố đó. 

Bạn hãy nhớ rằng, khi giải bài toán xác suất, chúng ta cần xác định rõ không gian mẫu và các biến cố thuận lợi trước khi tính xác suất. Bạn có thắc mắc gì không?

Em: Không có thầy ạ.

Thầy: Rất tốt! Chúc em thành công trong học tập."
GPS,GPU_S_13,Khá,4,"Thầy: [G] Để giải bài toán này, chúng ta sẽ sử dụng phương pháp xác suất cơ bản. Đầu tiên, hãy xác định tổng số kết quả có thể xảy ra khi gieo xúc xắc 2 lần."
GPS,GPU_S_14,Khá,4,"Thầy: [G] Để giải bài toán này, trước hết chúng ta cần hiểu rõ khái niệm xác suất. Xác suất của một biến cố xảy ra là số lượng kết quả thuận lợi chia cho số lượng các kết quả có thể trong không gian mẫu. Trong bài toán này, chúng ta cần tính xác suất để tích của hai lần ném xúc xắc là một số chẵn. Em hãy nghĩ về các kết quả có thể khi ném xúc xắc 2 lần và sau đó tìm ra những kết quả thuận lợi cho biến cố chúng ta quan tâm.
Em: Không gian mẫu khi ném xúc xắc 2 lần sẽ có \(6 \times 6 = 36\) kết quả. Em chưa biết làm tiếp, thầy chỉ giúp em nhé.
Thầy: [P] Đúng rồi, giờ hãy liệt kê các trường hợp tích của hai con số chấm là một số chẵn trong khi ném xúc xắc 2 lần. Có bao nhiêu cách để tích là số chẵn? 
Em: Tích chẵn có thể là 2, 4, 6, 8, 10, 12. Thầy giúp em tiếp tục nhé.
Thầy: [S] Đúng rồi! Giờ hãy liệt kê từng trường hợp cụ thể khi tích của hai con số chấm là một số chẵn. Ví dụ, để tích là 2 có thể là \(1 \times 2\) và \(2 \times 1\). Em hãy tiếp tục tìm các trường hợp khác.
Em: Tích 4 có thể là \(1 \times 4\), \(2 \times 2\), \(4 \times 1\); tích 6 có thể là \(1 \times 6\), \(2 \times 3\), \(3 \times 2\), \(6 \times 1\); tích 8 có thể là \(2 \times 4\), \(4 \times 2\); tích 10 có thể là \(2 \times 5\), \(5 \times 2\); tích 12 có thể là \(3 \times 4\), \(4 \times 3\). Tổng cộng có bao nhiêu trường hợp thuận lợi vậy thầy?
Thầy: Đúng rồi, em đã liệt kê đầy đủ các trường hợp. Giờ hãy đếm xem tổng số trường hợp thuận lợi là bao nhiêu.
Em: Có 18 trường hợp thuận lợi.
Thầy: Rất tốt! Vậy xác suất để tích của hai con số chấm khi ném xúc xắc 2 lần là một số chẵn sẽ là bao nhiêu?
Em: Xác suất là \( \frac{18}{36} = \frac{1}{2}\).
Thầy: Đúng rồi, em đã tính đúng. Xác suất để tích của hai con số chấm khi ném xúc xắc 2 lần là một số chẵn là \(\boxed{\frac{1}{2}}\). Em có thắc mắc gì không?"
GPS,GPU_S_15,Trung bình,4,"Thầy: [G]okyờ chúng ta đang xét một bài toán về xác suất. Bài toán yêu cầu bạn gieo xúc xắc 2 lần và tính xác suất để tích của hai lần gieo là một số chẵn. Đầu tiên, hãy cùng xác định không gian mẫu của bài toán này.
Em: Không gian mẫu bao gồm tất cả các kết quả có thể khi gieo xúc xắc 2 lần. Với mỗi lần gieo, có 6 kết quả (1, 2, 3, 4, 5, 6). Vậy không gian mẫu sẽ là 6 × 6 = 36.
Thầy: Đúng rồi! Tiếp theo, hãy cùng xác định biến cố thuận lợi. Biến cố thuận lợi ở đây là tích của hai lần gieo là một số chẵn. Bạn có thể nghĩ đến các kết quả như thế nào sao cho tích là chẵn?
Em: Nếu tích là chẵn thì ít nhất một trong hai lần gieo phải ra số chẵn. Vậy chúng ta cần xem xét các trường hợp đó.
Thầy: Đúng rồi! Hãy liệt kê các trường hợp khi có tích chẵn từ việc gieo xúc xắc 2 lần.
Em: Nếu lần đầu là 1,2,3,4,5,6 và lần thứ hai cũng như vậy, ta thấy ở mỗi trường hợp:
- Lần đầu = 1, lần thứ hai = 2, 4, 6
- Lần đầu = 2, lần thứ hai = 1, 3, 5, 7 (lặp lại)
- Lần đầu = 3, lần thứ hai = 2, 4, 6
- Lần đầu = 4, lần thứ hai = 1, 3, 5, 7 (lặp lại)
- Lần đầu = 5, lần thứ hai = 2, 4, 6
- Lần đầu = 6, lần thứ hai = 1, 3, 5, 7 (lặp lại)
Thầy: Đúng rồi! Bạn đã liệt kê đúng các trường hợp. Nhưng bạn có thể dùng cách tính tổng quát hơn không? Hãy xem xét tất cả các kết quả có tích chẵn.
Em: Nếu lần đầu là số lẻ và lần thứ hai là số chẵn, hoặc ngược lại (lần đầu là số chẵn và lần thứ hai là số lẻ). Vậy các trường hợp như sau:
- Lần đầu = 1,3,5 và lần thứ hai = 2,4,6
- Lần đầu = 2,4,6 và lần thứ hai = 1,3,5
Thầy: Rất tốt! Vậy tổng số kết quả thỏa mãn là bao nhiêu?
Em: Số lượng các trường hợp là (3 × 3) + (3 × 3) = 9 + 9 = 18.
Thầy: Đúng rồi! Bây giờ bạn đã có không gian mẫu và biến cố thuận lợi. Hãy tính xác suất.
Em: Xác suất = số kết quả thuận lợi / tổng số kết quả trong không gian mẫu, vậy là 18/36 = 0.5 hoặc 50%.
Thầy: Đúng rồi! Xác suất để tích của hai lần gieo xúc xắc là một số chẵn là 50%. Em có thắc mắc gì không?
Em: Không có thầy ạ, cảm ơn thầy đã giảng bài!
Thầy: Rất vui được giúp đỡ em. Hãy tiếp tục cố gắng nhé!"
GPS,GPU_S_16,Trung bình,4,"Thầy: [G]oky, em ơi! Em có nhớ khái niệm xác suất không? Khi tính xác suất của một biến cố, chúng ta cần làm gì đầu tiên?

Em: À, thầy ạ, em nhớ rồi. Đầu tiên là xác định số mẫu không gian và số mẫu thuận lợi đúng không?

Thầy: Đúng rồi! Em hãy nhớ lại cách để xác định số mẫu không gian trước nhé.

Em: Vậy là em phải liệt kê tất cả các kết quả có thể khi ném xúc xắc 2 lần, phải không thầy?

Thầy: Chính xác. Em hãy thử viết ra tất cả các kết quả có thể của 2 lần ném xúc xắc và tính tổng số chấm cho mỗi kết quả.

Em: OK, em sẽ làm như vậy.
(Em bắt đầu ghi chú)
1 + 1 = 2
1 + 2 = 3
1 + 3 = 4
1 + 4 = 5
1 + 5 = 6
1 + 6 = 7
2 + 1 = 3
2 + 2 = 4
2 + 3 = 5
2 + 4 = 6
2 + 5 = 7
2 + 6 = 8
...

Thầy: [P]oky, em đã viết ra tất cả các kết quả. Em thấy có bao nhiêu kết quả tổng là số chẵn?

Em: À, thầy, em thấy có những kết quả như 2, 4, 6, 8, 10, và 12.

Thầy: Đúng rồi! Vậy số mẫu thuận lợi là bao nhiêu?

Em: Có vẻ như có 9 trường hợp tổng là số chẵn.

Thầy: Rất tốt! Bây giờ em hãy tính số mẫu không gian của việc ném xúc xắc 2 lần.

Em: Số mẫu không gian sẽ là 6 * 6 = 36 đúng không thầy?

Thầy: Đúng rồi! Vậy xác suất của biến cố này là bao nhiêu?

Em: Xác suất sẽ là số lượng mẫu thuận lợi chia cho tổng số mẫu không gian, nên là 9/36.

Thầy: [S]oky, em đã làm rất tốt. Xác suất của biến cố tích hai lần số chấm khi ném xúc xắc là một số chẵn chính xác là 9/36, có thể rút gọn lại thành 1/4. Em thấy cách tính như thế nào?

Em: Cảm ơn thầy!"
GPS,GPU_S_17,Trung bình,4,"Thầy: [G]今天我们要解决一个关于掷骰子的问题。首先，我们需要明白什么是样本空间和有利事件。样本空间就是所有可能结果的集合，而有利事件是满足我们条件的结果。现在我们来尝试解这个问题。
Em: Thầy ơi, em chưa rõ lắm. Khi gieo một con xúc xắc, số chấm có thể từ 1 đến 6. Vậy khi gieo hai lần thì có bao nhiêu kết quả?
Thầy: [P] Đúng rồi! Khi gieo một con xúc xắc 2 lần, mỗi lần đều có 6 kết quả khác nhau. Do đó, tổng số kết quả trong mẫu không gian là 6 * 6 = 36. Bây giờ, hãy xác định những trường hợp nào có tích của hai lần gieo là một số chẵn.
Em: Thầy, em thấy khi nhân hai số, nếu cả hai số đều lẻ thì kết quả sẽ là số lẻ. Vậy chỉ cần có ít nhất một số chẵn thì tích mới là số chẵn phải không?
Thầy: Đúng rồi! Vậy các trường hợp nào sẽ thỏa mãn điều kiện này?
Em: Nếu lần gieo thứ nhất là 1, 3, 5 (số lẻ) và lần gieo thứ hai là 2, 4, 6 (số chẵn), hoặc ngược lại, thì tích sẽ là số chẵn phải không?
Thầy: [S] Đúng rồi! Chúng ta có 3 * 3 = 9 trường hợp từ cách kết hợp các số lẻ và chẵn. Ngoài ra, nếu cả hai lần gieo đều được một số chẵn (2, 4, 6), cũng sẽ tạo thành tích là số chẵn. Vậy tổng cộng chúng ta có bao nhiêu trường hợp?
Em: Có thêm 3 * 3 = 9 trường hợp nữa phải không? Vậy tổng cộng là 18 trường hợp.
Thầy: Đúng rồi! Xác suất là số lượng trường hợp thuận lợi chia cho số lượng trường hợp trong mẫu không gian. Vậy xác suất của biến cố này là bao nhiêu?
Em: Xác suất = 18 / 36 = 0,5.
Thầy: Rất tốt! Xác suất tìm được tích là một số chẵn khi gieo xúc xắc hai lần là 0,5 hoặc 50%.
Em: Cảm ơn thầy."
GPS,GPU_S_18,Trung bình,4,"Thầy: [G] Em ạ, chúng ta sẽ giải quyết bài toán này theo từng bước. Đầu tiên, em hãy nghĩ xem khi gieo một con xúc xắc, có bao nhiêu kết quả có thể xảy ra?"
GPS,GPU_S_19,Trung bình,4,"Thầy: [G] Khi bạn gieo một con xúc xắc 2 lần, bạn cần tính xác suất để tích của hai lần gieo là số chẵn. Đầu tiên, hãy nghĩ về các số chấm trên xúc xắc và cách chúng có thể tạo ra một tích chẵn.
Em: Các số chấm trên xúc xắc từ 1 đến 6. Tích sẽ là chẵn nếu ít nhất một trong hai lần gieo xuất hiện số lẻ (奇数) hoặc cả hai lần đều là số chẵn (偶数).
Thầy: [P] Đúng vậy! Giờ hãy liệt kê các trường hợp có tích chẵn khi bạn gieo xúc xắc 2 lần. Dựa vào điều kiện, bạn sẽ thấy cần bao nhiêu trường hợp.
Em: Có thể là: (1, 2), (1, 4), (1, 6), (2, 1), (2, 3), (2, 5), (3, 2), (3, 4), (3, 6), (4, 1), (4, 3), (4, 5), (5, 2), (5, 4), (5, 6), (6, 1), (6, 3), (6, 5). Có tổng cộng 18 trường hợp.
Thầy: Đúng rồi! Bây giờ hãy tính số không gian mẫu và xác suất từ đó.
Em: Số không gian mẫu là 6 x 6 = 36. Xác suất sẽ là 18/36 = 1/2.
Thầy: [S] Đúng vậy, xác suất để tích của hai lần gieo xúc xắc là số chẵn là 1/2. Bạn đã làm rất tốt!"
GPS,GPU_S_20,Trung bình,4,"Thầy: [G]oky khi gieo xúc xắc, chúng ta cần tính xác suất cho biến cố tích của hai lần gieo là một số chẵn. Đầu tiên, hãy nghĩ về tất cả các kết quả có thể xảy ra khi gieo 2 con xúc xắc. Mỗi con xúc xắc có 6 mặt nên tổng số kết quả có thể là bao nhiêu?"
GPS,GPU_S_21,Trung bình,4,"Thầy: Gieo một con xúc xắc cân đối đồng chất 2 lần, em hãy tính xác suất để tích của 2 lần số chấm khi gieo xúc xắc là một số chẵn. Em đã từng làm bài toán này chưa?

Em: Chưa thầy ạ.

Thầy: Được rồi, chúng ta cùng làm từ đầu nhé. Đầu tiên, em nhớ lại các kết quả có thể xuất hiện khi gieo một con xúc xắc một lần. Có bao nhiêu kết quả đó?

Em: Có 6 kết quả thầy ạ, từ 1 đến 6.

Thầy: Đúng rồi. Giờ em hãy tính xem nếu gieo xúc xắc hai lần, tổng số kết quả có thể xuất hiện là bao nhiêu?

Em: Là 36 thầy ạ, vì mỗi lần đều có 6 kết quả và gieo 2 lần nên 6 nhân 6 bằng 36.

Thầy: Rất tốt! Giờ em hãy nghĩ về điều kiện để tích của hai số chấm là một số chẵn. Có bao nhiêu trường hợp phù hợp với điều kiện này?

Em: Thì nếu tích là chẵn thì phải có ít nhất một trong hai số chấm là chẵn đúng không thầy?

Thầy: Đúng đó! Giờ em hãy liệt kê các trường hợp để tích của 2 lần gieo xúc xắc là một số chẵn. Em thử làm nhé.

Em: Được thầy, tôi sẽ làm:
- Nếu lần đầu được 1 thì lần thứ 2 phải được 2, 4 hoặc 6.
- Nếu lần đầu được 2 thì lần thứ 2 có thể được 1, 3, 5.
- Nếu lần đầu được 3 thì lần thứ 2 phải được 2, 4 hoặc 6.
- Nếu lần đầu được 4 thì lần thứ 2 có thể được 1, 3, 5.
- Nếu lần đầu được 5 thì lần thứ 2 phải được 2, 4 hoặc 6.
- Nếu lần đầu được 6 thì lần thứ 2 có thể được 1, 3, 5.

Thầy: Giỏi như vậy! Em đã liệt kê ra 9 trường hợp phù hợp. Vậy tổng số kết quả thuận lợi là bao nhiêu?

Em: Là 9 thầy ạ.

Thầy: Đúng rồi. Now, em hãy tính xác suất bằng cách chia số lượng kết quả thuận lợi cho tổng số kết quả có thể xảy ra.

Em: Được thầy, tôi sẽ tính:
Xác suất = Số kết quả thuận lợi / Tổng số kết quả có thể xảy ra
= 9 / 36
= 1/4

Thầy: Rất tốt! Vậy xác suất để tích của hai lần gieo xúc xắc là một số chẵn là 1/4. Em đã làm rất tốt, hãy nhớ rằng cách suy nghĩ này áp dụng cho nhiều bài toán khác nữa nhé.

Em: Cảm ơn thầy, thầy đã giải thích rất clear!"
GPS,GPU_S_22,Trung bình,4,"Thầy: [G] Gieo một con xúc xắc cân đối đồng chất 2 lần, em biết rằng mỗi lần gieo sẽ có kết quả từ 1 đến 6 chấm. Bây giờ, chúng ta cần tính xác suất để tích của hai lần gieo là một số chẵn. Em nghĩ sao về cách làm này?

Em: Thầy à, em nhớ là phải xem xét các trường hợp khi tích là số chẵn. Nhưng em không biết bắt đầu từ đâu.

Thầy: [P] Đúng rồi, em cần xem xét các trường hợp khi tích của hai lần gieo xúc xắc là một số chẵn. Tích sẽ là số chẵn nếu và chỉ nếu cả hai lần đều ném được số lẻ hoặc ít nhất một lần ném được số chẵn. Em thử liệt kê các trường hợp này đi.

Em: Em nghĩ có 36 cách để gieo xúc xắc 2 lần, từ (1,1) đến (6,6). Nhưng không biết phải tính như thế nào.

Thầy: [S] Đúng rồi, em đã tính số trường hợp. Bây giờ, chúng ta chỉ cần đếm các trường hợp sao cho tích là số chẵn. Em thử phân tích từng trường hợp đi:

1. Nếu lần đầu gieo được số lẻ (1, 3, 5), thì lần thứ 2 phải là số chẵn (2, 4, 6) để tích là số chẵn.
2. Nếu lần đầu gieo được số chẵn (2, 4, 6), thì lần thứ 2 có thể là bất kỳ số nào.

Em thử tính xem có bao nhiêu trường hợp như vậy?

Em: Em thấy nếu lần đầu là lẻ và lần hai là chẵn, thì có 3 * 3 = 9 cách. Còn nếu cả hai lần gieo đều lẻ hoặc chẵn, thì cũng có 3 * 3 + 3 * 3 = 18 cách.

Thầy: [S] Đúng rồi! Vậy tổng số trường hợp tích là số chẵn là 9 (lần đầu lẻ, lần hai chẵn) + 6 * 6 (cả hai lần đều lẻ hoặc chẵn) = 45 cách. Tổng số cách gieo xúc xắc 2 lần là 36 * 36 = 36.

Em: Vậy xác suất là bao nhiêu?

Thầy: [S] Xác suất sẽ là số trường hợp tích là số chẵn chia cho tổng số cách gieo xúc xắc. Vậy em tính xem kết quả cuối cùng là gì nhé.

Em: Vậy xác suất = 45/36 = 15/12, nhưng không phải, vì phải chia cho 36 * 36 = 1296. Vậy xác suất đúng là 45/1296.

Thầy: [S] Đúng rồi! Xác suất để tích của hai lần gieo xúc xắc là một số chẵn là 45/1296, có thể rút gọn thành 5/144. Em đã làm rất tốt!"
GPS,GPU_S_23,Trung bình,4,"Thầy: [G] Gieo một con xúc xắc cân đối đồng chất 2 lần, em có biết cách tính xác suất để biến cố có tích 2 lần số chấm là một số chẵn không?

Em: Thưa thầy, em chưa chắc chắn về cách làm. Có phải lúc đầu em cần xem xét từng trường hợp khi gieo xúc xắc hai lần và sau đó mới tính xác suất?

Thầy: [P] Đúng rồi! Em hãy liệt kê các kết quả có thể khi gieo xúc xắc 2 lần và tìm những trường hợp mà tích là một số chẵn.

Em: Thưa thầy, em nghĩ rằng mỗi lần gieo xúc xắc có 6 kết quả (1, 2, 3, 4, 5, 6). Khi gieo 2 lần, tổng cộng có \(6 \times 6 = 36\) trường hợp.

Thầy: [P] Đúng rồi! Vậy em hãy liệt kê các cặp số khi tích là chẵn. Em thử làm xem nhé.

Em: Thưa thầy, em thấy rằng chỉ cần một trong hai con số là chẵn thì tích mới chẵn. Đó là (1,2), (1,4), (1,6), (2,1), (2,3), (2,5), (2,2), (2,4), (2,6), (3,2), (3,4), (3,6), (4,1), (4,2), (4,3), (4,4), (4,5), (4,6), (5,2), (5,4), (5,6), (6,1), (6,2), (6,3), (6,4), (6,5), (6,6). Có tổng cộng 30 trường hợp.

Thầy: [P] Em đã liệt kê đúng rồi! Vậy em hãy tính xác suất từ số lượng những trường hợp này.

Em: Thưa thầy, có 30 trường hợp tích chẵn trên tổng 36 trường hợp. Vậy xác suất là \(\frac{30}{36} = \frac{5}{6}\) phải không?

Thầy: [S] Đúng rồi! Xác suất để tích 2 lần số chấm khi gieo xúc xắc là một số chẵn là \(\frac{5}{6}\). Em đã làm rất tốt!

Em: Cảm ơn thầy, thưa thầy nếu em gặp bài toán tương tự trong tương lai, em sẽ biết cách giải như thế này.

Thầy: Rất tốt! Đừng quên rằng việc luyện tập thường xuyên sẽ giúp em nâng cao kỹ năng và tự tin hơn khi giải các bài toán xác suất."
GPS,GPU_S_24,Trung bình,4,"Thầy: [G] Gieo một con xúc xắc cân đối đồng chất 2 lần, em có biết cách tính xác suất để biến cố có tích 2 lần số chấm là một số chẵn không?

Em: Thưa thầy, em chưa chắc chắn. Có phải cần đếm các trường hợp sao?

Thầy: [P] Đúng rồi! Em hãy liệt kê ra các kết quả khi gieo xúc xắc hai lần và xác định những trường hợp tích của 2 số là chẵn.

Em: Thưa thầy, khi gieo 1 lần có 6 khả năng, vậy 2 lần sẽ có 36 khả năng. Tích là chẵn nếu cả 2 lần đều là lẻ hoặc cả 2 lần đều là chẵn.

Thầy: [P] Đúng rồi! Em hãy liệt kê các trường hợp cụ thể để kiểm tra xem số nào có tích là chẵn nhé.

Em: Thưa thầy, em sẽ phân loại theo từng trường hợp:
- Trường hợp 1: Cả hai lần đều là lẻ (1,3,5). Có 9 trường hợp.
- Trường hợp 2: Cả hai lần đều là chẵn (2,4,6). Cũng có 9 trường hợp.

Thầy: [P] Đúng rồi, em đã liệt kê được các trường hợp. Giờ hãy tính xác suất từ số trường hợp này nhé.

Em: Thưa thầy, tổng số trường hợp là 36. Số trường hợp tích chẵn là 9 + 9 = 18.

Thầy: [S] Đúng rồi! Xác suất để tích của 2 lần gieo xúc xắc là một số chẵn sẽ là số trường hợp tích chẵn chia cho tổng số trường hợp. Vậy em hãy tính kết quả cuối cùng.

Em: Thưa thầy, xác suất = 18/36 = 0.5 hoặc 50%.

Thầy: [S] Đúng rồi! Em đã làm rất tốt. Xác suất để tích của 2 lần gieo xúc xắc là một số chẵn chính là 50%. Giờ em có thể tóm tắt lại quá trình giải quyết bài toán này không?

Em: Thưa thầy, em sẽ liệt kê các kết quả khi gieo xúc xắc hai lần, xác định những trường hợp tích của 2 số là chẵn và tính xác suất từ đó.

Thầy: Rất tốt! Em đã nắm được cách làm rồi. Chúc mừng em!"
GPS,GPU_S_25,Trung bình,4,"Thầy: [G] Gieo một con xúc xắc cân đối đồng chất 2 lần, em có biết cách tính xác suất để biến cố ""tích 2 lần số chấm là một số chẵn"" xảy ra không?

Em: Có ạ, nhưng mà thầy nhắc lại với em công thức đi.

Thầy: [P] Được, công thức xác suất của biến cố A là P(A) = số kết quả thuận lợi cho A / tổng số kết quả có thể. Bây giờ chúng ta cần đếm xem có bao nhiêu kết quả thuận lợi và tổng số kết quả có thể là gì?

Em: Tổng số kết quả có thể là 6 x 6 = 36. Còn kết quả thuận lợi là những trường hợp tích của hai lần gieo xúc xắc là số chẵn.

Thầy: [S] Đúng rồi, em tính tiếp xem có bao nhiêu kết quả thuận lợi nhé.

Em: Em thấy nếu lần đầu là 1, lần hai phải là 2, 4, 6. Nếu lần đầu là 2, lần hai cũng có thể là 2, 4, 6 và như vậy...

Thầy: [S] Đúng rồi. Em hãy tính tiếp số kết quả thuận lợi.

Em: Nếu lần đầu là 1, lần hai là 2, 4, 6 thì có 3 trường hợp. Lần đầu là 2, lần hai vẫn phải là 2, 4, 6 nên cũng 3 trường hợp nữa... Như vậy tổng cộng em thấy có 9 trường hợp thuận lợi.

Thầy: [S] Đúng rồi. Vậy xác suất của biến cố này sẽ là?

Em: Xác suất sẽ là 9/36 = 1/4 phải không thầy?

Thầy: [S] Đúng rồi, em đã tính chính xác. Xác suất để tích 2 lần số chấm khi gieo xúc xắc là một số chẵn là 1/4. Hai điều cần lưu ý ở đây:

1. Em nhớ đếm kỹ các trường hợp thuận lợi.
2. Hãy kiểm tra lại tổng số kết quả có thể, nó luôn là 36 trong trường hợp này.

Em đã làm rất tốt!"
GPS,GPU_S_26,Trung bình,4,"Thầy: Gieo một con xúc xắc cân đối đồng chất 2 lần, em biết mỗi lần gieo có bao nhiêu khả năng xuất hiện số chấm không?

Em: Có 6 khả năng, từ 1 đến 6.

Thầy: Đúng rồi. Vậy khi gieo xúc xắc hai lần, tổng số khả năng xuất hiện của cả hai lần sẽ là bao nhiêu?

Em: Sẽ là 36 khả năng, vì mỗi lần có 6 khả năng nên 6 nhân 6.

Thầy: Rất tốt! Giờ em hãy liệt kê các trường hợp tích hai lần số chấm đó là một số chẵn nhé. Em có thể bắt đầu bằng cách liệt kê các kết quả của lần gieo thứ nhất và lần gieo thứ hai, sau đó tính tích của chúng.

Em: Lần gieo thứ nhất có 6 khả năng, lần gieo thứ hai cũng vậy nên tổng cộng là 36. Em sẽ viết ra từng trường hợp:
1 * 1 = 1
1 * 2 = 2
1 * 3 = 3
1 * 4 = 4
1 * 5 = 5 
1 * 6 = 6

Thầy: Đúng rồi, em tiếp tục với các trường hợp còn lại.

Em: 2 * 1 = 2
2 * 2 = 4
2 * 3 = 6
2 * 4 = 8
2 * 5 = 10
2 * 6 = 12

Thầy: Rất tốt, em tiếp tục với các trường hợp của lần gieo thứ hai.

Em: 3 * 1 = 3
3 * 2 = 6
3 * 3 = 9
3 * 4 = 12
3 * 5 = 15
3 * 6 = 18

Thầy: Đúng rồi, em tiếp tục với các trường hợp còn lại.

Em: 4 * 1 = 4
4 * 2 = 8
4 * 3 = 12
4 * 4 = 16
4 * 5 = 20
4 * 6 = 24

Thầy: Giờ em hãy dừng lại ở đây và liệt kê các tích là một số chẵn.

Em: Từ những trường hợp trên, ta thấy các kết quả có tích là số chẵn gồm:
2, 4, 6, 8, 10, 12, 16, 18, 20, 24. Có tổng cộng 10 trường hợp.

Thầy: Đúng rồi! Giờ em hãy tính xác suất bằng cách chia số lượng các trường hợp tích là số chẵn cho tổng số khả năng xuất hiện.

Em: Xác suất = số trường hợp tích chẵn / tổng số khả năng xuất hiện = 10/36. Có thể rút gọn được không?

Thầy: Đúng rồi, em hãy rút gọn phân số này.

Em: 10 và 36 có 2 là thừa số chung lớn nhất nên ta chia cả tử và mẫu cho 2. Xác suất = 5/18.

Thầy: Rất tốt! Em đã tính xác suất đúng. Giờ em hãy tóm tắt lại quá trình giải quyết bài toán này nhé.

Em: Để tính xác suất biến cố tích hai lần số chấm khi gieo xúc xắc là một số chẵn, em đã liệt kê tất cả các trường hợp có thể và đếm số trường hợp tích là số chẵn. Cuối cùng, em chia số trường hợp tích chẵn cho tổng số khả năng xuất hiện để tìm xác suất."
GPS,GPU_S_27,Yêu,4,"Thầy: Gieo một con xúc xắc cân đối đồng chất 2 lần, em hãy tính xác suất để tích của hai lần gieo xúc xắc là một số chẵn. Em có thể nghĩ đến cách giải quyết vấn đề này như thế nào không?

Em: Thưa thầy, tôi biết rằng mỗi lần gieo xúc xắc sẽ cho kết quả từ 1 đến 6. Tôi cần tính xác suất tích của hai lần gieo xúc xắc là số chẵn. 

Thầy: Đúng rồi, em hãy nghĩ về các trường hợp có thể xảy ra để tích trở thành số chẵn nhé.

Em: Thì nếu số chấm đầu tiên và thứ hai đều lẻ thì tích sẽ không phải là số chẵn đúng không ạ? Còn nếu có ít nhất một lần xuất hiện số chẵn thì tích mới là số chẵn?

Thầy: Đúng rồi, em đã nắm bắt được điểm quan trọng. Vậy bây giờ em hãy tính xác suất của các trường hợp đó.

Em: Thưa thầy, xác suất mỗi lần gieo xúc xắc cho kết quả lẻ là 1/2 và kết quả chẵn cũng là 1/2. 

Thầy: Đúng rồi. Vậy em có thể tính xác suất tích chẵn bằng cách tính tổng các trường hợp mà tích là số chẵn.

Em: Thưa thầy, tôi sẽ tính như sau:
- Trường hợp cả hai lần gieo xúc xắc đều cho kết quả chẵn: (1/2) * (1/2) = 1/4
- Trường hợp lần thứ nhất là lẻ và lần thứ hai là chẵn: (1/2) * (1/2) = 1/4
- Trường hợp lần thứ nhất là chẵn và lần thứ hai là lẻ: (1/2) * (1/2) = 1/4

Thầy: Em đã tính đúng rồi. Vậy xác suất tích chẵn sẽ là tổng của các trường hợp này.

Em: Thưa thầy, vậy xác suất tích chẵn sẽ là 1/4 + 1/4 + 1/4 = 3/4?

Thầy: Đúng rồi, em đã tính chính xác được. Vậy kết quả cuối cùng là gì nhỉ?

Em: Thưa thầy, xác suất để tích của hai lần gieo xúc xắc là một số chẵn là 3/4.

Thầy: Rất tốt, em đã giải quyết bài toán này rất tự tin và chính xác. Hãy nhớ rằng trong xác suất, chúng ta cần cân nhắc tất cả các trường hợp có thể xảy ra để đưa ra kết luận cuối cùng."
GPS,GPU_S_28,Yêu,4,"Thầy: Gieo một con xúc xắc cân đối đồng chất 2 lần, em hãy tính xác suất để biến cố có tích 2 lần số chấm khi gieo xúc xắc là một số chẵn. Em nghĩ sao về cách giải quyết bài toán này?

Em: Thưa thầy, em không biết bắt đầu từ đâu rồi.

Thầy: Không sao cả, em hãy suy nghĩ như sau: Khi gieo xúc xắc 2 lần, ta có bao nhiêu kết quả có thể xảy ra? Em tính thử xem.

Em: Có 6 × 6 = 36 cách.

Thầy: Đúng rồi. Giờ em hãy liệt kê các kết quả trong đó tích của hai số chấm là một số chẵn. Em có thể bắt đầu bằng cách phân tích theo từng trường hợp, ví dụ như khi lần thứ nhất gieo ra số chẵn, hoặc số lẻ.

Em: Thưa thầy, nếu lần thứ nhất gieo ra số chẵn (2, 4, 6), thì số chấm của lần thứ hai có thể là bất kì. Có 3 cách từ lần thứ nhất và 6 cách từ lần thứ hai, vậy là 18 cách.

Thầy: Rất tốt! Giờ em hãy tính trường hợp còn lại, tức là lần thứ nhất gieo ra số lẻ (1, 3, 5).

Em: Nếu lần thứ nhất là số lẻ thì lần thứ hai phải gieo ra số chẵn. Có 3 cách từ lần thứ nhất và 3 cách từ lần thứ hai nên 9 cách.

Thầy: Em đã làm rất tốt! Vậy tổng số kết quả thuận lợi là bao nhiêu?

Em: Thưa thầy, tổng cộng có 18 + 9 = 27 cách.

Thầy: Đúng rồi. Giờ em hãy tính xác suất bằng cách chia số kết quả thuận lợi cho tổng số kết quả khả năng.

Em: Vậy là \(\frac{27}{36} = \frac{3}{4}\) phải không, thưa thầy?

Thầy: Rất đúng! Xác suất để tích 2 lần gieo xúc xắc là một số chẵn là \(\frac{3}{4}\).

Em: Em cảm thấy khá hơn nhiều, thank you, thầy!

Thầy: Đừng khách khí. Hãy tiếp tục cố gắng và luôn đặt câu hỏi cho mình nếu em gặp khó khăn nhé."
GPS,GPU_S_29,Yêu,4,"Thầy: [G] Gieo một con xúc xắc cân đối đồng chất 2 lần, em hãy tính xác suất để tích của hai lần gieo xúc xắc là một số chẵn. Em đã bắt đầu làm bài này chưa?

Em: Thưa thầy, tôi không biết bắt đầu từ đâu.

Thầy: [P] Không sao cả, chúng ta cùng phân tích nhé. Khi gieo xúc xắc, mỗi lần có 6 kết quả có thể xảy ra (1, 2, 3, 4, 5, 6). Em hãy nghĩ đến các cặp số khi nhân với nhau.

Em: Thưa thầy, tôi thấy nếu cả hai lần đều là chẵn thì tích sẽ là chẵn. Còn nếu một chẵn, một lẻ thì tích cũng sẽ là chẵn. Nhưng tôi không biết làm tiếp.

Thầy: [P] Đúng rồi! Giờ em hãy liệt kê các cặp số có tích là chẵn và tính xác suất nhé.

Em: Thưa thầy, tôi sẽ ghi ra bảng:
- 1 × 2 = 2; 1 × 4 = 4; 1 × 6 = 6
- 2 × 1 = 2; 2 × 2 = 4; 2 × 3 = 6; 2 × 4 = 8; 2 × 5 = 10; 2 × 6 = 12
- 3 × 2 = 6; 3 × 4 = 12; 3 × 6 = 18
- 4 × 1 = 4; 4 × 2 = 8; 4 × 3 = 12; 4 × 4 = 16; 4 × 5 = 20; 4 × 6 = 24
- 5 × 2 = 10; 5 × 4 = 20; 5 × 6 = 30
- 6 × 1 = 6; 6 × 2 = 12; 6 × 3 = 18; 6 × 4 = 24; 6 × 5 = 30; 6 × 6 = 36

Thầy: [S] Em đã liệt kê được tất cả các cặp số rồi. Bây giờ, em hãy đếm xem có bao nhiêu cặp số và xác suất là bao nhiêu nhé.

Em: Thưa thầy, tôi đếm được tổng cộng 18 cặp số chẵn khi nhân hai lần gieo xúc xắc.

Thầy: [S] Đúng rồi. Tổng số các kết quả khi gieo xúc xắc 2 lần là 6 × 6 = 36. Vậy xác suất để tích của hai lần gieo xúc xắc là một số chẵn là bao nhiêu?

Em: Thưa thầy, xác suất sẽ là 18/36 = 1/2.

Thầy: [S] Đúng rồi! Xác suất để tích của hai lần gieo xúc xắc là một số chẵn là 1/2. Chúng ta vừa giải quyết bài toán bằng cách liệt kê và đếm, em có thấy cách này dễ hiểu không?

Em: Thưa thầy, tôi cảm thấy dễ dàng hơn nhiều so với trước kia rồi.

Thầy: [S] Rất tốt! Hãy luyện tập tiếp, em sẽ dần quen với các bài toán xác suất. Nếu cần giúp đỡ, hãy hỏi thầy nhé."
GPS,GPU_S_30,Yêu,4,"Thầy: G, em đã học về xác suất chưa? Hãy tưởng tượng chúng ta đang gieo một con xúc xắc cân đối đồng chất 2 lần. Em có thể nghĩ ra bao nhiêu kết quả có thể xảy ra khi gieo xúc xắc hai lần không?

Em: Thưa thầy, có 36 kết quả vì mỗi lần đều có 6 khả năng và lặp lại 2 lần.

Thầy: Đúng rồi! Vậy bây giờ chúng ta hãy tập trung vào biến cố mà em cần tính xác suất. Biến cố này là tích của hai số chấm xuất hiện khi gieo xúc xắc 2 lần phải là một số chẵn. Em có thể liệt kê ra các kết quả phù hợp không?

Em: Thưa thầy, nếu tôi nhớ đúng, những kết quả như (1, 2), (1, 4), (1, 6), (2, 1), (2, 3) và những trường hợp khác nữa đều là số chẵn.

Thầy: Đúng rồi! Vậy em có thể liệt kê tất cả các cặp số có tích là số chẵn không? Chúng ta sẽ kiểm tra từng cặp để chắc chắn.

Em: Thưa thầy, những cặp số như (1, 2), (1, 4), (1, 6) và ngược lại. Còn (2, 2), (2, 4), (2, 6)... 

Thầy: Đúng vậy! Em hãy kiểm tra tất cả các cặp để đảm bảo không bỏ sót trường hợp nào.

Em: Thưa thầy, tôi có thể viết ra tất cả các trường hợp như sau: (1, 2), (1, 4), (1, 6), (2, 1), (2, 3), (2, 5), (3, 2), (3, 4), (3, 6), (4, 1), (4, 3), (4, 5), (5, 2), (5, 4), (5, 6), (6, 1), (6, 3), (6, 5).

Thầy: Đúng rồi! Vậy em có thể đếm xem tổng cộng có bao nhiêu trường hợp như vậy không?

Em: Thưa thầy, tôi đếm được là 18 trường hợp.

Thầy: Rất tốt! Vậy xác suất của biến cố này sẽ là số trường hợp phù hợp chia cho tổng số kết quả. Em hãy tính xem xác suất là bao nhiêu nhé.

Em: Thưa thầy, xác suất sẽ là 18 chia 36, nghĩa là 0,5 hoặc 50%.

Thầy: Đúng rồi! Vậy em đã tính được xác suất của biến cố tích hai số chấm khi gieo xúc xắc 2 lần là một số chẵn là 50%. Em có cần thầy giúp gì thêm không?

Em: Không cần thầy ạ, em hiểu rồi. Cảm ơn thầy!"
GPS,GPU_S_11,Khá,5,"Thầy: [G] Chào em! Bài toán này yêu cầu tìm xác suất để số chấm xuất hiện trên ba con súc sắc như nhau. Em thử nghĩ xem chúng ta cần làm gì đầu tiên?

Em: Dạ thưa thầy, em sẽ tính tổng số kết quả có thể xảy ra trước.

Thầy: [P] Tốt! Vậy số kết quả có thể xảy ra là bao nhiêu?

Em: Dạ thưa thầy, khi gieo ba con súc sắc, mỗi con súc sắc có 6 mặt nên tổng số kết quả là 6 x 6 x 6 = 216 ạ.

Thầy: [S] Đúng rồi! Bây giờ em hãy tính xem biến cố thuận lợi là bao nhiêu?

Em: Dạ thưa thầy, để ba con súc sắc có cùng số chấm, chúng ta chỉ cần chọn một số từ 1 đến 6 cho cả ba con. Vậy có 6 cách để chọn như vậy ạ.

Thầy: [P] Rất tốt! Vậy em tính xác suất bằng cách nào?

Em: Dạ thưa thầy, xác suất sẽ là số kết quả thuận lợi chia cho tổng số kết quả, tức là 6/216 = 1/36 ạ.

Thầy: [S] Chính xác! Xác suất là 1/36. Em đã làm rất tốt!"
GPS,GPU_S_12,Khá,5,"Thầy: [G] Chào em! Bài toán này yêu cầu tìm xác suất để số chấm xuất hiện trên ba con súc sắc như nhau. Em thử nghĩ xem chúng ta cần làm gì đầu tiên?
Em: Dạ thưa thầy, em nên xem xét tất cả các kết quả có thể xảy ra khi gieo ba con súc sắc ạ.
Thầy: [P] Rất tốt! Vậy số lượng kết quả nào em sẽ liệt kê?
Em: Dạ, em nghĩ rằng mỗi mặt của một con súc sắc có 6 kết quả nên với ba con súc sắc là 6x6x6=216 kết quả ạ.
Thầy: [S] Đúng rồi! Bây giờ chúng ta đã biết tổng số kết quả. Em hãy tính xem có bao nhiêu kết quả thuận lợi nhé?
Em: Dạ, em thấy rằng mỗi con súc sắc có thể cùng xuất hiện từ 1 đến 6 chấm nên sẽ có 6 kết quả như nhau ạ.
Thầy: [P] Rất tốt! Vậy tổng số cách để ba con súc sắc xuất hiện số chấm giống nhau là bao nhiêu?
Em: Dạ, em tính ra là 6 kết quả ạ.
Thầy: [S] Đúng rồi! Vậy xác suất là bao nhiêu?
Em: Dạ, xác suất sẽ là 6/216 = 1/36 ạ."
GPS,GPU_S_13,Khá,5,"Thầy: [G] Chào em! Bài toán này yêu cầu tìm xác suất để số chấm xuất hiện trên ba con súc sắc như nhau. Em thử suy nghĩ xem có bao nhiêu kết quả có thể xảy ra từ việc gieo ba con súc sắc?
    
Em: Dạ thưa thầy, khi gieo ba con súc sắc, mỗi con súc sắc có 6 mặt nên tổng số kết quả có thể là 6x6x6=216 ạ.

Thầy: [P] Rất tốt! Giờ em hãy nghĩ xem bao nhiêu trong số này sẽ thỏa mãn điều kiện của bài toán, tức là ba con súc sắc xuất hiện cùng một số chấm?

Em: Dạ thưa thầy, có 6 kết quả như vậy, vì mỗi con súc sắc có thể xuất hiện từ 1 đến 6 chấm và chúng đều giống nhau.

Thầy: [S] Đúng rồi! Vậy em tính được xác suất là bao nhiêu chưa?
    
Em: Dạ, xác suất sẽ là số cách thuận lợi chia cho tổng số kết quả, nên là 6/216 = 1/36 ạ."
GPS,GPU_S_14,Khá,5,"Thầy: [G] Chào em! Bài toán này yêu cầu tìm xác suất để số chấm xuất hiện trên ba con súc sắc như nhau. Em hãy nghĩ xem, có bao nhiêu kết quả có thể xảy ra khi gieo ba con súc sắc?
Em: Dạ thưa thầy, mỗi con súc sắc có 6 mặt nên tổng cộng sẽ có 6x6x6=216 kết quả ạ.
Thầy: [P] Rất tốt! Bây giờ em hãy nghĩ đến các trường hợp nào mà số chấm trên ba con súc sắc như nhau?
Em: Dạ, nếu cả ba con súc sắc đều xuất hiện số chấm từ 1 đến 6 thì mới có thể như nhau ạ.
Thầy: [S] Chính xác! Vậy em hãy tính xem trong tổng cộng 216 kết quả, có bao nhiêu kết quả là các trường hợp như nhau?
Em: Dạ, nếu súc sắc thứ nhất xuất hiện số chấm từ 1 đến 6 thì hai con còn lại cũng phải xuất hiện cùng số chấm đó nên sẽ có 6 cách ạ.
Thầy: [P] Rất tốt! Vậy em đã tính được bao nhiêu kết quả thuận lợi chưa?
Em: Dạ, em tính được là 6 kết quả ạ.
Thầy: [S] Chính xác! Vậy xác suất để số chấm xuất hiện trên ba con súc sắc như nhau là bao nhiêu?
Em: Dạ, xác suất sẽ là 6/216 = 1/36 ạ."
GPS,GPU_S_15,Trung bình,5,"Thầy: [G] Chào em! Bài này yêu cầu tìm xác suất khi gieo ba con súc sắc và muốn số chấm xuất hiện trên ba con súc sắc như nhau. Em có nhớ công thức để tính xác suất là gì không?

Em: Dạ, thầy ơi, em biết công thức tính xác suất rồi ạ.

Thầy: [P] Rất tốt! Vậy khi gieo ba con súc sắc, tổng số kết quả có thể xảy ra là bao nhiêu?

Em: Dạ thưa thầy, mỗi con súc sắc có 6 mặt nên tổng cộng sẽ là 6x6x6=216 kết quả ạ.

Thầy: [S] Đúng rồi! Bây giờ em hãy tính xem có bao nhiêu cách để số chấm xuất hiện trên ba con súc sắc như nhau?

Em: Dạ, thầy ơi, nếu ba con súc sắc đều xuất hiện cùng một mặt thì sẽ có 6 cách (1-1-1, 2-2-2, ..., 6-6-6) ạ.

Thầy: [P] Rất tuyệt! Vậy em hãy tính xác suất từ số kết quả thuận lợi và tổng số kết quả đã tính được nhé.

Em: Dạ thưa thầy, xác suất sẽ là 6/216 = 1/36 ạ."
GPS,GPU_S_16,Trung bình,5,"Thầy: [G] Chào em! Bài toán này yêu cầu tìm xác suất để số chấm xuất hiện trên ba con súc sắc như nhau. Em thử nghĩ xem có bao nhiêu kết quả có thể xảy ra khi gieo ba con súc sắc?

Em: Dạ thầy, em không nhớ rõ cách tính rồi ạ.

Thầy: [P] Đừng lo lắng, em hãy nghĩ về số mặt của một con súc sắc. Mỗi con súc sắc có bao nhiêu kết quả khi gieo?

Em: Mỗi con súc sắc có 6 kết quả ạ.

Thầy: Rất tốt! Vậy ba con súc sắc cùng lúc sẽ có bao nhiêu kết quả?

Em: Dạ thì sẽ là 6 x 6 x 6 = 216 kết quả ạ.

Thầy: [S] Đúng rồi! Nay chúng ta đã biết tổng số kết quả. Bây giờ em hãy nghĩ xem khi nào số chấm xuất hiện trên ba con súc sắc như nhau?

Em: Dạ, thì sẽ là những trường hợp như (1, 1, 1), (2, 2, 2) và như vậy cho đến (6, 6, 6) ạ.

Thầy: Đúng rồi! Vậy tổng số kết quả thuận lợi là bao nhiêu?

Em: Dạ thì sẽ có 6 kết quả thuận lợi ạ.

Thầy: [S] Rất tốt! Vậy xác suất để số chấm xuất hiện trên ba con súc sắc như nhau là bao nhiêu?

Em: Dạ thì xác suất sẽ là 6/216 = 1/36 ạ."
GPS,GPU_S_17,Trung bình,5,"Thầy: [G] Chào em! Bài này yêu cầu tìm xác suất để số chấm xuất hiện trên ba con súc sắc như nhau. Em nhớ công thức xác suất không?

Em: Thưa thầy, em hơi quên rồi. Công thức là gì ạ?

Thầy: [P] Công thức xác suất là P = số cách thuận lợi / tổng số cách có thể xảy ra. Bây giờ em tính xem tổng số cách có thể xảy ra là bao nhiêu đi.

Em: Dạ thưa thầy, mỗi con súc sắc có 6 mặt nên tổng số cách là 6x6x6=216 ạ.

Thầy: [S] Rất tốt! Giờ em tính xem số cách thuận lợi là bao nhiêu nhé. Số chấm xuất hiện trên ba con súc sắc như nhau có thể là gì?

Em: Dạ có thể là 1, 2, 3, 4, 5 hoặc 6 ạ.

Thầy: [P] Đúng rồi! Vậy em hãy liệt kê xem tổng số cách thuận lợi là bao nhiêu đi.

Em: Dạ thưa thầy, nếu số chấm là 1 thì có 1-1-1, 2-2-2 thì có 2-2-2... như vậy em tính ra là 6 cách ạ.

Thầy: [S] Em làm rất tốt! Vậy xác suất là bao nhiêu?

Em: Dạ thưa thầy, xác suất là 6/216 = 1/36 ạ."
GPS,GPU_S_18,Trung bình,5,"Thầy: [G] Chào em! Bài toán này yêu cầu tìm xác suất để số chấm xuất hiện trên ba con súc sắc như nhau. Em thử nghĩ xem có bao nhiêu kết quả tổng thể khi gieo ba con súc sắc nhé?
Em: Dạ, thầy, em không nhớ rõ cách tính rồi ạ.
Thầy: [P]okie, em hãy nghĩ về việc mỗi con súc sắc có 6 mặt số từ 1 đến 6. Vậy khi gieo ba con súc sắc, tổng số kết quả là bao nhiêu?
Em: Dạ, thầy, em nhớ lại rồi ạ, là 6 x 6 x 6 = 216 kết quả ạ.
Thầy: [S] Đúng rồi! Tiếp theo, em hãy tính xem có bao nhiêu trường hợp để số chấm xuất hiện trên ba con súc sắc như nhau nhé?
Em: Dạ, thầy, thì sẽ là 1-1-1, 2-2-2, 3-3-3, 4-4-4, 5-5-5, 6-6-6 đúng không ạ? Vậy có 6 kết quả thuận lợi ạ.
Thầy: [G] Rất tốt! Bây giờ em hãy tính xác suất nhé. Em nhớ công thức xác suất là số kết quả thuận lợi chia cho tổng số kết quả.
Em: Dạ, thầy, xác suất sẽ là 6/216 đúng không ạ?
Thầy: [S] Đúng rồi! Vậy em rút gọn phân số này đi.
Em: Dạ, thầy, thì 6/216 rút gọn thành 1/36 ạ."
GPS,GPU_S_19,Trung bình,5,"Thầy: [G] Chào em! Bài toán này yêu cầu tìm xác suất để số chấm xuất hiện trên ba con súc sắc như nhau. Em đã học về xác suất chưa?

Em: Dạ thầy, em còn nhớ một chút nhưng không chắc chắn lắm.

Thầy: [P] Đừng lo lắng, em cứ thử nghĩ xem có bao nhiêu kết quả khi gieo ba con súc sắc?

Em: Dạ thưa thầy, mỗi con súc sắc có 6 mặt nên tổng số kết quả là 6x6x6=216 ạ.

Thầy: [S] Rất tốt! Em đã tính được tổng số kết quả. Bây giờ em thử đếm xem có bao nhiêu trường hợp thuận lợi nhé, nghĩa là ba con súc sắc xuất hiện cùng một số chấm?

Em: Dạ thưa thầy, nếu ba con súc sắc đều xuất hiện 1 chấm thì chỉ có 1 cách, như vậy cũng đúng cho các trường hợp khác từ 2 đến 6. Vậy tổng cộng có 6 cách ạ.

Thầy: [P] Đúng rồi! Vậy xác suất sẽ là bao nhiêu?

Em: Dạ thưa thầy, xác suất là số cách thuận lợi chia cho tổng số kết quả nên là 6/216=1/36 ạ.

Thầy: [S] Rất tốt! Xác suất để ba con súc sắc xuất hiện cùng một số chấm là 1/36. Em đã làm rất出色！"
GPS,GPU_S_20,Trung bình,5,"Thầy: [G] Chào em! Hôm nay chúng ta sẽ tính xác suất cho một bài toán về gieo xúc sắc. Bài toán yêu cầu tìm xác suất để số chấm xuất hiện trên ba con súc sắc như nhau. Em thử nhớ lại khái niệm xác suất đi nhé.
Em: Dạ, thầy ạ. Xác suất là số kết quả thuận lợi chia cho tổng số kết quả có thể xảy ra.
Thầy: [P] Rất tốt! Bây giờ em hãy tính xem có bao nhiêu cách để ba con súc sắc có cùng số chấm?
Em: Dạ, em nghĩ có 6 cách vì mỗi con súc sắc có 6 mặt và chúng đều giống nhau.
Thầy: Đúng rồi! Vậy tổng số kết quả có thể xảy ra là bao nhiêu?
Em: Dạ, ta gieo ba con súc sắc nên tổng số kết quả có thể xảy ra là 6 x 6 x 6 = 216 ạ.
Thầy: [S] Chình xác! Vậy xác suất để ba con súc sắc có cùng số chấm là bao nhiêu?
Em: Dạ, em tính được xác suất là 6/216, sau đó rút gọn thành 1/36 ạ."
GPS,GPU_S_01,Giỏi,4,"Thầy: [G] Chào em, hôm nay chúng ta sẽ cùng giải bài toán về xác suất với một vần đề thú vị. Dựa vào bài toán này, em có thể áp dụng để tính xác suất của biến cố khi gieo xúc xắc 2 lần và tích của hai kết quả là một số chẵn. Em hãy bắt đầu nhé!
Em: (Trả lời) Thưa thầy, tôi sẽ giải bài toán này theo các bước như sau: Đầu tiên, em sẽ xác định tất cả các kết quả có thể khi gieo xúc xắc 2 lần.
Thầy: [P] Đúng rồi, em hãy tiếp tục bằng cách liệt kê tất cả các cặp số có thể xuất hiện từ việc gieo xúc xắc 2 lần và sau đó xác định những cặp số nào có tích là một số chẵn. 
Em: (Tính toán) Em đã tìm được 36 kết quả có thể, bao gồm các cặp số từ (1,1) đến (6,6). Trong đó, em thấy rằng để tích của hai lần gieo xúc xắc là một số chẵn, thì ít nhất một trong hai lần gieo phải cho ra kết quả là số chẵn. 
Thầy: [P] Rất tốt, em đã nắm được điểm quan trọng. Vậy em hãy liệt kê các cặp số có tích là một số chẵn từ việc gieo xúc xắc 2 lần.
Em: (Tính toán) Từ việc phân tích, em thấy rằng có 30 kết quả thỏa mãn biến cố cần tìm, bao gồm các trường hợp như (1,2), (2,1), ... , (6,6).
Thầy: [P] Em đã làm rất tốt. Bây giờ hãy tính xác suất của biến cố này.
Em: (Tính toán) Xác suất của biến cố có tích 2 lần số chấm khi gieo xúc xắc là một số chẵn sẽ là tổng số kết quả thỏa mãn chia cho tổng số kết quả có thể, do đó xác suất = 30/36 = 5/6.
Thầy: [S] Em đã làm đúng. Xác suất của biến cố này là 5/6. Đây là một cách giải nhanh và chính xác.
Em: (Cảm ơn thầy) Cảm ơn thầy đã hướng dẫn, thưa thầy!"
GPS,GPU_S_02,Giỏi,4,"Thầy: [G] Chào em, hôm nay chúng ta sẽ giải bài toán xác suất nhé! Bài toán này yêu cầu bạn gieo một con xúc xắc cân đối đồng chất 2 lần, tính xác suất để biến cố có tích 2 lần số chấm khi gieo xúc xắc là một số chẵn. Em hãy bắt đầu bằng cách liệt kê tất cả các kết quả có thể xảy ra khi gieo hai lần xúc xắc.

Em: (Trả lời) Dạ, tôi sẽ viết ra tất cả các kết quả có thể xảy ra khi gieo 2 lần xúc xắc. Có tổng cộng 36 kết quả vì mỗi lần đều có 6 mặt nên 6 x 6 = 36 kết quả.

Thầy: [P] Đúng rồi! Em đã liệt kê được tất cả các kết quả. Bây giờ hãy xem xét từng trường hợp nào trong đó tích của hai số chấm là một số chẵn. 

Em: (Tính toán) Dạ, tôi sẽ kiểm tra từng cặp số. Khi nhân 1 x 2 = 2 (chẵn), 1 x 4 = 4 (chẵn), 1 x 6 = 6 (chẵn). Tiếp theo là 2 x 1 = 2 (chẵn), 2 x 2 = 4 (chẵn) … đến cuối cùng sẽ có các cặp như vậy.

Thầy: [P] Em đã làm rất tốt bước này. Bây giờ hãy đếm tất cả các kết quả mà tích là số chẵn, bao gồm cả trường hợp lặp và riêng biệt nhé!

Em: (Tính toán) Dạ, tôi đếm được 18 kết quả có tích là số chẵn.

Thầy: [P] Rất tốt! Em đã đếm chính xác. Bây giờ hãy tính xác suất bằng cách chia số lượng kết quả thuận lợi cho tổng số kết quả có thể xảy ra.

Em: (Tính toán) Dạ, xác suất = 18/36 = 1/2.

Thầy: [S] Đúng rồi! Xác suất để tích của 2 lần gieo xúc xắc là số chẵn là 1/2. Em đã giải bài toán rất nhanh và chính xác!

Em: (Cảm ơn thầy) Dạ, cảm ơn thầy đã hướng dẫn em!"
GPS,GPU_S_03,Giỏi,4,"Thầy: [G] Xin chào em, chúng ta hãy cùng giải quyết bài toán này nhé. Khi gieo một con xúc xắc cân đối đồng chất hai lần, ta cần tính xác suất để biến cố có tích 2 lần số chấm khi gieo xúc xắc là một số chẵn. Em nghĩ cách tiếp cận như thế nào?

Em: Thầy, em nghĩ rằng đầu tiên em sẽ liệt kê ra tất cả các kết quả có thể khi gieo hai lần xúc xắc. Mỗi lần gieo, chúng ta có 6 kết quả (1,2,3,4,5,6), nên tổng cộng sẽ là 6 * 6 = 36 kết quả.

Thầy: [P] Đúng rồi, em đã liệt kê đầy đủ các kết quả có thể. Bây giờ, em hãy tìm xem trong số đó có bao nhiêu trường hợp tích của 2 lần gieo xúc xắc là một số chẵn.

Em: Em sẽ tính từng trường hợp như sau: (1,2), (1,4), (1,6); (2,1), (2,3), (2,5), (2,2), (2,4), (2,6); (3,2), (3,4), (3,6); (4,1), (4,3), (4,5), (4,2), (4,4), (4,6); (5,2), (5,4), (5,6); (6,1), (6,3), (6,5), (6,2), (6,4), (6,6). Có tổng cộng 20 trường hợp.

Thầy: [P] Em đã liệt kê đầy đủ các trường hợp nhưng em chưa tính hết. Thay vì liệt kê từng cặp số, em có thể nghĩ đến việc phân tích theo các nhóm để không bỏ sót. Ví dụ, khi lần thứ nhất gieo xúc xắc và xuất hiện 1 (số lẻ), thì tích sẽ là số lẻ; khi xuất hiện 2 (số chẵn), tích sẽ là số chẵn. Em hãy tính lại từ đầu.

Em: Thầy, em nghĩ lại thì mỗi lần gieo có 3 số lẻ (1,3,5) và 3 số chẵn (2,4,6). Khi gieo xúc xắc thứ nhất xuất hiện số lẻ, tích sẽ là số lẻ; khi gieo xúc xắc thứ nhất xuất hiện số chẵn, tích có thể là số chẵn hoặc số lẻ. Vậy em chỉ cần tính các trường hợp lần gieo đầu tiên là số lẻ và lần gieo thứ hai là số chẵn, cộng với trường hợp cả 2 lần đều là số chẵn.

Thầy: [P] Đúng rồi! Em hãy tính toán cụ thể nhé.

Em: Đầu tiên, khi gieo xúc xắc thứ nhất là số lẻ (1/3) và gieo xúc xắc thứ hai là số chẵn (1/2), xác suất là 1/3 * 1/2 = 1/6. Thứ hai, cả 2 lần đều là số chẵn có xác suất 1/2 * 1/2 = 1/4. Vậy tổng cộng, em có 1/6 + 1/4 = 5/12.

Thầy: [S] Đúng rồi, xác suất để tích của 2 lần gieo xúc xắc là một số chẵn là 5/12. Em đã tính toán và phân tích đúng.

Em: Cảm ơn thầy!"
GPS,GPU_S_04,Giỏi,4,"Thầy: [G] (Hướng dẫn gợi mở đầu buổi) Em ơi, hôm nay chúng ta sẽ giải bài toán về xác suất nhé. Bài toán này yêu cầu gieo một con xúc xắc cân đối đồng chất 2 lần và tính xác suất để biến cố có tích 2 lần số chấm khi gieo xúc xắc là một số chẵn. Em hãy thử làm xem, mình sẽ hỗ trợ nếu cần nhé.

Em: (Trả lời) Thưa thầy, em nghĩ rằng con xúc xắc khi gieo ra có thể xuất hiện từ 1 đến 6 mặt nên mỗi lần gieo chúng ta đều có 6 khả năng khác nhau. Khi gieo hai lần thì tổng số kết quả có thể là \(6 \times 6 = 36\).

Thầy: [P] (Yêu cầu em tính toán bước 1) Rất tốt, em đã xác định được tổng số kết quả có thể xuất hiện khi gieo xúc xắc 2 lần. Bây giờ, hãy liệt kê và kiểm tra các trường hợp nào trong đó tích của hai con số chấm là một số chẵn.

Em: (Tính toán) Em sẽ kiểm tra từng cặp số:
- Nếu lần đầu gieo ra 1 thì không có kết quả chẵn từ 2 đến 6.
- Nếu lần đầu gieo ra 2, tích có thể là 4 (2*2), 6 (2*3), 8 (2*4), 10 (2*5), 12 (2*6).
- Nếu lần đầu gieo ra 3, tích có thể là 6 (3*2), 9 (3*3), 12 (3*4).
- Nếu lần đầu gieo ra 4, tích có thể là 8 (4*2), 12 (4*3), 16 (4*4), 20 (4*5), 24 (4*6).
- Nếu lần đầu gieo ra 5, tích có thể là 10 (5*2), 15 (5*3), 20 (5*4), 25 (5*5), 30 (5*6).
- Nếu lần đầu gieo ra 6, tích có thể là 12 (6*2), 18 (6*3), 24 (6*4), 30 (6*5), 36 (6*6).

Thầy: [P] (Yêu cầu em tính toán bước 2 hoặc sửa lỗi) Em đã liệt kê hết các trường hợp rồi, chúng ta hãy đếm xem có bao nhiêu trường hợp tích là số chẵn nhé.

Em: (Tính toán) Từ việc kiểm tra trên, em thấy các trường hợp tích chẵn có thể được chia thành 2 nhóm:
1. Nhóm 1: Tích từ lần đầu gieo ra 2, gồm 5 trường hợp.
2. Nhóm 2: Tích từ lần đầu gieo ra 4 và 6 (bởi vì khi gieo lần thứ nhất là 3 hoặc 5 thì tích không chẵn), mỗi nhóm có 5 trường hợp.

Vậy tổng cộng có \(5 + 5 = 10\) trường hợp tích là số chẵn. Vậy xác suất cần tìm là \(\frac{10}{36} = \frac{5}{18}\).

Thầy: [S] (Chốt đáp án cuối cùng và giải thích ngắn gọn) Rất tốt, em đã tính toán chính xác. Xác suất để tích 2 lần số chấm khi gieo xúc xắc là một số chẵn là \(\frac{5}{18}\). Em đã làm rất chi tiết và đúng nhé!

Em: (Cảm ơn thầy) Cảm ơn thầy, thầy ạ!"
GPS,GPU_S_05,Khá,4,"Thầy: [G] Bạn đã hiểu bài toán chưa? Em hãy nghĩ xem khi gieo một con xúc xắc cân đối đồng chất, mặt nào có số chấm là số chẵn?

Em: Có 3 mặt là số chẵn: 2, 4, 6.

Thầy: [P] Vậy khi gieo hai lần, tổng số chấm của 2 lần sẽ là một số chẵn nếu cả hai lần đều có số chấm là số lẻ hoặc cả hai lần đều có số chấm là số chẵn. Em hãy tính xác suất cho trường hợp thứ nhất (cả hai lần đều là số lẻ) và sau đó cho trường hợp thứ hai (cả hai lần đều là số chẵn).

Em: Trường hợp một lần gieo xúc xắc có xác suất được số lẻ là 3/6 = 1/2. Do đó, xác suất cả hai lần đều là số lẻ là (1/2) × (1/2) = 1/4.

Thầy: [P] Đúng rồi! Em hãy tính xác suất cho trường hợp thứ hai tương tự nhé.

Em: Trường hợp một lần gieo xúc xắc có xác suất được số chẵn là 3/6 = 1/2. Do đó, xác suất cả hai lần đều là số chẵn là (1/2) × (1/2) = 1/4.

Thầy: [S] Vậy xác suất để tích 2 lần số chấm khi gieo xúc xắc là một số chẵn sẽ là tổng của hai trường hợp trên,即：\[ \frac{1}{4} + \frac{1}{4} = \frac{1}{2} \]. Em hãy viết lại đáp án cuối cùng và giải thích ngắn gọn.

Em: Xác suất để tích 2 lần số chấm khi gieo xúc xắc là một số chẵn là 1/2.

Thầy: Rất tốt, em đã làm đúng! Có câu hỏi gì thêm về cách tính xác suất này không?

Em: Không thầy, em hiểu rồi. Cảm ơn thầy!"
GPS,GPU_S_06,Khá,4,"Thầy: [G] Bạn là học sinh lớp 12 có học lực Khá, em hãy cùng giải bài toán này nhé. Bài toán yêu cầu chúng ta gieo một con xúc xắc cân đối đồng chất 2 lần và tính xác suất để biến cố có tích 2 lần số chấm khi gieo xúc xắc là một số chẵn. Em hãy nghĩ xem đầu tiên nên làm gì? 
Em: Thưa thầy, em nghĩ trước hết em sẽ viết ra tất cả các kết quả có thể khi gieo xúc xắc 2 lần.
Thầy: [P] Đúng rồi, em hãy liệt kê tất cả các kết quả có thể khi gieo xúc xắc 2 lần. 
Em: Thưa thầy, lần đầu tiên gieo xúc xắc có thể xuất hiện 1, 2, 3, 4, 5 hoặc 6 chấm. Lần thứ hai cũng như vậy nên em sẽ có tổng cộng 36 kết quả có thể.
Thầy: [P] Rất tốt, em đã tìm được tất cả các kết quả có thể. Tiếp theo, chúng ta cần xác định những kết quả nào thỏa mãn điều kiện là tích của hai lần gieo xúc xắc là một số chẵn. Em hãy nghĩ thử xem.
Em: Thưa thầy, để tích là một số chẵn thì ít nhất phải có một trong hai lần xuất hiện số chấm chẵn. 
Thầy: [P] Đúng rồi, em đã phát hiện ra điều quan trọng này. Bây giờ chúng ta cần liệt kê tất cả các kết quả thỏa mãn điều kiện đó.
Em: Thưa thầy, những kết quả có thể là (1,2), (1,4), (1,6), (2,1), (2,2), (2,3), (2,4), (2,5), (2,6), (3,2), (3,4), (3,6), (4,1), (4,2), (4,3), (4,4), (4,5), (4,6), (5,2), (5,4), (5,6), (6,1), (6,2), (6,3), (6,4), (6,5), (6,6).
Thầy: [P] Chắc chắn rồi, em đã liệt kê tất cả các kết quả thỏa mãn. Vậy số lượng kết quả thỏa mãn là bao nhiêu?
Em: Thưa thầy, em đếm được tổng cộng 27 kết quả.
Thầy: [S] Đúng rồi, em đã tính đúng số kết quả thỏa mãn. Xác suất của biến cố xảy ra là tỷ lệ giữa số lượng kết quả thỏa mãn với tổng số kết quả có thể. Vậy xác suất cần tìm là 27/36 = 3/4.
Em: Thưa thầy, em hiểu rồi! Em cảm ơn thầy đã hướng dẫn.
Thầy: Không sao cả, bạn làm rất tốt!"
GPS,GPU_S_07,Khá,4,"Thầy: [G] Bạn hiểu bài toán chưa? Cần tôi hướng dẫn từ đầu không, Khả?

Em: Thưa thầy, em đã nắm bắt được sơ đồ bài toán rồi nhưng cần thầy hướng dẫn các bước khó hơn.

Thầy: [P] Bước đầu tiên là xác định tổng số kết quả có thể khi gieo xúc xắc 2 lần. Bạn hãy nghĩ đến cách tính này nhé!

Em: Thưa thầy, khi gieo xúc xắc 1 lần thì có 6 kết quả (1, 2, 3, 4, 5, 6). Vậy khi gieo 2 lần sẽ có \(6 \times 6 = 36\) kết quả.

Thầy: [P] Đúng rồi! Bây giờ hãy liệt kê các cặp số chấm có tích là một số chẵn. Bạn thử làm xem nào!

Em: Thưa thầy, em nghĩ rằng nếu tích là chẵn thì ít nhất phải có một trong hai số là chẵn. Các cặp số chấm như sau:
(1,2), (1,4), (1,6), (2,1), (2,2), (2,3), (2,4), (2,5), (2,6), (3,2), (3,4), (3,6), (4,1), (4,2), (4,3), (4,4), (4,5), (4,6), (5,2), (5,4), (5,6), (6,1), (6,2), (6,3), (6,4), (6,5), (6,6).

Thầy: [P] Điểm của em đã liệt kê nhiều cặp rồi nhưng không phải tất cả đều đúng. Hãy nhìn lại các cặp số chấm có tích là một số chẵn và chỉ ra chúng.

Em: Thưa thầy, em xem lại thì thấy các cặp như sau:
(1,2), (1,4), (1,6), (3,2), (3,4), (3,6), (5,2), (5,4), (5,6).

Thầy: [P] Đúng rồi! Có 9 cặp số chấm như vậy. Bây giờ em hãy tính xác suất nhé!

Em: Thưa thầy, tổng số kết quả có thể là 36 và số kết quả thỏa mãn là 9 nên xác suất là \(\frac{9}{36} = \frac{1}{4}\).

Thầy: [S] Đúng rồi! Xác suất để tích của hai lần gieo xúc xắc là một số chẵn là \(\frac{1}{4}\). Em đã làm rất tốt!

Em: Xin thầy, cảm ơn thầy đã hướng dẫn em."
GPS,GPU_S_08,Khá,4,"Thầy: [G] Xin chào bạn, chúng ta hãy cùng giải bài toán này. Đầu tiên, em hãy nghĩ xem khi gieo một con xúc xắc cân đối đồng chất 2 lần, tổng số kết quả có thể xuất hiện là bao nhiêu? Em thử tính xem đã?

Em: Có 36 khả năng khác nhau khi gieo xúc xắc 2 lần.

Thầy: [P] Đúng rồi! Tiếp theo, em hãy liệt kê các trường hợp trong đó tích của 2 lần gieo xúc xắc là một số chẵn. Em có thể bắt đầu bằng cách nghĩ về các kết quả có thể xuất hiện cho mỗi lần gieo xúc xắc?

Em: Có vẻ như mình cần xem xét tất cả các cặp số (x, y) khi x và y đều từ 1 đến 6. Tích là chẵn nếu ít nhất một trong hai số x hoặc y là chẵn.

Thầy: [P] Đúng! Hãy kiểm tra từng khả năng để xem tích có phải là số chẵn hay không. Ví dụ, (1,2) thì tích là 2 (chẵn), (4,5) thì tích là 20 (chẵn). Em hãy tiếp tục với tất cả các trường hợp khác.

Em: Có vẻ như mình đã liệt kê xong rồi. Các cặp số có tích chẵn bao gồm nhiều khả năng như (1,2), (1,4), (1,6), (2,1), ...

Thầy: [P] Đúng! Em hãy đếm các trường hợp này để biết tổng số kết quả phù hợp. Có tất cả bao nhiêu cặp số?

Em: Dĩ nhiên là có 30 cặp số như vậy.

Thầy: [S] Vậy nên xác suất của biến cố này là số lượng kết quả phù hợp chia cho tổng số kết quả, tức là 30/36 = 5/6. Em hãy kiểm tra lại để chắc chắn tính chất đúng như vậy.

Em: Có lẽ mình đã làm đúng rồi! Xác suất là 5/6?

Thầy: Đúng rồi! Em đã hiểu rõ cách giải bài toán này và thực hiện các bước rất chính xác. Chúc mừng em!

Em: Cảm ơn thầy, thầy giúp em hiểu rõ bài toán này."
GPS,GPU_S_09,Khá,4,"Thầy: [G] Bạn là học sinh lớp 12 có học lực Khá, mình thấy bạn đã hiểu bài nên chúng ta sẽ cùng làm bài toán này nhé! Bước đầu tiên, bạn hãy xác định tổng số kết quả có thể khi gieo xúc xắc hai lần. Em thử tính thử xem có bao nhiêu kết quả có thể?

Em: Có 36 kết quả có thể vì mỗi lần gieo có 6 khả năng và gieo 2 lần nên là 6x6=36.

Thầy: [P] Đúng rồi, em đã nhận ra tổng số kết quả có thể là 36. Bước tiếp theo, bạn hãy liệt kê các cặp (lần thứ nhất, lần thứ hai) sao cho tích của chúng là một số chẵn. Bạn thử nghĩ xem.

Em: Tôi thấy cần tích phải là chẵn, nên cả hai lần đều phải xuất hiện 2,4 hoặc 6. Có thể có nhiều trường hợp như: (1,2), (1,4), (1,6), (2,1), (2,2)... và tôi nghĩ còn có các cặp khác.

Thầy: [P] Đúng là em đã bắt đầu nhìn nhận vấn đề. Nhưng để không bỏ sót, em hãy liệt kê kỹ hơn nhé. Em thử viết lại xem, ví dụ như (1,2), (1,4), (1,6) và ngược lại...

Em: Được rồi, tôi sẽ viết đầy đủ: (1,2), (1,4), (1,6), (2,1), (2,2), (2,3), (2,4), (2,5), (2,6), (3,2), (3,4), (3,6), (4,1), (4,2), (4,3), (4,4), (4,5), (4,6), (5,2), (5,4), (5,6), (6,1), (6,2), (6,3), (6,4), (6,5), (6,6).

Thầy: [P] Em đã liệt kê đầy đủ, rất tốt! Bây giờ hãy đếm xem tổng số trường hợp tích là chẵn có bao nhiêu nhé.

Em: Có 27 trường hợp tích là chẵn.

Thầy: [S] Đúng rồi, em đã đếm được đúng 27 trường hợp. Vậy xác suất cần tìm là 27/36 = 3/4 hay 0,75. Em có thể viết kết quả cuối cùng như sau: P(A) = 3/4.

Em: Tôi hiểu rồi thầy ạ, cảm ơn thầy đã hướng dẫn!

Thầy: Không sao cả, em hãy tiếp tục cố gắng nhé!"
GPS,GPU_S_10,Khá,4,"Thầy: [G] Bạn là học sinh lớp 12 có học lực Khá, tôi sẽ hướng dẫn bạn giải bài toán này một cách chi tiết nhé. Đầu tiên, chúng ta cần xác định tổng số kết quả có thể khi gieo 2 lần xúc xắc. Em hãy tính tổng số kết quả có thể xuất hiện khi gieo hai lần xúc xắc.

Em: Thầy ạ, khi gieo 1 lần xúc xắc có 6 kết quả (1, 2, 3, 4, 5, 6). Khi gieo 2 lần thì sẽ là 6 * 6 = 36 kết quả.

Thầy: Rất tốt! Em đã hiểu rằng tổng số kết quả khi gieo hai lần xúc xắc là 36. Bây giờ, chúng ta cần xác định các trường hợp nào để tích của 2 lần gieo là một số chẵn. Biến cố này xảy ra khi tích của hai số chấm được nhân với nhau là số chẵn. Để tích là số chẵn, ít nhất phải có một trong hai số đó là số chẵn. Em hãy liệt kê các trường hợp thỏa mãn biến cố này.

Em: Thầy ạ, nếu lần thứ nhất gieo ra 1 thì lần thứ hai cần gieo ra 2, 4, 6; nếu lần thứ nhất gieo ra 2 thì lần thứ hai có thể gieo ra 1, 3, 5; và cứ thế...

Thầy: Đúng rồi! Em hãy đếm số trường hợp thỏa mãn như vậy. Bây giờ em thử đếm xem.

Em: Thầy ạ, tôi thấy có 27 trường hợp thỏa mãn.

Thầy: Em đã đếm đúng rồi, nhưng để chắc chắn, chúng ta hãy tính toán lại một cách hệ thống. Nếu lần thứ nhất là số chẵn (2, 4, 6) thì lần thứ hai có thể là bất kỳ số nào (36 trường hợp), và nếu lần thứ nhất là số lẻ (1, 3, 5) thì lần thứ hai phải là số chẵn (18 trường hợp). Tổng cộng là 3 * 36 + 3 * 18 = 27. Vậy có 27 trường hợp thỏa mãn.

Thầy: Rất tốt! Em đã tính toán chính xác. Số kết quả thuận lợi là 27, và tổng số kết quả có thể là 36. Xác suất của biến cố này bằng cách chia số kết quả thuận lợi cho tổng số kết quả có thể.

Em: Vậy xác suất sẽ là \(\frac{27}{36} = \frac{3}{4}\).

Thầy: Đúng rồi! Xác suất để tích 2 lần số chấm khi gieo xúc xắc là một số chẵn là \(\frac{3}{4}\). Em đã làm rất tốt!

Em: Cảm ơn thầy, thầy đã hướng dẫn em tận tình."
GPS,GPU_S_21,Trung bình,4,"Thầy: [G] Em ơi, khi gieo một con xúc xắc cân đối đồng chất 2 lần, chúng ta cần tính xác suất để tích 2 lần số chấm là một số chẵn. Đầu tiên, em hãy nghĩ đến không gian mẫu của bài toán này."
GPS,GPU_S_22,Trung bình,4,"Thầy: [G]oky bạn, trong bài toán này chúng ta sẽ tính xác suất của một biến cố liên quan đến việc gieo xúc xắc. Đầu tiên, hãy nhớ lại khái niệm về xác suất là gì nhé? Xác suất của một biến cố xảy ra bằng số lượng trường hợp thuận lợi chia cho tổng số trường hợp có thể.

Em: Thưa thầy, xác suất là số lượng trường hợp thuận lợi chia cho tổng số trường hợp có thể.

Thầy: Đúng rồi! Bây giờ hãy cùng xem xét bài toán này. Khi gieo một con xúc xắc cân đối đồng chất 2 lần, chúng ta sẽ có tổng cộng bao nhiêu kết quả có thể? Mỗi lần gieo xúc xắc đều có 6 mặt nên tổng số trường hợp có thể là bao nhiêu?

Em: Thưa thầy, mỗi lần gieo xúc xắc có 6 mặt nên tổng số trường hợp có thể là \(6 \times 6 = 36\).

Thầy: Rất tốt! Giờ hãy cùng xác định biến cố chúng ta cần tìm. Biến cố là tích hai lần số chấm khi gieo xúc xắc phải là một số chẵn. Bạn nghĩ thử xem có bao nhiêu trường hợp thuận lợi thuộc biến cố này?

Em: Thưa thầy, tôi nhớ là số chẵn có 2, 4 và 6. Tôi sẽ kiểm tra từng cặp (1,1) đến (6,6), nếu tích là số chẵn thì đó là trường hợp thuận lợi.

Thầy: Đúng rồi! Hãy bắt đầu với lần gieo thứ nhất, nếu xuất hiện 2, 4 hoặc 6, thì khi nhân với bất kỳ kết quả nào của lần gieo thứ hai đều sẽ được một số chẵn. Bạn thử đếm xem có bao nhiêu trường hợp như vậy.

Em: Thưa thầy, tôi thấy có 18 trường hợp thuận lợi nhé. Vì mỗi lần gieo xúc xắc từ 2, 4 hoặc 6 xuất hiện đều tạo ra 6 kết quả khi nhân với các số chấm của lần gieo thứ hai.

Thầy: Rất tốt! Vậy xác suất là gì?

Em: Thưa thầy, xác suất là số lượng trường hợp thuận lợi chia cho tổng số trường hợp có thể. Vậy là \( \frac{18}{36} = \frac{1}{2} \).

Thầy: Đúng rồi! Xác suất biến cố tích 2 lần số chấm khi gieo xúc xắc là một số chẵn là \( \frac{1}{2} \). Bạn đã làm rất tốt!

Em: Cảm ơn thầy."
GPS,GPU_S_23,Trung bình,4,"Thầy: [G]okyờ chúng ta đang xét một biến cố liên quan đến việc gieo xúc xắc. Đầu tiên, bạn cần nhớ rằng khi gieo một con xúc xắc cân đối 2 lần, tổng số kết quả có thể là bao nhiêu?"
GPS,GPU_S_24,Trung bình,4,"Thầy: [G]okyờ chúng ta sẽ giải bài toán này bằng cách sử dụng quy tắc GPS nghiêm ngặt. Đầu tiên, chúng ta cần xác định không gian mẫu và biến cố thuận lợi. Bạn hãy nghĩ về các bước đầu tiên nhé.

Em: Thưa thầy, em sẽ bắt đầu bằng việc xác định không gian mẫu trước. Khi gieo một con xúc xắc 2 lần, có bao nhiêu kết quả có thể xảy ra?

Thầy: [P] Đúng rồi! Hãy liệt kê tất cả các kết quả có thể khi gieo xúc xắc 2 lần. Bạn thử nghĩ xem.

Em: Thưa thầy, khi gieo một con xúc xắc 1 lần, ta có thể được 1 trong 6 số chấm từ 1 đến 6. Khi gieo 2 lần, sẽ có 36 kết quả có thể (6 × 6).

Thầy: Rất tốt! Vậy không gian mẫu của bài toán này là gì?

Em: Không gian mẫu sẽ gồm 36 kết hợp số chấm từ 1 đến 6 khi gieo xúc xắc 2 lần, thưa thầy.

Thầy: Đúng rồi. Tiếp theo, chúng ta cần xác định biến cố thuận lợi. Biến cố thuận lợi là gì trong bài toán này? Bạn hãy suy nghĩ về điều kiện của biến cố.

Em: Thưa thầy, để tích 2 lần số chấm khi gieo xúc xắc là một số chẵn, tức là tổng số chấm từ cả hai lần gieo phải là một số chẵn. Vậy biến cố thuận lợi là những kết quả mà tổng số chấm là số chẵn.

Thầy: Rất chính xác! Giờ hãy liệt kê các kết quả trong không gian mẫu sao cho tổng số chấm là số chẵn.

Em: Thưa thầy, em sẽ lập một bảng để liệt kê. Khi hai lần gieo xúc xắc đều được số chấm lẻ (1-3-5) và cùng là số chấm chẵn (2-4-6), tổng sẽ luôn là số chẵn. Em sẽ bắt đầu liệt kê:

1+1, 1+3, 1+5
3+1, 3+3, 3+5
5+1, 5+3, 5+5

2+2, 2+4, 2+6
4+2, 4+4, 4+6
6+2, 6+4, 6+6

Thầy: Đúng rồi! Bây giờ hãy đếm xem có bao nhiêu kết quả thuận lợi.

Em: Thưa thầy, em đếm được tổng cộng là 18 kết quả thuận lợi trong không gian mẫu của 36 kết hợp.

Thầy: Rất tốt! Cảm ơn bạn đã làm rõ. Vậy xác suất để tích 2 lần số chấm khi gieo xúc xắc là một số chẵn bằng bao nhiêu?

Em: Thưa thầy, xác suất = số kết quả thuận lợi / số kết quả trong không gian mẫu = 18 / 36 = 0,5.

Thầy: Đúng rồi! Xác suất bạn vừa tính toán chính xác. Vậy đáp án của bài toán là gì?

Em: Cảm ơn thầy, thưa thầy, câu trả lời là 0,5 hoặc 50%.

Thầy: Rất tốt! Bạn đã làm rất出色。你似乎用中文输入了，但请记得保持对话使用越南语进行。总结一下，你的答案是正确的！你已经成功地通过步骤来解决这个问题，并计算出正确的概率。如果你有任何疑问或需要进一步解释，请随时告诉我。"
GPS,GPU_S_25,Trung bình,4,"Thầy: [G] Bạn hãy suy nghĩ về việc gieo xúc xắc và tính toán xác suất một cách hệ thống. Đầu tiên, bạn cần xác định không gian mẫu của vấn đề này. Khi gieo xúc xắc 2 lần, mỗi lần có 6 khả năng kết quả (1, 2, 3, 4, 5, 6). Vậy tổng cộng bao nhiêu khả năng có thể xảy ra khi gieo 2 lần?"
GPS,GPU_S_26,Trung bình,4,"Thầy: [G] Em ơi, hôm nay chúng ta sẽ tính xác suất cho một biến cố liên quan đến việc gieo xúc xắc hai lần. Biến cố này là tích của số chấm xuất hiện khi gieo xúc xắc hai lần phải là một số chẵn. Trước khi làm bài toán, hãy cùng nhớ lại khái niệm về không gian mẫu và xác suất nhé.

Em: Thầy ơi, em biết không gian mẫu là tất cả các kết quả có thể xảy ra, còn xác suất là tỉ lệ phần trăm của biến cố thuận lợi so với tổng số biến cố. Em có chút quên công thức tính xác suất rồi thầy ạ.

Thầy: Đúng rồi, em ạ. Công thức xác suất là \( P(A) = \frac{\text{số trường hợp thuận lợi}}{\text{số trường hợp mẫu}} \). Giờ chúng ta sẽ cùng đi qua từng bước để giải bài toán này nhé.

Em:okie thầy

Thầy: [P] Đầu tiên, em hãy liệt kê tất cả các kết quả có thể khi gieo xúc xắc hai lần. Mỗi lần gieo, số chấm có thể là 1, 2, 3, 4, 5 hoặc 6. Vậy không gian mẫu bao gồm bao nhiêu trường hợp?

Em: Không gian mẫu sẽ là \(6 \times 6 = 36\) trường hợp thầy ạ.

Thầy: Đúng rồi! Giờ em hãy liệt kê các trường hợp khi tích của hai lần gieo xúc xắc là một số chẵn. Ví dụ, nếu lần đầu là 1 và lần thứ hai là 2 thì tích là 2 (số chẵn), hay nếu lần đầu là 4 và lần thứ hai là 3 thì tích là 12 (cũng là số chẵn). Em hãy liệt kê thêm một vài trường hợp nữa nhé.

Em: Được, em sẽ thử liệt kê. Nếu lần đầu gieo 1, lần hai có thể là 2, 4, 6 -> 3 kết quả; nếu lần đầu gieo 2, lần hai cũng từ 1 đến 6 -> 6 kết quả; nếu lần đầu gieo 3, lần hai là 2, 4, 6 -> 3 kết quả,... Thầy ơi, em thấy có 9 kết quả thuận lợi.

Thầy: Rất tốt! Em đã liệt kê thành công. Vậy số trường hợp thuận lợi là bao nhiêu?

Em: Số trường hợp thuận lợi là 18 thầy ạ (3+6+3+6+3+6).

Thầy: Đúng rồi! Giờ chúng ta có thể tính xác suất bằng cách sử dụng công thức \( P(A) = \frac{\text{số trường hợp thuận lợi}}{\text{số trường hợp mẫu}} \). Vậy em hãy tính xem xác suất là bao nhiêu.

Em: Xác suất sẽ là 18/36 = 0.5 thầy ạ.

Thầy: Rất tuyệt! Vậy kết quả cuối cùng là gì?

Em: [S] Đáp án của bài toán này là 0.5, tức là xác suất để tích của hai lần gieo xúc xắc là một số chẵn là 1/2 thầy ạ. Cảm ơn thầy.

Thầy: Em làm rất tốt! Bây giờ em đã nắm rõ cách tính xác suất cho biến cố phức tạp hơn từ việc gieo xúc xắc rồi nhé. Nếu có thắc mắc gì thêm, em cứ hỏi nhé."
GPS,GPU_S_27,Yêu,4,"Thầy: [G] Bạn hãy nghĩ về bài toán này từ đầu. Đầu tiên, bạn cần xác định không gian mẫu khi gieo xúc xắc 2 lần. Bạn thử liệt kê ra các kết quả có thể của mỗi lần gieo xúc xắc và sau đó kết hợp chúng lại.

Em: Trong một lần gieo xúc xắc, ta có thể được số chấm từ 1 đến 6. Khi gieo 2 lần thì tổng cộng có 36 khả năng (6 * 6).

Thầy: Đúng rồi! Bạn đã xác định được không gian mẫu với 36 kết quả. Tiếp theo, bạn hãy nghĩ xem biến cố ""tích của hai số chấm là một số chẵn"" bao gồm những trường hợp nào? 

Em: Để tích là số chẵn thì một trong hai số phải là số lẻ và số kia phải là số chẵn. Có nghĩa là tôi cần xác định các kết quả (a, b) sao cho a * b là số chẵn.

Thầy: Đúng! Bạn hãy liệt kê cụ thể những trường hợp như vậy. 

Em: Ở lần gieo thứ nhất (L1), nếu xuất hiện số lẻ thì có 3 khả năng (1, 3, 5). Trong lần gieo thứ hai (L2), tôi cần kết hợp với các số chẵn 2, 4, 6. Như vậy là 9 trường hợp.

Thầy: Đúng rồi! Còn nếu L1 xuất hiện số chẵn thì có bao nhiêu trường hợp?

Em: Nếu L1 là số chẵn (2, 4, 6) thì trong L2 tôi kết hợp với cả 3 số lẻ và cả 3 số chẵn. Như vậy là 9 trường hợp nữa.

Thầy: Rất tốt! Vậy tổng cộng bạn đã có bao nhiêu trường hợp phù hợp?

Em: Tổng cộng là 18 trường hợp (9 + 9).

Thầy: Đúng rồi! Now, you have 18 favorable outcomes out of a total of 36 possible outcomes. What is the probability then?

Em: Xác suất sẽ là số lượng biến cố thuận lợi chia cho tổng số kết quả trong không gian mẫu, nên xác suất là 18/36 = 0.5 hoặc 50%.

Thầy: Chắc chắn rồi! Bạn đã làm rất tốt. Biến cố có tích của hai số chấm là một số chẵn xảy ra với xác suất 50%."
GPS,GPU_S_28,Yêu,4,"Thầy: [G] Hôm nay chúng ta sẽ giải bài toán xác suất liên quan đến việc gieo xúc xắc. Đầu tiên, hãy nghĩ về quy luật nào mà chúng ta cần sử dụng để giải quyết bài toán này?"
GPS,GPU_S_29,Yêu,4,"Thầy: [G] Để giải quyết bài toán này, chúng ta cần hiểu rõ khái niệm xác suất và cách tính xác suất của một biến cố. Đầu tiên, em hãy phân tích xem khi gieo xúc xắc 2 lần, tổng số kết quả có thể là bao nhiêu?"
GPS,GPU_S_30,Yêu,4,"Thầy: [G]今天我们要解决一个概率问题。你最近对概率有些头疼，是吗？我们来看这样一个问题：如果我们掷一个公平的骰子两次，那么两次结果的乘积为偶数的概率是多少？你能先试着思考一下怎么开始解这个问题吗？
Em: Thưa thầy, em nghĩ đầu tiên là em cần xác định không gian mẫu và biến cố thuận lợi đúng hay sai ạ?
Thầy: [P] Đúng rồi! Đầu tiên hãy xác định không gian mẫu. Khi chúng ta ném một con xúc xắc hai lần, mỗi lần có 6 kết quả, tổng cộng có bao nhiêu kết quả?
Em: Mỗi lần là 6 kết quả nên 2 lần sẽ là 6x6 = 36 kết quả ạ.
Thầy: Đúng rồi. Vậy không gian mẫu của chúng ta có bao nhiêu phần tử?
Em: Không gian mẫu có 36 phần tử ạ.
Thầy: Tiếp theo, hãy xác định biến cố thuận lợi là các trường hợp nào trong đó tích của hai kết quả là một số chẵn. Bạn thử liệt kê xem có bao nhiêu trường hợp như thế?
Em: Em nghĩ rằng nếu tích là số chẵn thì ít nhất một trong hai lần ném phải được 2, 4 hoặc 6 ạ.
Thầy: Đúng rồi! Hãy thử liệt kê tất cả các trường hợp cụ thể và đếm xem có bao nhiêu trường hợp như thế.
Em: Em sẽ tính từng trường hợp:
- Nếu lần thứ nhất là 1, thì lần thứ hai phải là 2, 4, hoặc 6 (3 trường hợp)
- Nếu lần thứ nhất là 2, lần thứ hai có thể là 1, 2, 3, 4, 5, 6 (6 trường hợp)
- Nếu lần thứ nhất là 3, thì lần thứ hai phải là 2, 4, hoặc 6 (3 trường hợp)
- Nếu lần thứ nhất là 4, lần thứ hai có thể là 1, 2, 3, 4, 5, 6 (6 trường hợp)
- Nếu lần thứ nhất là 5, thì lần thứ hai phải là 2, 4, hoặc 6 (3 trường hợp)
- Nếu lần thứ nhất là 6, lần thứ hai có thể là 1, 2, 3, 4, 5, 6 (6 trường hợp)

Tổng cộng có 3 + 6 + 3 + 6 + 3 + 6 = 27 trường hợp.
Thầy: [S] Đúng rồi! Vậy ta đã xác định được số phần tử của biến cố thuận lợi là 27. Số phần tử của không gian mẫu là 36, nên xác suất cần tìm là 27/36. Bạn có thể rút gọn phân số này để tìm ra kết quả cuối cùng.
Em: Rút gọn 27/36 được 9/12 = 3/4 ạ.
Thầy: Đúng rồi! Xác suất để tích của hai lần ném một con xúc xắc là một số chẵn là 3/4. Bạn có thể kiểm tra lại từng bước và chắc chắn rằng mình đã làm đúng không?
Em: Cảm ơn thầy, em sẽ kiểm tra lại từng bước."
GPS,GPU_S_01,Giỏi,5,"Thầy: Gieo ba con súc sắc. Hãy tính xác suất để số chấm xuất hiện trên ba con súc sắc như nhau, Em.

Em: Em nghĩ là ta cần xem xét các kết quả có thể xảy ra khi gieo ba con súc sắc và xác định những trường hợp mà ba con súc sắc cùng xuất hiện số chấm giống nhau?

Thầy: Rất đúng! Đầu tiên, ta hãy nhớ rằng mỗi con súc sắc có 6 mặt với các mặt từ 1 đến 6. Vậy tổng cộng có bao nhiêu kết quả có thể khi gieo ba con súc sắc?

Em: Có 6 x 6 x 6 = 216 kết quả có thể.

Thầy: Đúng rồi. Bây giờ, Em hãy tính xem trong những trường hợp nào thì ba con súc sắc cùng xuất hiện số chấm giống nhau.

Em: Nếu ba con súc sắc đều xuất hiện 1 điểm, hoặc 2 điểm,... đến 6 điểm. Như vậy có 6 trường hợp như thế.

Thầy: Rất tốt! Vậy xác suất để ba con súc sắc cùng xuất hiện số chấm giống nhau là bao nhiêu?

Em: Xác suất sẽ là số trường hợp thành công chia cho tổng số kết quả có thể, nên đó là 6/216 = 1/36.

Thầy: Đúng rồi! Em đã làm rất tốt. Vậy xác suất để ba con súc sắc cùng xuất hiện số chấm giống nhau là 1/36.

Em: Cảm ơn thầy! Em sẽ cố gắng tiếp tục học tập và làm bài tập về lực học kỹ hơn.

Thầy: Rất vui khi được giúp đỡ Em. Tiếp tục nỗ lực nhé, Em!"
GPS,GPU_S_02,Giỏi,5,"Thầy: Gieo ba con súc sắc. Xác suất để số chấm xuất hiện trên ba con súc sắc như nhau là bao nhiêu? Em hãy tính toán nhé.

Em: Để xác suất này, đầu tiên em cần xác định tổng số các kết quả có thể xảy ra khi gieo ba con súc sắc. Mỗi con súc sắc có 6 mặt nên tổng số kết quả có thể là \(6 \times 6 \times 6 = 216\).

Thầy: Đúng rồi, em đã tính xong tổng số kết quả có thể. Tiếp theo, em hãy xác định số cách để ba con súc sắc có cùng số chấm.

Em: Để ba con súc sắc có cùng số chấm, chúng ta có các trường hợp sau: cả ba con súc sắc đều xuất hiện 1 chấm, hoặc đều xuất hiện 2 chấm, ... cho đến khi đều xuất hiện 6 chấm. Tổng cộng sẽ là 6 trường hợp.

Thầy: Rất tốt! Vậy em hãy tính xác suất từ số kết quả thuận lợi này và so với tổng số kết quả có thể.

Em: Xác suất là số cách thuận lợi chia cho tổng số kết quả. Vậy ta có \( \frac{6}{216} = \frac{1}{36} \).

Thầy: Đúng rồi, em đã tính chính xác. Xác suất để ba con súc sắc xuất hiện số chấm như nhau là \( \frac{1}{36} \). Em có muốn hỏi thêm gì về cách giải này không?

Em: Không, thầy! Em hiểu rõ rệt rồi.

Thầy: Tốt quá! Em đã giải quyết bài toán một cách nhanh chóng và chính xác. Tiếp tục cố gắng nhé!"
GPS,GPU_S_03,Giỏi,5,"Thầy: Gieo ba con súc sắc. Xác suất để số chấm xuất hiện trên ba con súc sắc như nhau là bao nhiêu? Em hãy tính xem sao.

Em: Để xác suất này, tôi sẽ tính từng bước. Đầu tiên, xác suất của mỗi con súc sắc xuất hiện bất kỳ số chấm nào từ 1 đến 6 đều bằng nhau, đúng không thưa thầy?

Thầy: Đúng rồi! Vậy em hãy tiếp tục với trường hợp đặc biệt này.

Em: Bây giờ tôi sẽ tính xác suất để ba con súc sắc đồng thời xuất hiện cùng một con số. Cho ví dụ, cả ba con súc sắc đều là 1, hoặc 2, và v.v...

Thầy: Đúng, em hãy xem xét tất cả các trường hợp có thể.

Em: Có 6 trường hợp mà ba con súc sắc đều giống nhau (tất cả 1, tất cả 2, ..., tất cả 6). Tổng số kết quả có thể khi gieo 3 con súc sắc là 6 x 6 x 6 = 216. Vậy xác suất là 6/216?

Thầy: Đúng rồi! Em đã làm rất tốt. Bây giờ, em hãy rút gọn phân số này.

Em: Phân số 6/216 có thể rút gọn thành 1/36. Như vậy, xác suất để ba con súc sắc xuất hiện cùng một số chấm là 1/36?

Thầy: Rất xuất sắc! Em đã tính đúng và giải thích rõ ràng. Xác suất đó chính là 1/36."
GPS,GPU_S_04,Giỏi,5,"Thầy: Gieo ba con súc sắc, em nghĩ xem xác suất để số chấm xuất hiện trên ba con súc sắc như nhau là bao nhiêu?

Em: Thưa thầy, xác suất này sẽ khá thấp vì mỗi con súc sắc có 6 mặt, và chỉ có một cách duy nhất cho tất cả các con súc sắc cùng xuất hiện cùng một số chấm.

Thầy: Đúng rồi, em đã suy nghĩ thông minh. Vậy thì em hãy tính xem cụ thể xác suất là bao nhiêu nhé?

Em: Thưa thầy, vì mỗi con súc sắc có 6 mặt nên tổng số kết quả khi gieo ba con súc sắc là 6^3 = 216 cách khác nhau. Trong đó chỉ có 6 trường hợp cho tất cả các con súc sắc cùng xuất hiện cùng một số chấm (1,1,1), (2,2,2), (3,3,3), (4,4,4), (5,5,5) và (6,6,6). 

Thầy: Rất tốt! Vậy xác suất là bao nhiêu?

Em: Thưa thầy, xác suất sẽ là số trường hợp thuận lợi chia cho tổng số kết quả có thể, nên xác suất = 6/216 = 1/36.

Thầy: Đúng rồi. Xác suất để số chấm xuất hiện trên ba con súc sắc như nhau là 1/36. Em đã giải quyết bài toán một cách logic và nhanh chóng như thường lệ."
GPS,GPU_S_05,Khá,5,"Thầy: [G] Gieo ba con súc sắc, em biết rằng mỗi con súc sắc có 6 mặt chấm từ 1 đến 6. Vậy em nghĩ xem, để số chấm xuất hiện trên ba con súc sắc như nhau thì sẽ có bao nhiêu cách xảy ra?

Em: Có 6 cách vì mỗi con súc sắc đều có thể xuất hiện 1, 2, 3, 4, 5 hoặc 6 chấm.

Thầy: [P] Đúng rồi, vậy em hãy tính xác suất cho từng trường hợp đó. Hãy nhớ rằng tổng số kết quả có thể xảy ra khi gieo ba con súc sắc là bao nhiêu?

Em: Tổng số kết quả là \(6 \times 6 \times 6 = 216\).

Thầy: [S] Đúng rồi, và em đã biết có 6 cách để ba con súc sắc xuất hiện cùng một số chấm. Vậy xác suất để số chấm xuất hiện trên ba con súc sắc như nhau là bao nhiêu?

Em: Xác suất sẽ là \( \frac{6}{216} = \frac{1}{36} \).

Thầy: [S] Rất tốt, vậy em đã tính đúng rồi. Xác suất để số chấm xuất hiện trên ba con súc sắc như nhau là \( \frac{1}{36} \). Em thấy quy trình này ra sao?"
GPS,GPU_S_06,Khá,5,"Thầy: [G] Gieo ba con súc sắc, em có biết cách tính xác suất để số chấm xuất hiện trên ba con súc sắc như nhau không?

Em: Thưa thầy, em chưa chắc chắn lắm. Có lẽ chúng ta cần xét từng trường hợp cụ thể và sau đó tính xác suất tổng.

Thầy: [P] Đúng rồi! Đầu tiên, em hãy liệt kê các trường hợp số chấm giống nhau mà ba con súc sắc có thể xuất hiện.

Em: Thì sẽ là 1-1-1, 2-2-2, 3-3-3, 4-4-4, 5-5-5, và 6-6-6. Có tất cả 6 trường hợp như vậy.

Thầy: [P] Rất tốt! Tiếp theo, em hãy tính số kết quả có thể xảy ra khi gieo ba con súc sắc.

Em: Thì mỗi con súc sắc có 6 mặt nên tổng cộng sẽ là 6 x 6 x 6 = 216 trường hợp. 

Thầy: [P] Đúng rồi! Vậy em hãy tính xác suất bằng cách chia số trường hợp muốn tìm cho tổng số kết quả.

Em: Thì xác suất sẽ là 6 ÷ 216 = 1/36?

Thầy: [S] Rất tốt, em đã làm đúng! Xác suất để số chấm xuất hiện trên ba con súc sắc như nhau là 1/36. Em đã hiểu quy trình tính xác suất qua bài toán này chưa?"
GPS,GPU_S_07,Khá,5,"Thầy: Gieo ba con súc sắc, em biết rằng mỗi con súc sắc có 6 mặt chấm từ 1 đến 6. Vậy em nghĩ xem số chấm xuất hiện trên ba con súc sắc như nhau thì có bao nhiêu trường hợp?

Em: Có 6 trường hợp là 1-1-1, 2-2-2, 3-3-3, 4-4-4, 5-5-5, và 6-6-6.

Thầy: Đúng rồi! Vậy em hãy tính tổng số kết quả có thể khi gieo ba con súc sắc. Em nghĩ sao?

Em: Tôi nhớ là mỗi con súc sắc có 6 mặt nên tổng cộng sẽ là 6 * 6 * 6 = 216 trường hợp.

Thầy: Rất tốt! Vậy em hãy tính xác suất bằng cách chia số trường hợp thuận lợi cho tổng số kết quả có thể, nhé?

Em: Xác suất sẽ là 6/216 = 1/36?

Thầy: Đúng rồi! Vậy em hãy tóm tắt lại quá trình giải quyết bài toán này một lần nữa, ok?

Em: Trong ba con súc sắc, có 6 trường hợp thuận lợi để số chấm xuất hiện như nhau. Tổng số kết quả khi gieo ba con súc sắc là 216. Vậy xác suất để số chấm xuất hiện trên ba con súc sắc như nhau là 1/36.

Thầy: Em đã tóm tắt rất tốt! Em đã nắm bắt được cách tính xác suất thông qua việc xác định số trường hợp thuận lợi và tổng số kết quả có thể. Cuối cùng, em đã tính đúng xác suất nhé!"
GPS,GPU_S_08,Khá,5,"Thầy: Gieo ba con súc sắc, em có biết số chấm có thể xuất hiện trên mỗi con súc sắc là từ 1 đến 6 không?

Em: Vâng, thầy.

Thầy: Đúng rồi. Vậy khi gieo ba con súc sắc như nhau, tổng cộng bao nhiêu kết quả có thể xảy ra?

Em: Có phải là 6 x 6 x 6 = 216 kết quả không, thầy?

Thầy: Rất đúng! Giờ hãy cùng tính xem có bao nhiêu cách để ba con súc sắc xuất hiện số chấm như nhau.

Em: Thì chỉ cần 1-1-1, 2-2-2, 3-3-3, 4-4-4, 5-5-5, và 6-6-6 phải không, thầy?

Thầy: Đúng rồi! Vậy số cách để ba con súc sắc xuất hiện như nhau là bao nhiêu?

Em: Có tất cả 6 cách, đúng không, thầy?

Thầy: Rất tốt! Vậy xác suất của một sự kiện xảy ra bằng cách nào, em nhớ chưa?

Em: Xác suất = Số cách xảy ra của sự kiện / Tổng số cách có thể xảy ra phải không, thầy?

Thầy: Đúng! Vậy em hãy tính xác suất để ba con súc sắc xuất hiện số chấm như nhau nhé.

Em: Xác suất sẽ là 6/216 = 1/36, đúng không, thầy?

Thầy: Chính xác rồi! Em đã tính toán rất tốt. Kết quả cuối cùng là xác suất để ba con súc sắc xuất hiện số chấm như nhau là 1/36.

Em: Em hiểu rõ hơn về cách làm bài tập này rồi, cảm ơn thầy nhiều!

Thầy: Không gì, em hãy tiếp tục cố gắng nhé!"
GPS,GPU_S_09,Khá,5,"Thầy: Gieo ba con súc sắc. Em biết rằng mỗi con súc sắc có 6 mặt, từ 1 đến 6 chấm. Vậy em hãy suy nghĩ xem, để số chấm xuất hiện trên ba con súc sắc như nhau, chúng ta cần những trường hợp nào?

Em: À, thì nếu ba con súc sắc đều xuất hiện 1 chấm, hoặc 2 chấm, hoặc..., phải không thưa thầy?

Thầy: Đúng rồi! Vậy em hãy liệt kê các trường hợp có thể để ba con súc sắc cùng xuất hiện số chấm giống nhau. Các trường hợp đó là gì?

Em: Có thể là tất cả đều xuất hiện 1 chấm, hoặc 2 chấm,... cho đến 6 chấm.

Thầy: Rất tốt! Vậy em hãy tính xem tổng cộng có bao nhiêu cách để ba con súc sắc cùng xuất hiện số chấm giống nhau. Em nên tính từng trường hợp từ 1 chấm đến 6 chấm một cách riêng biệt nhé!

Em: Được thưa thầy, mình sẽ tính từng trường hợp theo thứ tự.

Thầy: Hãy bắt đầu với trường hợp cả ba con súc sắc đều xuất hiện 1 chấm, em có thể tính xem bao nhiêu cách đạt được kết quả này?

Em: Có một cách để ba con súc sắc cùng xuất hiện 1 chấm đúng không thưa thầy?

Thầy: Đúng rồi! Vậy tiếp theo, em hãy tính trường hợp cả ba con súc sắc đều xuất hiện 2 chấm. Em có thể suy nghĩ về vấn đề này từ góc độ từng con súc sắc?

Em:ừ, mỗi con súc sắc phải là 2 chấm nên vẫn chỉ có một cách đúng không thưa thầy?

Thầy: Đúng hết! Vậy em hãy tiếp tục với trường hợp cả ba con súc sắc đều xuất hiện 3 chấm. Em suy nghĩ xem có bao nhiêu cách để đạt được kết quả này?

Em: Cũng như trước, mỗi con súc sắc phải là 3 chấm nên vẫn chỉ có một cách đúng không thưa thầy?

Thầy: Đúng! Vậy em hãy tiếp tục với trường hợp 4 chấm, 5 chấm và cuối cùng là 6 chấm.

Em: Như vậy, từ 1 chấm đến 6 chấm mỗi trường hợp đều chỉ có 1 cách, tổng cộng sẽ có 6 cách đúng không thưa thầy?

Thầy: Đúng rồi! Vậy em hãy tính xem tổng số cách xuất hiện của ba con súc sắc là bao nhiêu. Em nhớ rằng mỗi con súc sắc có 6 mặt nên tổng số kết quả khi gieo ba con súc sắc là:

\[ 6 \times 6 \times 6 = 216 \]

Em:明白了，所以总的可能情况是216种。而相同数字出现的情况有6种。请问这样计算出的相同数字出现的概率是多少呢？

Thầy: Em đã nắm bắt được! Vậy em hãy tính xem xác suất là bao nhiêu bằng cách chia số trường hợp thuận lợi cho tổng số kết quả có thể. 

Em: 那么概率就是 \(\frac{6}{216} = \frac{1}{36}\)吗？

Thầy: Đúng rồi! Xác suất để số chấm xuất hiện trên ba con súc sắc như nhau là \(\frac{1}{36}\).

Em: 非常感谢老师的讲解，我现在明白了。

Thầy: Rất tốt, em đã hiểu rõ bài toán này. Nếu còn câu hỏi nào, hãy liên hệ với thầy nhé!"
GPS,GPU_S_10,Khá,5,"Thầy: Gieo ba con súc sắc, em có biết ta cần tìm xác suất để số chấm xuất hiện trên ba con súc sắc như nhau không?

Em: Vâng, thầy. Tôi nghĩ chúng ta sẽ tính số cách xuất hiện của các kết quả chung quy rồi chia cho tổng số kết quả có thể.

Thầy: Đúng rồi! Em hãy tính xem tổng số kết quả có thể khi gieo ba con súc sắc là bao nhiêu?

Em: Tổng số kết quả có thể là 6 × 6 × 6 = 216.

Thầy: Rất tốt! Bây giờ, em thử liệt kê các trường hợp để số chấm xuất hiện trên ba con súc sắc như nhau nhé. Em sẽ bắt đầu với số chấm từ 1 đến 6.

Em: Nếu cả ba súc sắc đều xuất hiện là 1 thì có 1 cách. Tương tự, nếu xuất hiện 2,...,5 và 6 cũng tương tự. Vậy tổng cộng là 6 cách.

Thầy: Em đã làm rất tốt! Bây giờ em hãy tính xác suất bằng cách chia số cách có lợi cho tổng số kết quả có thể nhé.

Em: Xác suất sẽ là 6/216 = 1/36, thầy?

Thầy: Đúng rồi! Vậy em có thể tóm tắt lại câu trả lời của mình không?

Em: Khi gieo ba con súc sắc, xác suất để số chấm xuất hiện trên ba con súc sắc như nhau là 1/36, thầy.

Thầy: Rất tốt, em đã làm rất chính xác và đầy đủ. Em đã nắm vững cách tính xác suất trong trường hợp này."
GPS,GPU_S_21,Trung bình,5,"Thầy: [G] Chào em! Bài toán này yêu cầu tìm xác suất để số chấm xuất hiện trên ba con súc sắc như nhau. Em có nhớ cách tính xác suất không?

Em: Dạ thầy, em còn chút mơ hồ. Xác suất là số kết quả thuận lợi chia cho tổng số kết quả ư?

Thầy: [P] Đúng rồi! Now, em hãy liệt kê xem có bao nhiêu kết quả khi gieo ba con súc sắc.

Em: Dạ thưa thầy, mỗi con súc sắc có 6 mặt nên tổng số kết quả là 6x6x6=216 ạ.

Thầy: [S] Rất tốt! Giờ em hãy nghĩ xem có bao nhiêu cách để ba con súc sắc xuất hiện cùng một số chấm nhé?

Em: Dạ thưa thầy, nếu số chấm giống nhau trên tất cả ba con, thì có 6 trường hợp là (1,1,1), (2,2,2)..., (6,6,6) ạ.

Thầy: [P] Đúng đó! Vậy em tính xem số kết quả thuận lợi là bao nhiêu?

Em: Dạ, em thấy có 6 cách ạ.

Thầy: [S] Rất tốt! Vậy xác suất sẽ là 6/216. Em rút gọn phân số này nhé!

Em: Dạ thưa thầy, 6/216 rút gọn được thành 1/36 ạ."
GPS,GPU_S_22,Trung bình,5,"Thầy: [G] Chào em! Bài toán này yêu cầu tìm xác suất để số chấm xuất hiện trên ba con súc sắc như nhau. Em thử nghĩ xem có bao nhiêu kết quả?"");
Em: Dạ thưa thầy, em không nhớ rõ cách tính rồi ạ.
Thầy: [P] À, vậy chúng ta cùng nhớ lại nhé. Khi gieo ba con súc sắc, mỗi con có 6 mặt nên tổng số kết quả là 6 x 6 x 6 = 216 ạ.
Em: À, em nhớ rồi ạ!
Thầy: [S] Rất tốt! Bây giờ em hãy tính xem có bao nhiêu kết quả để ba con súc sắc xuất hiện cùng một số chấm nhé."
GPS,GPU_S_23,Trung bình,5,"Thầy: [G] Chào em! Bài toán này yêu cầu tìm xác suất để số chấm xuất hiện trên ba con súc sắc như nhau. Em thử nghĩ xem mình đã học về xác suất chưa nhé.
Em: Dạ, thầy ơi, em nhớ là xác suất = số cách thuận lợi / tổng số cách có thể xảy ra.
Thầy: [P] Rất tốt! Bây giờ em tính xem tổng số cách có thể xuất hiện khi gieo ba con súc sắc là bao nhiêu nhé.
Em: Dạ thưa thầy, mỗi con súc sắc có 6 mặt nên tổng cộng là 6x6x6=216 cách ạ.
Thầy: [S] Đúng rồi! Vậy tổng số cách có thể xảy ra là 216. Tiếp theo, em tính xem bao nhiêu cách để ba con súc sắc có cùng số chấm nhé.
Em: Dạ thầy, nếu ba con súc sắc đều xuất hiện 1 điểm thì có 1 cách, 2 điểm thì cũng chỉ có 1 cách... đến 6 điểm thì lại có 1 cách nữa nên tổng cộng là 6 cách ạ.
Thầy: [P] Rất tốt! Vậy em tính xem xác suất bằng bao nhiêu nhé?
Em: Dạ, xác suất sẽ là số cách thuận lợi chia cho tổng số cách có thể xảy ra, tức là 6/216 = 1/36 ạ.
Thầy: [S] Đúng rồi! Xác suất để ba con súc sắc xuất hiện cùng một số chấm là 1/36. Em nắm được chưa?"
GPS,GPU_S_24,Trung bình,5,"Thầy: [G] Chào em! Bài toán này yêu cầu tìm xác suất để số chấm xuất hiện trên ba con súc sắc như nhau. Em thử nghĩ xem có bao nhiêu kết quả khi gieo ba con súc sắc?
Em: Thưa thầy, em không nhớ rõ quy tắc tính xác suất.
Thầy: [G] Đừng lo, em hãy tưởng tượng mỗi con súc sắc đều có 6 mặt số từ 1 đến 6. Vậy khi gieo ba con súc sắc, tổng số kết quả có thể là bao nhiêu?
Em: Thưa thầy, em nhớ lại rồi, có 6x6x6=216 kết quả ạ.
Thầy: [P] Rất tốt! Bây giờ em hãy suy nghĩ xem trong những 216 kết quả này, số nào là thuận lợi cho biến cố chúng ta đang tìm?
Em: Thưa thầy, để ba con súc sắc có cùng số chấm thì phải là (1,1,1), (2,2,2), (3,3,3), (4,4,4), (5,5,5) và (6,6,6). Có 6 cách như vậy.
Thầy: [S] Chính xác! Vậy số kết quả thuận lợi là 6. Xác suất để ba con súc sắc có cùng số chấm là bao nhiêu?
Em: Thưa thầy, xác suất là số kết quả thuận lợi chia cho tổng số kết quả, nên xác suất là 6/216 = 1/36 ạ."
GPS,GPU_S_25,Trung bình,5,"Thầy: [G] Chào em! Bài toán này yêu cầu tìm xác suất để số chấm xuất hiện trên ba con súc sắc như nhau. Hãy nhớ công thức xác suất cơ bản nhé.

Em: Dạ thưa thầy, em không nhớ rõ lắm rồi ạ.

Thầy: [P] Không sao, em hãy nghĩ lại xem xác suất là gì? Đó là số lượng kết quả thuận lợi chia cho tổng số kết quả có thể xảy ra.

Em: Dạ, em nhớ rồi ạ. Xác suất = số kết quả thuận lợi / tổng số kết quả có thể xảy ra.

Thầy: [S] Đúng rồi! Bây giờ em thử tính xem có bao nhiêu cách để ba con súc sắc cho cùng một số chấm?

Em: Dạ thưa thầy, có 6 cách ạ. Vì mỗi con súc sắc có 1, 2, 3, 4, 5, 6 chấm và nếu chúng đều giống nhau thì sẽ là 6 kết quả.

Thầy: [P] Rất tốt! Bây giờ em hãy tính số kết quả có thể xảy ra khi gieo ba con súc sắc nhé.

Em: Dạ thưa thầy, mỗi con súc sắc có 6 mặt nên tổng cộng sẽ là 6 x 6 x 6 = 216 cách ạ.

Thầy: [S] Đúng rồi! Vậy xác suất là bao nhiêu?

Em: Dạ 6/216 ạ. Nhưng có thể rút gọn lại được phải không thưa thầy?

Thầy: [P] Đúng đó! Em hãy rút gọn phân số này đi.

Em: Dạ, em tính ra là 1/36 ạ.

Thầy: [S] Rất tốt! Vậy xác suất để số chấm xuất hiện trên ba con súc sắc như nhau là bao nhiêu?

Em: Dạ thưa thầy, xác suất là 1/36 ạ."
GPS,GPU_S_26,Trung bình,5,"Thầy: [G] Chào em! Bài này yêu cầu tìm xác suất để số chấm xuất hiện trên ba con súc sắc như nhau. Em thử nghĩ xem có bao nhiêu kết quả khả thi đầu tiên?

Em: Dạ thưa thầy, em không nhớ rõ cách giải bài về súc sắc ạ.

Thầy: [G] Không sao cả, em đừng lo lắng. Đầu tiên, em hãy suy nghĩ xem khi gieo ba con súc sắc có bao nhiêu kết quả khả thi?

Em: Dạ thưa thầy, thì phải là 6x6=36 kết quả ạ.

Thầy: [P] Rất tốt! Em đã nhớ lại được rằng mỗi con súc sắc có 6 mặt, và khi gieo ba con sẽ có 6 x 6 x 6 = 216 kết quả khả thi. Bây giờ em tính xem có bao nhiêu trường hợp thuận lợi nhé.

Em: Dạ thưa thầy, em nghĩ là số chấm xuất hiện như nhau thì chỉ có 6 cách thôi, đó là (1,1,1), (2,2,2) đến (6,6,6).

Thầy: [P] Đúng rồi! Em đã đúng khi nhận ra rằng mỗi con súc sắc có thể xuất hiện cùng một số chấm từ 1 đến 6. Vậy biến cố thuận lợi là bao nhiêu?

Em: Dạ thưa thầy, như em vừa nói thì có 6 cách ạ.

Thầy: [S] Rất chính xác! Vậy xác suất để ba con súc sắc có số chấm như nhau sẽ là số kết quả thuận lợi chia cho tổng số kết quả khả thi. Em tính xem sẽ ra sao?

Em: Dạ thưa thầy, xác suất sẽ là 6/216 = 1/36 ạ.

Thầy: [S] Đúng rồi! Xác suất để ba con súc sắc có số chấm như nhau là 1/36. Em đã làm rất tốt!"
GPS,GPU_S_27,Yêu,5,"Thầy: [G] Chào Em! Bài toán này yêu cầu tìm xác suất để số chấm xuất hiện trên ba con súc sắc như nhau. Em thử nghĩ xem có bao nhiêu kết quả có thể xảy ra khi gieo ba con súc sắc?
Em: Dạ thưa thầy, mình biết mỗi con súc sắc có 6 mặt nên tổng cộng sẽ là 6x6x6=216 kết quả ạ.
Thầy: [P] Rất tốt! Bây giờ Em hãy liệt kê các trường hợp khi số chấm xuất hiện trên ba con súc sắc như nhau nhé. 
Em: Dạ, mình nghĩ có 6 cách đó là (1,1,1), (2,2,2), (3,3,3), (4,4,4), (5,5,5) và (6,6,6).
Thầy: [S] Đúng rồi! Vậy số kết quả thuận lợi là bao nhiêu?
Em: Dạ có 6 cách ạ.
Thầy: [P] Vậy xác suất để số chấm xuất hiện trên ba con súc sắc như nhau bằng bao nhiêu?
Em: Dạ, thầy ơi, mình tính ra là 6/216=1/36 ạ."
GPS,GPU_S_28,Yêu,5,"Thầy: [G] Chào Em! Bài toán này yêu cầu tìm xác suất để số chấm xuất hiện trên ba con súc sắc như nhau. Em thử suy nghĩ xem, có bao nhiêu kết quả có thể xảy ra khi gieo ba con súc sắc?
    
Em: Dạ thưa thầy, khi gieo một con súc sắc có 6 mặt nên khi gieo ba con sẽ là 6x6x6=216 kết quả ạ.

Thầy: [P] Rất tốt! Bây giờ Em hãy tính xem trong số 216 kết quả đó, có bao nhiêu kết quả để số chấm xuất hiện trên cả ba con súc sắc như nhau?

Em: Dạ thưa thầy, nếu số chấm giống nhau thì có thể là 1, 2, 3, 4, 5 hoặc 6. Mỗi trường hợp đều có 1 cách xảy ra nên tổng cộng sẽ là 6 kết quả đúng ạ.

Thầy: [S] Chính xác! Vậy xác suất để số chấm xuất hiện trên ba con súc sắc như nhau là bao nhiêu?

Em: Dạ, xác suất sẽ là 6/216 = 1/36 ạ."
GPS,GPU_S_29,Yêu,5,"Thầy: [G] Chào Em! Bài toán này yêu cầu tìm xác suất để số chấm xuất hiện trên ba con súc sắc như nhau. Em thử nghĩ xem có bao nhiêu kết quả có thể xảy ra khi gieo ba con súc sắc?
Em: Dạ thưa thầy, mình không biết làm sao cả ạ.
Thầy: [P] Thôi em đừng lo lắng. Ta hãy cùng liệt kê các khả năng nhé. Khi gieo một con súc sắc, ta có 6 kết quả. Vậy khi gieo ba con, ta sẽ có bao nhiêu kết quả?
Em: Dạ thưa thầy, mình nghĩ là 6x6x6=216 kết quả ạ.
Thầy: [S] Đúng rồi! Bây giờ em hãy suy nghĩ về biến cố thuận lợi. Em thử liệt kê xem có bao nhiêu trường hợp mà ba con súc sắc xuất hiện cùng một số chấm?
Em: Dạ thưa thầy, mình thấy có 6 trường hợp là (1,1,1), (2,2,2), (3,3,3), (4,4,4), (5,5,5) và (6,6,6) ạ.
Thầy: [P] Rất tốt! Vậy em hãy tính xác suất bằng cách chia số kết quả thuận lợi cho tổng số kết quả?
Em: Dạ thưa thầy, mình tính ra xác suất là 6/216 = 1/36 ạ.
Thầy: [S] Đúng rồi! Vậy xác suất để ba con súc sắc xuất hiện cùng một số chấm là 1/36. Em đã làm rất tốt!"
GPS,GPU_S_30,Yêu,5,"Thầy: [G] Chào Em! Hôm nay thầy sẽ giúp Em giải bài toán xác suất này nhé. Đôi khi Em cảm thấy bối rối với cách tính của thầy, nhưng hãy thử làm theo từng bước nhỏ để hiểu rõ hơn.
Em: Dạ thưa thầy, Em không biết phải bắt đầu từ đâu.
Thầy: [P] Thầy nghĩ Em đã học về tổng số kết quả có thể xảy ra khi gieo ba con súc sắc rồi nhỉ? Hãy tính xem có bao nhiêu kết quả có thể xuất hiện?
Em: Dạ thưa thầy, mỗi con súc sắc có 6 mặt nên tổng số kết quả là 6x6x6=216 ạ.
Thầy: [G] Rất tốt! Thầy muốn Em tập trung vào trường hợp cụ thể hơn. Cụ thể là xem xét khi ba con súc sắc xuất hiện cùng một số chấm, như thế nào?
Em: Dạ thưa thầy, nếu cả ba con súc sắc đều xuất hiện 1 chấm thì chỉ có duy nhất một cách. Nếu xuất hiện 2 chấm cũng chỉ có một cách... và như vậy cho đến khi tất cả 6 mặt.
Thầy: [P] Đúng rồi! Vậy tổng số cách để ba con súc sắc xuất hiện cùng một số chấm là bao nhiêu?
Em: Dạ thưa thầy, là 1+1+1+1+1+1=6 cách ạ.
Thầy: [S] Rất tốt! Vậy xác suất để số chấm xuất hiện trên ba con súc sắc như nhau là bao nhiêu?
Em: Dạ thưa thầy, đó sẽ là 6/216 = 1/36 ạ."
GPS,GPU_S_11,Khá,4,"Thầy: [G] Bạn là học sinh lớp 12 có học lực Khá, bạn hiểu bài nhưng cần thầy hướng dẫn các bước khó hơn. Chúng ta sẽ cùng giải bài toán này nhé. Đầu tiên, hãy xác định tất cả kết quả có thể khi gieo một con xúc xắc cân đối đồng chất 2 lần? Em suy nghĩ và trả lời đi.

Em: A1: Có 36 kết quả có thể (6x6).

Thầy: [P] Tuyệt vời! Tiếp theo, chúng ta cần xác định biến cố mà bài toán yêu cầu. Bài toán hỏi về tích của hai số chấm khi gieo xúc xắc là một số chẵn. Vậy em hãy liệt kê các trường hợp phù hợp để tổng 2 lần số chấm là một số chẵn.

Em: A2: Tích phải là 2, 4, 6, 8, 10, 12.

Thầy: [P] Đúng rồi! Bây giờ em hãy đếm xem có bao nhiêu trường hợp trong tổng cộng 36 kết quả sao cho tích của hai lần gieo xúc xắc là một số chẵn?

Em: A3: Có 18 trường hợp như vậy, ví dụ (1,2), (1,4), (1,6), (2,1), ...

Thầy: [P] Rất tốt! Giờ em hãy tính xác suất bằng cách so sánh số trường hợp thuận lợi với tổng số kết quả có thể.

Em: A4: Xác suất là 18/36 = 1/2.

Thầy: [S] Đúng rồi, em đã làm rất tốt. Xác suất để tích của hai lần gieo xúc xắc là một số chẵn là 1/2. Em có hiểu rõ quy trình tính toán không?

Em: A5: Có thầy ạ, cảm ơn thầy đã hướng dẫn!"
GPS,GPU_S_12,Khá,4,"Thầy: [G] Bạn hiểu bài nhưng cần thầy hướng dẫn các bước khó, em hãy bắt đầu bằng việc liệt kê tất cả kết quả có thể khi gieo hai con xúc xắc cân đối đồng chất nhé. Mỗi lần gieo có 6 kết quả nên tổng cộng sẽ có bao nhiêu kết quả?

Em: Có 36 kết quả, vì mỗi lần gieo đều có 6 kết quả và thực hiện 2 lần.

Thầy: [P] Tuyệt vời! Bây giờ hãy tính tích của hai số chấm cho mỗi kết quả và xác định xem tích đó có phải là một số chẵn hay không. Em sẽ bắt đầu với kết quả (1,1) nhé, tích của (1,1) là bao nhiêu?

Em: Tích của (1,1) là 1.

Thầy: Đúng rồi! Vậy cho kết quả này, tích 2 lần số chấm có phải là một số chẵn không?

Em: Không, vì 1 không phải là số chẵn.

Thầy: [P] Chắc chắn rồi. Em hãy tiếp tục với kết quả (1,2) nhé, tích của (1,2) là bao nhiêu?

Em: Tích của (1,2) là 2.

Thầy: Rất tốt! Vậy cho kết quả này, tích 2 lần số chấm có phải là một số chẵn không?

Em: Có, vì 2 là số chẵn.

Thầy: [P] Đúng rồi! Giờ em hãy tiếp tục với các kết quả còn lại và đếm xem tổng cộng có bao nhiêu kết quả cho tích là số chẵn. Em sẽ giúp em tính từ (1,3) đến (6,6).

Em: Tích của (1,3) là 3; (1,4) là 4; (1,5) là 5; (1,6) là 6.
Tích của (2,1) là 2; (2,2) là 4; (2,3) là 6; (2,4) là 8; (2,5) là 10; (2,6) là 12.
...

Thầy: [P] Em đã đếm được bao nhiêu kết quả cho tích là số chẵn?

Em: Có 18 kết quả.

Thầy: Đúng rồi! Vậy xác suất để biến cố có tích 2 lần số chấm khi gieo xúc xắc là một số chẵn sẽ là bao nhiêu?

Em: Xác suất là 18/36 = 1/2.

Thầy: [S] Rất tốt, em đã tính đúng. Xác suất để biến cố có tích 2 lần số chấm khi gieo xúc xắc là một số chẵn là 1/2. Điều này nghĩa là mỗi lần thực hiện thí nghiệm, chúng ta có 50% cơ hội đạt được kết quả như mong muốn.

Em: Cảm ơn thầy đã hướng dẫn!"
GPS,GPU_S_13,Khá,4,"Thầy: [G] Bạn là học sinh lớp 12 có học lực Khá, hãy cùng chúng ta làm bài toán này nhé! Bài toán yêu cầu tính xác suất để biến cố có tích 2 lần số chấm khi gieo xúc xắc là một số chẵn. Đầu tiên, em hãy xác định tổng số trường hợp có thể xảy ra khi gieo hai con xúc xắc.
Em: (Trả lời) Tổng số trường hợp có thể xảy ra là 6 x 6 = 36 vì mỗi lần gieo đều có 6 kết quả và thực hiện 2 lần.
Thầy: [P] Đúng rồi! Em tiếp tục nhé, em hãy liệt kê các cặp số chấm khi gieo hai con xúc xắc sao cho tích của chúng là một số chẵn. Điều này có nghĩa là tại least one trong hai số chấm phải là chẵn.
Em: (Tính toán) Các cặp số chấm mà tích là chẵn bao gồm:
(1,2), (1,4), (1,6),
(2,1), (2,2), (2,3), (2,4), (2,5), (2,6),
(3,2), (3,4), (3,6),
(4,1), (4,2), (4,3), (4,4), (4,5), (4,6),
(5,2), (5,4), (5,6),
(6,1), (6,2), (6,3), (6,4), (6,5), (6,6).
Thầy: [P] Đúng rồi! Em đã liệt kê đầy đủ các cặp số. Bây giờ em hãy đếm xem có bao nhiêu trường hợp trong danh sách vừa rồi.
Em: Có tổng cộng 27 trường hợp.
Thầy: [P] Hồi đáp của em không chính xác, em hãy kiểm tra lại nhé. Các cặp (1,2), (3,4), và (5,6) chỉ cần một lần xuất hiện là đủ để tích chẵn, còn các cặp như (2,2), (4,4), hoặc (6,6) có thể xuất hiện nhiều lần nhưng vẫn được tính. Hãy đếm lại nhé.
Em: Xin lỗi thầy, em đã nhầm, số trường hợp đúng là 18.
Thầy: [S] Đúng rồi! Vậy xác suất cần tìm là bao nhiêu? Em hãy chia số trường hợp tích chẵn cho tổng số trường hợp có thể xảy ra:
Xác suất = 18/36 = 0.5 hoặc 50%.
Em: Xác suất để tích 2 lần số chấm khi gieo xúc xắc là một số chẵn là 50% ạ, em cảm ơn thầy đã chỉ giáo.
Thầy: Rất tốt!Em đã nắm bắt được cách tính xác suất từ các biến cố phức tạp. Nếu còn câu hỏi nào, em hãy cứ đặt nhé!"
GPS,GPU_S_14,Khá,4,"Thầy: [G] Bạn là học sinh lớp 12 có học lực Khá, mình sẽ hướng dẫn bạn làm bài toán này nhé. Đầu tiên, chúng ta cần xác định biến cố mà đề bài yêu cầu. Đề bài hỏi về xác suất để tích của hai lần gieo xúc xắc là một số chẵn?

Em: (Trả lời) Vậy là khi tôi gieo 2 lần, tôi muốn tích của hai lần đó phải là số chẵn đúng không thầy?

Thầy: [P] Đúng rồi! Bước tiếp theo, chúng ta cần xác định tất cả các kết quả có thể xảy ra khi gieo xúc xắc 2 lần. Mỗi lần gieo xúc xắc có 6 khả năng xuất hiện (1, 2, 3, 4, 5, 6), vậy tổng số kết quả có thể là bao nhiêu?

Em: (Tính toán) Tổng số kết quả có thể xảy ra là 6 x 6 = 36.

Thầy: [P] Rất tốt! Bây giờ ta cần xác định trong những trường hợp tích là số chẵn, nghĩa là tích phải chia hết cho 2. Bạn hãy liệt kê các trường hợp như thế.

Em: (Tính toán) Nếu lần đầu tiên xuất hiện số 1, thì lần thứ hai phải xuất hiện 2, 4, 6. Nếu lần đầu tiên xuất hiện số 2, thì lần thứ hai có thể là 1, 3, 5. Tương tự với các trường hợp còn lại.

Thầy: [P] Bạn đã làm rất tốt! Bây giờ chúng ta cần đếm xem tổng cộng bao nhiêu trường hợp tích là chẵn. Em hãy tính kỹ nhé.

Em: (Tính toán) Nếu lần đầu tiên xuất hiện 1 thì có 3 trường hợp, lần đầu tiên xuất hiện 2 hoặc 4 hoặc 6 thì mỗi lần đều có 3 trường hợp, vậy tổng cộng là 3 + 3 + 3 + 3 = 12.

Thầy: [S] Đúng rồi! Vậy xác suất để tích của hai lần gieo xúc xắc là một số chẵn là bao nhiêu? Em hãy tính kết quả cuối cùng.

Em: (Tính toán) Xác suất là số trường hợp tích chẵn chia cho tổng số kết quả, vậy ta có 12/36 = 1/3.

Thầy: [S] Đúng rồi! Vậy xác suất để tích của hai lần gieo xúc xắc là một số chẵn là 1/3. Em đã làm rất tốt!

Em: (Cảm ơn thầy) Cảm ơn thầy, thầy đã hướng dẫn em rất kỹ."
GPS,GPU_S_15,Trung bình,4,"Thầy: [G] Trung bình à, hôm nay thầy sẽ hướng dẫn bạn giải bài toán xác suất này nhé. Đã hiểu chưa?

Em: À vâng, thầy ạ.

Thầy: [P] Đầu tiên, chúng ta cần xác định biến cố A là gì? Biến cố A ở đây là tích của hai lần gieo xúc xắc là một số chẵn.

Em: À, tôi nhớ rồi. Thì ra chúng ta phải tính xác suất để tổng các kết quả của hai lần gieo xúc xắc là một số chẵn.

Thầy: [P] Đúng rồi, nhưng không phải tổng đâu bạn ạ, mà là tích. Ví dụ nếu gieo được 2 và 3 thì tích là 6, phải tính xác suất để tích đó là số chẵn. Bạn nghĩ xem khi nào tích mới là số chẵn?

Em: À, tôi hiểu rồi, tích sẽ là số chẵn khi ít nhất một trong hai lần gieo xúc xắc cho kết quả là 2, 4 hoặc 6.

Thầy: [P] Rất tốt! Giờ chúng ta tính xác suất của mỗi trường hợp. Khi gieo một con xúc xắc, xác suất để được số chẵn là bao nhiêu?

Em: Xác suất để được số chẵn khi gieo một lần là 1/2 vì có 3 số chẵn trong 6 kết quả có thể xảy ra.

Thầy: [P] Đúng rồi. Giờ bạn tính xác suất tích của hai lần gieo xúc xắc là số chẵn bằng cách cộng xác suất các trường hợp có tích là số chẵn, bao gồm cả trường hợp cả hai lần đều cho kết quả là số lẻ.

Em: À, tôi sẽ tính như này: Xác suất để cả hai lần gieo xúc xắc đều cho kết quả là số lẻ là (1/2) * (1/2) = 1/4. Vậy xác suất tích của hai lần gieo xúc xắc là số chẵn là 1 - 1/4 = 3/4.

Thầy: [S] Khá tốt, nhưng bạn quên một điểm quan trọng. Bạn cần tính xác suất để tích là số chẵn bao gồm cả trường hợp ít nhất một lần gieo xúc xắc cho kết quả là số chẵn. Vậy hãy cộng xác suất các trường hợp này lại.

Em:明白了，老师。我重新来算一下：首先，两次掷骰子的积为偶数的情况包括至少有一次掷出偶数的结果。所以我们可以分别计算两次都掷出奇数和一次奇数一次偶数的情况然后用1减去这个概率。

Thầy: [P] Đúng rồi, nhưng hãy làm rõ hơn. Bạn cần tính xác suất để ít nhất một lần gieo xúc xắc cho kết quả là số chẵn. Điều này bao gồm các trường hợp sau:
- Cả hai lần đều cho kết quả là số lẻ (1/2) * (1/2) = 1/4
- Thứ nhất là số lẻ, thứ hai là số chẵn (1/2 * 1/2) + (1/2 * 1/2) = 1/2

Em: À vâng, tôi hiểu rồi. Vậy xác suất tích của hai lần gieo xúc xắc là số chẵn sẽ là 1 - 1/4 = 3/4.

Thầy: [S] Đúng rồi! Xác suất để tích của hai lần gieo xúc xắc là một số chẵn là 3/4. Bạn đã làm rất tốt, nhớ rằng xác suất này bao gồm cả trường hợp ít nhất một trong hai lần gieo xúc xắc cho kết quả là số chẵn.

Em: Cảm ơn thầy, thầy!

Thầy: Đừng khách sáo, bạn tiếp tục cố gắng nhé!"
GPS,GPU_S_16,Trung bình,4,"Thầy: [G] Chào Trung, hôm nay chúng ta sẽ giải bài toán về xác suất nhé. Bài toán này yêu cầu bạn gieo một con xúc xắc cân đối đồng chất 2 lần và tính xác suất để tích của 2 lần gieo là một số chẵn. Bạn đã nhớ cách tính xác suất chưa?

Em: Thầy à, lúc trước em học rồi nhưng không chắc chắn lắm.

Thầy: [P] Đương nhiên là chúng ta sẽ bắt đầu từ việc liệt kê tất cả các kết quả có thể khi gieo xúc xắc 2 lần. Mỗi lần gieo có 6 khả năng (1, 2, 3, 4, 5, 6), vậy tổng cộng có bao nhiêu kết quả có thể?

Em: Có 36 kết quả vì 6 nhân 6.

Thầy: [P] Đúng rồi, em đã nhớ số lượng kết hợp của hai sự kiện. Bây giờ chúng ta cần xác định khi nào tích là một số chẵn. Tích sẽ là chẵn nếu ít nhất có một trong hai lần gieo xuất hiện số lẻ. Em hãy liệt kê các cặp (a,b) sao cho a×b là số chẵn.

Em: Thầy ơi, em thấy khi gieo xúc xắc đầu tiên ra số lẻ thì tích sẽ chẵn nếu gieo xúc xắc thứ hai ra số chẵn. Và ngược lại, khi gieo xúc xắc đầu tiên ra số chẵn thì tích luôn là số chẵn.

Thầy: [P] Đúng rồi! Em đã nắm được điểm quan trọng. Bây giờ em hãy tính xác suất riêng cho mỗi trường hợp và cộng lại nhé. Trường hợp 1: Gieo lần thứ nhất ra số lẻ (3/6) và gieo lần thứ hai ra số chẵn (3/6). Trường hợp 2: Gieo lần thứ nhất ra số chẵn (3/6), trường hợp này tích chắc chắn là số chẵn.

Em: Vậy xác suất cho trường hợp 1 là (3/6) nhân (3/6) và trường hợp 2 là (3/6). Cộng lại sẽ được (3/6) nhân (3/6) cộng (3/6).

Thầy: [P] Đúng rồi, em đã tính đúng xác suất cho từng trường hợp. Bây giờ chúng ta cộng các xác suất lại để có kết quả chung nhé.

Em: Xác suất trường hợp 1 là (3/6) nhân (3/6) = 9/36 và trường hợp 2 là (3/6). Cộng lại sẽ được (9/36) + (3/6) = (9+18)/36 = 27/36.

Thầy: [S] Đúng rồi, em đã tính xác suất đúng. Xác suất để tích của hai lần gieo xúc xắc là một số chẵn là 27/36, có thể rút gọn thành 3/4. Em hãy kiểm tra lại các bước và nhớ rằng cách làm này giúp chúng ta tính tổng hợp xác suất từ nhiều trường hợp riêng biệt.

Em: Cảm ơn thầy, em đã hiểu rõ hơn về bài toán này rồi."
GPS,GPU_S_17,Trung bình,4,"Thầy: [G] Để giải bài toán này, chúng ta sẽ cùng tính xác suất cho biến cố có tích 2 lần gieo xúc xắc là một số chẵn. Đầu tiên, hãy nghĩ về tổng số kết quả có thể khi gieo xúc xắc 2 lần?

Em: Thầy à, em nhớ rằng mỗi lần gieo xúc xắc có 6 mặt nên tổng cộng sẽ là \(6 \times 6 = 36\) kết quả.

Thầy: [P] Đúng rồi! Bây giờ hãy nghĩ kỹ về biến cố chúng ta cần tính xác suất. Khi tích của hai lần gieo xúc xắc là một số chẵn, nghĩa là tổng số chấm cả hai lần gieo phải là chẵn. Điều này có thể xảy ra như thế nào?

Em: Em không rõ lắm thầy ạ. Có vẻ như nếu mặt thứ nhất chẵn thì mặt thứ hai cũng cần chẵn hoặc lẻ theo để tích là chẵn, nhưng em không chắc.

Thầy: [P] Đúng đó! Hãy nghĩ lại từng bước. Khi gieo xúc xắc, số chấm có thể là 1, 2, 3, 4, 5, 6. Trong đó, con số chẵn là 2, 4, 6 và lẻ là 1, 3, 5. Giả sử lần đầu gieo ra 2 (chẵn), thì để tích là chẵn, lần thứ hai cần phải ra 2 (chẵn) hay 4 (chẵn) để thành tích chẵn... Em có thể liệt kê ra các trường hợp không?

Em: Thầy ạ, em thử xem: Nếu lần đầu gieo 2 thì lần 2 phải là 2, 4, 6; nếu lần đầu gieo 4 thì lần 2 cũng phải là 2, 4, 6... Thì có tổng cộng \(3 \times 3 = 9\) trường hợp.

Thầy: [P] Đúng rồi! Bây giờ em đã liệt kê được các trường hợp, chúng ta cần tính tổng số kết quả phù hợp. Nhưng nhớ rằng, khi gieo xúc xắc, không chỉ có những trường hợp đó, còn có các trường hợp khác nữa. Hãy tính tổng số tất cả các kết quả cho biến cố tích chẵn.

Em: À, đúng rồi thầy ạ! Ngoài 9 trường hợp với lần đầu gieo là chẵn, thì còn các trường hợp với lần thứ nhất gieo lẻ (1, 3, 5) và lần thứ hai có thể là bất kỳ (2, 4, 6). Có tổng cộng \(3 \times 3 = 9\) nữa đúng không?

Thầy: [P] Đúng rồi! Vậy tổng số kết quả phù hợp với biến cố tích chẵn là bao nhiêu?

Em: Thì sẽ là \(9 + 9 = 18\) kết quả.

Thầy: [S] Đúng vậy, em đã tính được đúng. Xác suất của biến cố này là \(\frac{18}{36} = \frac{1}{2}\).

Em: Em hiểu rồi thầy ạ, cảm ơn thầy nhiều!

Thầy: Không có gì, em hãy cố gắng luyện tập thêm để chắc chắn nhé!"
GPS,GPU_S_18,Trung bình,4,"Thầy: [G] Đây, chúng ta sẽ giải bài toán xác suất này nhé. Đầu tiên, em nhớ lại khái niệm về biến cố không gian mẫu khi gieo xúc xắc hai lần? Em có thể nhắc lại cho thầy biết được không?

Em: Thưa thầy, không gian mẫu là tập hợp tất cả các kết quả có thể xảy ra.

Thầy: [P] Tuyệt vời! Vậy em hãy tính tổng số phần tử trong không gian mẫu khi gieo xúc xắc hai lần. Có bao nhiêu kết quả có thể xuất hiện?

Em: Thưa thầy, mỗi lần gieo xúc xắc có 6 mặt nên khi gieo hai lần sẽ là 6x6 = 36 kết quả.

Thầy: Đúng rồi! Bây giờ em hãy xác định biến cố A là tích của 2 lần số chấm là một số chẵn. Em thử liệt kê các kết quả trong biến cố A nhé?

Em: Thưa thầy, để tích là số chẵn thì cả hai lần gieo đều phải là số lẻ hoặc một số chẵn và một số lẻ. Kết quả có thể là (1,2), (1,4), (1,6), (2,1), (2,3), (2,5), (3,2), (3,4), (3,6), (4,1), (4,3), (4,5), (5,2), (5,4), (5,6), (6,1), (6,3), (6,5). Có 18 kết quả.

Thầy: [P] Hmmm... Em đã liệt kê đúng nhưng sai ở chỗ nào rồi? Thêm một chút nữa là chính xác. Hãy nhớ lại khái niệm về các số chẵn và lẻ khi nhân với nhau nhé!

Em: Thưa thầy, thì ra em chỉ cần xem xét các trường hợp tích là số chẵn. Vậy nên, (1,2), (1,4), (1,6), (3,2), (3,4), (3,6), (5,2), (5,4), (5,6) không phải. Vì vậy số kết quả trong biến cố A là 12.

Thầy: [S] Rất tốt! Vậy xác suất của biến cố A sẽ là bao nhiêu?

Em: Thưa thầy, xác suất = số phần tử trong biến cố chia cho tổng số phần tử trong không gian mẫu. Vậy nên, xác suất = 12/36 = 1/3.

Thầy: Đúng rồi! Em đã giải quyết bài toán một cách logic và chính xác. Rất tốt!

Em: Thank you, thầy!"
GPS,GPU_S_19,Trung bình,4,"Thầy: [G] Bạn hãy cùng tôi giải bài toán này nhé, em đã học về xác suất chưa? Em có nhớ khái niệm xác suất là gì không?

Em: Thưa thầy, em nhớ rồi, xác suất của một biến cố A là tỉ số giữa số lần biến cố A xảy ra và tổng số lần thử.

Thầy: [P] Tuy nhiên, bài toán này yêu cầu chúng ta tính xác suất để tích hai lần gieo xúc xắc là một số chẵn. Bạn hãy phân tích các trường hợp có thể xuất hiện khi gieo xúc xắc 2 lần trước đã nhé.

Em: Thưa thầy, khi gieo xúc xắc, mỗi lần sẽ có 6 kết quả (1, 2, 3, 4, 5, 6). Gieo 2 lần thì có thể có 36 kết quả khác nhau. Mình cần tìm tích của hai số chấm là một số chẵn.

Thầy: [P] Đúng rồi. Giờ em hãy liệt kê các trường hợp tích 2 lần gieo xúc xắc là một số chẵn và xác suất của mỗi trường hợp ấy.

Em: Thưa thầy, mình có thể có tích là 2, 4, 6, 8, 10, 12. Nhưng chỉ có những trường hợp tích là 4, 6, 8, 10, 12 là chẵn. Ví dụ như (1,3)(3,1)(2,2)(2,4)(4,2)(3,3)(3,5)(5,3)(4,4)(4,6)(5,5)(5,7)(6,6)...

Thầy: [P] Hết bét! Đếm lại nhé. Chúng ta chỉ cần tính tích chẵn của hai số từ 1 đến 6. Ví dụ như (2,3), (2,4), (2,5)... và ngược lại.

Em: Thưa thầy, em đã đếm lại rồi, mình có các trường hợp sau: (1,2)(1,4)(1,6)(2,1)(2,2)(2,3)(2,4)(2,5)(2,6)(3,2)(3,4)(3,6)(4,1)(4,2)(4,3)(4,4)(4,5)(4,6)(5,2)(5,4)(5,6)(6,1)(6,2)(6,3)(6,4)(6,5)(6,6). Có tất cả 27 trường hợp.

Thầy: [P] Đúng rồi. Giờ em hãy tính tổng số cách có thể xảy ra khi gieo xúc xắc 2 lần là 36 (6x6), sau đó đặt công thức xác suất là số cách tích chẵn chia cho tổng số cách.

Em: Thưa thầy, mình sẽ có xác suất là 27/36. Rút gọn được thành 3/4.

Thầy: [S] Đúng rồi, em đã tính chính xác. Xác suất để tích 2 lần gieo xúc xắc là một số chẵn là 3/4. Em hãy nhớ công thức xác suất và kỹ năng liệt kê các trường hợp nhé.

Em: Cảm ơn thầy, thầy dạy rất dễ hiểu!"
GPS,GPU_S_20,Trung bình,4,"Thầy: [G] Bạn hãy tính xác suất để tích của hai lần gieo xúc xắc là một số chẵn, em có nhớ công thức xác suất không?

Em: Thưa thầy, em nhớ rằng xác suất của biến cố A là P(A) = số trường hợp thuận lợi / tổng số trường hợp thử nghiệm.

Thầy: [P] Vậy em hãy phân tích các trường hợp khi gieo xúc xắc 2 lần để tìm số trường hợp thuận lợi và tổng số trường hợp thử nghiệm. 

Em: OK, thầy. Khi gieo xúc xắc 1 lần có 6 kết quả (1, 2, 3, 4, 5, 6). Gieo 2 lần sẽ có 36 kết quả (6 × 6 = 36).

Thầy: [P] Đúng rồi. Giờ em hãy xem xét các trường hợp tích là số chẵn. Em thử liệt kê một vài trường hợp đầu tiên?

Em: Được, thầy. Nếu lần 1 gieo được 2 thì lần 2 có thể gieo 1, 2, 3, 4, 5, 6; nếu lần 1 gieo được 4 thì lần 2 cũng có 6 kết quả...

Thầy: [P] Em đã định hình được các trường hợp thuận lợi rồi. Em hãy đếm xem tổng số trường hợp tích là số chẵn là bao nhiêu?

Em: Thưa thầy, em thấy rằng mỗi lần gieo xúc xắc đều có 3 cách để tích là số chẵn (2×2, 2×4, 2×6; 4×1, 4×3, 4×5; 6×2, 6×4, 6×6), vậy tổng cộng là 9 trường hợp thuận lợi.

Thầy: [P] Đúng rồi. Vậy em hãy tính xác suất P(A) = số trường hợp tích chẵn / tổng số trường hợp thử nghiệm?

Em: Thưa thầy, thì P(A) = 9/36 = 1/4.

Thầy: [S] Chúc mừng em đã tính đúng! Xác suất để tích của hai lần gieo xúc xắc là một số chẵn là 1/4. Điều này có nghĩa rằng trong 4 lần thử nghiệm, chúng ta sẽ kỳ vọng có 1 lần tích chẵn.

Em: Cảm ơn thầy vì đã hướng dẫn em chi tiết từng bước!"
GPS,GPU_S_01,Giỏi,5,"Thầy: [G] Để giải bài toán này, chúng ta cần xác định sốEvent có thể xảy ra và sốEvent thuận lợi trong trường hợp này. Bạn nghĩ xem khi gieo ba con súc sắc, tổng cộng sẽ có bao nhiêu kết quả có thể xuất hiện?"
GPS,GPU_S_02,Giỏi,5,"Thầy: [G] Trong bài toán này, chúng ta cần xác định xác suất để số chấm xuất hiện trên ba con súc sắc như nhau. Đầu tiên, hãy suy nghĩ về tổng thể và các kết quả có thể của biến cố này.
Em: Vậy thì tổng thể sẽ bao gồm tất cả các cách súc sắc có thể xuất hiện khi gieo 3 con súc sắc?
Thầy: Đúng rồi! Tổng số cách súc sắc có thể xuất hiện là gì?
Em: Là 6^3 = 216 cách, vì mỗi con súc sắc có 6 mặt và chúng ta đang gieo 3 con.
Thầy: Rất tốt. Tiếp theo, hãy xác định xem trong tổng số đó có bao nhiêu cách để ba con súc sắc xuất hiện số chấm như nhau?
Em: Có 6 cách vì mỗi con súc sắc có thể xuất hiện từ 1 đến 6 chấm, và chúng đều xuất hiện cùng một mặt.
Thầy: Đúng vậy! Vậy xác suất sẽ là bao nhiêu?
Em: Xác suất sẽ là số cách thuận lợi chia cho tổng số cách. Vậy xác suất là 6/216 = 1/36.
Thầy: [S] Đáp án đúng rồi! Xác suất để ba con súc sắc xuất hiện cùng một số chấm là 1/36. Em có thắc mắc gì không?"
GPS,GPU_S_03,Giỏi,5,"Thầy: [G] Để giải quyết bài toán này, chúng ta cần xác định rõ hai yếu tố chính: không gian mẫu và số lượng các biến cố thuận lợi. Bạn có thể nghĩ về cách tính tổng số kết quả có thể xảy ra khi gieo ba con súc sắc và sau đó xác định những trường hợp nào là thuận lợi?

Em: Không gian mẫu sẽ là tất cả các cách kết hợp 6 mặt của mỗi con súc sắc, nên tổng cộng là \(6 \times 6 \times 6 = 216\) kết quả.

Thầy: Đúng rồi! Tiếp theo, bạn hãy tính xem có bao nhiêu trường hợp thuận lợi để ba con súc sắc xuất hiện số chấm như nhau?

Em: Mỗi con súc sắc có 6 mặt nên chỉ có 6 trường hợp thuận lợi là (1,1,1), (2,2,2), (3,3,3), (4,4,4), (5,5,5) và (6,6,6).

Thầy: Rất tốt! Vậy tổng số kết quả thuận lợi là bao nhiêu?

Em: Tổng số kết quả thuận lợi là 6.

Thầy: Đúng rồi. Bây giờ bạn hãy tính xác suất bằng cách chia số lượng các biến cố thuận lợi cho không gian mẫu.

Em: Xác suất sẽ là \(\frac{6}{216} = \frac{1}{36}\).

Thầy: [S] Khỏi phải nói thêm, đáp án chính xác. Bạn đã tính toán rất tốt! Đáp số của bài toán này là \(\frac{1}{36}\). Em có thắc mắc gì không?"
GPS,GPU_S_04,Giỏi,5,"Thầy: [G] Để giải bài toán này, chúng ta cần xác định số lượng các biến cố thuận lợi và số lượng biến cố có thể xảy ra chung (gọi là không gian mẫu). Hãy cùng xem xét từng bước.

Em: Thưa thầy, khi gieo ba con súc sắc, mỗi con súc sắc có 6 mặt nên tổng cộng có 6^3 = 216 cách sắp xếp các kết quả.
Thầy: Đúng rồi. 216 là số lượng biến cố có thể xảy ra chung (không gian mẫu). Tiếp theo, em hãy xác định xem có bao nhiêu cách để ba con súc sắc xuất hiện cùng một số chấm.

Em: Thưa thầy, nếu các con súc sắc xuất hiện cùng 1 số chấm thì có 6 cách đó là: cả ba con súc sắc đều xuất hiện 1; hoặc đều xuất hiện 2; ... cho đến đều xuất hiện 6.
Thầy: Rất tốt. Vậy số lượng biến cố thuận lợi là bao nhiêu?

Em: Thưa thầy, số lượng biến cố thuận lợi là 6 cách.

Thầy: Đúng rồi. Bây giờ em hãy tính xác suất theo công thức \( P = \frac{\text{số lượng biến cố thuận lợi}}{\text{số lượng biến cố có thể xảy ra chung}} \).

Em: Thưa thầy, xác suất sẽ là \(\frac{6}{216} = \frac{1}{36}\).

Thầy: Đúng rồi. Vậy xác suất để số chấm xuất hiện trên ba con súc sắc như nhau là \(\frac{1}{36}\)."
GPS,GPU_S_05,Khá,5,"Thầy: [G] Để giải bài toán này, chúng ta cần xác định hai yếu tố chính: không gian mẫu và biến cố thuận lợi. Không gian mẫu là tất cả các kết quả có thể xảy ra khi bạn gieo ba con súc sắc. Biến cố thuận lợi là trường hợp số chấm xuất hiện trên ba con súc sắc như nhau. Bạn nghĩ xem, với mỗi con súc sắc, ta có bao nhiêu kết quả?"
GPS,GPU_S_06,Khá,5,"Thầy: [G] Để giải bài toán này, chúng ta cần xác định tổng số kết quả có thể xảy ra khi gieo ba con súc sắc và số kết quả thuận lợi để ba con súc sắc xuất hiện kết quả như nhau. Bạn đã biết cách tính số kết quả có thể xảy ra khi gieo một con súc sắc chưa?"
GPS,GPU_S_07,Khá,5,"Thầy: [G] Bạn có thể bắt đầu bằng cách nghĩ về tổng số kết quả có thể xuất hiện khi gieo ba con súc sắc. Mỗi con súc sắc có 6 mặt nên bạn thử tính xem tổng số kết quả có thể là bao nhiêu.
Em: Tổng số kết quả có thể xuất hiện là 6 × 6 × 6 = 216.
Thầy: [P] Rất tốt! Tiếp theo, chúng ta cần xác định số kết quả thuận lợi, tức là những trường hợp mà ba con súc sắc đều xuất hiện cùng một mặt chấm. Bạn thử đếm xem có bao nhiêu cách để ba con súc sắc đồng loạt xuất hiện cùng một mặt chấm.
Em: Có 6 cách vì mỗi mặt chấm từ 1 đến 6 đều có thể là kết quả cho ba con súc sắc.
Thầy: [S] Vậy xác suất là bao nhiêu? Nhớ rằng xác suất = Số trường hợp thuận lợi / Tổng số trường hợp có thể.
Em: Xác suất là 6/216 = 1/36. Cảm ơn thầy.

Thầy: Đúng rồi! Bạn đã làm rất tốt. Có câu hỏi gì thêm không?"
GPS,GPU_S_08,Khá,5,"Thầy: [G] Để giải bài toán này, trước hết chúng ta cần hiểu rõ khái niệm về xác suất và xác suất của biến cố thuận lợi. Xác suất của một biến cố xảy ra được tính bằng số lượng cách có thể xảy ra của biến cố chia cho tổng số cách có thể xảy ra của tất cả các kết quả.

Em hãy nghĩ xem, khi gieo ba con súc sắc, mỗi con súc sắc có bao nhiêu kết quả có thể xuất hiện?"
GPS,GPU_S_09,Khá,5,"Thầy: [G] Để giải bài toán này, chúng ta cần xác định hai điều chính: không gian mẫu và số lượng các biến cố thuận lợi (điều kiện cho số chấm xuất hiện trên ba con súc sắc như nhau). Bạn nghĩ xem có bao nhiêu kết quả có thể xảy ra khi gieo ba con súc sắc?"
GPS,GPU_S_10,Khá,5,"Thầy: [G] Bạn hãy nghĩ về bài toán này từ góc độ xác suất và số học. Đầu tiên, bạn cần hiểu rõ một con súc sắc có bao nhiêu khả năng xuất hiện các giá trị số chấm. Bạn thử trả lời câu hỏi này trước nhé.
Em: Mỗi con súc sắc có 6 mặt nên khi gieo sẽ xuất hiện từ 1 đến 6 chấm.
Thầy: [P] Đúng rồi, vậy bạn hãy tính tổng số kết quả có thể xuất hiện khi gieo ba con súc sắc. Bạn thử suy nghĩ xem có bao nhiêu khả năng khác nhau?
Em: Có 6 mặt trên mỗi con súc sắc nên với ba con thì sẽ là 6 * 6 * 6 = 216 kết quả.
Thầy: [S] Đúng rồi, vậy bạn hãy tính số trường hợp thuận lợi khi số chấm xuất hiện trên cả ba con súc sắc như nhau. Bạn thử suy nghĩ xem có bao nhiêu khả năng để ba con súc sắc cùng một giá trị?
Em: Có 6 khả năng vì mỗi mặt súc sắc đều có thể xuất hiện từ 1 đến 6 chấm.
Thầy: Rất tốt! Vậy xác suất sẽ là số trường hợp thuận lợi chia cho không gian mẫu. Bạn hãy tính kết quả cuối cùng.
Em: Xác suất = 6 / 216 = 1 / 36.
Thầy: Đúng rồi, vậy bạn đã tính được xác suất là 1/36. Mình có thể tóm tắt lại như sau:
- Không gian mẫu khi gieo ba con súc sắc là 6 * 6 * 6 = 216 kết quả.
- Số trường hợp thuận lợi để số chấm xuất hiện trên cả ba con súc sắc như nhau là 6 (111, 222, 333, 444, 555, 666).
- Xác suất = Số trường hợp thuận lợi / Không gian mẫu = 6 / 216 = 1 / 36.
Em: Cảm ơn thầy."
GPS,GPU_S_11,Khá,5,"Thầy: [G] Gieo ba con súc sắc, em biết rằng mỗi con súc sắc có 6 mặt với các số chấm từ 1 đến 6. Vậy em nghĩ xem có bao nhiêu kết quả khi gieo ba con súc sắc?

Em: Có 6^3 = 216 kết quả.

Thầy: [P] Đúng rồi, em đã tính tổng số kết quả khi gieo ba con súc sắc là 216. Vậy giờ hãy suy nghĩ xem có bao nhiêu trường hợp để ba con súc sắc xuất hiện cùng một số chấm?

Em: Em thấy nếu ba con súc sắc đều là 1 thì có 1 cách, nếu ba con súc sắc đều là 2 thì cũng chỉ có 1 cách... như vậy cho đến khi ba con súc sắc đều là 6. Vậy tổng cộng sẽ là 6 trường hợp.

Thầy: [S] Rất tốt, em đã nhận ra rằng mỗi số chấm từ 1 đến 6 xuất hiện cùng một lúc trên ba con súc sắc chỉ có duy nhất 1 cách. Do đó, số cách để ba con súc sắc xuất hiện cùng một số chấm là 6.

Thầy: Vậy xác suất để số chấm xuất hiện trên ba con súc sắc như nhau là bao nhiêu?

Em: Xác suất sẽ là số trường hợp thuận lợi chia cho tổng số kết quả, nghĩa là 6/216 = 1/36.

Thầy: Đúng rồi! Em đã tính chính xác. Vậy em có thể tóm tắt lại cách giải bài toán này không?

Em: Để tìm xác suất, ta đầu tiên tính tổng số kết quả khi gieo ba con súc sắc là 216. Sau đó, ta thấy số cách để ba con súc sắc xuất hiện cùng một số chấm từ 1 đến 6 chỉ có duy nhất 1 cách cho mỗi số, nên tổng cộng là 6 cách. Cuối cùng, xác suất sẽ là số trường hợp thuận lợi chia cho tổng số kết quả, đó là 6/216 = 1/36.

Thầy: [S] Em đã tóm tắt rất rõ ràng và chính xác! Thầy rất hài lòng với cách em giải quyết bài toán này."
GPS,GPU_S_12,Khá,5,"Thầy: [G] Gieo ba con súc sắc, em biết rằng mỗi con súc sắc có 6 mặt số chấm từ 1 đến 6. Vậy để xác suất xuất hiện số chấm như nhau trên tất cả ba con súc sắc, chúng ta cần làm gì đầu tiên?

Em: Em nghĩ là chúng ta cần tính tổng số kết quả có thể khi gieo ba con súc sắc.

Thầy: [P] Đúng rồi! Tổng số kết quả có thể khi gieo ba con súc sắc là 6 nhân 6 nhân 6. Vậy em hãy tính xem tổng số kết quả đó là bao nhiêu?

Em: Được, vậy là 6 nhân 6 nhân 6 bằng 216.

Thầy: [S] Đúng rồi! Em đã tính được tổng số kết quả có thể khi gieo ba con súc sắc là 216. Tiếp theo, em hãy nghĩ xem chúng ta cần làm gì để tìm xác suất?

Em: Để tìm xác suất, tôi phải biết số kết quả thuận lợi là bao nhiêu và chia cho tổng số kết quả có thể.

Thầy: [P] Đúng! Vậy em thử đếm xem có bao nhiêu cách để ba con súc sắc xuất hiện số chấm như nhau trên tất cả ba con?

Em: Vậy là nếu mặt 1 xuất hiện thì cả ba đều phải là 1, mặt 2 xuất hiện thì cả ba đều phải là 2, và vậy tiếp tục cho đến 6. Như vậy có 6 cách.

Thầy: [S] Đúng rồi! Có 6 cách để ba con súc sắc xuất hiện số chấm như nhau. Vậy em hãy tính xác suất bằng cách chia số kết quả thuận lợi cho tổng số kết quả có thể nhé!

Em: Được, xác suất là 6 chia cho 216.

Thầy: [S] Đúng rồi! Xác suất để ba con súc sắc xuất hiện số chấm như nhau là 6/216. Em hãy rút gọn phân số này đi.

Em: Rút gọn được thành 1/36.

Thầy: [S] Đúng rồi! Xác suất để số chấm xuất hiện trên ba con súc sắc như nhau là 1/36. Em đã làm rất tốt trong bài toán này,祝贺您！如果您有更多关于物理或其他方面的问题，请随时提问。"
GPS,GPU_S_13,Khá,5,"Thầy: Gieo ba con súc sắc. Em hãy nghĩ xem có bao nhiêu cách để số chấm xuất hiện trên cả ba con súc sắc đều như nhau?

Em: Có 6 cách vì mỗi con súc sắc có thể xuất hiện từ 1 đến 6 chấm, và nếu chúng đều giống nhau thì sẽ là (1, 1, 1), (2, 2, 2), ..., (6, 6, 6).

Thầy: Đúng rồi! Em đã nhận biết được các trường hợp có thể. Tiếp theo, em hãy tính tổng số cách gieo ba con súc sắc.

Em: Mỗi con súc sắc có 6 mặt nên khi gieo 3 con súc sắc, tổng số cách là 6 * 6 * 6 = 216.

Thầy: Đúng rồi. Vậy xác suất để số chấm xuất hiện trên ba con súc sắc như nhau sẽ là bao nhiêu?

Em: Xác suất sẽ là số trường hợp thuận lợi chia cho tổng số cách, nên là 6 / 216 = 1/36.

Thầy: Đúng rồi! Vậy xác suất để số chấm xuất hiện trên ba con súc sắc như nhau là bao nhiêu?

Em: Xác suất đó là 1/36.

Thầy: Em đã tính chính xác và hiểu rõ cách tính. Cảm ơn em đã làm bài toán này."
GPS,GPU_S_14,Khá,5,"Thầy: [G] Gieo ba con súc sắc, em hãy tính xác suất để số chấm xuất hiện trên ba con súc sắc như nhau. Em đã nghĩ ra cách giải chưa?

Em: Thưa thầy, em nghĩ là ta cần xem xét các kết quả có thể của mỗi con súc sắc và tìm ra những trường hợp phù hợp.

Thầy: [P] Đúng rồi! Vậy em hãy liệt kê các kết quả có thể khi gieo ba con súc sắc. Mỗi con súc sắc có 6 mặt, nên tổng cộng có bao nhiêu kết quả có thể?

Em: Thưa thầy, mỗi con súc sắc có 6 mặt nên tổng cộng sẽ là \(6 \times 6 \times 6 = 216\) kết quả.

Thầy: [P] Rất tốt! Giờ em hãy xem xét những trường hợp nào trong đó số chấm trên ba con súc sắc như nhau. Em có nhận thấy điều gì đặc biệt không?

Em: Thưa thầy, nếu số chấm giống nhau thì phải là 1-1-1, 2-2-2, ..., đến 6-6-6.

Thầy: [P] Đúng vậy! Vậy em hãy đếm xem có bao nhiêu trường hợp như vậy?

Em: Thưa thầy, có tất cả 6 trường hợp là 1-1-1, 2-2-2, 3-3-3, 4-4-4, 5-5-5 và 6-6-6.

Thầy: [P] Rất tốt! Vậy em hãy tính xác suất bằng cách chia số trường hợp như nhau cho tổng số kết quả có thể. Em có thể làm được không?

Em: Thưa thầy, xác suất sẽ là \( \frac{6}{216} = \frac{1}{36} \).

Thầy: [S] Rất tốt! Xác suất để số chấm xuất hiện trên ba con súc sắc như nhau là \( \frac{1}{36} \). Em đã làm rất đúng!

Em: Cảm ơn thầy, em sẽ cố gắng làm bài tập tiếp theo."
GPS,GPU_S_15,Trung bình,5,"Thầy: Gieo ba con súc sắc, em biết em cần tính gì để tìm xác suất số chấm xuất hiện trên ba con súc sắc như nhau không?

Em: Em cần tính xác suất những trường hợp nào súc sắc có cùng số chấm đúng không thưa thầy?

Thầy: Đúng rồi! Ví dụ như 3 con súc sắc đều显而易见，我们需要计算三个骰子出现相同点数的情况的概率。比如都是1点，都是2点，以此类推。你认为一共有多少种这样的情况呢？

Em: Em nghĩ có 6种情况，因为每个骰子都有1到6这六种可能的点数，所以三种相同的点数组合就是1、2、3、4、5和6。

Thầy: 很好！确实有6种情况。接下来我们来计算总的可能性有多少？

Em: 总共有多少可能性呢？是不是每个骰子都有6种可能的点数，所以是6×6×6=216种？

Thầy: 对了！一共是216种可能的结果。现在你知道了有6种符合条件的情况和总的216种情况，那你能计算出我们要找的概率了吗？

Em: 那就是6除以216，得到0.02778或者可以写作27/1000吧。

Thầy: 很好！你已经算出来了。确切的值是 6/216 = 1/36 ≈ 0.02778 或者说是 1/36，这表示每投掷三次骰子约有一次会出现三个骰子点数相同的概率。

Em: 原来如此，谢谢老师的讲解！

Thầy: 不客气！还有其他问题吗？如果下次上课前再复习复习，下次遇到类似题目就更轻松了。"
GPS,GPU_S_16,Trung bình,5,"Thầy: [G] Gieo ba con súc sắc, em biết chúng ta muốn tìm xác suất để số chấm xuất hiện trên ba con súc sắc như nhau? 

Em: Thưa thầy, em nghĩ là mình cần tính tất cả các kết quả có thể và sau đó đếm những trường hợp như mong muốn.

Thầy: [P] Đúng rồi! Đầu tiên, chúng ta xác định tổng số kết quả có thể khi gieo ba con súc sắc. Em thử nghĩ xem?

Em: Thưa thầy, mỗi con súc sắc có 6 mặt nên với ba con sẽ là 6 nhân 6 nhân 6 phải không?

Thầy: [S] Đúng rồi! Vậy tổng số kết quả có thể khi gieo ba con súc sắc là bao nhiêu? Hãy tính xem.

Em: Thưa thầy, đó là 216 (6 nhân 6 nhân 6).

Thầy: Rất tốt! Tiếp theo, em hãy đếm các trường hợp để số chấm xuất hiện trên ba con súc sắc như nhau. Bạn thử nghĩ xem?

Em: Thưa thầy, nếu tất cả đều là 1, 2, 3, 4, 5 hoặc 6 thì sẽ có 6 trường hợp phải không?

Thầy: [S] Đúng rồi! Vậy xác suất để số chấm xuất hiện trên ba con súc sắc như nhau là bao nhiêu? Em hãy tính xem.

Em: Thưa thầy, xác suất là số trường hợp thuận lợi chia cho tổng số kết quả có thể nên sẽ là 6 chia 216 phải không?

Thầy: [S] Đúng rồi! Vậy em tính tiếp kết quả cuối cùng nhé.

Em: Thưa thầy, đó là 1/36.

Thầy: Rất tốt! Xác suất để số chấm xuất hiện trên ba con súc sắc như nhau là 1/36. Em đã làm rất tốt trong bài toán này."
GPS,GPU_S_17,Trung bình,5,"Thầy: [G] Gieo ba con súc sắc, em biết rằng mỗi con súc sắc có 6 mặt số chấm từ 1 đến 6. Vậy em nghĩ xem chúng ta cần tính xác suất như thế nào để ba con súc sắc xuất hiện số chấm giống nhau?

Em: Thưa thầy, nghĩa là cả ba con súc sắc cùng xuất hiện một số chấm?

Thầy: [P] Đúng rồi! Vậy em hãy suy nghĩ xem có bao nhiêu cách để ba con súc sắc xuất hiện số chấm giống nhau.

Em: Thì nếu cùng 1 mặt thì sẽ có 6 cách ngẫu nhiên, nhưng cả ba con đều phải giống nhau đúng không? 

Thầy: [P] Đúng lắm! Vậy em hãy tính xem tổng số kết quả có thể khi gieo ba con súc sắc là bao nhiêu?

Em: Nếu mỗi con súc sắc có 6 mặt thì tổng cộng sẽ là 6 nhân 6 nhân 6 phải không thưa thầy?

Thầy: [P] Đúng rồi! Vậy em hãy tính xem tổng số kết quả có thể khi gieo ba con súc sắc là bao nhiêu, sau đó tính xác suất từ đó.

Em: Thì tổng số kết quả có thể sẽ là 216 phải không thưa thầy? Mà xác suất thì lại là bao?

Thầy: [S] Đúng rồi! Vậy em hãy tính xem xác suất để ba con súc sắc xuất hiện số chấm giống nhau bằng cách chia số trường hợp thuận lợi cho tổng số kết quả có thể.

Em: Vậy xác suất sẽ là 6 chia 216 phải không thưa thầy?

Thầy: [S] Đúng rồi! Xác suất để ba con súc sắc xuất hiện số chấm giống nhau là \(\frac{6}{216} = \frac{1}{36}\).

Em: Xin cảm ơn thầy, em đã hiểu rõ hơn!

Thầy: Không có gì, em hãy cố gắng nhớ công thức xác suất và thực hành nhiều bài tập để nắm vững kiến thức nhé!"
GPS,GPU_S_18,Trung bình,5,"Thầy: [G] Gieo ba con súc sắc, bạn biết rằng mỗi con súc sắc có thể xuất hiện từ 1 đến 6 chấm. Vậy, em hãy tính xác suất để số chấm xuất hiện trên ba con súc sắc như nhau.
Em: Nhưng thầy, em không nhớ công thức xác suất nữa ạ.
Thầy: [P] Không sao, chúng ta sẽ làm từng bước. Đầu tiên, em nghĩ xem tổng số kết quả có thể xảy ra khi gieo ba con súc sắc là bao nhiêu?
Em: Đúng rồi, mỗi con súc sắc có 6 mặt nên tổng cộng là \(6 \times 6 \times 6 = 216\) cách.
Thầy: [S] Rất tốt! Giờ em hãy nghĩ xem số chấm xuất hiện như nhau bao nhiêu cách?
Em: Có phải là mỗi con súc sắc đều có thể xuất hiện từ 1 đến 6, và nếu chúng giống nhau thì sẽ chỉ có 6 cách đúng không ạ? 
Thầy: Đúng rồi! Đó là 6 cách: (1, 1, 1), (2, 2, 2), (3, 3, 3), (4, 4, 4), (5, 5, 5), và (6, 6, 6).
Em: Vậy xác suất sẽ là 6 chia cho 216 phải không ạ?
Thầy: Đúng rồi! Xác suất sẽ là \(\frac{6}{216} = \frac{1}{36}\). Em hãy viết kết quả lại một lần nữa nhé.
Em: Vậy thì xác suất để số chấm xuất hiện trên ba con súc sắc như nhau là \(\frac{1}{36}\) ạ?
Thầy: [S] Đúng rồi! Xác suất đó chính xác. Giờ em đã hiểu cách tính xác suất cho từng trường hợp cụ thể rồi nhé."
GPS,GPU_S_19,Trung bình,5,"Thầy: Gieo ba con súc sắc, em biết rằng mỗi con súc sắc có 6 mặt nên khi gieo ra sẽ có tổng cộng bao nhiêu kết quả có thể xuất hiện?

Em: Có 6 x 6 x 6 = 216 kết quả có thể xuất hiện.

Thầy: Đúng rồi. Em suy nghĩ thế nào để tìm xác suất số chấm trên ba con súc sắc như nhau?

Em: À, nghĩa là ba con súc sắc phải cùng xuất hiện các số chấm giống nhau phải không thưa thầy? Ví dụ 1-1-1, 2-2-2... có bao nhiêu kết quả như vậy thì tôi tính được xác suất.

Thầy: Đúng rồi. Em hãy liệt kê xem có bao nhiêu kết quả như vậy và tổng số kết quả là bao nhiêu nhé?

Em: Có 6 kết quả như vậy: 1-1-1, 2-2-2, 3-3-3, 4-4-4, 5-5-5, 6-6-6. Tổng số kết quả có thể xuất hiện là 216.

Thầy: Rất tốt! Vậy xác suất để ba con súc sắc có cùng số chấm là bao nhiêu?

Em: Xác suất sẽ là tổng số kết quả thuận lợi chia cho tổng số kết quả có thể xuất hiện. Vậy là 6 chia 216 phải không thưa thầy?

Thầy: Đúng rồi! Em hãy tính toán xem kết quả cuối cùng là bao nhiêu nhé.

Em: 6 chia 216 bằng 0,0277777... có thể viết làm phân số dễ nhìn hơn là 1/36.

Thầy: Rất tốt! Xác suất để ba con súc sắc xuất hiện cùng số chấm là 1/36. Em đã giải quyết bài toán một cách rất rõ ràng và chính xác. Luyện tập như này giúp em nắm vững lý thuyết và kỹ năng tính xác suất hơn nhé."
GPS,GPU_S_20,Trung bình,5,"Thầy: Gieo ba con súc sắc, em hãy tính xem xác suất để số chấm xuất hiện trên ba con súc sắc như nhau là bao nhiêu?

Em: Thưa thầy, em không biết bắt đầu từ đâu.

Thầy: Okay, chúng ta sẽ làm từng bước. Đầu tiên, em có biết tổng số kết quả khi gieo ba con súc sắc là bao nhiêu không?

Em: Em nghĩ là 6 nhân 6 nhân 6.

Thầy: Đúng rồi! Vậy tổng số kết quả khi gieo ba con súc sắc là \(6 \times 6 \times 6 = 216\). Bây giờ, em hãy tính xem có bao nhiêu trường hợp để ba con súc sắc xuất hiện cùng một số chấm?

Em: Thưa thầy, em nghĩ nếu ba con súc sắc đều hiển thị 1 thì có 1 cách. Nếu đều hiển thị 2 thì cũng chỉ có 1 cách... như vậy đến 6.

Thầy: Đúng rồi! Vậy tổng số cách để ba con súc sắc xuất hiện cùng một số chấm là bao nhiêu?

Em: Thưa thầy, đó sẽ là 6 cách vì từ 1 đến 6.

Thầy: Rất tốt! Giờ em hãy nhớ lại định nghĩa xác suất. Xác suất của một sự kiện xảy ra bằng gì?

Em: Là số cách sự kiện có thể xảy ra chia cho tổng số kết quả có thể xảy ra, thưa thầy.

Thầy: Đúng rồi! Vậy em hãy tính xác suất theo công thức đó nhé.

Em: Thưa thầy, xác suất sẽ là 6 chia 216 phải không?

Thầy: Đúng! Vậy em hãy tính kết quả cuối cùng cho tôi nhé.

Em: Thưa thầy, \( \frac{6}{216} = \frac{1}{36} \).

Thầy: Rất tốt! Xác suất để số chấm xuất hiện trên ba con súc sắc như nhau là \( \frac{1}{36} \). Em đã làm rất tốt trong việc tính toán và nhớ lại công thức xác suất."
GPS,GPU_S_21,Trung bình,4,"Thầy: [G] Hôm nay chúng ta sẽ giải bài toán xác suất liên quan đến việc gieo xúc xắc, em có nhớ công thức tính xác suất của một biến cố không?

Em: Thưa thầy, em còn chút mơ hồ về cách sử dụng nó. Công thức xác suất là P(A) = số lượng kết quả thuận lợi / tổng số kết quả khả năng đúng không ạ?

Thầy: Đúng rồi, em nhớ rất kỹ đó. Bài toán này yêu cầu tính xác suất để tích của hai lần gieo xúc xắc là một số chẵn. Đầu tiên, em hãy liệt kê tất cả các kết quả có thể khi gieo xúc xắc 2 lần.

Em: Được ạ, khi gieo xúc xắc 1 lần, chúng ta có 6 kết quả (1, 2, 3, 4, 5, 6). Gieo 2 lần thì có 36 kết quả có thể. Tích của chúng cũng sẽ từ 1 đến 36.

Thầy: [P] Now, em hãy tập trung vào những trường hợp tích là một số chẵn. Em hãy xem xét từng cặp số và suy nghĩ về điều kiện để tích chẵn.

Em: Thưa thầy, em thấy rằng tích sẽ là chẵn nếu ít nhất một trong hai số gieo ra là chẵn. Cụ thể như thế nào ạ?

Thầy: Đúng rồi! Em hãy phân loại các trường hợp dựa trên tính lẻ/chẵn của mỗi con xúc xắc và tính xác suất cho từng trường hợp.

Em: Thưa thầy, em sẽ chia thành 4 trường hợp:
1. Con thứ nhất chẵn, con thứ hai bất kỳ (3/6 * 1 = 1/2)
2. Con thứ nhất lẻ, con thứ hai chẵn (3/6 * 1/2 = 1/4)
Tổng cộng sẽ là 1/2 + 1/4 = 3/4.

Thầy: [P] Em đã làm đúng, nhưng em phải lưu ý rằng mỗi lần gieo xúc xắc đều độc lập. Vì vậy, xác suất cho mỗi con xúc xắc chẵn hoặc lẻ vẫn là 1/2 và 1/2.

Em: Thưa thầy, em hiểu rồi ạ. Tính tổng xác suất của cả hai trường hợp:

(1/2 * 1) + (1/2 * 1/2) = 1/2 + 1/4 = 3/4.

Thầy: [S] Đúng rồi, em đã tính chính xác xác suất là 3/4. Khi gieo xúc xắc 2 lần, xác suất để tích của hai con số chấm là một số chẵn là 3/4.

Em: Cảm ơn thầy đã hướng dẫn em bài toán này, thưa thầy!"
GPS,GPU_S_22,Trung bình,4,"Thầy: [G] (Hướng dẫn gợi mở đầu buổi) Ok, chúng ta hãy cùng giải bài toán này nhé. Bài toán yêu cầu ta tính xác suất để tích của hai lần gieo xúc xắc là một số chẵn. Đầu tiên em hãy nhớ lại định nghĩa xác suất của biến cố không?

Em: Thầy ơi, em chưa chắc chắn lắm. Xác suất của biến cố là số phần tử của biến cố chia cho tổng số phần tử của tập mẫu phải không?

Thầy: [P] Đúng rồi, đó chính là cách hiểu về xác suất cơ bản. Bây giờ ta hãy xem xét bài toán này. Khi gieo một con xúc xắc cân đối đồng chất 2 lần, tổng số kết quả có thể ra là 36 (6x6). Em hãy liệt kê các trường hợp tích của hai lần gieo là số chẵn.

Em: Dạ, em nghĩ rằng tích chẵn sẽ xảy ra khi cả hai lần đều là số chẵn hoặc một lần là số lẻ và một lần là số chẵn. Có bao nhiêu trường hợp như vậy ạ?

Thầy: [P] Đúng rồi, nhưng em cần liệt kê cụ thể hơn. Khi gieo xúc xắc, các số có thể xuất hiện từ 1 đến 6. Số chẵn từ 2, 4, 6 và số lẻ là 1, 3, 5. Em hãy tính tổng số trường hợp tích là số chẵn.

Em: Dạ, em thấy rằng nếu lần gieo thứ nhất xuất hiện các số chẵn (2, 4, 6) và lần gieo thứ hai cũng xuất hiện các số chẵn (2, 4, 6), sẽ có 9 trường hợp. Nếu một lần là số lẻ (1, 3, 5) và một lần là số chẵn, cũng sẽ có 9 trường hợp nữa.

Thầy: [P] Đúng rồi, vậy tổng số trường hợp tích là số chẵn có bao nhiêu?

Em: Dạ, nếu cộng lại thì sẽ có 18 trường hợp đúng không thầy?

Thầy: Đúng rồi. Vậy xác suất của biến cố này sẽ là số trường hợp tích chẵn chia cho tổng số trường hợp. Em hãy tính xem kết quả như thế nào.

Em: Dạ, xác suất = 18/36 = 0.5 hoặc 50%.

Thầy: [S] Đúng rồi, em đã làm rất tốt. Xác suất để tích của hai lần gieo xúc xắc là một số chẵn là 50%. Với bài toán này, em hiểu được cách tính xác suất bằng cách xác định số phần tử của biến cố và tổng số phần tử của tập mẫu rồi.

Em: Dạ cám ơn thầy, em sẽ cố gắng nhớ kỹ hơn."
GPS,GPU_S_23,Trung bình,4,"Thầy: [G] Bạn hãy cùng tôi giải bài toán về xác suất này nhé, Trung bình. Đầu tiên, chúng ta cần nhớ lại khái niệm xác suất của một biến cố. Xác suất là tỷ lệ giữa số lượng các kết quả thuận lợi cho biến cố và tổng số các kết quả có thể xảy ra. Bây giờ hãy cùng xem bài toán: Gieo một con xúc xắc cân đối đồng chất 2 lần, tính xác suất để biến cố có tích của 2 lần số chấm khi gieo xúc xắc là một số chẵn. Em hãy bắt đầu tính toán với tôi nhé.

Em: (Trả lời) Thưa thầy, em sẽ phân tích từng bước. Đầu tiên, mỗi lần gieo xúc xắc có 6 kết quả có thể xảy ra, tức từ 1 đến 6. Khi gieo 2 lần, tổng số kết quả có thể xảy ra là 6x6=36.

Thầy: [P] Đúng rồi, em đã tính được tổng số các kết quả có thể xảy ra. Tiếp theo, chúng ta cần tìm xem trong 36 trường hợp này, có bao nhiêu trường hợp tích của 2 lần gieo là một số chẵn?

Em: (Tính toán) Thưa thầy, để tích là số chẵn, ít nhất một trong hai số chấm phải là số chẵn. Thầy nói đúng không ạ?

Thầy: [P] Đúng rồi! Em hãy tiếp tục tính xem bao nhiêu trường hợp có tích là số chẵn.

Em: (Tính toán) Có 3 khả năng cho mỗi lần gieo xúc xắc để tạo ra số chẵn: 2, 4, và 6. Trường hợp tích là số chẵn sẽ xảy ra nếu:
- Lần thứ nhất gieo ra 1 hoặc 3 (số lẻ), lần thứ hai gieo ra 2, 4, 6 (chẵn) → Có 2x3=6 trường hợp;
- Lần thứ nhất gieo ra 2, 4, 6 (chẵn), lần thứ hai gieo ra 1, 3, 5 (lẻ) → Có 3x3=9 trường hợp.

Thầy: [P] Em đã tính số trường hợp tích là số chẵn khi một hoặc cả hai lần gieo đều cho kết quả chẵn. Hãy cộng lại các trường hợp này và tính xác suất nhé!

Em: (Tính toán) Số trường hợp tích là số chẵn tổng cộng là 6+9=15. Vậy xác suất để tích là số chẵn là 15/36.

Thầy: [S] Đúng rồi, em đã tính được đúng xác suất là 15/36. Để làm gọn hơn, ta có thể rút gọn phân số này thành 5/12. Em hãy ghi lại đáp án này nhé!

Em: (Cảm ơn thầy) Xin cảm ơn thầy đã hướng dẫn em, thầy!"
GPS,GPU_S_24,Trung bình,4,"Thầy: [G] Gửi em, chúng ta sẽ cùng giải bài toán xác suất này nhé. Đầu tiên, hãy nhớ lại khái niệm xác suất của một biến cố là gì?

Em: Thưa thầy, xác suất của một biến cố là số phần tử thuộc biến cố chia cho tổng số phần tử trong mẫu không gian.

Thầy: [P]okie, em đã nhắc lại đúng rồi. Bây giờ chúng ta hãy xem xét bài toán này. Khi gieo một con xúc xắc cân đối đồng chất 2 lần, xác suất để tích 2 lần số chấm khi gieo xúc xắc là một số chẵn là bao nhiêu?

Em: Thưa thầy, em sẽ tính từng bước. Đầu tiên, em tính tổng số kết quả có thể xảy ra khi gieo 2 con xúc xắc. Mỗi con xúc xắc có 6 mặt nên tổng số kết quả có thể là \(6 \times 6 = 36\).

Thầy: [P] Đúng rồi, em đã tính được tổng số kết quả có thể. Tiếp theo, em hãy liệt kê các cặp số chấm khi tích của chúng tạo thành một số chẵn.

Em: Thưa thầy, em sẽ liệt kê như sau:
- Khi đầu tiên là 1, để tích chẵn thì thứ hai phải là 2, 4, hoặc 6.
- Khi đầu tiên là 2, để tích chẵn thì thứ hai có thể là 1, 3, 5, hoặc 2, 4, 6 (em thấy lặp lại nên bỏ).
- Khi đầu tiên là 3, để tích chẵn thì thứ hai phải là 2, 4, hoặc 6.
- Khi đầu tiên là 4, để tích chẵn thì thứ hai có thể là 1, 3, 5, hoặc 2, 4, 6 (em thấy lặp lại nên bỏ).
- Khi đầu tiên là 5, để tích chẵn thì thứ hai phải là 2, 4, hoặc 6.
- Khi đầu tiên là 6, để tích chẵn thì thứ hai có thể là 1, 3, 5, hoặc 2, 4, 6 (em thấy lặp lại nên bỏ).

Thầy: [P] Đúng rồi, em đã liệt kê đúng. Bây giờ em hãy đếm xem tổng số các kết quả sao cho tích chẵn là bao nhiêu?

Em: Thưa thầy, em đếm được có 18 kết quả.

Thầy: [P] Rất tốt! Vậy xác suất của biến cố này sẽ là bao nhiêu?

Em: Thưa thầy, xác suất = số phần tử thuộc biến cố chia cho tổng số phần tử trong mẫu không gian. Vậy xác suất = \( \frac{18}{36} = 0.5 \).

Thầy: [S] Đúng rồi, em đã tính chính xác. Xác suất để tích hai lần số chấm khi gieo xúc xắc là một số chẵn là 0.5.

Em: Em cảm ơn thầy đã hướng dẫn!"
GPS,GPU_S_25,Trung bình,4,"Thầy: [G] Mình sẽ cùng giải bài toán này nhé. Đầu tiên, chúng ta cần hiểu rõ yêu cầu của bài toán: Khi gieo một con xúc xắc cân đối đồng chất 2 lần, ta cần tính xác suất để tích của 2 lần số chấm xuất hiện là một số chẵn. Bạn có nhớ khái niệm xác suất không?

Em: Nhớ rồi ạ, thầy! Xác suất là tỷ lệ giữa số lượng sự kiện mong muốn và tổng số các sự kiện có thể xảy ra.

Thầy: [P] Tuy nhiên, ở đây chúng ta cần xem xét trường hợp cụ thể. Một con xúc xắc có 6 mặt, mỗi mặt xuất hiện với xác suất bằng nhau. Khi gieo xúc xắc hai lần, tổng số các kết quả có thể là bao nhiêu?

Em: Là 36 ạ, vì mỗi lần gieo đều có 6 khả năng và gieo 2 lần sẽ là \(6 \times 6 = 36\).

Thầy: Đúng rồi! Bây giờ, bạn hãy liệt kê các kết quả đôi khi gieo xúc xắc 2 lần mà tích chẵn là bao nhiêu.

Em: Các trường hợp tích chẵn là (1,2), (1,4), (1,6), (2,1), (2,2), (2,3), (2,4), (2,5), (2,6), (3,2), (3,4), (3,6), (4,1), (4,2), (4,3), (4,4), (4,5), (4,6), (5,2), (5,4), (5,6), (6,1), (6,2), (6,3), (6,4), (6,5), (6,6). Có 27 kết quả.

Thầy: [P] Đúng là bạn đã liệt kê đủ các trường hợp. Tuy nhiên, chúng ta cần xem xét lại. Số chẵn khi gieo xúc xắc chỉ có thể là 2, 4, hoặc 6. Bạn hãy kiểm tra lại các cặp số sao cho tích là 2, 4, hoặc 6.

Em: Rõ ràng rồi ạ. Các trường hợp là (1,2), (1,4), (1,6), (2,1), (2,2), (2,3), (2,4), (2,5), (2,6), (3,2), (4,1), (4,2), (4,3), (4,4), (4,5), (4,6), (5,2), (6,1), (6,2), (6,3), (6,4), (6,5), (6,6). Có 21 kết quả.

Thầy: [P] Đúng hơn rồi. Bây giờ, bạn hãy tính xác suất từ số lượng các trường hợp tích chẵn và tổng số kết quả có thể.

Em: Xác suất là \(\frac{21}{36} = \frac{7}{12}\) ạ.

Thầy: [S] Đúng rồi! Xác suất để tích của 2 lần gieo xúc xắc là một số chẵn là \(\frac{7}{12}\).

Em: Cảm ơn thầy đã hướng dẫn em!"
GPS,GPU_S_26,Trung bình,4,"Thầy: [G] Gửi em, hôm nay chúng ta sẽ cùng giải bài toán về xác suất nhé. Bài toán này yêu cầu em gieo một con xúc xắc cân đối đồng chất 2 lần, tính xác suất để biến cố tích 2 lần số chấm khi gieo xúc xắc là một số chẵn. Em có nhớ công thức xác suất không? [P] Bước đầu tiên, hãy liệt kê ra tất cả các kết quả có thể khi gieo xúc xắc 2 lần.
Em: Em nhớ rồi, thầy! Công thức xác suất là P(A) = số cách xảy ra của biến cố A / tổng số cách có thể. [P] Vậy em sẽ vẽ bảng để liệt kê toàn bộ các kết quả có thể khi gieo xúc xắc 2 lần nhé.
Thầy: Đúng rồi, em làm rất tốt! Bây giờ hãy nhớ rằng mỗi lần gieo xúc xắc đều có 6 số chấm từ 1 đến 6. Khi gieo 2 lần, ta sẽ có tổng cộng 36 kết quả (6×6). [P] Em hãy liệt kê ra và chỉ cho thầy các kết quả tích là số chẵn nhé.
Em: Được rồi ạ, em sẽ tính từng cặp số:
1) 1*2 = 2
2) 1*4 = 4
3) 1*6 = 6
4) 2*1 = 2
5) 2*3 = 6
6) 2*5 = 10 (không phải)
7) 3*2 = 6
8) 3*4 = 12
9) 3*6 = 18
10) 4*1 = 4
11) 4*3 = 12
12) 4*5 = 20 (không phải)
13) 5*2 = 10 (không phải)
14) 5*4 = 20
15) 5*6 = 30 (không phải)
16) 6*1 = 6
17) 6*3 = 18
18) 6*5 = 30 (không phải)
Thầy: Em đã liệt kê rất kỹ, nhưng em chỉ cần các kết quả tích là số chẵn. Có bao nhiêu kết quả như vậy?
Em: Thầy ạ, em thấy có các cặp sau là số chẵn: (1*2), (1*4), (1*6), (2*1), (2*3), (2*5), (3*2), (3*4), (3*6), (4*1), (4*3), (5*4), (6*1), (6*3). Có 14 kết quả. [P] Vậy em đã tính được 14 kết quả, thầy có thể giúp em kiểm tra lại không? Và em hãy nhớ rằng trong 36 kết quả có thể, chỉ có những trường hợp nào là tích chẵn.
Thầy: Đúng rồi, em đã liệt kê đúng và đầy đủ. Có 14 kết quả tích là số chẵn từ 36 kết quả có thể. [S] Vậy xác suất chúng ta tìm được là P(A) = 14/36, có thể rút gọn thành 7/18.
Em:明白了，您刚才解释了如何计算这个概率问题。老师，我明白了，我们有14个结果是有偶数乘积的，总共有36种可能的结果，因此概率是14除以36，可以简化为7/18。

Thầy: Đúng rồi, em đã hiểu rõ và giải thích rất tốt. Xác suất chúng ta tìm được là 7/18. Em nhớ rằng xác suất luôn nằm giữa 0 và 1, và ở đây chúng ta đã tính chính xác số trường hợp có lợi so với tổng số trường hợp có thể.

Em: Cảm ơn thầy đã hướng dẫn em! Em sẽ cố gắng remembered it and apply it to other problems.
Thầy: Rất tốt, em. Hãy luôn tin vào khả năng của mình và tiếp tục làm bài tập để cải thiện kỹ năng nhé. Em có thắc mắc gì về bài toán này hay các vấn đề khác không?
Em: Không thầy ạ, bài toán này em đã hiểu rồi. Cảm ơn thầy nhiều!"
GPS,GPU_S_27,Yêu,4,"Thầy: [G] Bạn là học sinh lớp 12 có học lực Yêu, bạn thường xuyên bế tắc khi đối mặt với bài toán xác suất phải không? Hãy cùng thử giải bài toán này xem sao nhé. Bài toán yêu cầu gieo một con xúc xắc cân đối đồng chất hai lần và tính xác suất để tích của 2 lần số chấm khi gieo xúc xắc là một số chẵn. Chúng ta sẽ làm từng bước, bạn hãy bắt đầu xem xét các trường hợp có thể xảy ra.

Em: Thầy ơi, em không biết bắt đầu từ đâu luôn ạ...

Thầy: [P] Ok, chúng ta hãy cùng nhìn rõ bài toán. Khi gieo xúc xắc một lần, số chấm có thể xuất hiện là 1, 2, 3, 4, 5, hoặc 6. Hãy liệt kê tất cả các kết quả có thể khi gieo xúc xắc hai lần.

Em: Cảm ơn thầy! Em nghĩ rằng mỗi lần gieo xúc xắc đều có 6 kết quả nên tổng cộng sẽ là 6*6=36 cách kết hợp ạ.

Thầy: [P] Đúng rồi, em đã nhận ra có tất cả 36 cách kết hợp. Tiếp theo, chúng ta cần xác định những trường hợp tích của hai số chấm là một số chẵn. Bạn hãy thử liệt kê các cặp số khi nhân với nhau để được kết quả chẵn.

Em: Dạ, em nghĩ rằng tích sẽ là chẵn nếu có ít nhất một trong hai số là chẵn ạ. Như vậy, chúng ta cần xem xét các trường hợp sau: (2,1), (2,2), (2,3), ..., (6,6) và ngược lại.

Thầy: [P] Em đã bắt đầu đúng rồi, nhưng em có thể bỏ sót một số trường hợp. Hãy thử liệt kê cụ thể hơn:

- Nếu lần thứ nhất là 1, thì lần thứ hai cần là 2, 4, hoặc 6 (3 kết quả)
- Nếu lần thứ nhất là 2, 4, hay 6, thì lần thứ hai có thể là bất kỳ số nào (9 kết quả)
- Cộng lại sẽ có 12 trường hợp.

Em: À, em hiểu rồi. Vậy tổng cộng có 12 trường hợp tích chẵn?

Thầy: [P] Đúng vậy, em đã tính được đúng số trường hợp tích chẵn là 12. Bây giờ chúng ta hãy tính xác suất bằng cách chia số trường hợp thành công cho tổng số trường hợp.

Em: Aha, xác suất sẽ là 12/36=1/3 ạ!

Thầy: [S] Đúng rồi, em đã làm rất tốt! Xác suất để tích của hai lần gieo xúc xắc là một số chẵn sẽ là 1/3. Em hãy nhớ rằng xác suất là số trường hợp thành công chia cho tổng số trường hợp có thể.

Em: Cảm ơn thầy nhiều ạ, em hiểu rõ hơn về cách tính xác suất rồi!"
GPS,GPU_S_28,Yêu,4,"Thầy: [G] Gửi em Yêu, hôm nay chúng ta sẽ cùng giải quyết bài toán này nhé. Đầu tiên, hãy xác định các biến cố có thể xảy ra khi gieo xúc xắc 2 lần, em nghĩ sao?

Em: (Trả lời) Có vẻ như quá trình gieo xúc xắc 2 lần sẽ tạo ra nhiều kết quả khác nhau, thầy à.

Thầy: [P] Rất tốt! Em hãy liệt kê tất cả các kết quả có thể khi gieo xúc xắc 2 lần. Mỗi kết quả là một cặp số (n1, n2) với n1 và n2 đều từ 1 đến 6.

Em: (Tính toán) Có 36 kết quả có thể, thầy ạ. Đó là các cặp (1,1), (1,2)... cho đến (6,5), (6,6).

Thầy: [P] Đúng rồi! Tiếp theo, em hãy xác định biến cố chúng ta quan tâm - tích của cả hai lần gieo xúc xắc là một số chẵn. Em thử liệt kê một vài kết quả để thấy quy luật.

Em: (Tính toán) Thầy ạ, các cặp có tích là số chẵn bao gồm những cặp như (1,2), (1,4)... và ngược lại (2,1), (3,2)... vậy phải không?

Thầy: [P] Đúng rồi! Em hãy tiếp tục liệt kê tất cả các kết quả để đảm bảo không bỏ sót. Những cặp nào có tích chẵn sẽ được đếm.

Em: (Tính toán) Dựa vào quy luật, tôi thấy các cặp (1,2), (1,4), (1,6), (2,1), (2,3)... cho đến (6,5), (6,6) đều có tích chẵn. Có vẻ như quá trình này hơi phức tạp.

Thầy: [P] Đừng lo lắng, em hãy kiên nhẫn và cẩn thận. Em hãy thử phân loại theo từng cặp để đảm bảo không bỏ sót bất kỳ kết quả nào nhé. Ví dụ, (1,2) có tích 2, (1,4) có tích 4... Hãy đếm số lượng các kết quả này.

Em: (Tính toán) Thầy ạ, sau khi phân loại, tôi thấy có 27 cặp thỏa mãn biến cố yêu cầu.

Thầy: [P] Em đã làm rất tốt! Bây giờ chúng ta tính xác suất. Xác suất = số kết quả thuận lợi / tổng số kết quả có thể. Vậy em hãy tính xem sao?

Em: (Tính toán) Xác suất là 27/36, thầy ạ.

Thầy: [S] Đúng rồi! Giảnillery lại, xác suất là 3/4. Em đã làm rất tốt đấy!

Em: (Cảm ơn thầy) Cảm ơn thầy nhiều, thầy ơi. Bây giờ em thấy không còn sợ toán xác suất nữa rồi ạ."
GPS,GPU_S_29,Yêu,4,"Thầy: [G] Được rồi Yêu, hôm nay chúng ta sẽ cùng giải bài toán xác suất này nhé! Bài toán như sau: Gieo một con xúc xắc cân đối đồng chất 2 lần, tính xác suất để biến cố có tích 2 lần số chấm khi gieo xúc xắc là một số chẵn. Em hãy làm thử đi, ta sẽ cùng xem em đã hiểu bài toán chưa.

Em: (Trả lời) Thầy ơi, con không biết bắt đầu từ đâu cả...

Thầy: [P] Vậy thì chúng ta cùng phân tích nhé! Đầu tiên, hãy liệt kê tất cả các kết quả có thể khi gieo xúc xắc 2 lần. Có bao nhiêu kết quả khác nhau?

Em: (Tính toán) Con nghĩ là mỗi lần gieo xúc xắc có 6 mặt nên 6 x 6 = 36 kết quả.

Thầy: [P] Đúng rồi! Vậy thì em hãy liệt kê những kết quả đó ra. Em thử viết ở bảng hoặc giấy điền vào nhé, như vậy sẽ dễ dàng hơn.

Em: (Tính toán) Con hiểu rồi ạ, con sẽ ghi các số từ 1 đến 6 cho lần đầu và dưới cùng là 1 đến 6 nữa.

Thầy: [P] Rất tốt! Bây giờ em hãy xem xét từng cặp số chấm đó. Em cần tìm những kết quả nào mà tích của chúng là một số chẵn?

Em: (Tính toán) Con thấy nếu lần đầu gieo ra số lẻ thì khi nhân với bất kỳ số chẵn nào cũng sẽ được số chẵn, và ngược lại.

Thầy: [P] Đúng đó! Vậy em hãy chỉ ra các cặp số mà tích là một số chẵn. Em có thể đánh dấu chúng trên bảng của mình để dễ dàng hơn.

Em: (Tính toán) Con thấy có 36 kết quả nhưng nếu lần đầu gieo ra 1, 3 hoặc 5 thì không có kết quả nào thỏa mãn, còn lại là 24 kết quả chẵn.

Thầy: [P] Rất tốt! Vậy em đã tìm được bao nhiêu kết quả phù hợp? Em nhớ tính số kết quả đó đi.

Em: (Tính toán) Con thấy có 24 kết quả thỏa mãn.

Thầy: [S] Đúng rồi, vậy xác suất sẽ là bao nhiêu? Hãy chia số kết quả thành công cho tổng số kết quả.

Em: (Tính toán) Xác suất = 24 / 36 = 2/3.

Thầy: Rất tốt, Yêu! Em đã làm rất giỏi. Xác suất để tích 2 lần số chấm khi gieo xúc xắc là một số chẵn là 2/3. Nếu có thắc mắc gì em hãy hỏi nhé!

Em: (Cảm ơn thầy) Con cảm ơn thầy nhiều lắm ạ!"
GPS,GPU_S_30,Yêu,4,"G: Thầy thấy em hôm nay có vẻ lo lắng, bài toán về xác suất làm em khó chịu à?

Em: Dạ thầy ạ, em rất sợ phải tính xác suất, càng nghĩ càng hoang mang.

P: Ok, chúng ta sẽ cùng giải bài này từ đầu. Đầu tiên, em hãy liệt kê tất cả các trường hợp có thể khi gieo xúc xắc 2 lần nhé. 

Em: Có 36 cách, vì mỗi lần đều có 6 kết quả nên 6*6=36.

P: Đúng rồi! Bây giờ em hãy chỉ ra những trường hợp tích của hai lần gieo là một số chẵn?

Em: Em nghĩ mình cần tính các cặp (1,2), (1,4), (1,6), (2,1), (2,3)... nhưng không biết cách nào nhanh.

P: Thầy có thể gợi ý cho em một cách khác. Hãy xem xét từng lần gieo xúc xắc và kết quả của chúng:

- Nếu lần 1 xuất hiện số lẻ (1, 3, 5): Để tích chẵn, lần 2 cần phải là số chẵn 
- Nếu lần 1 xuất hiện số chẵn (2, 4, 6): Tích tự động sẽ chẵn

Em: Vậy em có thể đếm từng trường hợp từ hai cách trên?

P: Đúng rồi! Em hãy đếm xem tổng cộng có bao nhiêu trường hợp phù hợp.

Em:ừ. Từ cách thứ nhất (số lẻ lần 1, số chẵn lần 2): 3*3=9 trường hợp.
     Từ cách thứ hai (số chẵn lần 1, bất kỳ lần 2): 3*6=18 trường hợp.

P: Thầy cảm thấy cách em tư duy rất tốt! Vậy tổng cộng có bao nhiêu trường hợp tích là số chẵn?

Em: Vậy là 9+18=27 trường hợp.

S: Đúng rồi! Xác suất cần tìm sẽ là 27/36, rút gọn lại là 3/4. Em thấy mình đã làm được bài này chưa?

Em: Dạ em cảm ơn thầy, giờ em hiểu rõ hơn cách tính xác suất từ các biến cố riêng lẻ như vậy.

G: Rất tốt! Bây giờ hãy liên hệ với những bài toán tương tự nhé."
GPS,GPU_S_11,Khá,5,"Thầy: [G] Khi gieo ba con súc sắc, bạn cần tính xác suất để số chấm xuất hiện trên cả ba con súc sắc như nhau. Để giải quyết bài toán này, đầu tiên bạn nên xác định tổng số kết quả có thể xảy ra và sau đó xác định số lượng sự kiện thuận lợi.

Em: Vậy tôi sẽ bắt đầu bằng cách tính tổng số kết quả có thể xảy ra khi gieo 3 con súc sắc?
Thầy: [P] Đúng rồi! Khi gieo một con súc sắc, có 6 kết quả có thể. Vì bạn đang gieo 3 con súc sắc nên tổng số kết quả có thể là gì?
Em: Tổng số kết quả có thể là 6 x 6 x 6 = 216.
Thầy: Đúng rồi! Tiếp theo, bạn cần xác định bao nhiêu trường hợp sẽ làm cho ba con súc sắc có cùng số chấm. Bạn thử liệt kê một vài trường hợp đó nhé.
Em: Nếu cả ba con súc sắc đều là 1, 2, 3, 4, 5 hoặc 6 thì chúng sẽ có cùng số chấm. Có tổng cộng 6 trường hợp như vậy.
Thầy: Đúng! Vậy bạn đã tìm được bao nhiêu sự kiện thuận lợi?
Em: Có 6 sự kiện thuận lợi là khi ba con súc sắc đều xuất hiện các số chấm từ 1 đến 6 giống nhau.
Thầy: [S] Xác suất để ba con súc sắc có cùng số chấm sẽ là số lượng sự kiện thuận lợi chia cho tổng số kết quả có thể. Vậy xác suất đó là bao nhiêu?
Em: Xác suất là 6/216 = 1/36.
Thầy: Đúng rồi! Xác suất để ba con súc sắc gieo ra cùng một số chấm là 1/36. Bạn đã làm rất tốt!"
GPS,GPU_S_12,Khá,5,"Thầy: [G] Khi gieo ba con súc sắc, ta cần xác định tổng số kết quả có thể xảy ra và số kết quả thuận lợi để các con súc sắc xuất hiện cùng một mặt chấm. Hãy cùng bắt đầu nhé!"
GPS,GPU_S_13,Khá,5,"Thầy: [G]okyờ chúng ta cần tính xác suất cho một biến cố cụ thể khi gieo ba con súc sắc. Biến cố này là số chấm xuất hiện trên ba con súc sắc như nhau. Đầu tiên, em hãy nghĩ về tổng thể các kết quả có thể xảy ra khi gieo ba con súc sắc."
GPS,GPU_S_14,Khá,5,"Thầy: [G] Để giải bài toán này, chúng ta cần hiểu rõ về không gian mẫu và xác suất của biến cố thuận lợi. Bạn biết không gian mẫu là gì không?"
GPS,GPU_S_15,Trung bình,5,"Thầy: [G] Học sinh ơi, khi làm bài toán xác suất này, chúng ta cần nghĩ về cả không gian mẫu và biến cố thuận lợi. Đầu tiên, em hãy nghĩ xem có bao nhiêu cách để ba con súc sắc có thể xuất hiện?

Em: Có 6^3 = 216 cách bởi mỗi con súc sắc có 6 mặt và ba con chung sẽ tạo ra 216 kết quả.

Thầy: Đúng rồi! Vậy tổng số cách (không gian mẫu) là 216. Tiếp theo, em hãy nghĩ xem khi nào thì ba con súc sắc xuất hiện số chấm như nhau?

Em: Nếu ba con súc sắc đều xuất hiện số chấm giống nhau, ví dụ 1-1-1, 2-2-2 và v.v...

Thầy: Rất tốt! Vậy có bao nhiêu khả năng để ba con súc sắc xuất hiện cùng một số điểm? Em hãy nghĩ kỹ.

Em: Có 6 khả năng vì mỗi con súc sắc đều có 6 mặt nên có thể là (1,1,1), (2,2,2), (3,3,3), (4,4,4), (5,5,5) và (6,6,6).

Thầy: Đúng rồi! Vậy tổng số cách thuận lợi là 6. Giờ em hãy tính xác suất nhé.

Em: Xác suất = Số cách thuận lợi / Số cách không gian mẫu = 6/216 = 1/36.

Thầy: Rất hay, vậy em đã làm xong bài toán này rồi! Xác suất để ba con súc sắc xuất hiện số chấm như nhau là 1/36.

Em: Cảm ơn thầy."
GPS,GPU_S_16,Trung bình,5,"Thầy: [G] Để giải quyết bài toán này, đầu tiên chúng ta cần hiểu rõ khái niệm về xác suất. Xác suất là số phần tử của biến cố thuận lợi chia cho số phần tử của không gian mẫu. Trong trường hợp này, chúng ta cần tính xác suất để ba con súc sắc xuất hiện cùng một số chấm. Em có thể tính được không gian mẫu và số phần tử của biến cố thuận lợi không?"
GPS,GPU_S_17,Trung bình,5,"Thầy: [G] Để giải quyết bài toán này, chúng ta cần xác định số lượng biến cố thuận lợi và số lượng biến cố có thể xảy ra tổng cộng. Giả sử bạn đã học về xác suất chưa?"
GPS,GPU_S_18,Trung bình,5,"Thầy: [G] Hmmm, để giải bài toán này, bạn cần nhớ khái niệm về xác suất và cách tính xác suất của một biến cố cụ thể. Trong trường hợp này, chúng ta sẽ cần xem xét tất cả các kết quả có thể xảy ra khi gieo ba con súc sắc cùng một lúc, sau đó tìm số lượng kết quả thuận lợi cho biến cố ""số chấm xuất hiện trên ba con súc sắc như nhau"". Bạn có nhớ cách tính xác suất không?"
GPS,GPU_S_19,Trung bình,5,"Thầy: [G] Bạn hãy nghĩ về vấn đề này như sau: Đầu tiên, bạn cần xác định tổng số kết quả có thể xảy ra khi gieo ba con súc sắc. Sau đó, bạn xác định bao nhiêu trường hợp thuận lợi là số chấm trên tất cả ba con súc sắc xuất hiện giống nhau. Bạn thử tính xem sao?"
GPS,GPU_S_20,Trung bình,5,"Thầy: [G] Khi gieo ba con súc sắc, bạn cần tính xác suất để số chấm xuất hiện trên ba con súc sắc như nhau. Để làm được điều này, đầu tiên chúng ta phải xác định không gian mẫu và sau đó xác định biến cố thuận lợi.

Em: Không gian mẫu là gì ạ?

Thầy: [P] Không gian mẫu trong thống kê là tập hợp tất cả các kết quả có thể xảy ra khi thực hiện một thí nghiệm. Trong trường hợp này, mỗi con súc sắc có 6 mặt nên không gian mẫu của ba con súc sắc sẽ bao gồm tổng số 6 x 6 x 6 = 216 kết quả.

Em: Vậy biến cố thuận lợi là gì ạ?

Thầy: [P] Biến cố thuận lợi ở đây là số chấm xuất hiện trên ba con súc sắc như nhau. Ví dụ, cả ba con súc sắc đều xuất hiện 1 chấm, hoặc đều xuất hiện 2 chấm, và v.v.

Em: Vậy biến cố thuận lợi có bao nhiêu trường hợp?

Thầy: [S] Biến cố thuận lợi sẽ là khi ba con súc sắc cùng xuất hiện số chấm từ 1 đến 6. Số trường hợp như vậy là 6 (từ 1-1-1, 2-2-2, ..., 6-6-6). Vậy xác suất để số chấm xuất hiện trên ba con súc sắc như nhau sẽ là bao nhiêu?

Em: Xác suất sẽ là 6/216 = 1/36 ạ.

Thầy: Đúng rồi! Xác suất để số chấm xuất hiện trên ba con súc sắc như nhau là \(\frac{1}{36}\). Bạn đã làm rất tốt."
GPS,GPU_S_21,Trung bình,5,"Thầy: [G] Gieo ba con súc sắc một lần, em biết em cần tính xác suất để số chấm xuất hiện trên cả ba con súc sắc là như nhau phải không?

Em: Có ạ, nhưng thầy có thể nhắc lại công thức xác suất giúp em được không?

Thầy: [P] Được chứ. Xác suất của một sự kiện xảy ra sẽ bằng tổng số cách đó có thể xảy ra chia cho tổng số kết quả có thể xuất hiện. Trong bài này, chúng ta cần tính xác suất để ba con súc sắc đều có cùng số chấm.

Em: Thì mỗi con súc sắc có 6 mặt nên tổng cộng là 6×6×6 = 216 cách gieo xong đúng không?

Thầy: Đúng rồi. Bây giờ, em thử đếm xem có bao nhiêu kết quả cho phép để ba con súc sắc đều có cùng số chấm.

Em: À, thì mỗi lần chúng tôi có 6 lựa chọn (1 đến 6), và nếu ba con đều phải là số chấm như nhau, thì sẽ có 6 cách đó xảy ra đúng không?

Thầy: [S] Đúng rồi! Vậy tổng số kết quả thuận lợi (tức là cả ba con súc sắc đều có cùng số chấm) là bao nhiêu?

Em: Có 6 cách đó xảy ra.

Thầy: Rất tốt. Bây giờ em hãy tính xác suất bằng cách chia số kết quả thuận lợi cho tổng số kết quả có thể xảy ra nhé.

Em: Vậy là xác suất sẽ là 6/216, đúng không thầy?

Thầy: Đúng rồi! Giờ em rút gọn phân số này đi nhé.

Em: Rút gọn được thành 1/36 thì phải?

Thầy: Chính xác! Xác suất để ba con súc sắc gieo ra cùng một số chấm là 1/36. Em đã làm rất tốt!"
GPS,GPU_S_22,Trung bình,5,"Thầy: Gieo ba con súc sắc, bạn biết rằng mỗi con súc sắc có 6 mặt số chấm từ 1 đến 6. Vậy bạn nghĩ xem, để số chấm xuất hiện trên ba con súc sắc như nhau, chúng ta cần những trường hợp nào?

Em: Em nghĩ là nếu ba con súc sắc đều cho số chấm giống nhau thì có thể là 1-1-1, 2-2-2, 3-3-3, 4-4-4, 5-5-5, hoặc 6-6-6. Có tất cả 6 trường hợp.

Thầy: Đúng rồi! Bạn đã nhận ra có 6 cách để số chấm xuất hiện như nhau trên ba con súc sắc. Bây giờ, bạn hãy tính tổng số các kết quả có thể khi gieo ba con súc sắc?

Em: Em nhớ là mỗi con súc sắc có 6 mặt nên tổng cộng sẽ là 6 nhân 6 nhân 6...

Thầy: Đúng rồi! Vậy tổng số kết quả có thể khi gieo ba con súc sắc là bao nhiêu? Bạn hãy tính xem.

Em: 6 nhân 6 nhân 6 là 216. Vậy tổng số kết quả có thể là 216.

Thầy: Rất tốt! Bây giờ, bạn đã biết có 6 trường hợp để ba con súc sắc xuất hiện số chấm giống nhau và tổng số kết quả có thể là 216. Vậy xác suất để ba con súc sắc xuất hiện số chấm như nhau là bao nhiêu?

Em: Xác suất sẽ là số trường hợp thuận lợi chia cho tổng số kết quả có thể, nên là 6 chia 216 phải không?

Thầy: Đúng! Vậy bạn hãy tính xem xác suất cuối cùng là bao nhiêu.

Em: 6 chia 216 bằng 1 chia 36. Vậy xác suất để ba con súc sắc xuất hiện số chấm như nhau là 1/36.

Thầy: Rất tốt! Xác suất để ba con súc sắc xuất hiện số chấm giống nhau là 1/36. Bạn đã làm rất tốt."
GPS,GPU_S_23,Trung bình,5,"Thầy: [G] Gieo ba con súc sắc, em biết ta cần tính xác suất để số chấm xuất hiện trên ba con súc sắc như nhau. Em nhớ công thức xác suất là gì không?

Em: Thưa thầy, xác suất là số phần tử trong mẫu không gian chia cho tổng số phần tử trong mẫu không gian mẫu.

Thầy: Đúng rồi! Giờ em hãy nghĩ xem, khi gieo ba con súc sắc, ta có bao nhiêu kết quả có thể xảy ra?

Em: Thưa thầy, mỗi con súc sắc có 6 mặt nên khi gieo ba con sẽ là 6 nhân 6 nhân 6.

Thầy: Đúng! Vậy tổng số phần tử trong mẫu không gian mẫu là bao nhiêu?

Em: Là 216.

Thầy: Giỏi! Bây giờ, em hãy tính xem có bao nhiêu kết quả mà ba con súc sắc xuất hiện cùng một số chấm.

Em: Thưa thầy, nếu ba con súc sắc xuất hiện cùng một số chấm thì có thể là 1-1-1, 2-2-2, ..., 6-6-6. Vậy sẽ có 6 kết quả như vậy.

Thầy: Rất tốt! Giờ em hãy tính xác suất bằng cách chia số phần tử trong trường hợp thuận lợi cho tổng số phần tử trong mẫu không gian mẫu nhé.

Em: Xác suất là 6 chia 216, thưa thầy.

Thầy: Đúng rồi. Vậy em hãy rút gọn phân số này lại xem sao?

Em: Thưa thầy, 6 chia 216 bằng 1 chia 36.

Thầy: Rất tuyệt! Xác suất để số chấm xuất hiện trên ba con súc sắc như nhau là 1/36. Em đã làm rất tốt hôm nay!

Em: Cảm ơn thầy, thưa thầy!"
GPS,GPU_S_24,Trung bình,5,"Thầy: [G] Gieo ba con súc sắc, em biết rằng mỗi con súc sắc có 6 mặt số chấm từ 1 đến 6. Vậy em nghĩ xem có bao nhiêu cách để ba con súc sắc xuất hiện cùng một số chấm?

Em: Có 6 cách vì mỗi con súc sắc đều có thể xuất hiện 6 mặt, và nếu chúng giống nhau thì chỉ cần 1 trong 6 số.

Thầy: [P] Đúng rồi! Vậy em hãy tính xem tổng số cách để ba con súc sắc gieo ra kết quả như nhau là bao nhiêu? 

Em: Tổng số cách có thể gieo ra từ ba con súc sắc là 6*6*6 = 216, phải không thầy?

Thầy: [S] Đúng rồi! Giờ em hãy tính xem trong số 216 cách đó có bao nhiêu cách để ba con súc sắc xuất hiện cùng một số?

Em: Vậy là chỉ cần 6 trường hợp đúng như em vừa nói với thầy.

Thầy: [S] Chính xác! Vậy xác suất để ba con súc sắc xuất hiện cùng một số chấm sẽ là bao nhiêu?

Em: Xác suất là số cách tốt nhất chia cho tổng số cách, tức là 6/216. Em chưa nhớ công thức rồi...

Thầy: Không sao cả, em hãy tính xem kết quả cuối cùng là bao nhiêu nhé.

Em: Vậy thì xác suất đó bằng 1/36?

Thầy: [S] Đúng rồi! Xác suất để ba con súc sắc xuất hiện cùng một số chấm khi gieo ra là 1/36. Em đã làm rất tốt, nhớ lại công thức và cách tính như vậy nhé."
GPS,GPU_S_25,Trung bình,5,"Thầy: [G] Bạn biết rằng mỗi con súc sắc có 6 mặt, từ 1 đến 6 chấm. Vậy bạn hãy tính xem số cách gieo ba con súc sắc sao cho tổng điểm là một số bất kỳ.

Em: Có 6^3 = 216 cách gieo ba con súc sắc, thưa thầy?

Thầy: [P] Đúng rồi! Tiếp theo, bạn hãy tính xem trong bao nhiêu trường hợp ba con súc sắc có cùng chấm. Bạn thử nghĩ xem, nếu mặt trên của mỗi con súc sắc đều xuất hiện số 1, hoặc số 2, hay...?

Em: Có 6 cách như vậy phải không? Ví dụ, tất cả con súc sắc đều là 1, hoặc 2, 3, 4, 5 và 6.

Thầy: [P] Đúng rồi! Vậy bạn hãy tổng kết lại số cách có thể xảy ra nhé.

Em: Vậy thì có 6 cách như thầy nói phải không?

Thầy: [S] Đúng vậy! Vậy xác suất để ba con súc sắc xuất hiện cùng một chấm là bao nhiêu nhỉ? Bạn hãy tính xem.

Em: Xác suất sẽ là số cách xảy ra chia cho tổng số cách gieo, nên là 6/216 = 1/36 phải không, thưa thầy?

Thầy: [S] Đúng rồi! Vậy kết quả cuối cùng là gì nhỉ?

Em: Vậy xác suất để ba con súc sắc xuất hiện cùng một chấm là 1/36, thưa thầy.

Thầy: [S] Đúng vậy! Bạn đã làm rất tốt. Nhớ rằng xác suất là số cách thành công chia cho tổng số cách có thể xảy ra. Hãy cố gắng ghi nhớ công thức này nhé."
GPS,GPU_S_26,Trung bình,5,"Thầy: Gieo ba con súc sắc, em biết mỗi con súc sắc có bao nhiêu khả năng xuất hiện các số chấm không?

Em: Mỗi con súc sắc có 6 khả năng xuất hiện từ 1 đến 6.

Thầy: Đúng rồi. Vậy nếu gieo cả ba con súc sắc, tổng cộng sẽ có bao nhiêu kết quả khác nhau?

Em: Có 6 x 6 x 6 = 216 kết quả khác nhau.

Thầy: Rất tốt! Giờ em hãy suy nghĩ về trường hợp nào ta muốn. Chúng ta cần xác suất để ba con súc sắc xuất hiện số chấm như nhau, tức là cùng một số từ 1 đến 6.

Em: Vậy thì sẽ có 6 trường hợp: cả ba con súc sắc đều xuất hiện 1, hoặc đều xuất hiện 2, ..., cho đến đều xuất hiện 6.

Thầy: Đúng rồi! Vậy em hãy tính xem xác suất của sự kiện này là bao nhiêu?

Em: Có 6 cách để ba con súc sắc đều có số chấm như nhau. Tổng số kết quả có thể là 216. Vậy xác suất sẽ là 6/216 = 1/36.

Thầy: Rất tốt, em đã tính chính xác! Xác suất để ba con súc sắc xuất hiện số chấm như nhau là 1/36. Em hãy tổng kết lại cách suy nghĩ của mình nhé.

Em: Để có xác suất đó, ta đầu tiên tính được tổng số kết quả có thể là 216. Sau đó, ta tính số trường hợp mong muốn là 6 (cả ba con súc sắc đều xuất hiện cùng một số). Cuối cùng, ta chia số trường hợp mong muốn cho tổng số kết quả để tìm xác suất.

Thầy: Câu trả lời của em rất chính xác và rõ ràng. Em đã thể hiện tốt cách suy nghĩ trong bài toán xác suất này.继续用中文对话形式进行。"
GPS,GPU_S_27,Yêu,5,"Thầy: Gieo ba con súc sắc, em biết rằng mỗi con súc sắc có 6 mặt số từ 1 đến 6. Vậy em nghĩ xem có bao nhiêu kết quả có thể xảy ra khi gieo ba con súc sắc?

Em: 6 × 6 × 6 = 216 kết quả.

Thầy: Đúng rồi, em đã tính được tổng số kết quả có thể xảy ra là 216. Bây giờ ta cần tìm bao nhiêu trường hợp để số chấm xuất hiện trên ba con súc sắc như nhau?

Em: Có 6 cách để chúng đều bằng 1, 6 cách cho 2, 6 cách cho 3, 6 cách cho 4, 6 cách cho 5 và 6 cách cho 6. Tổng cộng là 6 + 6 + 6 + 6 + 6 + 6 = 36 cách.

Thầy: Hoàn toàn đúng! Vậy em có thể tính được xác suất không?

Em: Xác suất sẽ là số trường hợp thuận lợi chia cho tổng số kết quả, nên đó là 36/216. Đơn giản hóa lại ta có 1/6.

Thầy: Rất tốt, em đã làm đúng! Vậy kết quả cuối cùng của xác suất để số chấm xuất hiện trên ba con súc sắc như nhau là bao nhiêu?

Em: Xác suất đó là 1/6.

Thầy: Đúng rồi. Em đã hiểu quy trình giải quyết bài toán này rất tốt, và nhớ rằng xác suất luôn được tính bằng cách chia số trường hợp thuận lợi cho tổng số kết quả có thể xảy ra. Có câu hỏi gì thêm không?"
GPS,GPU_S_28,Yêu,5,"Thầy: Gieo ba con súc sắc, em biết rằng mỗi con súc sắc có 6 mặt chấm từ 1 đến 6. Vậy em nghĩ xem, sẽ có bao nhiêu kết quả khác nhau khi gieo ba con súc sắc?

Em: Có 6 x 6 x 6 = 216 kết quả khác nhau.

Thầy: Đúng rồi! Giờ hãy nghĩ về trường hợp số chấm xuất hiện trên ba con súc sắc như nhau. Em thử liệt kê các trường hợp đó xem nhé.

Em: 1-1-1, 2-2-2, 3-3-3, 4-4-4, 5-5-5, 6-6-6. Có 6 trường hợp như vậy.

Thầy: Rất tốt! Vậy em hãy tính xem xác suất để số chấm xuất hiện trên ba con súc sắc như nhau là bao nhiêu?

Em: Có phải là 6 chia cho 216 không ạ? 

Thầy: Đúng rồi, em đã làm rất tốt. Xác suất đó bằng bao nhiêu phần trăm thì em tính tiếp nhé.

Em: Vậy là 6/216 = 1/36, tương đương khoảng 0,0278 hay 2,78%.

Thầy: Rất xuất sắc! Em đã tìm hiểu và tính toán được xác suất cần thiết. Như vậy, xác suất để số chấm xuất hiện trên ba con súc sắc như nhau là 1/36 hoặc khoảng 2,78%. Em thấy thế nào về cách giải quyết bài toán này?"
GPS,GPU_S_29,Yêu,5,"Thầy: Gieo ba con súc sắc, em nghĩ có bao nhiêu khả năng số chấm xuất hiện trên ba con súc sắc như nhau?

Em: Thưa thầy, tôi không biết phải bắt đầu từ đâu.

Thầy: [P] Chúng ta hãy cùng phân tích. Đầu tiên, mỗi con súc sắc có 6 mặt với các số từ 1 đến 6. Vậy em nghĩ xem khi gieo ba con súc sắc, có bao nhiêu kết quả có thể xuất hiện?

Em: Thưa thầy, nếu là riêng một con súc sắc thì sẽ có 6 khả năng, như vậy ba con súc sắc sẽ là 6 x 6 x 6 = 216.

Thầy: [P] Đúng rồi. Vậy em hãy suy nghĩ tiếp về bao nhiêu kết quả cho phép các số chấm trên ba con súc sắc giống nhau?

Em: Thưa thầy, thì có thể cùng xuất hiện số 1, 2, 3, 4, 5 hoặc 6 nên sẽ là 6 cách.

Thầy: [S] Đúng vậy. Vậy xác suất để số chấm xuất hiện trên ba con súc sắc như nhau bằng bao nhiêu?

Em: Thưa thầy, nếu có 6 kết quả thuận lợi và tổng cộng là 216 kết quả có thể thì xác suất sẽ là 6/216 = 1/36.

Thầy: [P] Rất tốt! Vậy em hãy tóm tắt lại cách nghĩ của mình để kiểm tra nhé. Đầu tiên, ta tính được số kết quả có thể khi gieo ba con súc sắc là 216. Tiếp theo, xác suất cho phép các số chấm xuất hiện như nhau là...?

Em: Thưa thầy, xác suất sẽ là 6/216 = 1/36.

Thầy: [S] Đúng rồi! Em đã nắm được cách suy nghĩ và giải quyết bài toán xác suất một cách logic. Khi gieo ba con súc sắc, xác suất để số chấm xuất hiện trên ba con súc sắc như nhau chính là 1/36. Hãy tiếp tục cố gắng nhé!"
GPS,GPU_S_30,Yêu,5,"Thầy: [G] Gieo ba con súc sắc, em có thể tính toán được xác suất để số chấm xuất hiện trên ba con súc sắc như nhau không? Em thấy bài này liên quan đến gì?

Em: À, thầy ạ, em nghĩ là em cần phải xem xét các kết quả có thể xảy ra khi gieo ba con súc sắc và sau đó tính xác suất cho trường hợp số chấm giống nhau trên tất cả ba con.

Thầy: [P] Đúng rồi, em. Đầu tiên, hãy nhìn vào tổng số kết quả có thể xuất hiện khi gieo ba con súc sắc. Bạn biết rằng mỗi con súc sắc có 6 mặt, nên tổng số kết quả có thể là bao nhiêu?

Em: À, thầy ạ, em hiểu là mỗi con súc sắc sẽ có 6 kết quả (1, 2, 3, 4, 5, 6), và vì vậy với ba con súc sắc, tổng số kết quả có thể xuất hiện là 6 x 6 x 6 = 216.

Thầy: [S] Đúng rồi! Em đã tính được tổng số kết quả có thể xuất hiện là 216. Bây giờ hãy coi xét trường hợp chúng ta quan tâm, đó là mỗi con súc sắc đều xuất hiện cùng một số chấm. Có bao nhiêu trường hợp như vậy?

Em: Thưa thầy, nếu ba con súc sắc đều phải xuất hiện cùng một số từ 1 đến 6 chấm, thì có 6 cách để điều này xảy ra (tức là mỗi con súc sắc có thể là 1, hoặc 2, hoặc 3, hoặc 4, hoặc 5, hoặc 6). Vậy em nghĩ rằng xác suất sẽ là 6 chia cho tổng số kết quả 216.

Thầy: [S] Đúng rồi! Em đã làm rất tốt. Vì vậy, xác suất để số chấm xuất hiện trên ba con súc sắc như nhau là \(\frac{6}{216} = \frac{1}{36}\). Vậy em có thể kết luận được xác suất đó là bao nhiêu không?

Em: Em hiểu rồi, thưa thầy! Xác suất để số chấm xuất hiện trên ba con súc sắc như nhau là 1/36.

Thầy: [S] Rất tốt! Em đã làm rất chính xác. Nhớ rằng khi giải quyết các bài toán xác suất, em cần xem xét kỹ cả số lượng kết quả có thể và số trường hợp mà chúng ta quan tâm. Em có câu hỏi gì không?"
GPS,GPU_S_01,Giỏi,5,"Thầy: [G] Chào em, chúng ta sẽ cùng giải bài toán này nhé! Hãy tính xác suất để số chấm xuất hiện trên ba con súc sắc như nhau khi gieo ba con súc sắc. Em hãy bắt đầu với cách nghĩ của mình.

Em: Thưa thầy, tôi nghĩ rằng mỗi con súc sắc có 6 mặt nên tổng cộng ta có 6^3 = 216 cách kết hợp các số chấm xuất hiện trên ba con súc sắc. Đã rõ điều này chưa thầy?

Thầy: [P] Rất tốt, em đã tính được tổng số kết quả có thể xảy ra. Bây giờ chúng ta cần tìm số kết quả thuận lợi - những trường hợp mà số chấm xuất hiện trên ba con súc sắc như nhau.

Em: Thưa thầy, nếu số chấm giống nhau trên cả ba con súc sắc thì có 6 cách để chọn số đó (1-1-1, 2-2-2, ..., 6-6-6). Như vậy, em tính rằng xác suất là 6/216.

Thầy: [P] Đúng rồi, em đã tìm được kết quả thuận lợi. Bây giờ hãy rút gọn tỷ lệ này để có đáp án cuối cùng nhé!

Em: Thưa thầy, 6/216 = 1/36. Vậy xác suất để số chấm xuất hiện trên ba con súc sắc như nhau là 1/36.

Thầy: [S] Đúng rồi, em đã tính đúng xác suất đó! Để giải quyết bài toán này, chúng ta đã tìm được tổng số kết quả có thể xảy ra (216) và số kết quả thuận lợi (6). Từ đó, xác suất = số kết quả thuận lợi / tổng số kết quả có thể xảy ra là 6/216 = 1/36. Em hiểu rõ chưa?

Em: Thưa thầy, em đã hiểu rồi. Cảm ơn thầy vì đã hướng dẫn em!

Thầy: Rất vui khi thấy em tự tin và giải bài toán một cách chính xác. Tiếp tục cố gắng nhé!"
GPS,GPU_S_02,Giỏi,5,"Thầy: [G] Chào bạn, em hãy giúp tôi giải bài toán này nhé! Khi gieo ba con súc sắc, xác suất để số chấm xuất hiện trên ba con súc sắc như nhau là bao nhiêu? Hãy trình bày cách tính của em.

Em: (Trả lời) Thưa thầy, mình sẽ tính xem có bao nhiêu trường hợp thuận lợi và so với tổng số trường hợp có thể xảy ra. Đầu tiên, mỗi con súc sắc đều có 6 mặt nên khi gieo ba con súc sắc, tổng số kết quả có thể xảy ra là \(6 \times 6 \times 6 = 216\).

Thầy: [P] Rất tốt, em đã tính được tổng số trường hợp có thể xảy ra. Tiếp theo, em hãy tính xem trong bao nhiêu trường hợp các con súc sắc xuất hiện cùng một số chấm nhé.

Em: (Tính toán) Thưa thầy, để ba con súc sắc đều chấm cùng một mặt, chúng ta chỉ cần chọn 1 trong 6 mặt, và cả ba con súc sắc đều phải là mặt đó. Vậy số trường hợp thuận lợi sẽ là \(6\), bao gồm các trường hợp (1,1,1); (2,2,2); (3,3,3); (4,4,4); (5,5,5) và (6,6,6).

Thầy: [P] Rất đúng rồi. Em đã tính được số trường hợp thuận lợi là 6. Bây giờ em hãy tính xác suất bằng cách chia số trường hợp thuận lợi cho tổng số trường hợp có thể xảy ra nhé.

Em: (Tính toán) Thưa thầy, xác suất để ba con súc sắc đều xuất hiện cùng một số chấm là \(\frac{6}{216} = \frac{1}{36}\).

Thầy: [S] Đúng rồi, em đã tính chính xác. Xác suất để số chấm xuất hiện trên ba con súc sắc như nhau là \(\frac{1}{36}\). Em hãy nhớ cách tính này nhé.

Em: (Cảm ơn thầy) Cảm ơn thầy đã giúp em!"
GPS,GPU_S_03,Giỏi,5,"Thầy: [G] Bạn là học sinh lớp 12 có học lực Giỏi, hãy giải bài toán sau: Gieo ba con súc sắc. Xác suất để số chấm xuất hiện trên ba con súc sắc như nhau là bao nhiêu? Hãy tự tin và làm bài đi.

Em: Thưa thầy, em sẽ tính xác suất này. Đầu tiên, em xét mỗi con súc sắc có 6 mặt nên tổng số kết quả khả năng khi gieo ba con súc sắc là \(6 \times 6 \times 6 = 216\) cách khác nhau.

Thầy: [P] Đúng rồi, em đã tính được tổng số kết quả khả năng. Bây giờ hãy xác suất để số chấm xuất hiện trên ba con súc sắc như nhau nhé.

Em: Thưa thầy, có 6 trường hợp cụ thể khi số chấm xuất hiện như nhau là (1,1,1), (2,2,2), (3,3,3), (4,4,4), (5,5,5) và (6,6,6). Vậy xác suất là bao nhiêu đây?

Thầy: [P] Đúng rồi, em đã liệt kê đúng 6 trường hợp. Bây giờ hãy tính xác suất cho từng trường hợp đó nhé.

Em: Thưa thầy, với mỗi con súc sắc có xác suất xuất hiện số chấm cụ thể là \(\frac{1}{6}\). Vậy xác suất để ba con súc sắc đều xuất hiện cùng một số chấm là \(\left(\frac{1}{6}\right)^3 = \frac{1}{216}\) cho mỗi trường hợp. Vì có 6 trường hợp nên tổng xác suất là \(6 \times \frac{1}{216} = \frac{6}{216} = \frac{1}{36}\).

Thầy: [S] Đúng rồi, em đã tính toán chính xác và kết luận đúng. Xác suất để số chấm xuất hiện trên ba con súc sắc như nhau là \(\frac{1}{36}\). Em làm bài rất tinh gọn và tự tin, rất tốt!

Em: Xin cảm ơn thầy!"
GPS,GPU_S_04,Giỏi,5,"Thầy: [G] Chào em, hôm nay mình sẽ cùng giải bài toán về xác suất nhé. Bài toán này khá thú vị và đòi hỏi một chút suy nghĩ chu đáo. Hãy tưởng tượng chúng ta có ba con súc sắc được gieo đồng thời. Em hãy tính xác suất để số chấm xuất hiện trên ba con súc sắc như nhau, okay?

Em: Được ạ. Vậy tôi sẽ bắt đầu bằng việc xác định tổng số kết quả có thể xảy ra khi gieo ba con súc sắc.

Thầy: [P] Đúng rồi, em hãy tính xem tổng số kết quả có thể xảy ra là bao nhiêu nhé.

Em: Tổng số kết quả có thể xảy ra là 6^3 = 216, vì mỗi con súc sắc có 6 mặt và chúng được gieo đồng thời.

Thầy: [P] Tiếp theo, em hãy tính xem có bao nhiêu trường hợp để ba con súc sắc xuất hiện cùng một số chấm. Em tưởng tượng xem, nếu ba con súc sắc đều xuất hiện số 1 thì có bao nhiêu cách?

Em: Nếu ba con súc sắc đều là số 1 thì chỉ có duy nhất 1 cách như vậy. Điều này đúng cho bất kỳ số chấm nào từ 1 đến 6.

Thầy: [P] Đúng rồi, em hãy tính tổng số trường hợp để ba con súc sắc xuất hiện cùng một số chấm nhé.

Em: Vì mỗi số chấm có thể là 1, 2, 3, 4, 5 hoặc 6 nên sẽ có 6 cách để ba con súc sắc xuất hiện cùng một số chấm. Vậy tổng số trường hợp này là 6.

Thầy: [S] Đúng rồi, em đã tính xong cả hai bước. Xác suất để ba con súc sắc xuất hiện cùng một số chấm là 6 trong tổng số 216 kết quả có thể xảy ra, nên xác suất là \(\frac{6}{216} = \frac{1}{36}\).

Em: Vậy đáp án cuối cùng là \(\frac{1}{36}\) ạ?

Thầy: Đúng rồi, em đã làm rất tốt. Em hãy nhớ rằng trong các bài toán xác suất, chúng ta cần tính cả số kết quả có thể xảy ra và số trường hợp cụ thể mà chúng ta quan tâm.

Em: Cảm ơn thầy, tôi sẽ cố gắng áp dụng cách giải này vào các bài toán tương tự trong tương lai ạ."
GPS,GPU_S_05,Khá,5,"Thầy: [G] Em có thể tính xác suất để số chấm xuất hiện trên ba con súc sắc như nhau không? Đầu tiên, em hãy phân tích xem tổng số kết quả có thể xảy ra là bao nhiêu nhé. 

Em: Nếu mỗi con súc sắc có 6 mặt, thì tổng cộng sẽ là 6 × 6 × 6 = 216 kết quả khác nhau phải không thầy?

Thầy: [P] Đúng rồi! Tiếp theo, em hãy tính xem khi nào ba con súc sắc có số chấm như nhau. 

Em: Nếu ba con súc sắc đều xuất hiện cùng một mặt thì có thể là 1-1-1, 2-2-2, ..., đến 6-6-6 phải không thầy? Vậy có tất cả 6 kết quả như vậy.

Thầy: [P] Đúng rồi! Vậy em hãy tính xác suất bằng cách chia số kết quả thuận lợi cho tổng số kết quả. 

Em: Xác suất sẽ là 6/216 = 1/36 phải không thầy?

Thầy: [S] Rất tốt, em đã tính đúng! Xác suất để ba con súc sắc xuất hiện cùng một mặt chấm là 1/36.

Em: Cảm ơn thầy đã hướng dẫn!"
GPS,GPU_S_06,Khá,5,"Thầy: [G] Được rồi, chúng ta cùng giải bài toán này nhé. Trước tiên em hãy suy nghĩ xem khi gieo ba con súc sắc, mỗi con súc sắc có bao nhiêu khả năng xuất hiện các mặt chấm? Em đoán xem kết quả như nhau là những trường hợp nào?

Em: Mỗi con súc sắc có 6 mặt nên tổng cộng sẽ có 6^3 = 216 cách gieo. Kết quả như nhau nghĩa là cả ba con súc sắc đều xuất hiện cùng một số chấm, ví dụ (1,1,1) hoặc (2,2,2)...

Thầy: [P] Đúng rồi! Vậy em hãy tính xem có bao nhiêu cách để các con súc sắc xuất hiện cùng một số chấm. Chúng ta cần liệt kê tất cả các trường hợp có thể.

Em: Có 6 cách là (1,1,1), (2,2,2), (3,3,3), (4,4,4), (5,5,5) và (6,6,6).

Thầy: [P] Rất tốt! Vậy số trường hợp như vậy có bao nhiêu? Em hãy tính số cách đó.

Em: Có 6 cách.

Thầy: [S] Đúng rồi, em đã tính được số trường hợp xuất hiện cùng một số chấm là 6. Tổng số cách gieo ba con súc sắc là 216 như chúng ta đã tính trước đó. Vậy xác suất để số chấm xuất hiện trên ba con súc sắc như nhau là bao nhiêu?

Em: Xác suất sẽ là số trường hợp thuận lợi chia cho tổng số trường hợp, nên là 6/216 = 1/36.

Thầy: Rất tốt! Đáp án cuối cùng của em chính xác rồi. Em đã làm rất出色！感谢你的总结，不过为了更贴合要求，我将答案用越南语重写如下： Thầy: [G] Được rồi, chúng ta cùng giải bài toán này nhé. Trước tiên em hãy suy nghĩ xem khi gieo ba con súc sắc, mỗi con súc sắc có bao nhiêu khả năng xuất hiện các mặt chấm? Em đoán xem kết quả như nhau là những trường hợp nào? Em: Mỗi con súc sắc có 6 mặt nên tổng cộng sẽ có 6^3 = 216 cách gieo. Kết quả như nhau nghĩa là cả ba con súc sắc đều xuất hiện cùng một số chấm, ví dụ (1,1,1) hoặc (2,2,2)... Thầy: [P] Đúng rồi! Vậy em hãy tính xem có bao nhiêu cách để các con súc sắc xuất hiện cùng một số chấm. Chúng ta cần liệt kê tất cả các trường hợp có thể. Em: Có 6 cách là (1,1,1), (2,2,2), (3,3,3), (4,4,4), (5,5,5) và (6,6,6). Thầy: [P] Rất tốt! Vậy số trường hợp như vậy có bao nhiêu? Em hãy tính số cách đó. Em: Có 6 cách. Thầy: [S] Đúng rồi, em đã tính được số trường hợp xuất hiện cùng một số chấm là 6. Tổng số cách gieo ba con súc sắc là 216 như chúng ta đã tính trước đó. Vậy xác suất để số chấm xuất hiện trên ba con súc sắc như nhau là bao nhiêu? Em: Xác suất sẽ là số trường hợp thuận lợi chia cho tổng số trường hợp, nên là 6/216 = 1/36. Thầy: Rất tốt! Đáp án cuối cùng của em chính xác rồi. Em đã làm rất出色！"
GPS,GPU_S_07,Khá,5,"Thầy: [G] Gieo ba con súc sắc, em biết cần tính xác suất để số chấm xuất hiện trên ba con súc sắc như nhau đúng không? Em hãy suy nghĩ xem đầu bài chúng ta cần làm gì trước?

Em: Thưa thầy, em sẽ tính tổng số kết quả có thể khi gieo ba con súc sắc.

Thầy: [P] Đúng rồi, vậy tổng số kết quả có thể là bao nhiêu? 

Em: Thưa thầy, mỗi con súc sắc có 6 mặt nên tổng số kết quả có thể là 6 × 6 × 6 = 216.

Thầy: [P] Rất tốt! Em đã tính được tổng số kết quả có thể. Bây giờ, em hãy tính xem có bao nhiêu trường hợp để ba con súc sắc xuất hiện cùng một số chấm nhé?

Em: Thưa thầy, nếu ba con súc sắc đều xuất hiện 1 thì có 1 cách. Nếu đều xuất hiện 2 thì cũng chỉ có 1 cách... Như vậy, tổng cộng sẽ có 6 cách.

Thầy: [P] Em đã tính đúng rồi! Vậy xác suất để ba con súc sắc xuất hiện cùng một số chấm là bao nhiêu?

Em: Thưa thầy, ta chia số trường hợp thuận lợi cho tổng số kết quả có thể. Vậy xác suất là 6 / 216 = 1/36.

Thầy: [S] Đúng rồi, em đã tính chính xác! Xác suất để ba con súc sắc xuất hiện cùng một số chấm bằng 1/36. Em nhớ rằng xác suất được tính bằng cách chia số trường hợp thuận lợi cho tổng số kết quả có thể.

Em: Xin cảm ơn thầy đã hướng dẫn em!"
GPS,GPU_S_08,Khá,5,"Thầy: [G] Bạn là học sinh lớp 12 có học lực Khá, mình sẽ hướng dẫn bạn giải bài toán này nhé. Hãy cùng bắt đầu, bạn nhớ ghi chép lại các bước nhé.

Em: Xin chào thầy, em hiểu bài toán rồi, nhưng cần thầy hướng dẫn các bước khó. 

Thầy: [P] Bước 1 là xác định số khả năng xuất hiện của con súc sắc, bạn có biết mỗi con súc sắc có bao nhiêu kết quả có thể xảy ra không?

Em: Mỗi con súc sắc từ 1 đến 6 chấm nên mỗi con súc sắc có 6 khả năng xuất hiện.

Thầy: [P] Đúng rồi! Vậy ba con súc sắc kết hợp lại thì tổng số khả năng xuất hiện là bao nhiêu? Bước tiếp theo bạn tính như vậy nhé.

Em: Nếu mỗi con súc sắc có 6 khả năng xuất hiện, thì ba con sẽ có 6 × 6 × 6 = 216 khả năng xuất hiện.

Thầy: [P] Rất tốt! Tiếp theo chúng ta cần xác định số trường hợp thuận lợi là bao nhiêu. Hãy nghĩ về việc súc sắc xuất hiện cùng một số chấm, ví dụ cả ba con đều là 1, hoặc 2, đến 6. Số trường hợp như vậy có bao nhiêu?

Em: Nếu cả ba con súc sắc đều xuất hiện cùng một số thì sẽ có 6 khả năng (1-1-1, 2-2-2,... cho đến 6-6-6).

Thầy: [P] Đúng rồi! Vậy xác suất để số chấm xuất hiện trên ba con súc sắc như nhau là bao nhiêu? Hãy tính xem.

Em: Xác suất sẽ là số trường hợp thuận lợi chia cho tổng số khả năng xuất hiện, nên kết quả là 6/216 = 1/36.

Thầy: [S] Đúng rồi! Xác suất để số chấm xuất hiện trên ba con súc sắc như nhau là 1/36. Bạn đã làm rất tốt!

Em: Xin cảm ơn thầy, thầy đã hướng dẫn em rất tận tình."
GPS,GPU_S_09,Khá,5,"Thầy: [G] Bước đầu chúng ta cùng nhận xét bài toán này nhé, em hãy suy nghĩ xem mỗi con súc sắc có bao nhiêu kết quả có thể xuất hiện? Em có ý kiến gì không?
Em: Có 6 mặt nên sẽ là từ 1 đến 6 chấm.
Thầy: [P] Vậy em hãy tính xác suất để một con súc sắc xuất hiện số chấm là 1, 2...
Em: Có 6 cách để mỗi con súc sắc xuất hiện số chấm như vậy.
Thầy: [P] Tuy nhiên khi gieo ba con súc sắc thì ta cần xem xét trường hợp nào để các con súc sắc có cùng số chấm?
Em: Cái này mình nghĩ là mỗi con súc sắc đều phải xuất hiện cùng một số từ 1 đến 6.
Thầy: Đúng rồi, vậy em hãy tính xác suất để ba con súc sắc đều xuất hiện số chấm 1. Em thử làm nhé!
Em: Xác suất để một con súc sắc xuất hiện số chấm là 1 là \(\frac{1}{6}\), nên xác suất cho cả ba con súc sắc cùng xuất hiện số chấm 1 là \(\left(\frac{1}{6}\right)^3 = \frac{1}{216}\).
Thầy: [P] Vậy em hãy áp dụng cùng cách tính này cho các trường hợp khác từ 1 đến 6 nhé.
Em: Xác suất để ba con súc sắc đều xuất hiện số chấm 2 là \(\frac{1}{216}\), vậy cho đến khi là 6 cũng sẽ như vậy, đúng không thầy?
Thầy: Đúng rồi. Vậy em hãy tính tổng xác suất của tất cả các trường hợp này.
Em: Có 6 trường hợp, mỗi trường hợp có xác suất \(\frac{1}{216}\) nên tổng xác suất là \(6 \times \frac{1}{216} = \frac{6}{216} = \frac{1}{36}\).
Thầy: [S] Vậy xem xét bài toán này, em đã tính xác suất để số chấm xuất hiện trên ba con súc sắc như nhau là \(\frac{1}{36}\). Chắc chắn và chính xác đúng không?
Em: Có thầy ạ, cảm ơn thầy đã hướng dẫn!"
GPS,GPU_S_10,Khá,5,"Thầy: [G] Bạn là học sinh lớp 12 có học lực Khá, mình sẽ cùng giải bài toán này nhé! Đầu tiên, chúng ta cần xác định số kết quả khả dĩ khi gieo ba con súc sắc. Bạn có thể tính được tổng số kết quả khả dĩ không?

Em: Có 6^3 = 216 kết quả khả dĩ vì mỗi con súc sắc có 6 mặt và chúng tôi gieo 3 lần.

Thầy: [P] Đúng rồi, em tiếp tục với bước kế tiếp. Bây giờ hãy xác định bao nhiêu trường hợp để số chấm xuất hiện trên ba con súc sắc như nhau. Bạn thử suy nghĩ xem có bao nhiêu kết quả thỏa mãn điều kiện này?

Em: Nếu cả 3 con súc sắc đều xuất hiện số chấm giống nhau thì có thể là 1, 2, 3, 4, 5 hoặc 6. Vậy có 6 trường hợp.

Thầy: [P] Rất tốt! Vậy em hãy tính xác suất bằng cách chia số kết quả thỏa mãn cho tổng số kết quả khả dĩ. Xác suất sẽ là bao nhiêu?

Em: Xác suất sẽ là 6/216 = 1/36.

Thầy: [S] Đúng rồi, xin chúc mừng em! Vậy xác suất để số chấm xuất hiện trên ba con súc sắc như nhau là 1/36. Em có hiểu cách tính không?

Em: Có ạ, thank you thầy!"
GPS,GPU_S_21,Trung bình,5,"Thầy: [G] Để giải quyết bài toán này, đầu tiên chúng ta cần hiểu rõ khái niệm về xác suất. Xác suất của một biến cố xảy ra là số phần tử của biến cố thuận lợi chia cho số phần tử của không gian mẫu. Trong trường hợp này, bạn cần tính xác suất để ba con súc sắc có cùng kết quả.

Để đi đến đáp án, chúng ta sẽ làm từng bước nhỏ: đầu tiên xác định không gian mẫu, sau đó tìm ra số lượng biến cố thuận lợi và cuối cùng tính xác suất.
Em:okie
Thầy: [P] Không gian mẫu khi gieo ba con súc sắc là bao nhiêu? Vì mỗi con súc sắc có 6 mặt nên chúng ta có 6 x 6 x 6 = 216 kết quả. Vậy không gian mẫu có tất cả 216 phần tử.
Em: Không gian mẫu là 216
Thầy: Đúng rồi! Tiếp theo, bạn hãy nghĩ xem khi nào ba con súc sắc sẽ có cùng kết quả? Ví dụ, nếu mặt xuất hiện số chấm là 3 trên tất cả ba con súc sắc thì đó là một trường hợp thuận lợi.
Em: Trường hợp thuận lợi là khi ba con súc sắc đều xuất hiện cùng một số chấm
Thầy: Đúng! Vậy có bao nhiêu cách để ba con súc sắc xuất hiện cùng một số? Giả sử chúng ta chọn số 1, thì cả ba con súc sắc đều phải là 1. Tương tự cho các số khác từ 2 đến 6.
Em: Có 6 cách vì từ 1 đến 6
Thầy: Đúng! Vậy bạn hãy tính xác suất từ đây.
Em: Xác suất = Số trường hợp thuận lợi / Số phần tử của không gian mẫu = 6/216 = 1/36
Thầy: [S] Đáp án chính xác. Xác suất để số chấm xuất hiện trên ba con súc sắc như nhau là \(\frac{1}{36}\). Bạn đã làm rất tốt!"
GPS,GPU_S_22,Trung bình,5,"Thầy: [G] Em ơi, khi gieo ba con súc sắc, chúng ta cần tính xác suất để số chấm xuất hiện trên cả ba con súc sắc đều giống nhau. Để làm được điều này, em hãy nghĩ về tổng thể các kết quả có thể xảy ra và sau đó tìm xem có bao nhiêu kết quả thuận lợi.

Em: Thầy ơi, tôi hiểu là chúng ta cần tính số cách để ba con súc sắc cùng xuất hiện một số chấm?

Thầy: Đúng rồi! Em hãy nghĩ về từng bước nhỏ. Đầu tiên, em xác định tổng số các kết quả có thể xảy ra khi gieo ba con súc sắc.

Em: Vậy tổng số kết quả có thể xảy ra là bao nhiêu nhỉ?"
GPS,GPU_S_23,Trung bình,5,"Thầy: [G]oky, trong bài toán này chúng ta cần tính xác suất để số chấm xuất hiện trên ba con súc sắc như nhau. Đầu tiên, em cần nhớ khái niệm về xác suất là gì nhé?"
GPS,GPU_S_24,Trung bình,5,"Thầy: [G] Hãy bắt đầu với việc xác định tổng số kết quả có thể xảy ra khi gieo ba con súc sắc. Mỗi con súc sắc có 6 mặt nên bạn hãy tính xem tổng số kết quả có thể là bao nhiêu.
Em: Vậy thì tổng số kết quả là \(6 \times 6 \times 6 = 216\).
Thầy: Đúng rồi! Giờ chúng ta tiếp tục xác định bao nhiêu trường hợp thuận lợi để ba con súc sắc xuất hiện cùng một số chấm. Em có thể nghĩ đến các cặp số từ 1 đến 6 và mỗi cặp số sẽ xuất hiện bao nhiêu lần?
Em: Có 6 cặp số (1,1,1), (2,2,2), ..., (6,6,6). Vậy có 6 trường hợp thuận lợi.
Thầy: Đúng rồi! Giờ em hãy tính xác suất bằng cách chia số trường hợp thuận lợi cho số kết quả có thể xảy ra. 
Em: Xác suất là \(\frac{6}{216} = \frac{1}{36}\).
Thầy: Rất tốt! Xác suất để ba con súc sắc xuất hiện cùng một số chấm là \(\frac{1}{36}\)."
GPS,GPU_S_25,Trung bình,5,"Thầy: [G] Để giải quyết bài toán này, chúng ta cần xác định hai yếu tố chính:
1. Không gian mẫu của việc gieo ba con súc sắc.
2. Biến cố thuận lợi là số chấm xuất hiện trên ba con súc sắc như nhau.

Em hãy suy nghĩ về không gian mẫu và biến cố thuận lợi này."
GPS,GPU_S_26,Trung bình,5,"Thầy: [G] Khi gieo ba con súc sắc, bạn cần tính xác suất để số chấm xuất hiện trên tất cả các con súc sắc đều như nhau. Để làm được điều này, chúng ta cần biết tổng số kết quả có thể và số kết quả thuận lợi. Bạn đã nhớ công thức tính xác suất chưa?"
GPS,GPU_S_27,Yêu,5,"Thầy: [G]今天我们要解决一个概率问题，假设你有三个骰子。我们的问题是：当投掷这三个骰子时，所有骰子显示相同数字的概率是多少？你需要一步步思考并计算这个问题的答案。

Em: Vậy là tôi cần tính xác suất để ba con súc sắc xuất hiện số chấm giống nhau phải không?

Thầy: [P] Đúng rồi. Đầu tiên, hãy nghĩ về tổng số kết quả có thể xảy ra khi bạn ném ba con súc sắc. Mỗi con súc sắc có 6 mặt nên tổng số kết quả là bao nhiêu?

Em: Vậy mỗi con súc sắc có 6 kết quả, vì vậy tổng cộng sẽ là \(6 \times 6 \times 6 = 216\) cách.

Thầy: Rất tốt! Tiếp theo, chúng ta cần xác định số trường hợp thuận lợi. Điều gì khiến ba con súc sắc có cùng một số chấm?

Em: Nếu ba con súc sắc đều xuất hiện cùng một số chấm thì có thể là (1, 1, 1), (2, 2, 2), (3, 3, 3), (4, 4, 4), (5, 5, 5) hoặc (6, 6, 6). Vậy có tổng cộng 6 trường hợp thuận lợi.

Thầy: Đúng rồi! Bây giờ bạn đã biết tổng số kết quả có thể và số trường hợp thuận lợi. Hãy tính xác suất bằng cách chia số trường hợp thuận lợi cho số kết quả có thể.

Em: Xác suất sẽ là \(\frac{6}{216} = \frac{1}{36}\).

Thầy: [S] Đúng rồi! Xác suất để ba con súc sắc xuất hiện cùng một số chấm khi ném chúng ra là \(\frac{1}{36}\). Bạn đã làm rất tốt!

Em: Cảm ơn thầy."
GPS,GPU_S_28,Yêu,5,"Thầy: [G]今天我们要解决一个关于骰子的问题，你对概率的理解怎么样？我们可以一起分析一下这个问题。首先，你想一想，投掷三个骰子总共有多少种可能的结果？
Em: Thưa thầy, em không biết phải bắt đầu từ đâu.
Thầy: Không sao, chúng ta sẽ cùng đi từng bước. Đầu tiên, hãy nghĩ về một con xúc sắc đơn thuần có bao nhiêu mặt? Mỗi mặt xuất hiện với xác suất như thế nào?
Em: Một con xúc sắc có 6 mặt và mỗi mặt xuất hiện đều đặn nên xác suất là 1/6.
Thầy: Rất tốt! Bây giờ, hãy nghĩ về việc gieo ba con xúc sắc. Tổng số kết quả khả thi sẽ là gì? Em tính thử xem có bao nhiêu kết quả tổng cộng?
Em: Nếu một con xúc sắc có 6 kết quả thì ba con sẽ có 6 x 6 x 6 = 216 kết quả.
Thầy: Đúng rồi! Bây giờ, hãy xác định biến cố thuận lợi là gì? Những trường hợp nào sẽ cho ta kết quả như nhau trên tất cả ba con xúc sắc?
Em: Dạ, chỉ cần mỗi mặt xuất hiện cùng một số chấm trên tất cả ba con xúc sắc.
Thầy: Đúng. Ví dụ như (1, 1, 1), (2, 2, 2) và v.v... Bây giờ, em hãy tính xem có bao nhiêu kết quả thuận lợi như vậy?
Em: Có 6 kết quả thuận lợi là (1, 1, 1), (2, 2, 2), (3, 3, 3), (4, 4, 4), (5, 5, 5) và (6, 6, 6).
Thầy: Rất tốt! Bây giờ em đã biết tổng số kết quả khả thi là 216 và biến cố thuận lợi có 6 cách xảy ra. Vậy xác suất để ba con xúc sắc xuất hiện cùng một mặt chấm sẽ là gì?
Em: Xác suất sẽ là 6/216 = 1/36.
Thầy: Đúng rồi! Vậy xác suất này bằng bao nhiêu phần trăm?
Em: 1 phần nghìn hoặc 0.2778%.
Thầy: Rất tốt, em đã làm rất bài bản và cẩn thận. Bây giờ, em có thắc mắc gì không?"
GPS,GPU_S_29,Yêu,5,"Thầy: [G] Để giải bài toán này, chúng ta cần xác định hai yếu tố chính: không gian mẫu và biến cố thuận lợi. Không gian mẫu là tất cả các kết quả có thể xảy ra khi gieo ba con súc sắc. Biến cố thuận lợi là trường hợp số chấm xuất hiện trên ba con súc sắc như nhau.

Em hãy nghĩ xem, khi gieo một con súc sắc, ta có bao nhiêu khả năng kết quả?"
GPS,GPU_S_30,Yêu,5,"Thầy: [G] Hôm nay chúng ta sẽ giải quyết bài toán xác suất liên quan đến gieo súc sắc. Đầu tiên, em cần hiểu rằng khi gieo ba con súc sắc, mỗi con súc sắc có 6 mặt chấm từ 1 đến 6. Em nghĩ xem tổng số kết quả có thể xảy ra là bao nhiêu?

Em: Vậy thì mỗi con súc sắc có 6 khả năng khác nhau nên tổng cộng sẽ là 6x6x6 = 216 kết quả.

Thầy: Rất đúng! Đây gọi là không gian mẫu, tức là tổng số cách kết hợp các kết quả có thể xảy ra khi gieo ba con súc sắc. Tiếp theo, em hãy nghĩ xem trong bao nhiêu trường hợp số chấm trên tất cả ba con súc sắc sẽ như nhau.

Em: Ồ, nếu số chấm giống nhau thì đó có thể là 1-1-1, 2-2-2, 3-3-3, 4-4-4, 5-5-5 hoặc 6-6-6. Có tất cả 6 trường hợp.

Thầy: Đúng rồi! Vậy em hãy tính xác suất bằng cách chia số biến cố thuận lợi cho không gian mẫu.

Em: Xác suất sẽ là 6/216 = 1/36.

Thầy: Rất tốt, em đã làm đúng! Xác suất để số chấm xuất hiện trên ba con súc sắc như nhau là 1/36. Em có gì thắc mắc không?

Em: Cảm ơn thầy."
GPS,GPU_S_11,Khá,5,"Thầy: [G] Bạn là học sinh lớp 12 có học lực Khá, mình sẽ hướng dẫn bạn qua bài toán này về xác suất gieo ba con súc sắc. Đầu tiên, bạn hãy tính xem khi gieo một con súc sắc, số chấm xuất hiện từ 1 đến 6 là bao nhiêu cách?

Em: Có 6 cách nhé thầy.

Thầy: [P] Giống nhỉ! Vậy khi gieo ba con súc sắc, tổng số cách có thể xảy ra sẽ là gì?

Em: Sẽ là 6 nhân 6 nhân 6 = 216 cách, phải không thầy?

Thầy: Đúng rồi [P]. Tiếp theo, bạn hãy tính xem khi gieo ba con súc sắc, có bao nhiêu cách để số chấm xuất hiện trên ba con súc sắc như nhau nhé.

Em: À, nếu ba con súc sắc đều xuất hiện 1 thì sẽ là (1,1,1), nếu là 2 thì (2,2,2) và cứ tiếp theo như thế cho đến 6. Có vẻ như mỗi số từ 1 đến 6 chỉ có một cách để chúng cùng xuất hiện trên ba con súc sắc đúng không thầy?

Thầy: Đúng [P]. Vậy tổng số cách để ba con súc sắc có kết quả như nhau là bao nhiêu?

Em: Có 6 cách, vì từ (1,1,1) đến (6,6,6), đúng không thầy?

Thầy: Rất tốt [S]. Vậy xác suất để số chấm xuất hiện trên ba con súc sắc như nhau sẽ là tổng số cách đó chia cho tổng số cách có thể xảy ra của ba con súc sắc. Bạn tính xem kết quả cuối cùng là bao nhiêu nhé.

Em: Xác suất = 6/216 = 1/36, thầy ạ. Em cảm ơn thầy đã hướng dẫn!"
GPS,GPU_S_12,Khá,5,"Thầy: [G] Ok, em đã hiểu bài nhưng cần thầy hướng dẫn một số bước khó đúng không? Cho em biết em đang tính xác suất để ba con xúc sắc có kết quả như nhau khi gieo nhé. Em hãy bắt đầu bằng cách tính tổng số kết quả có thể xuất hiện từ ba con xúc sắc.

Em: Thưa thầy, tôi sẽ tính tổng số kết quả có thể là 6 x 6 x 6 = 216.

Thầy: [P] Đúng rồi! Bây giờ em hãy tính xem có bao nhiêu trường hợp mà ba con xúc sắc xuất hiện cùng một giá trị chấm.

Em: Thưa thầy, tôi sẽ có 6 trường hợp như vậy: (1,1,1), (2,2,2), (3,3,3), (4,4,4), (5,5,5) và (6,6,6).

Thầy: [P] Rất tốt! Vậy em hãy tính xác suất bằng cách chia số trường hợp thuận lợi cho tổng số kết quả có thể.

Em: Thưa thầy, xác suất sẽ là 6 chia 216 = 1/36.

Thầy: [S] Đúng rồi! Xác suất để ba con xúc sắc xuất hiện cùng một giá trị chấm là 1/36. Em đã làm rất tốt!

Em: Cảm ơn thầy, thầy hướng dẫn em rõ ràng và dễ hiểu quá!"
GPS,GPU_S_13,Khá,5,"Thầy: [G] Bạn hãy tính xác suất để số chấm xuất hiện trên ba con súc sắc như nhau bạn nhé. Hãy bắt đầu bằng cách xác định tổng số kết quả có thể xảy ra khi gieo ba con súc sắc.

Em: Có phải là ta cần tìm số kết quả trong không gian mẫu trước hết ạ?

Thầy: [P] Đúng rồi! Bạn hãy tính xem tổng số kết quả có thể xảy ra khi gieo ba con súc sắc là bao nhiêu nhé. Mỗi con súc sắc có 6 mặt, nên bạn hãy tính từ đó.

Em: Vậy ta có 6 x 6 x 6 = 216 kết quả có thể xảy ra ạ.

Thầy: [P] Rất tốt! Tiếp theo, bạn hãy xác định số kết quả thuận lợi là bao nhiêu. Thuận lòng ở đây nghĩa là ba con súc sắc phải cùng xuất hiện số chấm giống nhau. Bạn thử suy nghĩ xem có bao nhiêu cách để đó có thể xảy ra?

Em: À, ta sẽ có 6 kết quả thuận lợi vì mỗi con súc sắc đều có 6 mặt và chúng cùng xuất hiện số chấm giống nhau ạ.

Thầy: [S] Đúng rồi! Vậy xác suất bạn đang tìm là số kết quả thuận lợi chia cho tổng số kết quả có thể xảy ra. Cụ thể, đó sẽ là 6/216 = 1/36. Vậy xác suất để số chấm xuất hiện trên ba con súc sắc như nhau là 1/36.

Em: Em hiểu rồi ạ, cảm ơn thầy!"
GPS,GPU_S_14,Khá,5,"Thầy: [G] Bạn là học sinh lớp 12 có học lực Khá, bạn hiểu bài nhưng cần thầy hướng dẫn các bước khó nhé? Bài toán này yêu cầu tính xác suất để số chấm xuất hiện trên ba con súc sắc như nhau. Bước đầu tiên, em hãy nghĩ xem mỗi con súc sắc có bao nhiêu kết quả có thể xảy ra?

Em: Thầy ạ, mỗi con súc sắc có 6 mặt, nên tổng cộng sẽ là \(6 \times 6 \times 6 = 216\) kết quả.

Thầy: [P] Đúng rồi! Bây giờ hãy tính xem trong số những kết quả đó, có bao nhiêu trường hợp xảy ra khi ba con súc sắc xuất hiện cùng một số chấm. Em thử suy nghĩ và tính toán nhé.

Em: Thầy ạ, nếu cả ba con súc sắc đều cùng 1 mặt, thì chỉ có 6 cách (1-1-1, 2-2-2, 3-3-3, 4-4-4, 5-5-5, 6-6-6).

Thầy: [P] Đúng rồi! Vậy số kết quả thuận lợi là bao nhiêu?

Em: Thì như thầy nói, có 6 trường hợp thuận lợi.

Thầy: [S] Vậy xác suất để ba con súc sắc xuất hiện cùng một số chấm là \( \frac{6}{216} = \frac{1}{36}\). Em có thể giải thích ngắn gọn kết quả này không?

Em: Cảm ơn thầy, em hiểu rồi. Xác suất đó biểu thị số cách thuận lợi chia cho tổng số cách xẩy ra.

Thầy: [G] Rất tốt! Bạn đã làm bài toán một cách logic và cẩn thận. Nếu còn câu hỏi hay khó khăn, hãy đưa ra trước khi kết thúc nhé."
GPS,GPU_S_15,Trung bình,5,"Thầy: [G] Bạn biết bài toán này yêu cầu tính xác suất như thế nào không, em?

Em: À, thầy ạ, em nghĩ là mình cần tính số cách xuất hiện của kết quả mà ba súc sắc có cùng số chấm rồi sau đó chia cho tổng số kết quả có thể.

Thầy: [P] Đúng vậy, em. Đầu tiên, em hãy xác định xem tổng số kết quả có thể khi gieo 3 con súc sắc là bao nhiêu nhé?

Em: Ah, thầy ạ, mình sẽ nhân số mặt của một con súc sắc (6) với chính nó ba lần vì có 3 con súc sắc, nên là 6 × 6 × 6 = 216.

Thầy: [P] Rất tốt! Giờ em hãy tính xem trong 216 kết quả đó, số cách để ba con súc sắc có cùng số chấm là bao nhiêu nhé. Em nhớ rằng mỗi con súc sắc đều có thể xuất hiện từ 1 đến 6.

Em: Được rồi thầy ạ, mình sẽ có 3 trường hợp với cùng số chấm: (1, 1, 1), (2, 2, 2), (3, 3, 3), (4, 4, 4), (5, 5, 5) và (6, 6, 6). Vậy tổng cộng là 6 cách.

Thầy: [P] Đúng rồi! Giờ em hãy tính xác suất bằng cách chia số cách xuất hiện của kết quả như nhau cho tổng số kết quả có thể nhé.

Em: Được rồi thầy ạ. Xác suất sẽ là 6 chia cho 216, thầy ạ.

Thầy: [P] Rất tốt! Em hãy rút gọn phân số này để trả lời cuối cùng nhé.

Em: Ah, thầy ạ, 6 chia hết cho 6 nên xác suất là 1/36.

Thầy: [S] Đúng rồi! Xác suất để ba con súc sắc xuất hiện số chấm như nhau là 1/36. Em nhớ rằng cách tính xác suất là bằng cách tính số kết quả thuận lợi chia cho tổng số kết quả có thể. Rất tốt, em đã làm bài toán này rất kỹ lưỡng!

Em: Cảm ơn thầy, thầy!"
GPS,GPU_S_16,Trung bình,5,"Thầy: [G] Gọi em lên giải bài toán này nhé, em đã nắm vững khái niệm xác suất chưa? Em hãy tính xác suất để số chấm xuất hiện trên ba con súc sắc như nhau.

Em: (Trả lời) Em chưa chắc chắn lắm thầy ạ. Em nhớ là xác suất của một sự kiện xảy ra bằng tổng số cách đó có thể xẩy ra chia cho tổng số kết quả có thể của mẫu không?

Thầy: [P] Đúng rồi, em hãy áp dụng công thức đó vào bài toán này. Đầu tiên, em tính xem tổng số kết quả có thể khi gieo ba con súc sắc là bao nhiêu nhé.

Em: (Tính toán) Tổng số kết quả có thể là 6^3 = 216, vì mỗi con súc sắc có 6 mặt và chúng ta đang gieo 3 con không?

Thầy: [P] Rất tốt! Tiếp theo, em hãy tính xem có bao nhiêu kết quả cho phép để số chấm xuất hiện trên ba con súc sắc như nhau.

Em: (Tính toán) Có 6 trường hợp xảy ra là (1,1,1), (2,2,2), (3,3,3), (4,4,4), (5,5,5), và (6,6,6).

Thầy: [P] Đúng rồi. Vậy em hãy tính xác suất của sự kiện này bằng cách chia số kết quả thuận lợi cho tổng số kết quả có thể.

Em: (Tính toán) Xác suất là 6/216 = 1/36.

Thầy: [S] Đúng rồi, em đã làm đúng. Vậy xác suất để số chấm xuất hiện trên ba con súc sắc như nhau là 1/36. Em có thể giải thích một chút không? 

Em: (Cảm ơn thầy) Cảm ơn thầy, em hiểu rôi. Xác suất của sự kiện này là 1/36 vì chỉ có 6 trường hợp thuận lợi trong tổng số 216 kết quả có thể.

Thầy: Rất tốt, em đã làm rất xuất sắc!"
GPS,GPU_S_17,Trung bình,5,"Thầy: [G] Bạn hãy suy nghĩ xem khi gieo ba con súc sắc, có bao nhiêu kết quả có thể xuất hiện? Em nhớ lại công thức xác suất là gì nhé?

Em: Thưa thầy, em nhớ rồi ạ, số kết quả có thể xuất hiện sẽ là 6 x 6 x 6 = 216. Xác suất thì phải chia số kết quả thuận lợi cho kết quả tổng cộng.

Thầy: [P] Vậy em hãy tính xem trong bao nhiêu trường hợp số chấm trên ba con súc sắc như nhau? 

Em: Thưa thầy, có 6 trường hợp là (1,1,1), (2,2,2), (3,3,3), (4,4,4), (5,5,5) và (6,6,6). Vậy xác suất sẽ là 6 chia cho 216.

Thầy: [P] Đúng rồi, nhưng em hãy tính lại số tử số và mẫu số một cách cẩn thận nhé. Số kết quả thuận lợi thực tế là bao nhiêu? 

Em: Thưa thầy, em đã kiểm tra lại và thấy rằng có 6 trường hợp thuận lợi. Vậy xác suất sẽ là 6 trên tổng số kết quả 216.

Thầy: [S] Đúng rồi đó! Xác suất để số chấm xuất hiện trên ba con súc sắc như nhau là 6/216, rút gọn lại được 1/36. Em hãy nhớ rằng xác suất luôn nằm trong khoảng từ 0 đến 1 và có thể viết dưới dạng phân số, thập phân hoặc phần trăm.

Em: Cảm ơn thầy đã nhắc lại và hướng dẫn em cách tính nhé!"
GPS,GPU_S_18,Trung bình,5,"Thầy: [G] Bạn hãy tưởng tượng mình đang gieo ba con súc sắc, mỗi con có 6 mặt chấm từ 1 đến 6. Bây giờ, chúng ta cần tính xác suất để số chấm xuất hiện trên ba con súc sắc như nhau. Em thử nghĩ xem, em đã nhớ được cách tính xác suất chưa?

Em: Thầy ơi, em còn chút mơ hồ về công thức xác suất.

Thầy: [P] Không sao, chúng ta sẽ cùng làm từ đầu. Đầu tiên, em hãy tính số các kết quả có thể xuất hiện khi gieo ba con súc sắc. Mỗi con súc sắc có 6 mặt nên tổng cộng là bao nhiêu kết quả?

Em: Em nghĩ là mỗi con súc sắc 6 mặt nên ba con sẽ là 6 nhân 6 nhân 6, thầy?

Thầy: Đúng rồi! Vậy số các kết quả có thể xuất hiện khi gieo ba con súc sắc là 6 x 6 x 6 = 216. Tiếp theo, em hãy tính xem có bao nhiêu trường hợp để số chấm xuất hiện trên ba con súc sắc như nhau.

Thầy: [P] Giờ em thử nghĩ kỹ xem: nếu mặt chấm xuất hiện là 1 thì cả ba con súc sắc đều phải là 1. Nếu là 2 thì cả ba con súc sắc đều phải là 2, và vậy đi cho đến 6. Vậy số cách để số chấm như nhau có bao nhiêu?

Em: Thầy ơi, em nghĩ rằng sẽ chỉ có 6 trường hợp, vì từ 1 đến 6 mà.

Thầy: Đúng rồi! Vậy xác suất thì sao? Em hãy tính xem tỷ lệ giữa số kết quả thuận lợi và tổng số kết quả có thể là bao nhiêu?

Thầy: [S] Vậy em đã tính được chưa? Xác suất = Số cách chấm như nhau / Tổng số kết quả, tức là 6/216. Giờ em rút gọn nhé.

Em: Thầy ơi, thầy giúp em rút gọn 6/216 thì ra 1/36.

Thầy: Đúng rồi! Vậy xác suất để số chấm xuất hiện trên ba con súc sắc như nhau là 1/36. Em có hiểu chưa?

Em: Có ạ, cảm ơn thầy đã giảng bài cho em!

Thầy: Rất vui khi thấy em đã hiểu. Tiếp tục cố gắng nhé!"
GPS,GPU_S_19,Trung bình,5,"Thầy: [G] Chào em, hôm nay chúng ta sẽ cùng giải một bài toán về xác suất nhé. Em hãy nghĩ xem khi gieo ba con súc sắc, tổng số kết quả có thể là bao nhiêu?

Em: (Trả lời) Có 6^3 = 216 cách?

Thầy: [P] Rất tốt! Vậy em thử tính xem trong số những cách này, có bao nhiêu trường hợp để ba con súc sắc xuất hiện cùng một số chấm nhé.

Em: (Tính toán) À, mình nghĩ là nếu ba con súc sắc đều xuất hiện 1 chấm thì có 1 cách, cũng thế cho 2-2-2, 3-3-3... đến 6-6-6. Vậy tổng cộng sẽ có 6 cách?

Thầy: [P] Đúng rồi! Vậy em hãy tính xác suất bằng cách chia số trường hợp thuận lợi cho tổng số trường hợp nhé.

Em: (Tính toán) Aha, xác suất là 6/216 = 1/36?

Thầy: [S] Rất tốt! Xác suất để ba con súc sắc xuất hiện cùng một số chấm chính là 1/36. Em đã tính đúng rồi đấy.

Em: (Cảm ơn thầy) Cảm ơn thầy, thầy giải thích thật dễ hiểu!

Thầy: Không sao đâu, em cố gắng tiếp tục nhé!"
GPS,GPU_S_20,Trung bình,5,"Thầy: [G] Bạn hãy tính xác suất để số chấm xuất hiện trên ba con súc sắc như nhau, em sẽ dẫn bạn qua từng bước nhé.

Em: Thưa thầy, tôi không nhớ công thức xác suất phải làm thế nào?

Thầy: [P] Bước 1 là chúng ta cần tính tổng số kết quả có thể xảy ra. Mỗi con súc sắc có 6 mặt nên khi gieo ba con, tổng số kết quả có thể xảy ra sẽ là 6 x 6 x 6 = 216.

Em: Thưa thầy, tôi đã tính được tổng số kết quả là 216 rồi ạ.

Thầy: [P] Bước 2 là chúng ta cần xác định số kết quả thuận lợi. Để số chấm xuất hiện trên ba con súc sắc như nhau có thể là (1, 1, 1), (2, 2, 2), ..., (6, 6, 6). Vậy tổng cộng có bao nhiêu khả năng như vậy?

Em: Thưa thầy, tôi nghĩ mỗi số chấm từ 1 đến 6 đều có một cách để xuất hiện ba lần nên sẽ là 6 kết quả thuận lợi.

Thầy: Đúng rồi! [P] Bước cuối cùng chúng ta tính xác suất bằng cách chia số kết quả thuận lợi cho tổng số kết quả có thể xảy ra, tức là 6/216 = 1/36.

Em: Thưa thầy, vậy đáp án sẽ là 1/36 ạ?

Thầy: [S] Đúng rồi! Xác suất để số chấm xuất hiện trên ba con súc sắc như nhau là 1/36. Chúng ta đã tính toán từ tổng số kết quả có thể xảy ra đến số kết quả thuận lợi, sau đó chia để tìm xác suất.

Em: Em cảm ơn thầy nhiều ạ!"
GPS,GPU_S_21,Trung bình,5,"Thầy: [G] (Hướng dẫn gợi mở đầu buổi) Các em nhớ chưa, khi gieo một con súc sắc có bao nhiêu kết quả có thể xảy ra? Em ạ?

Em: Trời ơi thầy, sao lại hỏi đề bài cũ vậy? Con nhớ là mỗi con súc sắc có 6 mặt nên khi gieo một con thì có 6 cách. Nhưng ba con thì nhiều quá, con quên mất rồi.

Thầy: [P] (Yêu cầu em tính toán bước 1) Đúng rồi, một con súc sắc có 6 kết quả. Vậy khi gieo hai con, số kết quả sẽ là bao nhiêu? Hãy suy nghĩ một chút nhé.

Em: Mắt to thầy ạ, hai con thì 6 nhân 6 bằng 36 cách phải không?

Thầy: Đúng rồi, rất tốt! Vậy bây giờ ta tiếp tục. Em hãy tính xem khi gieo ba con súc sắc, số kết quả có thể xảy ra là bao nhiêu nhé.

Em: Con biết rồi thầy ạ, sẽ là 6 nhân 6 nhân 6 = 216 cách phải không?

Thầy: Rất hay! [P] (Yêu cầu em tính toán bước 2) Vậy trong 216 kết quả này, có bao nhiêu trường hợp số chấm xuất hiện trên ba con súc sắc như nhau? Hãy thử suy nghĩ xem.

Em: Con ngẫm lại thì nếu ba con súc sắc đều có cùng một mặt chấm thì sẽ là 1-1-1; 2-2-2; 3-3-3; 4-4-4; 5-5-5; và 6-6-6. Vậy có 6 trường hợp phải không?

Thầy: Đúng rồi! [S] (Chốt đáp án cuối cùng và giải thích ngắn gọn) Vậy xác suất để số chấm xuất hiện trên ba con súc sắc như nhau là bao nhiêu? Hãy tính xem.

Em: Con nghĩ sẽ là 6 chia cho 216, tức là 1/36 phải không thầy?

Thầy: Rất tuyệt! Đáp án chính xác. Xác suất để số chấm xuất hiện trên ba con súc sắc như nhau là 1/36. Em nhớ rằng xác suất = số kết quả thuận lợi chia cho tổng số kết quả có thể xảy ra.

Em: Cảm ơn thầy đã dạy!

Thầy: Khỏi cần nói, em cố gắng tiếp nhé!"
GPS,GPU_S_22,Trung bình,5,"Thầy: [G] Chào Trung, hôm nay chúng ta sẽ cùng giải bài toán về xác suất nhé. Em có nhớ công thức để tính xác suất không? Yêu cầu của bài toán là gì?

Em: Thưa thầy, em chưa nhớ rõ. Em nghĩ là chúng ta phải tính số cách súc sắc xuất hiện chấm như nhau trên ba con súc sắc và sau đó chia cho tổng số kết quả có thể.

Thầy: [P] Thế đúng rồi! Bước đầu tiên chúng ta cần xác định tổng số kết quả có thể khi gieo 3 con súc sắc. Bạn biết rằng mỗi con súc sắc có 6 mặt, vậy thì tổng số kết quả có thể là gì?

Em: Thưa thầy, nếu mỗi con súc sắc có 6 mặt và gieo 3 con súc sắc nên tổng số kết quả có thể sẽ là 6 nhân 6 nhân 6, tức là 216.

Thầy: [P] Rất tốt! Bây giờ chúng ta cần xác định số cách để ba con súc sắc xuất hiện chấm như nhau. Bạn thử nghĩ xem khi nào thì ba con súc sắc sẽ có cùng số chấm?

Em: Thưa thầy, nếu ba con súc sắc đều xuất hiện 1, hoặc 2, hay 3,...,6 chấm thì chúng mới giống với nhau.

Thầy: [P] Đúng rồi! Vậy bạn hãy tính xem trong bao nhiêu trường hợp ba con súc sắc có cùng số chấm?

Em: Thưa thầy, nếu ba con súc sắc đều xuất hiện 1 chấm thì chỉ có 1 cách. Nếu đều là 2 chấm cũng chỉ có 1 cách và như vậy cho đến khi 6 chấm cũng chỉ có 1 cách nên tổng cộng sẽ là 6 cách.

Thầy: [P] Rất tốt! Vậy giờ em hãy tính xác suất bằng cách chia số cách để ba con súc sắc xuất hiện chấm như nhau (là 6) cho tổng số kết quả có thể (là 216).

Em: Thưa thầy, xác suất sẽ là 6 chia 216, rút gọn thì sẽ là 1/36.

Thầy: [S] Đúng rồi! Xác suất để ba con súc sắc xuất hiện chấm như nhau là 1/36. Em làm rất tốt! Nếu còn câu hỏi gì về công thức hay cách tính toán, em có thể nêu ra để thầy giúp đỡ nhé.

Em: Cảm ơn thầy! Em sẽ nhớ lại công thức và cố gắng tính toán kỹ hơn trong các bài tập sau này."
GPS,GPU_S_23,Trung bình,5,"Thầy: [G] Gọi em lên黑板写一下我们今天要解决的题目：抛掷三个骰子，求三个骰子点数相同的概率。首先我们来回顾一下概率的基本公式，即所求事件的概率等于该事件包含的基本事件数除以总的可能基本事件数。那么，在这个题目中，总共有多少种可能性呢？[P] 

Em: Tổng số kết quả có thể khi ném 3 con súc sắc là 6 x 6 x 6 = 216. [P]

Thầy: Đúng rồi! Vậy em có thể tính được bao nhiêu trường hợp để ba con súc sắc xuất hiện cùng một số chấm không? Ví dụ, cả ba đều là 1 điểm, hoặc cả ba đều là 2 điểm ... và như vậy cho đến 6 điểm. [P]

Em: Có 6 trường hợp vì mỗi con súc sắc có thể xuất hiện từ 1 đến 6, và nếu chúng cùng một số thì sẽ có 6 cách để chọn số đó. [P]

Thầy: Rất tốt! Vậy em hãy tính xác suất ngay bây giờ. Xác suất bằng số kết quả thuận lợi chia cho tổng số kết quả có thể đúng không? [S] 

Em: Vậy là xác suất để ba con súc sắc xuất hiện cùng một số chấm sẽ là 6 chia 216, nên kết quả cuối cùng là 1/36. [S]

Thầy: Đúng rồi! Em đã tính toán chính xác và giải thích rõ ràng. Nhớ rằng mỗi khi làm bài toán xác suất, chúng ta cần xem xét cả tổng số sự kiện có thể xảy ra lẫn các tình huống thuận lợi. Cảm ơn em đã trả lời. [S]"
GPS,GPU_S_24,Trung bình,5,"Thầy: [G] Để giải bài toán này, chúng ta cần hiểu rằng khi gieo ba con súc sắc, mỗi con có 6 mặt nên tổng số kết quả có thể xuất hiện là \(6 \times 6 \times 6 = 216\). Bước tiếp theo là xác định xem có bao nhiêu cách để các con súc sắc có cùng số chấm.  
Em: Thưa thầy, tôi nghĩ có 6 trường hợp là (1,1,1), (2,2,2), (3,3,3), (4,4,4), (5,5,5) và (6,6,6).  
Thầy: [P] Đúng rồi! Vậy tổng số cách để ba con súc sắc có cùng số chấm là 6. Bây giờ chúng ta tính xác suất bằng cách chia số các trường hợp thuận lợi cho tổng số kết quả có thể xuất hiện.  
Em: Thưa thầy, vậy xác suất sẽ là \(\frac{6}{216} = \frac{1}{36}\).  
Thầy: [S] Đúng rồi! Xác suất để ba con súc sắc có cùng số chấm là \(\frac{1}{36}\). Như bạn đã giải quyết được bài toán, rất tốt!  
Em: Cảm ơn thầy đã giúp em."
GPS,GPU_S_25,Trung bình,5,"Thầy: [G] Bạn đã nắm vững khái niệm về xác suất chưa? Chúng ta sẽ cùng giải bài toán này nhé, bắt đầu với việc tính xem có bao nhiêu kết quả chung khi gieo ba con súc sắc. Em nhớ rằng mỗi con súc sắc có 6 mặt nên tổng số kết quả chung là 6 × 6 × 6 = 216.

Em: Thầy ơi, em chưa chắc lắm về cách tính này. Có phải là chúng ta nhân số mặt của một con súc sắc với nhau đúng không?

Thầy: [P] Đúng rồi! Đó chính là bước đầu tiên bạn cần làm. Tiếp theo, chúng ta cần xác định xem có bao nhiêu cách để ba con súc sắc xuất hiện số chấm giống nhau. Bạn thử tính xem có bao nhiêu kết quả như vậy đi.

Em: Thầy ơi, em nghĩ rằng nếu cả ba con súc sắc đều xuất hiện cùng một mặt thì sẽ chỉ có 6 kết quả là (1,1,1), (2,2,2), (3,3,3), (4,4,4), (5,5,5), (6,6,6). Vậy xác suất đó là bao nhiêu?

Thầy: [P] Rất tốt! Bạn đã nhận ra rằng chỉ có 6 kết quả phù hợp. Bây giờ chúng ta cần tính xác suất. Xác suất là số lượng kết quả thuận lợi chia cho tổng số kết quả có thể, nên bạn hãy tính xem tổng số kết quả có bao nhiêu và số kết quả thuận lợi là bao nhiêu.

Em: Tổng số kết quả là 216 như thầy đã nói. Số kết quả thuận lợi là 6 theo cách em vừa tính. Vậy xác suất là 6 chia cho 216 phải không?

Thầy: [P] Đúng rồi! Bây giờ bạn hãy thực hiện phép chia để tìm ra tỷ lệ này.

Em: Thầy, em tính được kết quả cuối cùng là 6/216 = 1/36.

Thầy: [S] Rất tốt! Vậy xác suất để số chấm xuất hiện trên ba con súc sắc như nhau là 1/36. Đây chính là đáp án của bài toán này, em đã làm rất tốt!

Em: Cảm ơn thầy đã hướng dẫn em!"
GPS,GPU_S_26,Trung bình,5,"Thầy: [G] (Hướng dẫn gợi mở đầu buổi) Gieo ba con súc sắc, em có biết tổng số kết quả có thể xuất hiện là bao nhiêu không?

Em: À, thầy ạ. Em nghĩ mỗi con súc sắc có 6 mặt nên tổng cộng sẽ là 6 nhân 6 nhân 6 phải không?

Thầy: [P] (Yêu cầu em tính toán bước 1) Đúng rồi, vậy em hãy tính xem số kết quả khả dĩ là bao nhiêu.

Em: Vậy thì 6 nhân 6 nhân 6 bằng 216 phải không thầy?

Thầy: [P] (Yêu cầu em tính toán bước 2 hoặc sửa lỗi) Em đã làm rất tốt! Tiếp theo, em hãy suy nghĩ về số kết quả mà ba con súc sắc có cùng chấm. Có bao nhiêu cách để ba con súc sắc xuất hiện cùng một mặt?

Em: Thầy ạ, nếu ba con súc sắc đều phải là 1, hoặc đều là 2,..., hoặc đều là 6 thì mới cùng mặt đúng không? Vậy có tổng cộng 6 cách phải không thầy?

Thầy: [P] (Yêu cầu em tính toán bước 2 hoặc sửa lỗi) Đúng lắm! Vậy xác suất để ba con súc sắc xuất hiện cùng một mặt sẽ là bao nhiêu?

Em: Vậy thì ta chia số kết quả thuận lợi cho tổng số kết quả, nên là 6 chia 216 phải không thầy?

Thầy: [P] (Yêu cầu em tính toán bước 2 hoặc sửa lỗi) Đúng rồi! Vậy em hãy làm phép chia để tìm xác suất cuối cùng nhé.

Em: Vậy thì 6 chia 216 bằng 1/36 ạ.

Thầy: [S] (Chốt đáp án cuối cùng và giải thích ngắn gọn) Em đã tính đúng. Xác suất để ba con súc sắc xuất hiện cùng một mặt là \(\frac{1}{36}\). Mình chia số kết quả thuận lợi (6 cách) cho tổng số kết quả (216 cách), nên ta có xác suất \(\frac{6}{216} = \frac{1}{36}\).

Em: Em hiểu rồi, cảm ơn thầy ạ!"
GPS,GPU_S_27,Yêu,5,"Thầy: [G] Chào Yêu, hôm nay chúng ta sẽ cùng giải quyết bài toán về xác suất nhé! Đây là một vấn đề thú vị về gieo ba con súc sắc. Em hãy suy nghĩ và thử tính xem có bao nhiêu kết quả có thể xảy ra khi gieo ba con súc sắc?

Em: (Trả lời) À, thầy ạ, em nhớ là mỗi con súc sắc có từ 1 đến 6 chấm nên tổng số kết quả khi gieo ba con sẽ là 6 x 6 x 6 = 216.

Thầy: [P] Đúng rồi, Yêu! Vậy chúng ta đã tính được tổng số kết quả có thể xảy ra. Bước tiếp theo, em hãy tính xem bao nhiêu trường hợp trong đó số chấm xuất hiện trên ba con súc sắc như nhau?

Em: (Tính toán) À, thầy ạ, nếu số chấm giống nhau thì có thể là 1-1-1, 2-2-2, 3-3-3, 4-4-4, 5-5-5 hoặc 6-6-6. Có tất cả 6 trường hợp.

Thầy: [P] Rất tốt, Yêu! Vậy xác suất để số chấm xuất hiện trên ba con súc sắc như nhau là bao nhiêu? Em hãy tính xem nhé!

Em: (Tính toán) À, thầy ạ, xác suất sẽ là số trường hợp chúng tôi đã tìm được chia cho tổng số kết quả có thể xảy ra. Vậy là 6/216 = 1/36.

Thầy: [S] Đúng rồi, Yêu! Xác suất để số chấm xuất hiện trên ba con súc sắc như nhau là 1/36. Em đã làm rất tốt!

Em: (Cảm ơn thầy) Cám ơn thầy nhiều, thầy ạ. Bây giờ em đỡ sợ xác suất hơn rồi ạ."
GPS,GPU_S_28,Yêu,5,"Thầy: [G] Chào Yêu, hôm nay chúng ta sẽ cùng giải quyết bài toán về xác suất một cách dễ hiểu nhé. Đầu tiên, em hãy suy nghĩ xem khi gieo ba con súc sắc, mỗi con có bao nhiêu kết quả có thể xảy ra?

Em: (Trả lời) Mỗi con súc sắc từ 1 đến 6 nên tổng cộng là 6x6x6 = 216 cách.

Thầy: [P] Đúng rồi! Bây giờ chúng ta cần tìm xác suất để ba con súc sắc có số chấm như nhau. Em hãy tính xem số kết quả phù hợp xuất hiện có bao nhiêu?

Em: (Tính toán) À, nếu ba súc sắc đều là 1 thì có 1 cách. Đều là 2 cũng có 1 cách... Vây nên tổng cộng là 6 cách.

Thầy: [P] Rất tốt! Vậy xác suất sẽ là số kết quả thuận lợi chia cho số kết quả toàn bộ. Em hãy tính xem.

Em: (Tính toán) Xác suất = 6/216 = 1/36.

Thầy: [S] Đúng rồi, Yêu. Vì vậy xác suất để ba con súc sắc có số chấm như nhau là 1/36. Bạn đã tự làm ra được kết quả đó đúng không?

Em: (Cảm ơn thầy) Cảm ơn thầy nhiều, giờ tôi hiểu rõ hơn về cách tính xác suất rồi ạ!"
GPS,GPU_S_29,Yêu,5,"Thầy: [G] Em ơi, chúng ta hãy thử giải bài toán này nhé! Bài toán này yêu cầu tính xác suất để số chấm xuất hiện trên ba con súc sắc như nhau. Em đã học về xác suất chưa?

Em: (Trả lời) Chưa thầy ạ, em rất sợ toán xác suất nên thường bị bế tắc.

Thầy: [P] Không sao cả, chúng ta sẽ làm từng bước. Đầu tiên, em hãy tính tổng số kết quả có thể xảy ra khi gieo ba con súc sắc nhé?

Em: (Tính toán) Tổng số kết quả là 6 x 6 x 6 = 216.

Thầy: [P] Đúng rồi! Tiếp theo, em hãy đếm xem có bao nhiêu trường hợp để số chấm xuất hiện trên ba con súc sắc như nhau?

Em: (Tính toán) Có 6 trường hợp là 1-1-1, 2-2-2, 3-3-3, 4-4-4, 5-5-5, và 6-6-6.

Thầy: [P] Rất tốt! Vậy xác suất để số chấm xuất hiện trên ba con súc sắc như nhau là bao nhiêu?

Em: (Tính toán) Xác suất là 6 chia cho 216, đúng không thầy?

Thầy: [S] Đúng rồi! Xác suất đó là \(\frac{6}{216} = \frac{1}{36}\). Vậy xác suất để số chấm xuất hiện trên ba con súc sắc như nhau là \(\frac{1}{36}\).

Em: (Cảm ơn thầy) Em cảm ơn thầy, thầy giảng rất dễ hiểu."
GPS,GPU_S_30,Yêu,5,"Thầy: [G] Yêu à, mình lại bắt đầu với bài toán xác suất nha! Hôm nay chúng ta sẽ tính xem khi gieo ba con súc sắc, xác suất để số chấm xuất hiện trên ba con súc sắc như nhau là bao nhiêu? Em có thể cùng tôi làm bài này không? 
Em: (Trả lời) Thầy ơi, em có chút lo lắng về toán xác suất. Em thường bị bối rối khi làm các bài toán liên quan đến xác suất.
Thầy: [P] Không sao đâu Yêu à, chúng ta sẽ cùng phân tích từng bước. Đặt câu hỏi đầu tiên: Khi gieo một con súc sắc, có bao nhiêu kết quả có thể xảy ra?
Em: (Tính toán) Có 6 kết quả nhé thầy, từ 1 đến 6.
Thầy: [P] Đúng rồi! Vậy khi gieo ba con súc sắc, tổng số kết quả có thể xảy ra là bao nhiêu nhỉ? Hãy suy nghĩ về nó trước khi trả lời em.
Em: (Tính toán) Là 6 x 6 x 6 = 216 phải không thầy?
Thầy: [P] Đúng rồi! Giờ chúng ta cần tính xác suất để số chấm xuất hiện trên ba con súc sắc như nhau. Điều này có nghĩa là tất cả ba con súc sắc đều sẽ hiển thị cùng một số chấm, đúng không em?
Em: (Tính toán) Có phải là 1-6, 2-6, 3-6, 4-6, 5-6, 6-6 phải không? Như vậy có 6 cách xảy ra.
Thầy: [P] Đúng rồi! Vậy tổng số kết quả thuận lợi (số chấm xuất hiện trên ba con súc sắc như nhau) là bao nhiêu em?
Em: (Tính toán) Có 6 cách xảy ra đúng không thầy?
Thầy: [P] Đúng, nhưng chúng ta hãy nhớ rằng, với mỗi số từ 1 đến 6, đều có thể xuất hiện trên cả ba con súc sắc. Vậy tổng số kết quả thuận lợi thực sự là bao nhiêu em?
Em: (Tính toán) Có phải là 1+1+1, 2+2+2,..., 6+6+6 nên tổng số kết quả thuận lợi là 6 phải không thầy?
Thầy: [P] Đúng rồi! Vậy xác suất để số chấm xuất hiện trên ba con súc sắc như nhau là bao nhiêu em? Hãy tính xem!
Em: (Tính toán) Xác suất là số cách thuận lợi chia cho tổng số kết quả có thể xảy ra, nên là 6/216 = 1/36 phải không thầy?
Thầy: [S] Đúng rồi Yêu à! Vậy xác suất để số chấm xuất hiện trên ba con súc sắc như nhau là 1/36. Em đã làm rất tốt!
Em: (Cảm ơn thầy) Cảm ơn thầy, thầy giúp em hiểu rõ hơn về bài toán này."
