Timestamp,Student ID,Class,Topic,Profile,Question,AI Response,Notes,Satisfaction (1-5),Difficulty (1-5),GPS Step (Truth),Auto Label,Student Hash,Thinking Time (minutes),Group,Message ID
2026-04-10 14:00:00,HS1000,12A2,Đạo hàm ứng dụng (Tối ưu hóa),Misconception-Prone,Kết quả diện tích lớn nhất là 50m2 đúng không AI?,Phản hồi AI giả lập cho bước S...,Auto-generated Phase 2,4,4,S,Solve,66a7f7ec7bc0517cc43db8f92cc191dc46efcb58e506c7c95d135613f488f333,10.73,Experimental,MSG_fbfe51f7
2026-04-10 14:39:00,HS1000,12A2,Xác suất Bayes (Nâng cao),Misconception-Prone,"Đáp số tích phân em ra là 1/3, AI xem logic em đúng chưa?",Phản hồi AI giả lập cho bước S...,Auto-generated Phase 2,4,5,S,Solve,66a7f7ec7bc0517cc43db8f92cc191dc46efcb58e506c7c95d135613f488f333,8.47,Experimental,MSG_b2262263
2026-04-10 15:15:00,HS1000,12A2,Đạo hàm ứng dụng (Tối ưu hóa),Misconception-Prone,"Tính diện tích giới hạn bởi y=x^2 và y=x, em kẹt ở bước tìm cận.",Phản hồi AI giả lập cho bước P...,Auto-generated Phase 2,3,5,P,Practice,66a7f7ec7bc0517cc43db8f92cc191dc46efcb58e506c7c95d135613f488f333,13.13,Experimental,MSG_6bd4a25a
2026-04-10 16:10:00,HS1000,12A2,Tích phân xác định (Diện tích),Misconception-Prone,"Tìm hệ số x^5 trong (2x - 1/x)^10, em viết khai triển rồi nhưng chưa rút gọn được.",Phản hồi AI giả lập cho bước P...,Auto-generated Phase 2,3,4,P,Practice,66a7f7ec7bc0517cc43db8f92cc191dc46efcb58e506c7c95d135613f488f333,12.22,Experimental,MSG_1865b98a
2026-04-10 17:09:00,HS1000,12A2,Đạo hàm ứng dụng (Tối ưu hóa),Misconception-Prone,"Đáp số tích phân em ra là 1/3, AI xem logic em đúng chưa?",Phản hồi AI giả lập cho bước S...,Auto-generated Phase 2,2,5,S,Solve,66a7f7ec7bc0517cc43db8f92cc191dc46efcb58e506c7c95d135613f488f333,8.73,Experimental,MSG_28cc9ed6
2026-04-10 17:50:00,HS1000,12A2,Đạo hàm ứng dụng (Tối ưu hóa),Misconception-Prone,Điều kiện để một dãy số có giới hạn hữu hạn là gì?,Phản hồi AI giả lập cho bước G...,Auto-generated Phase 2,4,3,G,Guide,66a7f7ec7bc0517cc43db8f92cc191dc46efcb58e506c7c95d135613f488f333,8.61,Experimental,MSG_7a94aeb6
2026-04-10 18:50:00,HS1000,12A2,Đạo hàm ứng dụng (Tối ưu hóa),Misconception-Prone,Điều kiện để một dãy số có giới hạn hữu hạn là gì?,Phản hồi AI giả lập cho bước G...,Auto-generated Phase 2,3,5,G,Guide,66a7f7ec7bc0517cc43db8f92cc191dc46efcb58e506c7c95d135613f488f333,9.68,Experimental,MSG_5ef709fd
2026-04-10 19:10:00,HS1000,12A2,Nhị thức Newton (Hệ số phức hợp),Misconception-Prone,Phân biệt ý nghĩa của tích phân và diện tích hình phẳng.,Phản hồi AI giả lập cho bước G...,Auto-generated Phase 2,2,3,G,Guide,66a7f7ec7bc0517cc43db8f92cc191dc46efcb58e506c7c95d135613f488f333,14.8,Experimental,MSG_05ac851d
2026-04-10 19:31:00,HS1000,12A2,Xác suất Bayes (Nâng cao),Misconception-Prone,Điều kiện để một dãy số có giới hạn hữu hạn là gì?,Phản hồi AI giả lập cho bước G...,Auto-generated Phase 2,3,3,G,Guide,66a7f7ec7bc0517cc43db8f92cc191dc46efcb58e506c7c95d135613f488f333,14.47,Experimental,MSG_ba3ffa73
2026-04-10 20:11:00,HS1000,12A2,Đạo hàm ứng dụng (Tối ưu hóa),Misconception-Prone,"Tìm hệ số x^5 trong (2x - 1/x)^10, em viết khai triển rồi nhưng chưa rút gọn được.",Phản hồi AI giả lập cho bước P...,Auto-generated Phase 2,3,5,P,Practice,66a7f7ec7bc0517cc43db8f92cc191dc46efcb58e506c7c95d135613f488f333,10.3,Experimental,MSG_8277ec5b
2026-04-10 20:37:00,HS1000,12A2,Xác suất Bayes (Nâng cao),Misconception-Prone,Khi nào dùng công thức Bayes thay vì xác suất cổ điển?,Phản hồi AI giả lập cho bước G...,Auto-generated Phase 2,2,5,G,Guide,66a7f7ec7bc0517cc43db8f92cc191dc46efcb58e506c7c95d135613f488f333,14.03,Experimental,MSG_5c0c9357
2026-04-10 21:08:00,HS1000,12A2,Tích phân xác định (Diện tích),Misconception-Prone,"Tìm hệ số x^5 trong (2x - 1/x)^10, em viết khai triển rồi nhưng chưa rút gọn được.",Phản hồi AI giả lập cho bước P...,Auto-generated Phase 2,4,4,P,Practice,66a7f7ec7bc0517cc43db8f92cc191dc46efcb58e506c7c95d135613f488f333,14.67,Experimental,MSG_96408685
2026-04-10 21:52:00,HS1000,12A2,Nhị thức Newton (Hệ số phức hợp),Misconception-Prone,Khi nào dùng công thức Bayes thay vì xác suất cổ điển?,Phản hồi AI giả lập cho bước G...,Auto-generated Phase 2,3,3,G,Guide,66a7f7ec7bc0517cc43db8f92cc191dc46efcb58e506c7c95d135613f488f333,11.06,Experimental,MSG_8aa2356b
2026-04-10 22:30:00,HS1000,12A2,Nhị thức Newton (Hệ số phức hợp),Misconception-Prone,"Em đã lập được hàm f(x) = x(20-2x), giờ tính đạo hàm thế nào AI?",Phản hồi AI giả lập cho bước P...,Auto-generated Phase 2,2,5,P,Practice,66a7f7ec7bc0517cc43db8f92cc191dc46efcb58e506c7c95d135613f488f333,13.6,Experimental,MSG_0aaaa23e
2026-04-10 22:54:00,HS1000,12A2,Nhị thức Newton (Hệ số phức hợp),Misconception-Prone,Chứng minh dãy u(n) = (n+1)/n bị chặn dưới bởi 1 thế nào?,Phản hồi AI giả lập cho bước P...,Auto-generated Phase 2,4,3,P,Practice,66a7f7ec7bc0517cc43db8f92cc191dc46efcb58e506c7c95d135613f488f333,12.23,Experimental,MSG_96b41b26
2026-04-10 23:28:00,HS1000,12A2,Đạo hàm ứng dụng (Tối ưu hóa),Misconception-Prone,Tại sao trong bài toán tối ưu diện tích ta phải xét đạo hàm f'(x)=0?,Phản hồi AI giả lập cho bước G...,Auto-generated Phase 2,3,3,G,Guide,66a7f7ec7bc0517cc43db8f92cc191dc46efcb58e506c7c95d135613f488f333,13.23,Experimental,MSG_eadf74a4
2026-04-11 00:20:00,HS1000,12A2,Dãy số & Giới hạn,Misconception-Prone,"Tìm hệ số x^5 trong (2x - 1/x)^10, em viết khai triển rồi nhưng chưa rút gọn được.",Phản hồi AI giả lập cho bước P...,Auto-generated Phase 2,2,5,P,Practice,66a7f7ec7bc0517cc43db8f92cc191dc46efcb58e506c7c95d135613f488f333,13.1,Experimental,MSG_a6f38148
2026-04-11 00:50:00,HS1000,12A2,Dãy số & Giới hạn,Misconception-Prone,Chứng minh dãy u(n) = (n+1)/n bị chặn dưới bởi 1 thế nào?,Phản hồi AI giả lập cho bước P...,Auto-generated Phase 2,3,4,P,Practice,66a7f7ec7bc0517cc43db8f92cc191dc46efcb58e506c7c95d135613f488f333,8.26,Experimental,MSG_98951b78
2026-04-11 01:17:00,HS1000,12A2,Nhị thức Newton (Hệ số phức hợp),Misconception-Prone,"Em đã lập được hàm f(x) = x(20-2x), giờ tính đạo hàm thế nào AI?",Phản hồi AI giả lập cho bước P...,Auto-generated Phase 2,3,3,P,Practice,66a7f7ec7bc0517cc43db8f92cc191dc46efcb58e506c7c95d135613f488f333,9.78,Experimental,MSG_19b441b4
2026-04-11 02:09:00,HS1000,12A2,Nhị thức Newton (Hệ số phức hợp),Misconception-Prone,Phân biệt ý nghĩa của tích phân và diện tích hình phẳng.,Phản hồi AI giả lập cho bước G...,Auto-generated Phase 2,3,5,G,Guide,66a7f7ec7bc0517cc43db8f92cc191dc46efcb58e506c7c95d135613f488f333,10.25,Experimental,MSG_11cdbad8
2026-04-05 09:00:00,HS1001,12A1,Xác suất Bayes (Nâng cao),Fast-Learner,"Xác suất mắc bệnh là 0.091, đáp án này hợp lý không ạ?",Phản hồi AI giả lập cho bước S...,Auto-generated Phase 2,5,1,S,Solve,8c94ed69f623a5228abb4e81159d3733664f0ccdf7f4d64236d4b630e7005ccb,1.26,Experimental,MSG_a7962e7a
2026-04-05 09:45:00,HS1001,12A1,Nhị thức Newton (Hệ số phức hợp),Fast-Learner,"Hệ số là -8064, AI chốt đáp án giúp em.",Phản hồi AI giả lập cho bước S...,Auto-generated Phase 2,4,3,S,Solve,8c94ed69f623a5228abb4e81159d3733664f0ccdf7f4d64236d4b630e7005ccb,1.27,Experimental,MSG_c7dfa417
2026-04-05 10:35:00,HS1001,12A1,Tích phân xác định (Diện tích),Fast-Learner,"Xác suất mắc bệnh là 0.091, đáp án này hợp lý không ạ?",Phản hồi AI giả lập cho bước S...,Auto-generated Phase 2,4,2,S,Solve,8c94ed69f623a5228abb4e81159d3733664f0ccdf7f4d64236d4b630e7005ccb,1.85,Experimental,MSG_827c85cc
2026-04-05 11:04:00,HS1001,12A1,Tích phân xác định (Diện tích),Fast-Learner,Chứng minh dãy u(n) = (n+1)/n bị chặn dưới bởi 1 thế nào?,Phản hồi AI giả lập cho bước P...,Auto-generated Phase 2,3,1,P,Practice,8c94ed69f623a5228abb4e81159d3733664f0ccdf7f4d64236d4b630e7005ccb,2.01,Experimental,MSG_4138a8fc
2026-04-05 11:27:00,HS1001,12A1,Xác suất Bayes (Nâng cao),Fast-Learner,Giới hạn của dãy là 1. Em làm đúng chưa?,Phản hồi AI giả lập cho bước S...,Auto-generated Phase 2,4,2,S,Solve,8c94ed69f623a5228abb4e81159d3733664f0ccdf7f4d64236d4b630e7005ccb,1.46,Experimental,MSG_5767ed4a
2026-04-05 11:53:00,HS1001,12A1,Nhị thức Newton (Hệ số phức hợp),Fast-Learner,"Xác suất mắc bệnh là 0.091, đáp án này hợp lý không ạ?",Phản hồi AI giả lập cho bước S...,Auto-generated Phase 2,4,3,S,Solve,8c94ed69f623a5228abb4e81159d3733664f0ccdf7f4d64236d4b630e7005ccb,1.87,Experimental,MSG_f9e50cdc
2026-04-05 12:38:00,HS1001,12A1,Xác suất Bayes (Nâng cao),Fast-Learner,"Đáp số tích phân em ra là 1/3, AI xem logic em đúng chưa?",Phản hồi AI giả lập cho bước S...,Auto-generated Phase 2,3,2,S,Solve,8c94ed69f623a5228abb4e81159d3733664f0ccdf7f4d64236d4b630e7005ccb,1.52,Experimental,MSG_f9187951
2026-04-05 13:35:00,HS1001,12A1,Đạo hàm ứng dụng (Tối ưu hóa),Fast-Learner,Kết quả diện tích lớn nhất là 50m2 đúng không AI?,Phản hồi AI giả lập cho bước S...,Auto-generated Phase 2,5,1,S,Solve,8c94ed69f623a5228abb4e81159d3733664f0ccdf7f4d64236d4b630e7005ccb,1.02,Experimental,MSG_6925e4cf
2026-04-05 14:01:00,HS1001,12A1,Dãy số & Giới hạn,Fast-Learner,"Đáp số tích phân em ra là 1/3, AI xem logic em đúng chưa?",Phản hồi AI giả lập cho bước S...,Auto-generated Phase 2,4,1,S,Solve,8c94ed69f623a5228abb4e81159d3733664f0ccdf7f4d64236d4b630e7005ccb,2.43,Experimental,MSG_f185f523
2026-04-05 14:25:00,HS1001,12A1,Đạo hàm ứng dụng (Tối ưu hóa),Fast-Learner,"Em đã lập được hàm f(x) = x(20-2x), giờ tính đạo hàm thế nào AI?",Phản hồi AI giả lập cho bước P...,Auto-generated Phase 2,3,1,P,Practice,8c94ed69f623a5228abb4e81159d3733664f0ccdf7f4d64236d4b630e7005ccb,1.21,Experimental,MSG_56751ae7
2026-04-05 14:49:00,HS1001,12A1,Dãy số & Giới hạn,Fast-Learner,Giới hạn của dãy là 1. Em làm đúng chưa?,Phản hồi AI giả lập cho bước S...,Auto-generated Phase 2,3,3,S,Solve,8c94ed69f623a5228abb4e81159d3733664f0ccdf7f4d64236d4b630e7005ccb,1.54,Experimental,MSG_dd2142aa
2026-04-05 15:17:00,HS1001,12A1,Nhị thức Newton (Hệ số phức hợp),Fast-Learner,"Hệ số là -8064, AI chốt đáp án giúp em.",Phản hồi AI giả lập cho bước S...,Auto-generated Phase 2,5,2,S,Solve,8c94ed69f623a5228abb4e81159d3733664f0ccdf7f4d64236d4b630e7005ccb,1.32,Experimental,MSG_4714bc52
2026-04-05 15:48:00,HS1001,12A1,Xác suất Bayes (Nâng cao),Fast-Learner,"Đáp số tích phân em ra là 1/3, AI xem logic em đúng chưa?",Phản hồi AI giả lập cho bước S...,Auto-generated Phase 2,4,2,S,Solve,8c94ed69f623a5228abb4e81159d3733664f0ccdf7f4d64236d4b630e7005ccb,2.76,Experimental,MSG_c18d0fc3
2026-04-05 16:36:00,HS1001,12A1,Xác suất Bayes (Nâng cao),Fast-Learner,Kết quả diện tích lớn nhất là 50m2 đúng không AI?,Phản hồi AI giả lập cho bước S...,Auto-generated Phase 2,3,2,S,Solve,8c94ed69f623a5228abb4e81159d3733664f0ccdf7f4d64236d4b630e7005ccb,1.57,Experimental,MSG_1320716c
2026-04-05 17:01:00,HS1001,12A1,Nhị thức Newton (Hệ số phức hợp),Fast-Learner,"Đáp số tích phân em ra là 1/3, AI xem logic em đúng chưa?",Phản hồi AI giả lập cho bước S...,Auto-generated Phase 2,5,1,S,Solve,8c94ed69f623a5228abb4e81159d3733664f0ccdf7f4d64236d4b630e7005ccb,2.22,Experimental,MSG_6891bbf9
2026-04-05 17:29:00,HS1001,12A1,Đạo hàm ứng dụng (Tối ưu hóa),Fast-Learner,"Xác suất mắc bệnh là 0.091, đáp án này hợp lý không ạ?",Phản hồi AI giả lập cho bước S...,Auto-generated Phase 2,5,3,S,Solve,8c94ed69f623a5228abb4e81159d3733664f0ccdf7f4d64236d4b630e7005ccb,2.07,Experimental,MSG_78ff116a
2026-04-05 18:21:00,HS1001,12A1,Tích phân xác định (Diện tích),Fast-Learner,Giới hạn của dãy là 1. Em làm đúng chưa?,Phản hồi AI giả lập cho bước S...,Auto-generated Phase 2,5,1,S,Solve,8c94ed69f623a5228abb4e81159d3733664f0ccdf7f4d64236d4b630e7005ccb,2.32,Experimental,MSG_e2d0921b
2026-04-05 18:50:00,HS1001,12A1,Dãy số & Giới hạn,Fast-Learner,"Hệ số là -8064, AI chốt đáp án giúp em.",Phản hồi AI giả lập cho bước S...,Auto-generated Phase 2,3,2,S,Solve,8c94ed69f623a5228abb4e81159d3733664f0ccdf7f4d64236d4b630e7005ccb,2.39,Experimental,MSG_aecf4730
2026-04-05 19:47:00,HS1001,12A1,Dãy số & Giới hạn,Fast-Learner,"Hệ số là -8064, AI chốt đáp án giúp em.",Phản hồi AI giả lập cho bước S...,Auto-generated Phase 2,3,3,S,Solve,8c94ed69f623a5228abb4e81159d3733664f0ccdf7f4d64236d4b630e7005ccb,2.82,Experimental,MSG_1eefa787
2026-04-05 20:17:00,HS1001,12A1,Dãy số & Giới hạn,Fast-Learner,Kết quả diện tích lớn nhất là 50m2 đúng không AI?,Phản hồi AI giả lập cho bước S...,Auto-generated Phase 2,3,3,S,Solve,8c94ed69f623a5228abb4e81159d3733664f0ccdf7f4d64236d4b630e7005ccb,1.61,Experimental,MSG_3f408a9b
2026-04-05 09:00:00,HS1002,11A1,Đạo hàm ứng dụng (Tối ưu hóa),Normal,Khi nào dùng công thức Bayes thay vì xác suất cổ điển?,Phản hồi AI giả lập cho bước G...,Auto-generated Phase 2,5,5,G,Guide,0c3b4b483ae460c3e4bee7dd4c999988b378fc90d09cd3691cb26db52a67dda8,3.15,Experimental,MSG_c10708a1
2026-04-05 09:22:00,HS1002,11A1,Dãy số & Giới hạn,Normal,Giới hạn của dãy là 1. Em làm đúng chưa?,Phản hồi AI giả lập cho bước S...,Auto-generated Phase 2,3,3,S,Solve,0c3b4b483ae460c3e4bee7dd4c999988b378fc90d09cd3691cb26db52a67dda8,6.13,Experimental,MSG_e984f7ed
2026-04-05 10:01:00,HS1002,11A1,Nhị thức Newton (Hệ số phức hợp),Normal,Kết quả diện tích lớn nhất là 50m2 đúng không AI?,Phản hồi AI giả lập cho bước S...,Auto-generated Phase 2,3,3,S,Solve,0c3b4b483ae460c3e4bee7dd4c999988b378fc90d09cd3691cb26db52a67dda8,7.14,Experimental,MSG_a69ca7d1
2026-04-05 10:50:00,HS1002,11A1,Nhị thức Newton (Hệ số phức hợp),Normal,"Hệ số là -8064, AI chốt đáp án giúp em.",Phản hồi AI giả lập cho bước S...,Auto-generated Phase 2,5,4,S,Solve,0c3b4b483ae460c3e4bee7dd4c999988b378fc90d09cd3691cb26db52a67dda8,6.88,Experimental,MSG_084cab4c
2026-04-05 11:17:00,HS1002,11A1,Đạo hàm ứng dụng (Tối ưu hóa),Normal,Khi nào dùng công thức Bayes thay vì xác suất cổ điển?,Phản hồi AI giả lập cho bước G...,Auto-generated Phase 2,3,4,G,Guide,0c3b4b483ae460c3e4bee7dd4c999988b378fc90d09cd3691cb26db52a67dda8,5.9,Experimental,MSG_9edeb9c5
2026-04-05 12:10:00,HS1002,11A1,Dãy số & Giới hạn,Normal,Điều kiện để một dãy số có giới hạn hữu hạn là gì?,Phản hồi AI giả lập cho bước G...,Auto-generated Phase 2,4,5,G,Guide,0c3b4b483ae460c3e4bee7dd4c999988b378fc90d09cd3691cb26db52a67dda8,6.91,Experimental,MSG_98fd7789
2026-04-05 12:33:00,HS1002,11A1,Nhị thức Newton (Hệ số phức hợp),Normal,"Tính diện tích giới hạn bởi y=x^2 và y=x, em kẹt ở bước tìm cận.",Phản hồi AI giả lập cho bước P...,Auto-generated Phase 2,5,5,P,Practice,0c3b4b483ae460c3e4bee7dd4c999988b378fc90d09cd3691cb26db52a67dda8,3.83,Experimental,MSG_2215fbd9
2026-04-05 13:02:00,HS1002,11A1,Tích phân xác định (Diện tích),Normal,"Em đã lập được hàm f(x) = x(20-2x), giờ tính đạo hàm thế nào AI?",Phản hồi AI giả lập cho bước P...,Auto-generated Phase 2,3,5,P,Practice,0c3b4b483ae460c3e4bee7dd4c999988b378fc90d09cd3691cb26db52a67dda8,7.97,Experimental,MSG_34ff5c49
2026-04-05 13:52:00,HS1002,11A1,Dãy số & Giới hạn,Normal,Khi nào dùng công thức Bayes thay vì xác suất cổ điển?,Phản hồi AI giả lập cho bước G...,Auto-generated Phase 2,3,5,G,Guide,0c3b4b483ae460c3e4bee7dd4c999988b378fc90d09cd3691cb26db52a67dda8,4.63,Experimental,MSG_52ff84b3
2026-04-05 14:23:00,HS1002,11A1,Tích phân xác định (Diện tích),Normal,"Tìm hệ số x^5 trong (2x - 1/x)^10, em viết khai triển rồi nhưng chưa rút gọn được.",Phản hồi AI giả lập cho bước P...,Auto-generated Phase 2,4,4,P,Practice,0c3b4b483ae460c3e4bee7dd4c999988b378fc90d09cd3691cb26db52a67dda8,7.88,Experimental,MSG_2fdeb0a8
2026-04-05 15:08:00,HS1002,11A1,Đạo hàm ứng dụng (Tối ưu hóa),Normal,Tại sao trong bài toán tối ưu diện tích ta phải xét đạo hàm f'(x)=0?,Phản hồi AI giả lập cho bước G...,Auto-generated Phase 2,5,3,G,Guide,0c3b4b483ae460c3e4bee7dd4c999988b378fc90d09cd3691cb26db52a67dda8,4.81,Experimental,MSG_d62f9f9c
2026-04-05 15:42:00,HS1002,11A1,Dãy số & Giới hạn,Normal,"Tìm hệ số x^5 trong (2x - 1/x)^10, em viết khai triển rồi nhưng chưa rút gọn được.",Phản hồi AI giả lập cho bước P...,Auto-generated Phase 2,5,3,P,Practice,0c3b4b483ae460c3e4bee7dd4c999988b378fc90d09cd3691cb26db52a67dda8,6.64,Experimental,MSG_f7702e6b
2026-04-05 16:17:00,HS1002,11A1,Tích phân xác định (Diện tích),Normal,Chứng minh dãy u(n) = (n+1)/n bị chặn dưới bởi 1 thế nào?,Phản hồi AI giả lập cho bước P...,Auto-generated Phase 2,4,5,P,Practice,0c3b4b483ae460c3e4bee7dd4c999988b378fc90d09cd3691cb26db52a67dda8,5.81,Experimental,MSG_c4f5cfa8
2026-04-05 16:43:00,HS1002,11A1,Nhị thức Newton (Hệ số phức hợp),Normal,Kết quả diện tích lớn nhất là 50m2 đúng không AI?,Phản hồi AI giả lập cho bước S...,Auto-generated Phase 2,3,4,S,Solve,0c3b4b483ae460c3e4bee7dd4c999988b378fc90d09cd3691cb26db52a67dda8,3.9,Experimental,MSG_53631d4b
2026-04-05 17:04:00,HS1002,11A1,Nhị thức Newton (Hệ số phức hợp),Normal,"Bài toán xét nghiệm bệnh: P(A)=0.01, P(B|A)=0.99. Bước tiếp theo tính gì?",Phản hồi AI giả lập cho bước P...,Auto-generated Phase 2,4,5,P,Practice,0c3b4b483ae460c3e4bee7dd4c999988b378fc90d09cd3691cb26db52a67dda8,4.55,Experimental,MSG_db5e7609
2026-04-05 17:48:00,HS1002,11A1,Nhị thức Newton (Hệ số phức hợp),Normal,"Tính diện tích giới hạn bởi y=x^2 và y=x, em kẹt ở bước tìm cận.",Phản hồi AI giả lập cho bước P...,Auto-generated Phase 2,4,3,P,Practice,0c3b4b483ae460c3e4bee7dd4c999988b378fc90d09cd3691cb26db52a67dda8,5.7,Experimental,MSG_0417827c
2026-04-05 18:16:00,HS1002,11A1,Đạo hàm ứng dụng (Tối ưu hóa),Normal,Tại sao trong bài toán tối ưu diện tích ta phải xét đạo hàm f'(x)=0?,Phản hồi AI giả lập cho bước G...,Auto-generated Phase 2,5,5,G,Guide,0c3b4b483ae460c3e4bee7dd4c999988b378fc90d09cd3691cb26db52a67dda8,4.81,Experimental,MSG_92b03e41
2026-04-05 19:01:00,HS1002,11A1,Xác suất Bayes (Nâng cao),Normal,Kết quả diện tích lớn nhất là 50m2 đúng không AI?,Phản hồi AI giả lập cho bước S...,Auto-generated Phase 2,4,5,S,Solve,0c3b4b483ae460c3e4bee7dd4c999988b378fc90d09cd3691cb26db52a67dda8,7.75,Experimental,MSG_92d5cdbe
2026-04-05 20:00:00,HS1002,11A1,Nhị thức Newton (Hệ số phức hợp),Normal,"Tìm hệ số x^5 trong (2x - 1/x)^10, em viết khai triển rồi nhưng chưa rút gọn được.",Phản hồi AI giả lập cho bước P...,Auto-generated Phase 2,4,3,P,Practice,0c3b4b483ae460c3e4bee7dd4c999988b378fc90d09cd3691cb26db52a67dda8,4.52,Experimental,MSG_cb130162
2026-04-05 20:26:00,HS1002,11A1,Xác suất Bayes (Nâng cao),Normal,"Đáp số tích phân em ra là 1/3, AI xem logic em đúng chưa?",Phản hồi AI giả lập cho bước S...,Auto-generated Phase 2,5,4,S,Solve,0c3b4b483ae460c3e4bee7dd4c999988b378fc90d09cd3691cb26db52a67dda8,5.83,Experimental,MSG_576692f0
2026-04-05 12:00:00,HS1003,12A1,Đạo hàm ứng dụng (Tối ưu hóa),Normal,Giải thích công thức số hạng tổng quát của Nhị thức Newton.,Phản hồi AI giả lập cho bước G...,Auto-generated Phase 2,3,5,G,Guide,00318f5001999bd32b055d61f775c88a162a3a2fbc04fe71f079ccfba8f8bdb8,5.42,Experimental,MSG_d97a26b4
2026-04-05 12:51:00,HS1003,12A1,Đạo hàm ứng dụng (Tối ưu hóa),Normal,Chứng minh dãy u(n) = (n+1)/n bị chặn dưới bởi 1 thế nào?,Phản hồi AI giả lập cho bước P...,Auto-generated Phase 2,4,4,P,Practice,00318f5001999bd32b055d61f775c88a162a3a2fbc04fe71f079ccfba8f8bdb8,7.06,Experimental,MSG_be1098af
2026-04-05 13:47:00,HS1003,12A1,Xác suất Bayes (Nâng cao),Normal,"Tính diện tích giới hạn bởi y=x^2 và y=x, em kẹt ở bước tìm cận.",Phản hồi AI giả lập cho bước P...,Auto-generated Phase 2,5,3,P,Practice,00318f5001999bd32b055d61f775c88a162a3a2fbc04fe71f079ccfba8f8bdb8,6.53,Experimental,MSG_8068457b
2026-04-05 14:08:00,HS1003,12A1,Tích phân xác định (Diện tích),Normal,"Bài toán xét nghiệm bệnh: P(A)=0.01, P(B|A)=0.99. Bước tiếp theo tính gì?",Phản hồi AI giả lập cho bước P...,Auto-generated Phase 2,4,3,P,Practice,00318f5001999bd32b055d61f775c88a162a3a2fbc04fe71f079ccfba8f8bdb8,3.37,Experimental,MSG_29f4cdc4
2026-04-05 14:52:00,HS1003,12A1,Nhị thức Newton (Hệ số phức hợp),Normal,Giải thích công thức số hạng tổng quát của Nhị thức Newton.,Phản hồi AI giả lập cho bước G...,Auto-generated Phase 2,3,3,G,Guide,00318f5001999bd32b055d61f775c88a162a3a2fbc04fe71f079ccfba8f8bdb8,4.1,Experimental,MSG_33520629
2026-04-05 15:31:00,HS1003,12A1,Nhị thức Newton (Hệ số phức hợp),Normal,Khi nào dùng công thức Bayes thay vì xác suất cổ điển?,Phản hồi AI giả lập cho bước G...,Auto-generated Phase 2,3,4,G,Guide,00318f5001999bd32b055d61f775c88a162a3a2fbc04fe71f079ccfba8f8bdb8,6.05,Experimental,MSG_933e66af
2026-04-05 15:58:00,HS1003,12A1,Đạo hàm ứng dụng (Tối ưu hóa),Normal,Giới hạn của dãy là 1. Em làm đúng chưa?,Phản hồi AI giả lập cho bước S...,Auto-generated Phase 2,4,3,S,Solve,00318f5001999bd32b055d61f775c88a162a3a2fbc04fe71f079ccfba8f8bdb8,6.97,Experimental,MSG_508b7b54
2026-04-05 16:34:00,HS1003,12A1,Nhị thức Newton (Hệ số phức hợp),Normal,Khi nào dùng công thức Bayes thay vì xác suất cổ điển?,Phản hồi AI giả lập cho bước G...,Auto-generated Phase 2,4,3,G,Guide,00318f5001999bd32b055d61f775c88a162a3a2fbc04fe71f079ccfba8f8bdb8,3.25,Experimental,MSG_1a0673fa
2026-04-05 17:31:00,HS1003,12A1,Nhị thức Newton (Hệ số phức hợp),Normal,Chứng minh dãy u(n) = (n+1)/n bị chặn dưới bởi 1 thế nào?,Phản hồi AI giả lập cho bước P...,Auto-generated Phase 2,3,5,P,Practice,00318f5001999bd32b055d61f775c88a162a3a2fbc04fe71f079ccfba8f8bdb8,4.58,Experimental,MSG_3c5dfac1
2026-04-05 18:08:00,HS1003,12A1,Đạo hàm ứng dụng (Tối ưu hóa),Normal,"Tính diện tích giới hạn bởi y=x^2 và y=x, em kẹt ở bước tìm cận.",Phản hồi AI giả lập cho bước P...,Auto-generated Phase 2,3,4,P,Practice,00318f5001999bd32b055d61f775c88a162a3a2fbc04fe71f079ccfba8f8bdb8,6.11,Experimental,MSG_30d28e2e
2026-04-05 18:40:00,HS1003,12A1,Đạo hàm ứng dụng (Tối ưu hóa),Normal,Giới hạn của dãy là 1. Em làm đúng chưa?,Phản hồi AI giả lập cho bước S...,Auto-generated Phase 2,4,3,S,Solve,00318f5001999bd32b055d61f775c88a162a3a2fbc04fe71f079ccfba8f8bdb8,5.82,Experimental,MSG_9479a525
2026-04-05 19:10:00,HS1003,12A1,Đạo hàm ứng dụng (Tối ưu hóa),Normal,"Tính diện tích giới hạn bởi y=x^2 và y=x, em kẹt ở bước tìm cận.",Phản hồi AI giả lập cho bước P...,Auto-generated Phase 2,4,3,P,Practice,00318f5001999bd32b055d61f775c88a162a3a2fbc04fe71f079ccfba8f8bdb8,6.16,Experimental,MSG_fb995c83
2026-04-05 19:37:00,HS1003,12A1,Tích phân xác định (Diện tích),Normal,"Em đã lập được hàm f(x) = x(20-2x), giờ tính đạo hàm thế nào AI?",Phản hồi AI giả lập cho bước P...,Auto-generated Phase 2,4,3,P,Practice,00318f5001999bd32b055d61f775c88a162a3a2fbc04fe71f079ccfba8f8bdb8,7.88,Experimental,MSG_b4632a2c
2026-04-05 20:17:00,HS1003,12A1,Tích phân xác định (Diện tích),Normal,Kết quả diện tích lớn nhất là 50m2 đúng không AI?,Phản hồi AI giả lập cho bước S...,Auto-generated Phase 2,5,4,S,Solve,00318f5001999bd32b055d61f775c88a162a3a2fbc04fe71f079ccfba8f8bdb8,3.47,Experimental,MSG_18ccc22f
2026-04-05 20:46:00,HS1003,12A1,Nhị thức Newton (Hệ số phức hợp),Normal,"Đáp số tích phân em ra là 1/3, AI xem logic em đúng chưa?",Phản hồi AI giả lập cho bước S...,Auto-generated Phase 2,3,5,S,Solve,00318f5001999bd32b055d61f775c88a162a3a2fbc04fe71f079ccfba8f8bdb8,3.55,Experimental,MSG_bb98e6d2
2026-04-05 21:10:00,HS1003,12A1,Tích phân xác định (Diện tích),Normal,"Xác suất mắc bệnh là 0.091, đáp án này hợp lý không ạ?",Phản hồi AI giả lập cho bước S...,Auto-generated Phase 2,4,4,S,Solve,00318f5001999bd32b055d61f775c88a162a3a2fbc04fe71f079ccfba8f8bdb8,5.06,Experimental,MSG_34e90f08
2026-04-05 22:04:00,HS1003,12A1,Đạo hàm ứng dụng (Tối ưu hóa),Normal,"Xác suất mắc bệnh là 0.091, đáp án này hợp lý không ạ?",Phản hồi AI giả lập cho bước S...,Auto-generated Phase 2,3,4,S,Solve,00318f5001999bd32b055d61f775c88a162a3a2fbc04fe71f079ccfba8f8bdb8,7.6,Experimental,MSG_75e0858c
2026-04-05 22:45:00,HS1003,12A1,Nhị thức Newton (Hệ số phức hợp),Normal,"Tính diện tích giới hạn bởi y=x^2 và y=x, em kẹt ở bước tìm cận.",Phản hồi AI giả lập cho bước P...,Auto-generated Phase 2,3,5,P,Practice,00318f5001999bd32b055d61f775c88a162a3a2fbc04fe71f079ccfba8f8bdb8,4.64,Experimental,MSG_3a4ad880
2026-04-05 23:44:00,HS1003,12A1,Dãy số & Giới hạn,Normal,"Đáp số tích phân em ra là 1/3, AI xem logic em đúng chưa?",Phản hồi AI giả lập cho bước S...,Auto-generated Phase 2,4,4,S,Solve,00318f5001999bd32b055d61f775c88a162a3a2fbc04fe71f079ccfba8f8bdb8,7.61,Experimental,MSG_7a536713
2026-04-06 00:23:00,HS1003,12A1,Dãy số & Giới hạn,Normal,"Tìm hệ số x^5 trong (2x - 1/x)^10, em viết khai triển rồi nhưng chưa rút gọn được.",Phản hồi AI giả lập cho bước P...,Auto-generated Phase 2,5,5,P,Practice,00318f5001999bd32b055d61f775c88a162a3a2fbc04fe71f079ccfba8f8bdb8,5.89,Experimental,MSG_6dbdd6e8
2026-04-10 12:00:00,HS1004,12A1,Tích phân xác định (Diện tích),Misconception-Prone,Chứng minh dãy u(n) = (n+1)/n bị chặn dưới bởi 1 thế nào?,Phản hồi AI giả lập cho bước P...,Auto-generated Phase 2,4,3,P,Practice,2c99da40aad4432cd4e144bc36a2784e79b7f5180fad54a645ba8dbe4c1b8b39,12.47,Experimental,MSG_00dc7342
2026-04-10 12:23:00,HS1004,12A1,Đạo hàm ứng dụng (Tối ưu hóa),Misconception-Prone,Phân biệt ý nghĩa của tích phân và diện tích hình phẳng.,Phản hồi AI giả lập cho bước G...,Auto-generated Phase 2,2,3,G,Guide,2c99da40aad4432cd4e144bc36a2784e79b7f5180fad54a645ba8dbe4c1b8b39,11.82,Experimental,MSG_86228313
2026-04-10 13:01:00,HS1004,12A1,Đạo hàm ứng dụng (Tối ưu hóa),Misconception-Prone,Giải thích công thức số hạng tổng quát của Nhị thức Newton.,Phản hồi AI giả lập cho bước G...,Auto-generated Phase 2,3,4,G,Guide,2c99da40aad4432cd4e144bc36a2784e79b7f5180fad54a645ba8dbe4c1b8b39,10.69,Experimental,MSG_42871d0b
2026-04-10 13:28:00,HS1004,12A1,Xác suất Bayes (Nâng cao),Misconception-Prone,Khi nào dùng công thức Bayes thay vì xác suất cổ điển?,Phản hồi AI giả lập cho bước G...,Auto-generated Phase 2,3,4,G,Guide,2c99da40aad4432cd4e144bc36a2784e79b7f5180fad54a645ba8dbe4c1b8b39,9.47,Experimental,MSG_3516d45d
2026-04-10 14:23:00,HS1004,12A1,Dãy số & Giới hạn,Misconception-Prone,"Bài toán xét nghiệm bệnh: P(A)=0.01, P(B|A)=0.99. Bước tiếp theo tính gì?",Phản hồi AI giả lập cho bước P...,Auto-generated Phase 2,3,3,P,Practice,2c99da40aad4432cd4e144bc36a2784e79b7f5180fad54a645ba8dbe4c1b8b39,10.84,Experimental,MSG_d5768272
2026-04-10 15:21:00,HS1004,12A1,Dãy số & Giới hạn,Misconception-Prone,"Em đã lập được hàm f(x) = x(20-2x), giờ tính đạo hàm thế nào AI?",Phản hồi AI giả lập cho bước P...,Auto-generated Phase 2,2,3,P,Practice,2c99da40aad4432cd4e144bc36a2784e79b7f5180fad54a645ba8dbe4c1b8b39,8.85,Experimental,MSG_b734c74d
2026-04-10 16:02:00,HS1004,12A1,Dãy số & Giới hạn,Misconception-Prone,Phân biệt ý nghĩa của tích phân và diện tích hình phẳng.,Phản hồi AI giả lập cho bước G...,Auto-generated Phase 2,2,4,G,Guide,2c99da40aad4432cd4e144bc36a2784e79b7f5180fad54a645ba8dbe4c1b8b39,8.45,Experimental,MSG_86c08de1
2026-04-10 16:29:00,HS1004,12A1,Đạo hàm ứng dụng (Tối ưu hóa),Misconception-Prone,Giải thích công thức số hạng tổng quát của Nhị thức Newton.,Phản hồi AI giả lập cho bước G...,Auto-generated Phase 2,2,5,G,Guide,2c99da40aad4432cd4e144bc36a2784e79b7f5180fad54a645ba8dbe4c1b8b39,10.48,Experimental,MSG_37fff323
2026-04-10 16:59:00,HS1004,12A1,Nhị thức Newton (Hệ số phức hợp),Misconception-Prone,"Bài toán xét nghiệm bệnh: P(A)=0.01, P(B|A)=0.99. Bước tiếp theo tính gì?",Phản hồi AI giả lập cho bước P...,Auto-generated Phase 2,2,3,P,Practice,2c99da40aad4432cd4e144bc36a2784e79b7f5180fad54a645ba8dbe4c1b8b39,14.02,Experimental,MSG_5600643a
2026-04-10 17:32:00,HS1004,12A1,Tích phân xác định (Diện tích),Misconception-Prone,"Tìm hệ số x^5 trong (2x - 1/x)^10, em viết khai triển rồi nhưng chưa rút gọn được.",Phản hồi AI giả lập cho bước P...,Auto-generated Phase 2,4,4,P,Practice,2c99da40aad4432cd4e144bc36a2784e79b7f5180fad54a645ba8dbe4c1b8b39,13.81,Experimental,MSG_a223825e
2026-04-10 18:26:00,HS1004,12A1,Nhị thức Newton (Hệ số phức hợp),Misconception-Prone,Chứng minh dãy u(n) = (n+1)/n bị chặn dưới bởi 1 thế nào?,Phản hồi AI giả lập cho bước P...,Auto-generated Phase 2,4,5,P,Practice,2c99da40aad4432cd4e144bc36a2784e79b7f5180fad54a645ba8dbe4c1b8b39,9.94,Experimental,MSG_5dce37b6
2026-04-10 18:50:00,HS1004,12A1,Tích phân xác định (Diện tích),Misconception-Prone,"Hệ số là -8064, AI chốt đáp án giúp em.",Phản hồi AI giả lập cho bước S...,Auto-generated Phase 2,3,3,S,Solve,2c99da40aad4432cd4e144bc36a2784e79b7f5180fad54a645ba8dbe4c1b8b39,11.78,Experimental,MSG_90202bb6
2026-04-10 19:28:00,HS1004,12A1,Nhị thức Newton (Hệ số phức hợp),Misconception-Prone,Giải thích công thức số hạng tổng quát của Nhị thức Newton.,Phản hồi AI giả lập cho bước G...,Auto-generated Phase 2,2,3,G,Guide,2c99da40aad4432cd4e144bc36a2784e79b7f5180fad54a645ba8dbe4c1b8b39,13.29,Experimental,MSG_32b9f2ce
2026-04-10 20:21:00,HS1004,12A1,Dãy số & Giới hạn,Misconception-Prone,Chứng minh dãy u(n) = (n+1)/n bị chặn dưới bởi 1 thế nào?,Phản hồi AI giả lập cho bước P...,Auto-generated Phase 2,4,5,P,Practice,2c99da40aad4432cd4e144bc36a2784e79b7f5180fad54a645ba8dbe4c1b8b39,14.03,Experimental,MSG_6c6a1f3b
2026-04-10 21:20:00,HS1004,12A1,Dãy số & Giới hạn,Misconception-Prone,Khi nào dùng công thức Bayes thay vì xác suất cổ điển?,Phản hồi AI giả lập cho bước G...,Auto-generated Phase 2,2,5,G,Guide,2c99da40aad4432cd4e144bc36a2784e79b7f5180fad54a645ba8dbe4c1b8b39,9.09,Experimental,MSG_80d8d82f
2026-04-10 22:14:00,HS1004,12A1,Xác suất Bayes (Nâng cao),Misconception-Prone,Giải thích công thức số hạng tổng quát của Nhị thức Newton.,Phản hồi AI giả lập cho bước G...,Auto-generated Phase 2,3,3,G,Guide,2c99da40aad4432cd4e144bc36a2784e79b7f5180fad54a645ba8dbe4c1b8b39,9.45,Experimental,MSG_4b7558ee
2026-04-10 22:50:00,HS1004,12A1,Tích phân xác định (Diện tích),Misconception-Prone,Phân biệt ý nghĩa của tích phân và diện tích hình phẳng.,Phản hồi AI giả lập cho bước G...,Auto-generated Phase 2,2,4,G,Guide,2c99da40aad4432cd4e144bc36a2784e79b7f5180fad54a645ba8dbe4c1b8b39,13.93,Experimental,MSG_f979c4f9
2026-04-10 23:45:00,HS1004,12A1,Đạo hàm ứng dụng (Tối ưu hóa),Misconception-Prone,Khi nào dùng công thức Bayes thay vì xác suất cổ điển?,Phản hồi AI giả lập cho bước G...,Auto-generated Phase 2,4,4,G,Guide,2c99da40aad4432cd4e144bc36a2784e79b7f5180fad54a645ba8dbe4c1b8b39,12.17,Experimental,MSG_7b42c47b
2026-04-11 00:39:00,HS1004,12A1,Nhị thức Newton (Hệ số phức hợp),Misconception-Prone,"Em đã lập được hàm f(x) = x(20-2x), giờ tính đạo hàm thế nào AI?",Phản hồi AI giả lập cho bước P...,Auto-generated Phase 2,3,3,P,Practice,2c99da40aad4432cd4e144bc36a2784e79b7f5180fad54a645ba8dbe4c1b8b39,10.69,Experimental,MSG_b2be0609
2026-04-11 00:59:00,HS1004,12A1,Nhị thức Newton (Hệ số phức hợp),Misconception-Prone,Phân biệt ý nghĩa của tích phân và diện tích hình phẳng.,Phản hồi AI giả lập cho bước G...,Auto-generated Phase 2,3,3,G,Guide,2c99da40aad4432cd4e144bc36a2784e79b7f5180fad54a645ba8dbe4c1b8b39,8.21,Experimental,MSG_edd8f8bf
2026-04-01 13:00:00,HS1005,12A1,Tích phân xác định (Diện tích),Backtracker,"Đáp số tích phân em ra là 1/3, AI xem logic em đúng chưa?",Phản hồi AI giả lập cho bước S...,Auto-generated Phase 2,4,4,S,Solve,e16b4fcd79364d2cce6601011c2bbb75d53f41390b00787e97de9d1e9f73f28e,8.37,Experimental,MSG_0f966d5f
2026-04-01 13:58:00,HS1005,12A1,Tích phân xác định (Diện tích),Backtracker,Phân biệt ý nghĩa của tích phân và diện tích hình phẳng.,Phản hồi AI giả lập cho bước G...,Auto-generated Phase 2,4,4,G,Guide,e16b4fcd79364d2cce6601011c2bbb75d53f41390b00787e97de9d1e9f73f28e,9.6,Experimental,MSG_1f4cffd6
2026-04-01 14:33:00,HS1005,12A1,Dãy số & Giới hạn,Backtracker,Kết quả diện tích lớn nhất là 50m2 đúng không AI?,Phản hồi AI giả lập cho bước S...,Auto-generated Phase 2,4,5,S,Solve,e16b4fcd79364d2cce6601011c2bbb75d53f41390b00787e97de9d1e9f73f28e,8.32,Experimental,MSG_fdb34013
2026-04-01 15:32:00,HS1005,12A1,Xác suất Bayes (Nâng cao),Backtracker,Tại sao trong bài toán tối ưu diện tích ta phải xét đạo hàm f'(x)=0?,Phản hồi AI giả lập cho bước G...,Auto-generated Phase 2,4,3,G,Guide,e16b4fcd79364d2cce6601011c2bbb75d53f41390b00787e97de9d1e9f73f28e,6.59,Experimental,MSG_0d7a40ed
2026-04-01 16:13:00,HS1005,12A1,Đạo hàm ứng dụng (Tối ưu hóa),Backtracker,Khi nào dùng công thức Bayes thay vì xác suất cổ điển?,Phản hồi AI giả lập cho bước G...,Auto-generated Phase 2,5,5,G,Guide,e16b4fcd79364d2cce6601011c2bbb75d53f41390b00787e97de9d1e9f73f28e,9.73,Experimental,MSG_2860e757
2026-04-01 16:43:00,HS1005,12A1,Đạo hàm ứng dụng (Tối ưu hóa),Backtracker,Điều kiện để một dãy số có giới hạn hữu hạn là gì?,Phản hồi AI giả lập cho bước G...,Auto-generated Phase 2,3,4,G,Guide,e16b4fcd79364d2cce6601011c2bbb75d53f41390b00787e97de9d1e9f73f28e,10.33,Experimental,MSG_751a6eb2
2026-04-01 17:39:00,HS1005,12A1,Tích phân xác định (Diện tích),Backtracker,"Hệ số là -8064, AI chốt đáp án giúp em.",Phản hồi AI giả lập cho bước S...,Auto-generated Phase 2,5,5,S,Solve,e16b4fcd79364d2cce6601011c2bbb75d53f41390b00787e97de9d1e9f73f28e,8.99,Experimental,MSG_30176b13
2026-04-01 18:22:00,HS1005,12A1,Đạo hàm ứng dụng (Tối ưu hóa),Backtracker,"Bài toán xét nghiệm bệnh: P(A)=0.01, P(B|A)=0.99. Bước tiếp theo tính gì?",Phản hồi AI giả lập cho bước P...,Auto-generated Phase 2,4,3,P,Practice,e16b4fcd79364d2cce6601011c2bbb75d53f41390b00787e97de9d1e9f73f28e,9.94,Experimental,MSG_25501d07
2026-04-01 19:22:00,HS1005,12A1,Tích phân xác định (Diện tích),Backtracker,"Em đã lập được hàm f(x) = x(20-2x), giờ tính đạo hàm thế nào AI?",Phản hồi AI giả lập cho bước P...,Auto-generated Phase 2,5,4,P,Practice,e16b4fcd79364d2cce6601011c2bbb75d53f41390b00787e97de9d1e9f73f28e,9.65,Experimental,MSG_f0003277
2026-04-01 19:42:00,HS1005,12A1,Xác suất Bayes (Nâng cao),Backtracker,Tại sao trong bài toán tối ưu diện tích ta phải xét đạo hàm f'(x)=0?,Phản hồi AI giả lập cho bước G...,Auto-generated Phase 2,4,4,G,Guide,e16b4fcd79364d2cce6601011c2bbb75d53f41390b00787e97de9d1e9f73f28e,11.26,Experimental,MSG_23cf2841
2026-04-01 20:16:00,HS1005,12A1,Dãy số & Giới hạn,Backtracker,"Em đã lập được hàm f(x) = x(20-2x), giờ tính đạo hàm thế nào AI?",Phản hồi AI giả lập cho bước P...,Auto-generated Phase 2,3,5,P,Practice,e16b4fcd79364d2cce6601011c2bbb75d53f41390b00787e97de9d1e9f73f28e,10.35,Experimental,MSG_fef034c4
2026-04-01 20:54:00,HS1005,12A1,Đạo hàm ứng dụng (Tối ưu hóa),Backtracker,"Tìm hệ số x^5 trong (2x - 1/x)^10, em viết khai triển rồi nhưng chưa rút gọn được.",Phản hồi AI giả lập cho bước P...,Auto-generated Phase 2,5,5,P,Practice,e16b4fcd79364d2cce6601011c2bbb75d53f41390b00787e97de9d1e9f73f28e,9.48,Experimental,MSG_bdf6b648
2026-04-01 21:23:00,HS1005,12A1,Tích phân xác định (Diện tích),Backtracker,"Xác suất mắc bệnh là 0.091, đáp án này hợp lý không ạ?",Phản hồi AI giả lập cho bước S...,Auto-generated Phase 2,3,4,S,Solve,e16b4fcd79364d2cce6601011c2bbb75d53f41390b00787e97de9d1e9f73f28e,5.3,Experimental,MSG_1d664df0
2026-04-01 22:11:00,HS1005,12A1,Đạo hàm ứng dụng (Tối ưu hóa),Backtracker,"Tìm hệ số x^5 trong (2x - 1/x)^10, em viết khai triển rồi nhưng chưa rút gọn được.",Phản hồi AI giả lập cho bước P...,Auto-generated Phase 2,5,4,P,Practice,e16b4fcd79364d2cce6601011c2bbb75d53f41390b00787e97de9d1e9f73f28e,7.73,Experimental,MSG_6023b880
2026-04-01 22:52:00,HS1005,12A1,Xác suất Bayes (Nâng cao),Backtracker,Khi nào dùng công thức Bayes thay vì xác suất cổ điển?,Phản hồi AI giả lập cho bước G...,Auto-generated Phase 2,4,5,G,Guide,e16b4fcd79364d2cce6601011c2bbb75d53f41390b00787e97de9d1e9f73f28e,6.15,Experimental,MSG_cca6deca
2026-04-01 23:26:00,HS1005,12A1,Tích phân xác định (Diện tích),Backtracker,"Tính diện tích giới hạn bởi y=x^2 và y=x, em kẹt ở bước tìm cận.",Phản hồi AI giả lập cho bước P...,Auto-generated Phase 2,4,5,P,Practice,e16b4fcd79364d2cce6601011c2bbb75d53f41390b00787e97de9d1e9f73f28e,5.29,Experimental,MSG_c142b430
2026-04-02 00:20:00,HS1005,12A1,Tích phân xác định (Diện tích),Backtracker,Phân biệt ý nghĩa của tích phân và diện tích hình phẳng.,Phản hồi AI giả lập cho bước G...,Auto-generated Phase 2,5,5,G,Guide,e16b4fcd79364d2cce6601011c2bbb75d53f41390b00787e97de9d1e9f73f28e,7.4,Experimental,MSG_af81d518
2026-04-02 00:55:00,HS1005,12A1,Xác suất Bayes (Nâng cao),Backtracker,"Bài toán xét nghiệm bệnh: P(A)=0.01, P(B|A)=0.99. Bước tiếp theo tính gì?",Phản hồi AI giả lập cho bước P...,Auto-generated Phase 2,5,3,P,Practice,e16b4fcd79364d2cce6601011c2bbb75d53f41390b00787e97de9d1e9f73f28e,5.78,Experimental,MSG_bba8f854
2026-04-02 01:40:00,HS1005,12A1,Tích phân xác định (Diện tích),Backtracker,Phân biệt ý nghĩa của tích phân và diện tích hình phẳng.,Phản hồi AI giả lập cho bước G...,Auto-generated Phase 2,4,4,G,Guide,e16b4fcd79364d2cce6601011c2bbb75d53f41390b00787e97de9d1e9f73f28e,8.47,Experimental,MSG_f0741088
2026-04-02 02:19:00,HS1005,12A1,Tích phân xác định (Diện tích),Backtracker,Chứng minh dãy u(n) = (n+1)/n bị chặn dưới bởi 1 thế nào?,Phản hồi AI giả lập cho bước P...,Auto-generated Phase 2,4,4,P,Practice,e16b4fcd79364d2cce6601011c2bbb75d53f41390b00787e97de9d1e9f73f28e,11.83,Experimental,MSG_16a3b3c1
2026-04-01 13:00:00,HS1006,12A1,Dãy số & Giới hạn,Normal,Điều kiện để một dãy số có giới hạn hữu hạn là gì?,Phản hồi AI giả lập cho bước G...,Auto-generated Phase 2,4,4,G,Guide,2b5acd070e32e65dc18b9701fe5784c5f93449fd8b865c4912e0a02484f6f918,4.86,Experimental,MSG_f7c91258
2026-04-01 13:39:00,HS1006,12A1,Dãy số & Giới hạn,Normal,"Tìm hệ số x^5 trong (2x - 1/x)^10, em viết khai triển rồi nhưng chưa rút gọn được.",Phản hồi AI giả lập cho bước P...,Auto-generated Phase 2,3,4,P,Practice,2b5acd070e32e65dc18b9701fe5784c5f93449fd8b865c4912e0a02484f6f918,5.65,Experimental,MSG_3aa61d9e
2026-04-01 14:30:00,HS1006,12A1,Nhị thức Newton (Hệ số phức hợp),Normal,"Xác suất mắc bệnh là 0.091, đáp án này hợp lý không ạ?",Phản hồi AI giả lập cho bước S...,Auto-generated Phase 2,5,5,S,Solve,2b5acd070e32e65dc18b9701fe5784c5f93449fd8b865c4912e0a02484f6f918,7.99,Experimental,MSG_5fd1bf0a
2026-04-01 14:57:00,HS1006,12A1,Tích phân xác định (Diện tích),Normal,"Tìm hệ số x^5 trong (2x - 1/x)^10, em viết khai triển rồi nhưng chưa rút gọn được.",Phản hồi AI giả lập cho bước P...,Auto-generated Phase 2,3,3,P,Practice,2b5acd070e32e65dc18b9701fe5784c5f93449fd8b865c4912e0a02484f6f918,7.4,Experimental,MSG_a97bc9f4
2026-04-01 15:21:00,HS1006,12A1,Tích phân xác định (Diện tích),Normal,Chứng minh dãy u(n) = (n+1)/n bị chặn dưới bởi 1 thế nào?,Phản hồi AI giả lập cho bước P...,Auto-generated Phase 2,5,5,P,Practice,2b5acd070e32e65dc18b9701fe5784c5f93449fd8b865c4912e0a02484f6f918,7.94,Experimental,MSG_f67cbdd2
2026-04-01 15:54:00,HS1006,12A1,Tích phân xác định (Diện tích),Normal,"Tìm hệ số x^5 trong (2x - 1/x)^10, em viết khai triển rồi nhưng chưa rút gọn được.",Phản hồi AI giả lập cho bước P...,Auto-generated Phase 2,4,5,P,Practice,2b5acd070e32e65dc18b9701fe5784c5f93449fd8b865c4912e0a02484f6f918,4.45,Experimental,MSG_e46961a2
2026-04-01 16:32:00,HS1006,12A1,Đạo hàm ứng dụng (Tối ưu hóa),Normal,Chứng minh dãy u(n) = (n+1)/n bị chặn dưới bởi 1 thế nào?,Phản hồi AI giả lập cho bước P...,Auto-generated Phase 2,3,5,P,Practice,2b5acd070e32e65dc18b9701fe5784c5f93449fd8b865c4912e0a02484f6f918,4.31,Experimental,MSG_1989a777
2026-04-01 17:22:00,HS1006,12A1,Tích phân xác định (Diện tích),Normal,"Tính diện tích giới hạn bởi y=x^2 và y=x, em kẹt ở bước tìm cận.",Phản hồi AI giả lập cho bước P...,Auto-generated Phase 2,5,3,P,Practice,2b5acd070e32e65dc18b9701fe5784c5f93449fd8b865c4912e0a02484f6f918,3.92,Experimental,MSG_7a2b02a9
2026-04-01 17:51:00,HS1006,12A1,Đạo hàm ứng dụng (Tối ưu hóa),Normal,Chứng minh dãy u(n) = (n+1)/n bị chặn dưới bởi 1 thế nào?,Phản hồi AI giả lập cho bước P...,Auto-generated Phase 2,4,3,P,Practice,2b5acd070e32e65dc18b9701fe5784c5f93449fd8b865c4912e0a02484f6f918,5.19,Experimental,MSG_41d42006
2026-04-01 18:33:00,HS1006,12A1,Nhị thức Newton (Hệ số phức hợp),Normal,Giới hạn của dãy là 1. Em làm đúng chưa?,Phản hồi AI giả lập cho bước S...,Auto-generated Phase 2,3,4,S,Solve,2b5acd070e32e65dc18b9701fe5784c5f93449fd8b865c4912e0a02484f6f918,3.74,Experimental,MSG_1b8ad969
2026-04-01 19:18:00,HS1006,12A1,Đạo hàm ứng dụng (Tối ưu hóa),Normal,Khi nào dùng công thức Bayes thay vì xác suất cổ điển?,Phản hồi AI giả lập cho bước G...,Auto-generated Phase 2,3,4,G,Guide,2b5acd070e32e65dc18b9701fe5784c5f93449fd8b865c4912e0a02484f6f918,4.05,Experimental,MSG_fbefc707
2026-04-01 20:15:00,HS1006,12A1,Xác suất Bayes (Nâng cao),Normal,Kết quả diện tích lớn nhất là 50m2 đúng không AI?,Phản hồi AI giả lập cho bước S...,Auto-generated Phase 2,4,3,S,Solve,2b5acd070e32e65dc18b9701fe5784c5f93449fd8b865c4912e0a02484f6f918,3.09,Experimental,MSG_afb6de05
2026-04-01 21:14:00,HS1006,12A1,Xác suất Bayes (Nâng cao),Normal,Giới hạn của dãy là 1. Em làm đúng chưa?,Phản hồi AI giả lập cho bước S...,Auto-generated Phase 2,5,5,S,Solve,2b5acd070e32e65dc18b9701fe5784c5f93449fd8b865c4912e0a02484f6f918,6.81,Experimental,MSG_09bfa699
2026-04-01 21:38:00,HS1006,12A1,Dãy số & Giới hạn,Normal,Chứng minh dãy u(n) = (n+1)/n bị chặn dưới bởi 1 thế nào?,Phản hồi AI giả lập cho bước P...,Auto-generated Phase 2,3,4,P,Practice,2b5acd070e32e65dc18b9701fe5784c5f93449fd8b865c4912e0a02484f6f918,5.19,Experimental,MSG_f5348a71
2026-04-01 22:25:00,HS1006,12A1,Dãy số & Giới hạn,Normal,Tại sao trong bài toán tối ưu diện tích ta phải xét đạo hàm f'(x)=0?,Phản hồi AI giả lập cho bước G...,Auto-generated Phase 2,5,5,G,Guide,2b5acd070e32e65dc18b9701fe5784c5f93449fd8b865c4912e0a02484f6f918,3.61,Experimental,MSG_b67010f5
2026-04-01 22:51:00,HS1006,12A1,Đạo hàm ứng dụng (Tối ưu hóa),Normal,"Tìm hệ số x^5 trong (2x - 1/x)^10, em viết khai triển rồi nhưng chưa rút gọn được.",Phản hồi AI giả lập cho bước P...,Auto-generated Phase 2,5,3,P,Practice,2b5acd070e32e65dc18b9701fe5784c5f93449fd8b865c4912e0a02484f6f918,3.54,Experimental,MSG_e81a2631
2026-04-01 23:28:00,HS1006,12A1,Tích phân xác định (Diện tích),Normal,"Xác suất mắc bệnh là 0.091, đáp án này hợp lý không ạ?",Phản hồi AI giả lập cho bước S...,Auto-generated Phase 2,3,5,S,Solve,2b5acd070e32e65dc18b9701fe5784c5f93449fd8b865c4912e0a02484f6f918,5.37,Experimental,MSG_24e1f22f
2026-04-02 00:14:00,HS1006,12A1,Đạo hàm ứng dụng (Tối ưu hóa),Normal,Giải thích công thức số hạng tổng quát của Nhị thức Newton.,Phản hồi AI giả lập cho bước G...,Auto-generated Phase 2,3,3,G,Guide,2b5acd070e32e65dc18b9701fe5784c5f93449fd8b865c4912e0a02484f6f918,3.44,Experimental,MSG_cb419992
2026-04-02 01:14:00,HS1006,12A1,Đạo hàm ứng dụng (Tối ưu hóa),Normal,Chứng minh dãy u(n) = (n+1)/n bị chặn dưới bởi 1 thế nào?,Phản hồi AI giả lập cho bước P...,Auto-generated Phase 2,5,5,P,Practice,2b5acd070e32e65dc18b9701fe5784c5f93449fd8b865c4912e0a02484f6f918,3.2,Experimental,MSG_818cba75
2026-04-02 01:56:00,HS1006,12A1,Đạo hàm ứng dụng (Tối ưu hóa),Normal,Phân biệt ý nghĩa của tích phân và diện tích hình phẳng.,Phản hồi AI giả lập cho bước G...,Auto-generated Phase 2,3,5,G,Guide,2b5acd070e32e65dc18b9701fe5784c5f93449fd8b865c4912e0a02484f6f918,7.64,Experimental,MSG_f9311e00
2026-04-08 13:00:00,HS1007,12A1,Đạo hàm ứng dụng (Tối ưu hóa),Fast-Learner,Chứng minh dãy u(n) = (n+1)/n bị chặn dưới bởi 1 thế nào?,Phản hồi AI giả lập cho bước P...,Auto-generated Phase 2,4,3,P,Practice,ff2f2cc03c2a41d5518c5c48edf88034f26d1722b21006023c2f95318733bce3,1.97,Experimental,MSG_0e7d10e1
2026-04-08 13:58:00,HS1007,12A1,Dãy số & Giới hạn,Fast-Learner,"Đáp số tích phân em ra là 1/3, AI xem logic em đúng chưa?",Phản hồi AI giả lập cho bước S...,Auto-generated Phase 2,5,3,S,Solve,ff2f2cc03c2a41d5518c5c48edf88034f26d1722b21006023c2f95318733bce3,1.99,Experimental,MSG_94ebb4f2
2026-04-08 14:49:00,HS1007,12A1,Đạo hàm ứng dụng (Tối ưu hóa),Fast-Learner,Kết quả diện tích lớn nhất là 50m2 đúng không AI?,Phản hồi AI giả lập cho bước S...,Auto-generated Phase 2,5,1,S,Solve,ff2f2cc03c2a41d5518c5c48edf88034f26d1722b21006023c2f95318733bce3,1.35,Experimental,MSG_388b6600
2026-04-08 15:19:00,HS1007,12A1,Xác suất Bayes (Nâng cao),Fast-Learner,"Hệ số là -8064, AI chốt đáp án giúp em.",Phản hồi AI giả lập cho bước S...,Auto-generated Phase 2,3,2,S,Solve,ff2f2cc03c2a41d5518c5c48edf88034f26d1722b21006023c2f95318733bce3,2.88,Experimental,MSG_e710929f
2026-04-08 15:54:00,HS1007,12A1,Tích phân xác định (Diện tích),Fast-Learner,"Xác suất mắc bệnh là 0.091, đáp án này hợp lý không ạ?",Phản hồi AI giả lập cho bước S...,Auto-generated Phase 2,5,3,S,Solve,ff2f2cc03c2a41d5518c5c48edf88034f26d1722b21006023c2f95318733bce3,2.85,Experimental,MSG_673369c4
2026-04-08 16:35:00,HS1007,12A1,Đạo hàm ứng dụng (Tối ưu hóa),Fast-Learner,Giới hạn của dãy là 1. Em làm đúng chưa?,Phản hồi AI giả lập cho bước S...,Auto-generated Phase 2,3,3,S,Solve,ff2f2cc03c2a41d5518c5c48edf88034f26d1722b21006023c2f95318733bce3,2.67,Experimental,MSG_94182d01
2026-04-08 17:17:00,HS1007,12A1,Nhị thức Newton (Hệ số phức hợp),Fast-Learner,Giới hạn của dãy là 1. Em làm đúng chưa?,Phản hồi AI giả lập cho bước S...,Auto-generated Phase 2,5,3,S,Solve,ff2f2cc03c2a41d5518c5c48edf88034f26d1722b21006023c2f95318733bce3,1.9,Experimental,MSG_fe19e6c8
2026-04-08 17:58:00,HS1007,12A1,Tích phân xác định (Diện tích),Fast-Learner,"Em đã lập được hàm f(x) = x(20-2x), giờ tính đạo hàm thế nào AI?",Phản hồi AI giả lập cho bước P...,Auto-generated Phase 2,4,1,P,Practice,ff2f2cc03c2a41d5518c5c48edf88034f26d1722b21006023c2f95318733bce3,1.53,Experimental,MSG_8444738f
2026-04-08 18:27:00,HS1007,12A1,Xác suất Bayes (Nâng cao),Fast-Learner,"Xác suất mắc bệnh là 0.091, đáp án này hợp lý không ạ?",Phản hồi AI giả lập cho bước S...,Auto-generated Phase 2,4,2,S,Solve,ff2f2cc03c2a41d5518c5c48edf88034f26d1722b21006023c2f95318733bce3,1.43,Experimental,MSG_34497d5b
2026-04-08 19:19:00,HS1007,12A1,Xác suất Bayes (Nâng cao),Fast-Learner,"Hệ số là -8064, AI chốt đáp án giúp em.",Phản hồi AI giả lập cho bước S...,Auto-generated Phase 2,3,3,S,Solve,ff2f2cc03c2a41d5518c5c48edf88034f26d1722b21006023c2f95318733bce3,1.21,Experimental,MSG_ac520ec0
2026-04-08 20:13:00,HS1007,12A1,Xác suất Bayes (Nâng cao),Fast-Learner,"Hệ số là -8064, AI chốt đáp án giúp em.",Phản hồi AI giả lập cho bước S...,Auto-generated Phase 2,3,2,S,Solve,ff2f2cc03c2a41d5518c5c48edf88034f26d1722b21006023c2f95318733bce3,1.11,Experimental,MSG_9b480f64
2026-04-08 20:45:00,HS1007,12A1,Xác suất Bayes (Nâng cao),Fast-Learner,"Tìm hệ số x^5 trong (2x - 1/x)^10, em viết khai triển rồi nhưng chưa rút gọn được.",Phản hồi AI giả lập cho bước P...,Auto-generated Phase 2,3,1,P,Practice,ff2f2cc03c2a41d5518c5c48edf88034f26d1722b21006023c2f95318733bce3,1.88,Experimental,MSG_67876268
2026-04-08 21:15:00,HS1007,12A1,Xác suất Bayes (Nâng cao),Fast-Learner,Kết quả diện tích lớn nhất là 50m2 đúng không AI?,Phản hồi AI giả lập cho bước S...,Auto-generated Phase 2,3,1,S,Solve,ff2f2cc03c2a41d5518c5c48edf88034f26d1722b21006023c2f95318733bce3,2.98,Experimental,MSG_c6ebcd1d
2026-04-08 22:11:00,HS1007,12A1,Xác suất Bayes (Nâng cao),Fast-Learner,"Xác suất mắc bệnh là 0.091, đáp án này hợp lý không ạ?",Phản hồi AI giả lập cho bước S...,Auto-generated Phase 2,5,2,S,Solve,ff2f2cc03c2a41d5518c5c48edf88034f26d1722b21006023c2f95318733bce3,1.34,Experimental,MSG_44070649
2026-04-08 23:09:00,HS1007,12A1,Dãy số & Giới hạn,Fast-Learner,"Đáp số tích phân em ra là 1/3, AI xem logic em đúng chưa?",Phản hồi AI giả lập cho bước S...,Auto-generated Phase 2,3,1,S,Solve,ff2f2cc03c2a41d5518c5c48edf88034f26d1722b21006023c2f95318733bce3,2.27,Experimental,MSG_9193747b
2026-04-08 23:29:00,HS1007,12A1,Nhị thức Newton (Hệ số phức hợp),Fast-Learner,"Hệ số là -8064, AI chốt đáp án giúp em.",Phản hồi AI giả lập cho bước S...,Auto-generated Phase 2,4,3,S,Solve,ff2f2cc03c2a41d5518c5c48edf88034f26d1722b21006023c2f95318733bce3,1.56,Experimental,MSG_e03e89aa
2026-04-09 00:11:00,HS1007,12A1,Nhị thức Newton (Hệ số phức hợp),Fast-Learner,Kết quả diện tích lớn nhất là 50m2 đúng không AI?,Phản hồi AI giả lập cho bước S...,Auto-generated Phase 2,4,3,S,Solve,ff2f2cc03c2a41d5518c5c48edf88034f26d1722b21006023c2f95318733bce3,2.09,Experimental,MSG_dfa1170f
2026-04-09 00:45:00,HS1007,12A1,Đạo hàm ứng dụng (Tối ưu hóa),Fast-Learner,"Đáp số tích phân em ra là 1/3, AI xem logic em đúng chưa?",Phản hồi AI giả lập cho bước S...,Auto-generated Phase 2,4,1,S,Solve,ff2f2cc03c2a41d5518c5c48edf88034f26d1722b21006023c2f95318733bce3,2.39,Experimental,MSG_852f8b40
2026-04-09 01:21:00,HS1007,12A1,Nhị thức Newton (Hệ số phức hợp),Fast-Learner,"Đáp số tích phân em ra là 1/3, AI xem logic em đúng chưa?",Phản hồi AI giả lập cho bước S...,Auto-generated Phase 2,4,2,S,Solve,ff2f2cc03c2a41d5518c5c48edf88034f26d1722b21006023c2f95318733bce3,1.47,Experimental,MSG_951cdf7c
2026-04-09 01:44:00,HS1007,12A1,Xác suất Bayes (Nâng cao),Fast-Learner,"Xác suất mắc bệnh là 0.091, đáp án này hợp lý không ạ?",Phản hồi AI giả lập cho bước S...,Auto-generated Phase 2,4,1,S,Solve,ff2f2cc03c2a41d5518c5c48edf88034f26d1722b21006023c2f95318733bce3,2.07,Experimental,MSG_e4ea0382
2026-04-05 16:00:00,HS1008,12A2,Dãy số & Giới hạn,Misconception-Prone,Giải thích công thức số hạng tổng quát của Nhị thức Newton.,Phản hồi AI giả lập cho bước G...,Auto-generated Phase 2,4,4,G,Guide,408bbc84dd2642cd61d1f3cec726a1c618faaf8e6d3d10e14fa9d142ac224712,9.09,Experimental,MSG_a9a0cd96
2026-04-05 16:39:00,HS1008,12A2,Tích phân xác định (Diện tích),Misconception-Prone,"Tìm hệ số x^5 trong (2x - 1/x)^10, em viết khai triển rồi nhưng chưa rút gọn được.",Phản hồi AI giả lập cho bước P...,Auto-generated Phase 2,2,4,P,Practice,408bbc84dd2642cd61d1f3cec726a1c618faaf8e6d3d10e14fa9d142ac224712,14.66,Experimental,MSG_8dd9f354
2026-04-05 17:11:00,HS1008,12A2,Tích phân xác định (Diện tích),Misconception-Prone,Khi nào dùng công thức Bayes thay vì xác suất cổ điển?,Phản hồi AI giả lập cho bước G...,Auto-generated Phase 2,3,4,G,Guide,408bbc84dd2642cd61d1f3cec726a1c618faaf8e6d3d10e14fa9d142ac224712,9.27,Experimental,MSG_60ba4eff
2026-04-05 17:41:00,HS1008,12A2,Tích phân xác định (Diện tích),Misconception-Prone,"Hệ số là -8064, AI chốt đáp án giúp em.",Phản hồi AI giả lập cho bước S...,Auto-generated Phase 2,3,5,S,Solve,408bbc84dd2642cd61d1f3cec726a1c618faaf8e6d3d10e14fa9d142ac224712,10.34,Experimental,MSG_b19c7a26
2026-04-05 18:27:00,HS1008,12A2,Dãy số & Giới hạn,Misconception-Prone,"Hệ số là -8064, AI chốt đáp án giúp em.",Phản hồi AI giả lập cho bước S...,Auto-generated Phase 2,4,3,S,Solve,408bbc84dd2642cd61d1f3cec726a1c618faaf8e6d3d10e14fa9d142ac224712,11.83,Experimental,MSG_4ea4d2b3
2026-04-05 19:16:00,HS1008,12A2,Nhị thức Newton (Hệ số phức hợp),Misconception-Prone,Chứng minh dãy u(n) = (n+1)/n bị chặn dưới bởi 1 thế nào?,Phản hồi AI giả lập cho bước P...,Auto-generated Phase 2,4,4,P,Practice,408bbc84dd2642cd61d1f3cec726a1c618faaf8e6d3d10e14fa9d142ac224712,8.96,Experimental,MSG_98da0d7a
2026-04-05 20:14:00,HS1008,12A2,Tích phân xác định (Diện tích),Misconception-Prone,"Tìm hệ số x^5 trong (2x - 1/x)^10, em viết khai triển rồi nhưng chưa rút gọn được.",Phản hồi AI giả lập cho bước P...,Auto-generated Phase 2,4,4,P,Practice,408bbc84dd2642cd61d1f3cec726a1c618faaf8e6d3d10e14fa9d142ac224712,12.2,Experimental,MSG_51160316
2026-04-05 20:45:00,HS1008,12A2,Xác suất Bayes (Nâng cao),Misconception-Prone,"Hệ số là -8064, AI chốt đáp án giúp em.",Phản hồi AI giả lập cho bước S...,Auto-generated Phase 2,3,3,S,Solve,408bbc84dd2642cd61d1f3cec726a1c618faaf8e6d3d10e14fa9d142ac224712,12.17,Experimental,MSG_93b5d6c4
2026-04-05 21:35:00,HS1008,12A2,Tích phân xác định (Diện tích),Misconception-Prone,"Tìm hệ số x^5 trong (2x - 1/x)^10, em viết khai triển rồi nhưng chưa rút gọn được.",Phản hồi AI giả lập cho bước P...,Auto-generated Phase 2,4,5,P,Practice,408bbc84dd2642cd61d1f3cec726a1c618faaf8e6d3d10e14fa9d142ac224712,14.92,Experimental,MSG_887d17ad
2026-04-05 22:32:00,HS1008,12A2,Tích phân xác định (Diện tích),Misconception-Prone,Tại sao trong bài toán tối ưu diện tích ta phải xét đạo hàm f'(x)=0?,Phản hồi AI giả lập cho bước G...,Auto-generated Phase 2,2,3,G,Guide,408bbc84dd2642cd61d1f3cec726a1c618faaf8e6d3d10e14fa9d142ac224712,14.47,Experimental,MSG_18af2dd9
2026-04-05 22:52:00,HS1008,12A2,Đạo hàm ứng dụng (Tối ưu hóa),Misconception-Prone,Khi nào dùng công thức Bayes thay vì xác suất cổ điển?,Phản hồi AI giả lập cho bước G...,Auto-generated Phase 2,2,4,G,Guide,408bbc84dd2642cd61d1f3cec726a1c618faaf8e6d3d10e14fa9d142ac224712,11.1,Experimental,MSG_414e79c3
2026-04-05 23:12:00,HS1008,12A2,Đạo hàm ứng dụng (Tối ưu hóa),Misconception-Prone,Phân biệt ý nghĩa của tích phân và diện tích hình phẳng.,Phản hồi AI giả lập cho bước G...,Auto-generated Phase 2,2,5,G,Guide,408bbc84dd2642cd61d1f3cec726a1c618faaf8e6d3d10e14fa9d142ac224712,10.93,Experimental,MSG_6a4461d7
2026-04-06 00:07:00,HS1008,12A2,Dãy số & Giới hạn,Misconception-Prone,Chứng minh dãy u(n) = (n+1)/n bị chặn dưới bởi 1 thế nào?,Phản hồi AI giả lập cho bước P...,Auto-generated Phase 2,3,4,P,Practice,408bbc84dd2642cd61d1f3cec726a1c618faaf8e6d3d10e14fa9d142ac224712,9.77,Experimental,MSG_0e7c59be
2026-04-06 01:07:00,HS1008,12A2,Đạo hàm ứng dụng (Tối ưu hóa),Misconception-Prone,Chứng minh dãy u(n) = (n+1)/n bị chặn dưới bởi 1 thế nào?,Phản hồi AI giả lập cho bước P...,Auto-generated Phase 2,4,3,P,Practice,408bbc84dd2642cd61d1f3cec726a1c618faaf8e6d3d10e14fa9d142ac224712,9.05,Experimental,MSG_65d3c33c
2026-04-06 01:43:00,HS1008,12A2,Nhị thức Newton (Hệ số phức hợp),Misconception-Prone,"Em đã lập được hàm f(x) = x(20-2x), giờ tính đạo hàm thế nào AI?",Phản hồi AI giả lập cho bước P...,Auto-generated Phase 2,3,4,P,Practice,408bbc84dd2642cd61d1f3cec726a1c618faaf8e6d3d10e14fa9d142ac224712,13.54,Experimental,MSG_9d7f5547
2026-04-06 02:31:00,HS1008,12A2,Xác suất Bayes (Nâng cao),Misconception-Prone,"Bài toán xét nghiệm bệnh: P(A)=0.01, P(B|A)=0.99. Bước tiếp theo tính gì?",Phản hồi AI giả lập cho bước P...,Auto-generated Phase 2,4,5,P,Practice,408bbc84dd2642cd61d1f3cec726a1c618faaf8e6d3d10e14fa9d142ac224712,14.02,Experimental,MSG_f44f2f94
2026-04-06 03:08:00,HS1008,12A2,Tích phân xác định (Diện tích),Misconception-Prone,"Tìm hệ số x^5 trong (2x - 1/x)^10, em viết khai triển rồi nhưng chưa rút gọn được.",Phản hồi AI giả lập cho bước P...,Auto-generated Phase 2,2,5,P,Practice,408bbc84dd2642cd61d1f3cec726a1c618faaf8e6d3d10e14fa9d142ac224712,12.15,Experimental,MSG_69defc8d
2026-04-06 03:56:00,HS1008,12A2,Tích phân xác định (Diện tích),Misconception-Prone,Kết quả diện tích lớn nhất là 50m2 đúng không AI?,Phản hồi AI giả lập cho bước S...,Auto-generated Phase 2,3,4,S,Solve,408bbc84dd2642cd61d1f3cec726a1c618faaf8e6d3d10e14fa9d142ac224712,10.41,Experimental,MSG_0f4d7bb3
2026-04-06 04:19:00,HS1008,12A2,Đạo hàm ứng dụng (Tối ưu hóa),Misconception-Prone,Giải thích công thức số hạng tổng quát của Nhị thức Newton.,Phản hồi AI giả lập cho bước G...,Auto-generated Phase 2,3,5,G,Guide,408bbc84dd2642cd61d1f3cec726a1c618faaf8e6d3d10e14fa9d142ac224712,14.3,Experimental,MSG_0d31e485
2026-04-06 04:55:00,HS1008,12A2,Dãy số & Giới hạn,Misconception-Prone,"Em đã lập được hàm f(x) = x(20-2x), giờ tính đạo hàm thế nào AI?",Phản hồi AI giả lập cho bước P...,Auto-generated Phase 2,3,5,P,Practice,408bbc84dd2642cd61d1f3cec726a1c618faaf8e6d3d10e14fa9d142ac224712,14.29,Experimental,MSG_f5cd537b
2026-04-06 15:00:00,HS1009,12A2,Dãy số & Giới hạn,Backtracker,"Hệ số là -8064, AI chốt đáp án giúp em.",Phản hồi AI giả lập cho bước S...,Auto-generated Phase 2,4,5,S,Solve,f24431cb6601fde1ec18da746d60abb540091ea4dc2c9dbb69eaa658a833b0b2,6.42,Experimental,MSG_f4c208da
2026-04-06 15:24:00,HS1009,12A2,Xác suất Bayes (Nâng cao),Backtracker,Khi nào dùng công thức Bayes thay vì xác suất cổ điển?,Phản hồi AI giả lập cho bước G...,Auto-generated Phase 2,3,3,G,Guide,f24431cb6601fde1ec18da746d60abb540091ea4dc2c9dbb69eaa658a833b0b2,6.65,Experimental,MSG_3a283fb1
2026-04-06 15:59:00,HS1009,12A2,Nhị thức Newton (Hệ số phức hợp),Backtracker,"Em đã lập được hàm f(x) = x(20-2x), giờ tính đạo hàm thế nào AI?",Phản hồi AI giả lập cho bước P...,Auto-generated Phase 2,4,3,P,Practice,f24431cb6601fde1ec18da746d60abb540091ea4dc2c9dbb69eaa658a833b0b2,7.68,Experimental,MSG_437026d3
2026-04-06 16:44:00,HS1009,12A2,Đạo hàm ứng dụng (Tối ưu hóa),Backtracker,"Đáp số tích phân em ra là 1/3, AI xem logic em đúng chưa?",Phản hồi AI giả lập cho bước S...,Auto-generated Phase 2,5,3,S,Solve,f24431cb6601fde1ec18da746d60abb540091ea4dc2c9dbb69eaa658a833b0b2,6.56,Experimental,MSG_575faaaf
2026-04-06 17:13:00,HS1009,12A2,Đạo hàm ứng dụng (Tối ưu hóa),Backtracker,"Đáp số tích phân em ra là 1/3, AI xem logic em đúng chưa?",Phản hồi AI giả lập cho bước S...,Auto-generated Phase 2,3,5,S,Solve,f24431cb6601fde1ec18da746d60abb540091ea4dc2c9dbb69eaa658a833b0b2,7.5,Experimental,MSG_80e92111
2026-04-06 18:12:00,HS1009,12A2,Xác suất Bayes (Nâng cao),Backtracker,Điều kiện để một dãy số có giới hạn hữu hạn là gì?,Phản hồi AI giả lập cho bước G...,Auto-generated Phase 2,5,3,G,Guide,f24431cb6601fde1ec18da746d60abb540091ea4dc2c9dbb69eaa658a833b0b2,7.88,Experimental,MSG_b6b85fc8
2026-04-06 18:52:00,HS1009,12A2,Đạo hàm ứng dụng (Tối ưu hóa),Backtracker,Chứng minh dãy u(n) = (n+1)/n bị chặn dưới bởi 1 thế nào?,Phản hồi AI giả lập cho bước P...,Auto-generated Phase 2,3,5,P,Practice,f24431cb6601fde1ec18da746d60abb540091ea4dc2c9dbb69eaa658a833b0b2,10.31,Experimental,MSG_b11b2bc8
2026-04-06 19:42:00,HS1009,12A2,Tích phân xác định (Diện tích),Backtracker,Giới hạn của dãy là 1. Em làm đúng chưa?,Phản hồi AI giả lập cho bước S...,Auto-generated Phase 2,3,3,S,Solve,f24431cb6601fde1ec18da746d60abb540091ea4dc2c9dbb69eaa658a833b0b2,6.62,Experimental,MSG_2fa301a3
2026-04-06 20:41:00,HS1009,12A2,Nhị thức Newton (Hệ số phức hợp),Backtracker,Giải thích công thức số hạng tổng quát của Nhị thức Newton.,Phản hồi AI giả lập cho bước G...,Auto-generated Phase 2,4,5,G,Guide,f24431cb6601fde1ec18da746d60abb540091ea4dc2c9dbb69eaa658a833b0b2,7.17,Experimental,MSG_c7f50453
2026-04-06 21:37:00,HS1009,12A2,Tích phân xác định (Diện tích),Backtracker,"Hệ số là -8064, AI chốt đáp án giúp em.",Phản hồi AI giả lập cho bước S...,Auto-generated Phase 2,3,4,S,Solve,f24431cb6601fde1ec18da746d60abb540091ea4dc2c9dbb69eaa658a833b0b2,6.18,Experimental,MSG_09887e52
2026-04-06 22:16:00,HS1009,12A2,Nhị thức Newton (Hệ số phức hợp),Backtracker,Tại sao trong bài toán tối ưu diện tích ta phải xét đạo hàm f'(x)=0?,Phản hồi AI giả lập cho bước G...,Auto-generated Phase 2,4,4,G,Guide,f24431cb6601fde1ec18da746d60abb540091ea4dc2c9dbb69eaa658a833b0b2,11.26,Experimental,MSG_8e6e5783
2026-04-06 23:02:00,HS1009,12A2,Đạo hàm ứng dụng (Tối ưu hóa),Backtracker,Tại sao trong bài toán tối ưu diện tích ta phải xét đạo hàm f'(x)=0?,Phản hồi AI giả lập cho bước G...,Auto-generated Phase 2,5,5,G,Guide,f24431cb6601fde1ec18da746d60abb540091ea4dc2c9dbb69eaa658a833b0b2,6.01,Experimental,MSG_83a9c759
2026-04-06 23:59:00,HS1009,12A2,Dãy số & Giới hạn,Backtracker,Giải thích công thức số hạng tổng quát của Nhị thức Newton.,Phản hồi AI giả lập cho bước G...,Auto-generated Phase 2,3,3,G,Guide,f24431cb6601fde1ec18da746d60abb540091ea4dc2c9dbb69eaa658a833b0b2,8.22,Experimental,MSG_bd109dde
2026-04-07 00:55:00,HS1009,12A2,Dãy số & Giới hạn,Backtracker,"Xác suất mắc bệnh là 0.091, đáp án này hợp lý không ạ?",Phản hồi AI giả lập cho bước S...,Auto-generated Phase 2,4,3,S,Solve,f24431cb6601fde1ec18da746d60abb540091ea4dc2c9dbb69eaa658a833b0b2,10.73,Experimental,MSG_24dcc451
2026-04-07 01:15:00,HS1009,12A2,Xác suất Bayes (Nâng cao),Backtracker,Tại sao trong bài toán tối ưu diện tích ta phải xét đạo hàm f'(x)=0?,Phản hồi AI giả lập cho bước G...,Auto-generated Phase 2,3,5,G,Guide,f24431cb6601fde1ec18da746d60abb540091ea4dc2c9dbb69eaa658a833b0b2,11.5,Experimental,MSG_1f4c1794
2026-04-07 02:10:00,HS1009,12A2,Nhị thức Newton (Hệ số phức hợp),Backtracker,Giải thích công thức số hạng tổng quát của Nhị thức Newton.,Phản hồi AI giả lập cho bước G...,Auto-generated Phase 2,3,4,G,Guide,f24431cb6601fde1ec18da746d60abb540091ea4dc2c9dbb69eaa658a833b0b2,6.91,Experimental,MSG_ca2b9b5e
2026-04-07 02:31:00,HS1009,12A2,Đạo hàm ứng dụng (Tối ưu hóa),Backtracker,Điều kiện để một dãy số có giới hạn hữu hạn là gì?,Phản hồi AI giả lập cho bước G...,Auto-generated Phase 2,3,4,G,Guide,f24431cb6601fde1ec18da746d60abb540091ea4dc2c9dbb69eaa658a833b0b2,6.17,Experimental,MSG_74070cb4
2026-04-07 03:21:00,HS1009,12A2,Xác suất Bayes (Nâng cao),Backtracker,Giải thích công thức số hạng tổng quát của Nhị thức Newton.,Phản hồi AI giả lập cho bước G...,Auto-generated Phase 2,5,4,G,Guide,f24431cb6601fde1ec18da746d60abb540091ea4dc2c9dbb69eaa658a833b0b2,7.98,Experimental,MSG_05fc2737
2026-04-07 03:56:00,HS1009,12A2,Tích phân xác định (Diện tích),Backtracker,Tại sao trong bài toán tối ưu diện tích ta phải xét đạo hàm f'(x)=0?,Phản hồi AI giả lập cho bước G...,Auto-generated Phase 2,3,4,G,Guide,f24431cb6601fde1ec18da746d60abb540091ea4dc2c9dbb69eaa658a833b0b2,11.72,Experimental,MSG_d76ef9e4
2026-04-07 04:48:00,HS1009,12A2,Nhị thức Newton (Hệ số phức hợp),Backtracker,Khi nào dùng công thức Bayes thay vì xác suất cổ điển?,Phản hồi AI giả lập cho bước G...,Auto-generated Phase 2,4,4,G,Guide,f24431cb6601fde1ec18da746d60abb540091ea4dc2c9dbb69eaa658a833b0b2,5.7,Experimental,MSG_a265bf40
2026-04-01 12:00:00,HS1010,11A1,Đạo hàm ứng dụng (Tối ưu hóa),Normal,Phân biệt ý nghĩa của tích phân và diện tích hình phẳng.,Phản hồi AI giả lập cho bước G...,Auto-generated Phase 2,5,3,G,Guide,3291e824403f3343ae7f09efabdc8bd3e2471a714044b6b95c2331ba5df2cf1d,4.27,Experimental,MSG_57629016
2026-04-01 12:48:00,HS1010,11A1,Dãy số & Giới hạn,Normal,"Xác suất mắc bệnh là 0.091, đáp án này hợp lý không ạ?",Phản hồi AI giả lập cho bước S...,Auto-generated Phase 2,4,3,S,Solve,3291e824403f3343ae7f09efabdc8bd3e2471a714044b6b95c2331ba5df2cf1d,3.86,Experimental,MSG_a7fe6cf0
2026-04-01 13:21:00,HS1010,11A1,Tích phân xác định (Diện tích),Normal,"Em đã lập được hàm f(x) = x(20-2x), giờ tính đạo hàm thế nào AI?",Phản hồi AI giả lập cho bước P...,Auto-generated Phase 2,4,5,P,Practice,3291e824403f3343ae7f09efabdc8bd3e2471a714044b6b95c2331ba5df2cf1d,4.69,Experimental,MSG_395c8ed4
2026-04-01 13:57:00,HS1010,11A1,Nhị thức Newton (Hệ số phức hợp),Normal,Điều kiện để một dãy số có giới hạn hữu hạn là gì?,Phản hồi AI giả lập cho bước G...,Auto-generated Phase 2,4,3,G,Guide,3291e824403f3343ae7f09efabdc8bd3e2471a714044b6b95c2331ba5df2cf1d,7.39,Experimental,MSG_740cb185
2026-04-01 14:17:00,HS1010,11A1,Đạo hàm ứng dụng (Tối ưu hóa),Normal,"Đáp số tích phân em ra là 1/3, AI xem logic em đúng chưa?",Phản hồi AI giả lập cho bước S...,Auto-generated Phase 2,5,3,S,Solve,3291e824403f3343ae7f09efabdc8bd3e2471a714044b6b95c2331ba5df2cf1d,5.53,Experimental,MSG_bb33313a
2026-04-01 15:12:00,HS1010,11A1,Dãy số & Giới hạn,Normal,Điều kiện để một dãy số có giới hạn hữu hạn là gì?,Phản hồi AI giả lập cho bước G...,Auto-generated Phase 2,3,4,G,Guide,3291e824403f3343ae7f09efabdc8bd3e2471a714044b6b95c2331ba5df2cf1d,3.92,Experimental,MSG_6c76744f
2026-04-01 15:40:00,HS1010,11A1,Nhị thức Newton (Hệ số phức hợp),Normal,"Tính diện tích giới hạn bởi y=x^2 và y=x, em kẹt ở bước tìm cận.",Phản hồi AI giả lập cho bước P...,Auto-generated Phase 2,4,4,P,Practice,3291e824403f3343ae7f09efabdc8bd3e2471a714044b6b95c2331ba5df2cf1d,7.98,Experimental,MSG_68cdad52
2026-04-01 16:28:00,HS1010,11A1,Dãy số & Giới hạn,Normal,Điều kiện để một dãy số có giới hạn hữu hạn là gì?,Phản hồi AI giả lập cho bước G...,Auto-generated Phase 2,4,5,G,Guide,3291e824403f3343ae7f09efabdc8bd3e2471a714044b6b95c2331ba5df2cf1d,7.86,Experimental,MSG_960efe04
2026-04-01 17:13:00,HS1010,11A1,Tích phân xác định (Diện tích),Normal,"Xác suất mắc bệnh là 0.091, đáp án này hợp lý không ạ?",Phản hồi AI giả lập cho bước S...,Auto-generated Phase 2,3,5,S,Solve,3291e824403f3343ae7f09efabdc8bd3e2471a714044b6b95c2331ba5df2cf1d,4.74,Experimental,MSG_3de68673
2026-04-01 17:51:00,HS1010,11A1,Nhị thức Newton (Hệ số phức hợp),Normal,Giải thích công thức số hạng tổng quát của Nhị thức Newton.,Phản hồi AI giả lập cho bước G...,Auto-generated Phase 2,3,4,G,Guide,3291e824403f3343ae7f09efabdc8bd3e2471a714044b6b95c2331ba5df2cf1d,3.59,Experimental,MSG_3e242b71
2026-04-01 18:37:00,HS1010,11A1,Tích phân xác định (Diện tích),Normal,Giới hạn của dãy là 1. Em làm đúng chưa?,Phản hồi AI giả lập cho bước S...,Auto-generated Phase 2,3,4,S,Solve,3291e824403f3343ae7f09efabdc8bd3e2471a714044b6b95c2331ba5df2cf1d,5.15,Experimental,MSG_ff9a6a52
2026-04-01 19:11:00,HS1010,11A1,Đạo hàm ứng dụng (Tối ưu hóa),Normal,"Bài toán xét nghiệm bệnh: P(A)=0.01, P(B|A)=0.99. Bước tiếp theo tính gì?",Phản hồi AI giả lập cho bước P...,Auto-generated Phase 2,4,5,P,Practice,3291e824403f3343ae7f09efabdc8bd3e2471a714044b6b95c2331ba5df2cf1d,3.85,Experimental,MSG_8aafce3f
2026-04-01 19:44:00,HS1010,11A1,Tích phân xác định (Diện tích),Normal,"Xác suất mắc bệnh là 0.091, đáp án này hợp lý không ạ?",Phản hồi AI giả lập cho bước S...,Auto-generated Phase 2,5,5,S,Solve,3291e824403f3343ae7f09efabdc8bd3e2471a714044b6b95c2331ba5df2cf1d,4.65,Experimental,MSG_f2c41acb
2026-04-01 20:22:00,HS1010,11A1,Nhị thức Newton (Hệ số phức hợp),Normal,"Bài toán xét nghiệm bệnh: P(A)=0.01, P(B|A)=0.99. Bước tiếp theo tính gì?",Phản hồi AI giả lập cho bước P...,Auto-generated Phase 2,3,3,P,Practice,3291e824403f3343ae7f09efabdc8bd3e2471a714044b6b95c2331ba5df2cf1d,3.33,Experimental,MSG_ab5e3a36
2026-04-01 20:50:00,HS1010,11A1,Dãy số & Giới hạn,Normal,Điều kiện để một dãy số có giới hạn hữu hạn là gì?,Phản hồi AI giả lập cho bước G...,Auto-generated Phase 2,3,4,G,Guide,3291e824403f3343ae7f09efabdc8bd3e2471a714044b6b95c2331ba5df2cf1d,3.86,Experimental,MSG_fa7677e9
2026-04-01 21:34:00,HS1010,11A1,Dãy số & Giới hạn,Normal,"Tìm hệ số x^5 trong (2x - 1/x)^10, em viết khai triển rồi nhưng chưa rút gọn được.",Phản hồi AI giả lập cho bước P...,Auto-generated Phase 2,4,3,P,Practice,3291e824403f3343ae7f09efabdc8bd3e2471a714044b6b95c2331ba5df2cf1d,4.74,Experimental,MSG_a61e91d2
2026-04-01 22:05:00,HS1010,11A1,Xác suất Bayes (Nâng cao),Normal,"Em đã lập được hàm f(x) = x(20-2x), giờ tính đạo hàm thế nào AI?",Phản hồi AI giả lập cho bước P...,Auto-generated Phase 2,3,5,P,Practice,3291e824403f3343ae7f09efabdc8bd3e2471a714044b6b95c2331ba5df2cf1d,5.23,Experimental,MSG_6391e3d0
2026-04-01 22:38:00,HS1010,11A1,Dãy số & Giới hạn,Normal,"Đáp số tích phân em ra là 1/3, AI xem logic em đúng chưa?",Phản hồi AI giả lập cho bước S...,Auto-generated Phase 2,4,3,S,Solve,3291e824403f3343ae7f09efabdc8bd3e2471a714044b6b95c2331ba5df2cf1d,7.88,Experimental,MSG_b494cfc4
2026-04-01 23:37:00,HS1010,11A1,Đạo hàm ứng dụng (Tối ưu hóa),Normal,Giới hạn của dãy là 1. Em làm đúng chưa?,Phản hồi AI giả lập cho bước S...,Auto-generated Phase 2,5,3,S,Solve,3291e824403f3343ae7f09efabdc8bd3e2471a714044b6b95c2331ba5df2cf1d,5.78,Experimental,MSG_64e386eb
2026-04-02 00:03:00,HS1010,11A1,Nhị thức Newton (Hệ số phức hợp),Normal,Giới hạn của dãy là 1. Em làm đúng chưa?,Phản hồi AI giả lập cho bước S...,Auto-generated Phase 2,3,3,S,Solve,3291e824403f3343ae7f09efabdc8bd3e2471a714044b6b95c2331ba5df2cf1d,3.9,Experimental,MSG_c5dabddb
2026-04-10 11:00:00,HS1011,11A1,Dãy số & Giới hạn,Misconception-Prone,"Đáp số tích phân em ra là 1/3, AI xem logic em đúng chưa?",Phản hồi AI giả lập cho bước S...,Auto-generated Phase 2,4,5,S,Solve,782979c582b3fe7a0d80d0b99887eb92d0710c92d4aae494f18cfe6da9a9c0b6,10.2,Experimental,MSG_26709b2b
2026-04-10 11:36:00,HS1011,11A1,Tích phân xác định (Diện tích),Misconception-Prone,Phân biệt ý nghĩa của tích phân và diện tích hình phẳng.,Phản hồi AI giả lập cho bước G...,Auto-generated Phase 2,2,4,G,Guide,782979c582b3fe7a0d80d0b99887eb92d0710c92d4aae494f18cfe6da9a9c0b6,9.62,Experimental,MSG_63a1f2c9
2026-04-10 12:18:00,HS1011,11A1,Nhị thức Newton (Hệ số phức hợp),Misconception-Prone,"Tìm hệ số x^5 trong (2x - 1/x)^10, em viết khai triển rồi nhưng chưa rút gọn được.",Phản hồi AI giả lập cho bước P...,Auto-generated Phase 2,3,4,P,Practice,782979c582b3fe7a0d80d0b99887eb92d0710c92d4aae494f18cfe6da9a9c0b6,14.96,Experimental,MSG_463db4dd
2026-04-10 13:18:00,HS1011,11A1,Nhị thức Newton (Hệ số phức hợp),Misconception-Prone,Chứng minh dãy u(n) = (n+1)/n bị chặn dưới bởi 1 thế nào?,Phản hồi AI giả lập cho bước P...,Auto-generated Phase 2,4,3,P,Practice,782979c582b3fe7a0d80d0b99887eb92d0710c92d4aae494f18cfe6da9a9c0b6,11.69,Experimental,MSG_999734a3
2026-04-10 14:18:00,HS1011,11A1,Đạo hàm ứng dụng (Tối ưu hóa),Misconception-Prone,"Hệ số là -8064, AI chốt đáp án giúp em.",Phản hồi AI giả lập cho bước S...,Auto-generated Phase 2,4,5,S,Solve,782979c582b3fe7a0d80d0b99887eb92d0710c92d4aae494f18cfe6da9a9c0b6,14.41,Experimental,MSG_8f8331f8
2026-04-10 15:09:00,HS1011,11A1,Tích phân xác định (Diện tích),Misconception-Prone,Phân biệt ý nghĩa của tích phân và diện tích hình phẳng.,Phản hồi AI giả lập cho bước G...,Auto-generated Phase 2,3,4,G,Guide,782979c582b3fe7a0d80d0b99887eb92d0710c92d4aae494f18cfe6da9a9c0b6,12.56,Experimental,MSG_37f51935
2026-04-10 15:46:00,HS1011,11A1,Dãy số & Giới hạn,Misconception-Prone,Điều kiện để một dãy số có giới hạn hữu hạn là gì?,Phản hồi AI giả lập cho bước G...,Auto-generated Phase 2,2,4,G,Guide,782979c582b3fe7a0d80d0b99887eb92d0710c92d4aae494f18cfe6da9a9c0b6,10.51,Experimental,MSG_6fb7bf5b
2026-04-10 16:12:00,HS1011,11A1,Tích phân xác định (Diện tích),Misconception-Prone,Kết quả diện tích lớn nhất là 50m2 đúng không AI?,Phản hồi AI giả lập cho bước S...,Auto-generated Phase 2,2,5,S,Solve,782979c582b3fe7a0d80d0b99887eb92d0710c92d4aae494f18cfe6da9a9c0b6,11.18,Experimental,MSG_96111a74
2026-04-10 16:40:00,HS1011,11A1,Đạo hàm ứng dụng (Tối ưu hóa),Misconception-Prone,Phân biệt ý nghĩa của tích phân và diện tích hình phẳng.,Phản hồi AI giả lập cho bước G...,Auto-generated Phase 2,2,5,G,Guide,782979c582b3fe7a0d80d0b99887eb92d0710c92d4aae494f18cfe6da9a9c0b6,10.57,Experimental,MSG_7685f445
2026-04-10 17:12:00,HS1011,11A1,Tích phân xác định (Diện tích),Misconception-Prone,"Em đã lập được hàm f(x) = x(20-2x), giờ tính đạo hàm thế nào AI?",Phản hồi AI giả lập cho bước P...,Auto-generated Phase 2,3,4,P,Practice,782979c582b3fe7a0d80d0b99887eb92d0710c92d4aae494f18cfe6da9a9c0b6,14.18,Experimental,MSG_6966168a
2026-04-10 18:08:00,HS1011,11A1,Xác suất Bayes (Nâng cao),Misconception-Prone,"Xác suất mắc bệnh là 0.091, đáp án này hợp lý không ạ?",Phản hồi AI giả lập cho bước S...,Auto-generated Phase 2,2,4,S,Solve,782979c582b3fe7a0d80d0b99887eb92d0710c92d4aae494f18cfe6da9a9c0b6,14.45,Experimental,MSG_4e535f77
2026-04-10 19:05:00,HS1011,11A1,Dãy số & Giới hạn,Misconception-Prone,Khi nào dùng công thức Bayes thay vì xác suất cổ điển?,Phản hồi AI giả lập cho bước G...,Auto-generated Phase 2,4,5,G,Guide,782979c582b3fe7a0d80d0b99887eb92d0710c92d4aae494f18cfe6da9a9c0b6,10.48,Experimental,MSG_8112c6c0
2026-04-10 19:32:00,HS1011,11A1,Đạo hàm ứng dụng (Tối ưu hóa),Misconception-Prone,Tại sao trong bài toán tối ưu diện tích ta phải xét đạo hàm f'(x)=0?,Phản hồi AI giả lập cho bước G...,Auto-generated Phase 2,2,4,G,Guide,782979c582b3fe7a0d80d0b99887eb92d0710c92d4aae494f18cfe6da9a9c0b6,12.18,Experimental,MSG_5ff9b4cc
2026-04-10 20:30:00,HS1011,11A1,Đạo hàm ứng dụng (Tối ưu hóa),Misconception-Prone,"Em đã lập được hàm f(x) = x(20-2x), giờ tính đạo hàm thế nào AI?",Phản hồi AI giả lập cho bước P...,Auto-generated Phase 2,3,5,P,Practice,782979c582b3fe7a0d80d0b99887eb92d0710c92d4aae494f18cfe6da9a9c0b6,14.99,Experimental,MSG_fb584870
2026-04-10 21:23:00,HS1011,11A1,Xác suất Bayes (Nâng cao),Misconception-Prone,Giới hạn của dãy là 1. Em làm đúng chưa?,Phản hồi AI giả lập cho bước S...,Auto-generated Phase 2,3,3,S,Solve,782979c582b3fe7a0d80d0b99887eb92d0710c92d4aae494f18cfe6da9a9c0b6,9.97,Experimental,MSG_09b51ff1
2026-04-10 21:50:00,HS1011,11A1,Xác suất Bayes (Nâng cao),Misconception-Prone,Chứng minh dãy u(n) = (n+1)/n bị chặn dưới bởi 1 thế nào?,Phản hồi AI giả lập cho bước P...,Auto-generated Phase 2,4,3,P,Practice,782979c582b3fe7a0d80d0b99887eb92d0710c92d4aae494f18cfe6da9a9c0b6,12.18,Experimental,MSG_6acea255
2026-04-10 22:46:00,HS1011,11A1,Xác suất Bayes (Nâng cao),Misconception-Prone,Tại sao trong bài toán tối ưu diện tích ta phải xét đạo hàm f'(x)=0?,Phản hồi AI giả lập cho bước G...,Auto-generated Phase 2,3,4,G,Guide,782979c582b3fe7a0d80d0b99887eb92d0710c92d4aae494f18cfe6da9a9c0b6,14.13,Experimental,MSG_40bcc17c
2026-04-10 23:27:00,HS1011,11A1,Tích phân xác định (Diện tích),Misconception-Prone,Giải thích công thức số hạng tổng quát của Nhị thức Newton.,Phản hồi AI giả lập cho bước G...,Auto-generated Phase 2,4,4,G,Guide,782979c582b3fe7a0d80d0b99887eb92d0710c92d4aae494f18cfe6da9a9c0b6,13.4,Experimental,MSG_9edc9295
2026-04-10 23:56:00,HS1011,11A1,Tích phân xác định (Diện tích),Misconception-Prone,"Bài toán xét nghiệm bệnh: P(A)=0.01, P(B|A)=0.99. Bước tiếp theo tính gì?",Phản hồi AI giả lập cho bước P...,Auto-generated Phase 2,4,3,P,Practice,782979c582b3fe7a0d80d0b99887eb92d0710c92d4aae494f18cfe6da9a9c0b6,9.38,Experimental,MSG_51ce714e
2026-04-11 00:52:00,HS1011,11A1,Dãy số & Giới hạn,Misconception-Prone,Giải thích công thức số hạng tổng quát của Nhị thức Newton.,Phản hồi AI giả lập cho bước G...,Auto-generated Phase 2,3,5,G,Guide,782979c582b3fe7a0d80d0b99887eb92d0710c92d4aae494f18cfe6da9a9c0b6,9.89,Experimental,MSG_ee11186b
2026-04-01 11:00:00,HS1012,12A1,Đạo hàm ứng dụng (Tối ưu hóa),Normal,Giới hạn của dãy là 1. Em làm đúng chưa?,Phản hồi AI giả lập cho bước S...,Auto-generated Phase 2,4,4,S,Solve,cb6f429531086c6935728c1e45dc037ed4e845efc3a8a9f24242fc650cb4ba86,3.6,Experimental,MSG_11a8ed73
2026-04-01 11:31:00,HS1012,12A1,Dãy số & Giới hạn,Normal,Kết quả diện tích lớn nhất là 50m2 đúng không AI?,Phản hồi AI giả lập cho bước S...,Auto-generated Phase 2,5,4,S,Solve,cb6f429531086c6935728c1e45dc037ed4e845efc3a8a9f24242fc650cb4ba86,7.71,Experimental,MSG_d5e600f7
2026-04-01 12:21:00,HS1012,12A1,Tích phân xác định (Diện tích),Normal,"Em đã lập được hàm f(x) = x(20-2x), giờ tính đạo hàm thế nào AI?",Phản hồi AI giả lập cho bước P...,Auto-generated Phase 2,4,4,P,Practice,cb6f429531086c6935728c1e45dc037ed4e845efc3a8a9f24242fc650cb4ba86,5.34,Experimental,MSG_4f903b00
2026-04-01 13:01:00,HS1012,12A1,Dãy số & Giới hạn,Normal,"Hệ số là -8064, AI chốt đáp án giúp em.",Phản hồi AI giả lập cho bước S...,Auto-generated Phase 2,5,5,S,Solve,cb6f429531086c6935728c1e45dc037ed4e845efc3a8a9f24242fc650cb4ba86,7.85,Experimental,MSG_b934ef92
2026-04-01 13:21:00,HS1012,12A1,Xác suất Bayes (Nâng cao),Normal,Chứng minh dãy u(n) = (n+1)/n bị chặn dưới bởi 1 thế nào?,Phản hồi AI giả lập cho bước P...,Auto-generated Phase 2,3,3,P,Practice,cb6f429531086c6935728c1e45dc037ed4e845efc3a8a9f24242fc650cb4ba86,6.26,Experimental,MSG_738c1337
2026-04-01 14:09:00,HS1012,12A1,Tích phân xác định (Diện tích),Normal,Kết quả diện tích lớn nhất là 50m2 đúng không AI?,Phản hồi AI giả lập cho bước S...,Auto-generated Phase 2,5,5,S,Solve,cb6f429531086c6935728c1e45dc037ed4e845efc3a8a9f24242fc650cb4ba86,4.34,Experimental,MSG_bb1a2b7c
2026-04-01 14:52:00,HS1012,12A1,Đạo hàm ứng dụng (Tối ưu hóa),Normal,"Tìm hệ số x^5 trong (2x - 1/x)^10, em viết khai triển rồi nhưng chưa rút gọn được.",Phản hồi AI giả lập cho bước P...,Auto-generated Phase 2,4,4,P,Practice,cb6f429531086c6935728c1e45dc037ed4e845efc3a8a9f24242fc650cb4ba86,5.69,Experimental,MSG_da8597f6
2026-04-01 15:24:00,HS1012,12A1,Đạo hàm ứng dụng (Tối ưu hóa),Normal,"Xác suất mắc bệnh là 0.091, đáp án này hợp lý không ạ?",Phản hồi AI giả lập cho bước S...,Auto-generated Phase 2,4,4,S,Solve,cb6f429531086c6935728c1e45dc037ed4e845efc3a8a9f24242fc650cb4ba86,5.95,Experimental,MSG_8896888b
2026-04-01 16:07:00,HS1012,12A1,Tích phân xác định (Diện tích),Normal,Tại sao trong bài toán tối ưu diện tích ta phải xét đạo hàm f'(x)=0?,Phản hồi AI giả lập cho bước G...,Auto-generated Phase 2,5,5,G,Guide,cb6f429531086c6935728c1e45dc037ed4e845efc3a8a9f24242fc650cb4ba86,5.86,Experimental,MSG_3e8ba4c4
2026-04-01 16:41:00,HS1012,12A1,Tích phân xác định (Diện tích),Normal,Tại sao trong bài toán tối ưu diện tích ta phải xét đạo hàm f'(x)=0?,Phản hồi AI giả lập cho bước G...,Auto-generated Phase 2,4,3,G,Guide,cb6f429531086c6935728c1e45dc037ed4e845efc3a8a9f24242fc650cb4ba86,4.82,Experimental,MSG_cfd9cb98
2026-04-01 17:11:00,HS1012,12A1,Xác suất Bayes (Nâng cao),Normal,"Em đã lập được hàm f(x) = x(20-2x), giờ tính đạo hàm thế nào AI?",Phản hồi AI giả lập cho bước P...,Auto-generated Phase 2,3,5,P,Practice,cb6f429531086c6935728c1e45dc037ed4e845efc3a8a9f24242fc650cb4ba86,3.99,Experimental,MSG_33bd71b2
2026-04-01 18:08:00,HS1012,12A1,Nhị thức Newton (Hệ số phức hợp),Normal,"Hệ số là -8064, AI chốt đáp án giúp em.",Phản hồi AI giả lập cho bước S...,Auto-generated Phase 2,4,4,S,Solve,cb6f429531086c6935728c1e45dc037ed4e845efc3a8a9f24242fc650cb4ba86,4.79,Experimental,MSG_d44a3d73
2026-04-01 18:54:00,HS1012,12A1,Đạo hàm ứng dụng (Tối ưu hóa),Normal,Chứng minh dãy u(n) = (n+1)/n bị chặn dưới bởi 1 thế nào?,Phản hồi AI giả lập cho bước P...,Auto-generated Phase 2,4,5,P,Practice,cb6f429531086c6935728c1e45dc037ed4e845efc3a8a9f24242fc650cb4ba86,3.5,Experimental,MSG_37c04246
2026-04-01 19:53:00,HS1012,12A1,Dãy số & Giới hạn,Normal,"Tìm hệ số x^5 trong (2x - 1/x)^10, em viết khai triển rồi nhưng chưa rút gọn được.",Phản hồi AI giả lập cho bước P...,Auto-generated Phase 2,3,5,P,Practice,cb6f429531086c6935728c1e45dc037ed4e845efc3a8a9f24242fc650cb4ba86,6.6,Experimental,MSG_fa81457e
2026-04-01 20:49:00,HS1012,12A1,Dãy số & Giới hạn,Normal,Điều kiện để một dãy số có giới hạn hữu hạn là gì?,Phản hồi AI giả lập cho bước G...,Auto-generated Phase 2,4,3,G,Guide,cb6f429531086c6935728c1e45dc037ed4e845efc3a8a9f24242fc650cb4ba86,4.89,Experimental,MSG_a606a85a
2026-04-01 21:43:00,HS1012,12A1,Đạo hàm ứng dụng (Tối ưu hóa),Normal,Kết quả diện tích lớn nhất là 50m2 đúng không AI?,Phản hồi AI giả lập cho bước S...,Auto-generated Phase 2,3,5,S,Solve,cb6f429531086c6935728c1e45dc037ed4e845efc3a8a9f24242fc650cb4ba86,3.52,Experimental,MSG_1222e0ab
2026-04-01 22:22:00,HS1012,12A1,Đạo hàm ứng dụng (Tối ưu hóa),Normal,"Tìm hệ số x^5 trong (2x - 1/x)^10, em viết khai triển rồi nhưng chưa rút gọn được.",Phản hồi AI giả lập cho bước P...,Auto-generated Phase 2,4,5,P,Practice,cb6f429531086c6935728c1e45dc037ed4e845efc3a8a9f24242fc650cb4ba86,5.49,Experimental,MSG_dea04af5
2026-04-01 22:51:00,HS1012,12A1,Dãy số & Giới hạn,Normal,Tại sao trong bài toán tối ưu diện tích ta phải xét đạo hàm f'(x)=0?,Phản hồi AI giả lập cho bước G...,Auto-generated Phase 2,3,5,G,Guide,cb6f429531086c6935728c1e45dc037ed4e845efc3a8a9f24242fc650cb4ba86,5.81,Experimental,MSG_b988cc66
2026-04-01 23:31:00,HS1012,12A1,Dãy số & Giới hạn,Normal,"Bài toán xét nghiệm bệnh: P(A)=0.01, P(B|A)=0.99. Bước tiếp theo tính gì?",Phản hồi AI giả lập cho bước P...,Auto-generated Phase 2,5,5,P,Practice,cb6f429531086c6935728c1e45dc037ed4e845efc3a8a9f24242fc650cb4ba86,3.04,Experimental,MSG_351a10a2
2026-04-02 00:01:00,HS1012,12A1,Dãy số & Giới hạn,Normal,Giới hạn của dãy là 1. Em làm đúng chưa?,Phản hồi AI giả lập cho bước S...,Auto-generated Phase 2,5,5,S,Solve,cb6f429531086c6935728c1e45dc037ed4e845efc3a8a9f24242fc650cb4ba86,7.12,Experimental,MSG_a4ddbc89
2026-04-09 09:00:00,HS1013,12A1,Nhị thức Newton (Hệ số phức hợp),Backtracker,"Tính diện tích giới hạn bởi y=x^2 và y=x, em kẹt ở bước tìm cận.",Phản hồi AI giả lập cho bước P...,Auto-generated Phase 2,5,3,P,Practice,764fdc0747c43680db5fc708c297d1e0d3eebcd8422027936cd41c66fa88edee,5.07,Experimental,MSG_a617d0a7
2026-04-09 09:57:00,HS1013,12A1,Xác suất Bayes (Nâng cao),Backtracker,Giới hạn của dãy là 1. Em làm đúng chưa?,Phản hồi AI giả lập cho bước S...,Auto-generated Phase 2,3,3,S,Solve,764fdc0747c43680db5fc708c297d1e0d3eebcd8422027936cd41c66fa88edee,10.92,Experimental,MSG_3a1f360d
2026-04-09 10:55:00,HS1013,12A1,Xác suất Bayes (Nâng cao),Backtracker,Giới hạn của dãy là 1. Em làm đúng chưa?,Phản hồi AI giả lập cho bước S...,Auto-generated Phase 2,4,4,S,Solve,764fdc0747c43680db5fc708c297d1e0d3eebcd8422027936cd41c66fa88edee,8.17,Experimental,MSG_660ba17d
2026-04-09 11:28:00,HS1013,12A1,Đạo hàm ứng dụng (Tối ưu hóa),Backtracker,Phân biệt ý nghĩa của tích phân và diện tích hình phẳng.,Phản hồi AI giả lập cho bước G...,Auto-generated Phase 2,5,4,G,Guide,764fdc0747c43680db5fc708c297d1e0d3eebcd8422027936cd41c66fa88edee,10.07,Experimental,MSG_e46bcfda
2026-04-09 12:01:00,HS1013,12A1,Nhị thức Newton (Hệ số phức hợp),Backtracker,"Hệ số là -8064, AI chốt đáp án giúp em.",Phản hồi AI giả lập cho bước S...,Auto-generated Phase 2,3,5,S,Solve,764fdc0747c43680db5fc708c297d1e0d3eebcd8422027936cd41c66fa88edee,5.72,Experimental,MSG_be5cd6f2
2026-04-09 12:21:00,HS1013,12A1,Đạo hàm ứng dụng (Tối ưu hóa),Backtracker,Giải thích công thức số hạng tổng quát của Nhị thức Newton.,Phản hồi AI giả lập cho bước G...,Auto-generated Phase 2,4,4,G,Guide,764fdc0747c43680db5fc708c297d1e0d3eebcd8422027936cd41c66fa88edee,6.34,Experimental,MSG_4d4cf518
2026-04-09 12:59:00,HS1013,12A1,Đạo hàm ứng dụng (Tối ưu hóa),Backtracker,"Tính diện tích giới hạn bởi y=x^2 và y=x, em kẹt ở bước tìm cận.",Phản hồi AI giả lập cho bước P...,Auto-generated Phase 2,3,3,P,Practice,764fdc0747c43680db5fc708c297d1e0d3eebcd8422027936cd41c66fa88edee,7.34,Experimental,MSG_5a27bc22
2026-04-09 13:32:00,HS1013,12A1,Nhị thức Newton (Hệ số phức hợp),Backtracker,"Tìm hệ số x^5 trong (2x - 1/x)^10, em viết khai triển rồi nhưng chưa rút gọn được.",Phản hồi AI giả lập cho bước P...,Auto-generated Phase 2,5,4,P,Practice,764fdc0747c43680db5fc708c297d1e0d3eebcd8422027936cd41c66fa88edee,7.57,Experimental,MSG_460e9047
2026-04-09 14:32:00,HS1013,12A1,Xác suất Bayes (Nâng cao),Backtracker,"Em đã lập được hàm f(x) = x(20-2x), giờ tính đạo hàm thế nào AI?",Phản hồi AI giả lập cho bước P...,Auto-generated Phase 2,4,5,P,Practice,764fdc0747c43680db5fc708c297d1e0d3eebcd8422027936cd41c66fa88edee,11.65,Experimental,MSG_2cf312c9
2026-04-09 15:25:00,HS1013,12A1,Dãy số & Giới hạn,Backtracker,Điều kiện để một dãy số có giới hạn hữu hạn là gì?,Phản hồi AI giả lập cho bước G...,Auto-generated Phase 2,5,4,G,Guide,764fdc0747c43680db5fc708c297d1e0d3eebcd8422027936cd41c66fa88edee,5.17,Experimental,MSG_7c51edc0
2026-04-09 15:47:00,HS1013,12A1,Đạo hàm ứng dụng (Tối ưu hóa),Backtracker,"Bài toán xét nghiệm bệnh: P(A)=0.01, P(B|A)=0.99. Bước tiếp theo tính gì?",Phản hồi AI giả lập cho bước P...,Auto-generated Phase 2,5,3,P,Practice,764fdc0747c43680db5fc708c297d1e0d3eebcd8422027936cd41c66fa88edee,8.85,Experimental,MSG_aaa10cba
2026-04-09 16:21:00,HS1013,12A1,Đạo hàm ứng dụng (Tối ưu hóa),Backtracker,Phân biệt ý nghĩa của tích phân và diện tích hình phẳng.,Phản hồi AI giả lập cho bước G...,Auto-generated Phase 2,4,5,G,Guide,764fdc0747c43680db5fc708c297d1e0d3eebcd8422027936cd41c66fa88edee,11.0,Experimental,MSG_4e763679
2026-04-09 17:20:00,HS1013,12A1,Xác suất Bayes (Nâng cao),Backtracker,Kết quả diện tích lớn nhất là 50m2 đúng không AI?,Phản hồi AI giả lập cho bước S...,Auto-generated Phase 2,4,5,S,Solve,764fdc0747c43680db5fc708c297d1e0d3eebcd8422027936cd41c66fa88edee,8.83,Experimental,MSG_6dc75df9
2026-04-09 18:02:00,HS1013,12A1,Xác suất Bayes (Nâng cao),Backtracker,"Tính diện tích giới hạn bởi y=x^2 và y=x, em kẹt ở bước tìm cận.",Phản hồi AI giả lập cho bước P...,Auto-generated Phase 2,5,5,P,Practice,764fdc0747c43680db5fc708c297d1e0d3eebcd8422027936cd41c66fa88edee,9.72,Experimental,MSG_aef720b4
2026-04-09 18:29:00,HS1013,12A1,Tích phân xác định (Diện tích),Backtracker,"Đáp số tích phân em ra là 1/3, AI xem logic em đúng chưa?",Phản hồi AI giả lập cho bước S...,Auto-generated Phase 2,4,3,S,Solve,764fdc0747c43680db5fc708c297d1e0d3eebcd8422027936cd41c66fa88edee,7.74,Experimental,MSG_3dfc3a74
2026-04-09 18:59:00,HS1013,12A1,Dãy số & Giới hạn,Backtracker,"Tìm hệ số x^5 trong (2x - 1/x)^10, em viết khai triển rồi nhưng chưa rút gọn được.",Phản hồi AI giả lập cho bước P...,Auto-generated Phase 2,5,4,P,Practice,764fdc0747c43680db5fc708c297d1e0d3eebcd8422027936cd41c66fa88edee,6.31,Experimental,MSG_afd47aef
2026-04-09 19:56:00,HS1013,12A1,Nhị thức Newton (Hệ số phức hợp),Backtracker,"Xác suất mắc bệnh là 0.091, đáp án này hợp lý không ạ?",Phản hồi AI giả lập cho bước S...,Auto-generated Phase 2,3,5,S,Solve,764fdc0747c43680db5fc708c297d1e0d3eebcd8422027936cd41c66fa88edee,9.95,Experimental,MSG_dc4aada6
2026-04-09 20:25:00,HS1013,12A1,Nhị thức Newton (Hệ số phức hợp),Backtracker,Phân biệt ý nghĩa của tích phân và diện tích hình phẳng.,Phản hồi AI giả lập cho bước G...,Auto-generated Phase 2,5,4,G,Guide,764fdc0747c43680db5fc708c297d1e0d3eebcd8422027936cd41c66fa88edee,5.48,Experimental,MSG_416d8a3d
2026-04-09 21:14:00,HS1013,12A1,Đạo hàm ứng dụng (Tối ưu hóa),Backtracker,"Em đã lập được hàm f(x) = x(20-2x), giờ tính đạo hàm thế nào AI?",Phản hồi AI giả lập cho bước P...,Auto-generated Phase 2,5,4,P,Practice,764fdc0747c43680db5fc708c297d1e0d3eebcd8422027936cd41c66fa88edee,6.6,Experimental,MSG_96d73b35
2026-04-09 22:11:00,HS1013,12A1,Nhị thức Newton (Hệ số phức hợp),Backtracker,Chứng minh dãy u(n) = (n+1)/n bị chặn dưới bởi 1 thế nào?,Phản hồi AI giả lập cho bước P...,Auto-generated Phase 2,4,5,P,Practice,764fdc0747c43680db5fc708c297d1e0d3eebcd8422027936cd41c66fa88edee,10.7,Experimental,MSG_67e37562
2026-04-05 16:00:00,HS1014,12A1,Xác suất Bayes (Nâng cao),Normal,Tại sao trong bài toán tối ưu diện tích ta phải xét đạo hàm f'(x)=0?,Phản hồi AI giả lập cho bước G...,Auto-generated Phase 2,3,3,G,Guide,5b581c67acf12aef702c79ad2107a255fad319ac0f7b9b024bdb825fca0dbea8,3.42,Experimental,MSG_6bbdd40a
2026-04-05 16:57:00,HS1014,12A1,Tích phân xác định (Diện tích),Normal,"Bài toán xét nghiệm bệnh: P(A)=0.01, P(B|A)=0.99. Bước tiếp theo tính gì?",Phản hồi AI giả lập cho bước P...,Auto-generated Phase 2,4,3,P,Practice,5b581c67acf12aef702c79ad2107a255fad319ac0f7b9b024bdb825fca0dbea8,6.33,Experimental,MSG_fa0b34b1
2026-04-05 17:31:00,HS1014,12A1,Đạo hàm ứng dụng (Tối ưu hóa),Normal,"Tìm hệ số x^5 trong (2x - 1/x)^10, em viết khai triển rồi nhưng chưa rút gọn được.",Phản hồi AI giả lập cho bước P...,Auto-generated Phase 2,4,3,P,Practice,5b581c67acf12aef702c79ad2107a255fad319ac0f7b9b024bdb825fca0dbea8,3.74,Experimental,MSG_5be87076
2026-04-05 18:12:00,HS1014,12A1,Nhị thức Newton (Hệ số phức hợp),Normal,"Xác suất mắc bệnh là 0.091, đáp án này hợp lý không ạ?",Phản hồi AI giả lập cho bước S...,Auto-generated Phase 2,3,3,S,Solve,5b581c67acf12aef702c79ad2107a255fad319ac0f7b9b024bdb825fca0dbea8,5.42,Experimental,MSG_20c21805
2026-04-05 18:41:00,HS1014,12A1,Đạo hàm ứng dụng (Tối ưu hóa),Normal,Kết quả diện tích lớn nhất là 50m2 đúng không AI?,Phản hồi AI giả lập cho bước S...,Auto-generated Phase 2,3,4,S,Solve,5b581c67acf12aef702c79ad2107a255fad319ac0f7b9b024bdb825fca0dbea8,7.37,Experimental,MSG_1b145c81
2026-04-05 19:21:00,HS1014,12A1,Nhị thức Newton (Hệ số phức hợp),Normal,"Tính diện tích giới hạn bởi y=x^2 và y=x, em kẹt ở bước tìm cận.",Phản hồi AI giả lập cho bước P...,Auto-generated Phase 2,4,3,P,Practice,5b581c67acf12aef702c79ad2107a255fad319ac0f7b9b024bdb825fca0dbea8,4.64,Experimental,MSG_99985757
2026-04-05 19:53:00,HS1014,12A1,Nhị thức Newton (Hệ số phức hợp),Normal,Giải thích công thức số hạng tổng quát của Nhị thức Newton.,Phản hồi AI giả lập cho bước G...,Auto-generated Phase 2,5,5,G,Guide,5b581c67acf12aef702c79ad2107a255fad319ac0f7b9b024bdb825fca0dbea8,6.68,Experimental,MSG_37524ab0
2026-04-05 20:49:00,HS1014,12A1,Đạo hàm ứng dụng (Tối ưu hóa),Normal,Chứng minh dãy u(n) = (n+1)/n bị chặn dưới bởi 1 thế nào?,Phản hồi AI giả lập cho bước P...,Auto-generated Phase 2,5,5,P,Practice,5b581c67acf12aef702c79ad2107a255fad319ac0f7b9b024bdb825fca0dbea8,4.53,Experimental,MSG_151cb16c
2026-04-05 21:36:00,HS1014,12A1,Xác suất Bayes (Nâng cao),Normal,"Đáp số tích phân em ra là 1/3, AI xem logic em đúng chưa?",Phản hồi AI giả lập cho bước S...,Auto-generated Phase 2,4,4,S,Solve,5b581c67acf12aef702c79ad2107a255fad319ac0f7b9b024bdb825fca0dbea8,3.05,Experimental,MSG_6ae04ade
2026-04-05 22:06:00,HS1014,12A1,Nhị thức Newton (Hệ số phức hợp),Normal,Giải thích công thức số hạng tổng quát của Nhị thức Newton.,Phản hồi AI giả lập cho bước G...,Auto-generated Phase 2,4,3,G,Guide,5b581c67acf12aef702c79ad2107a255fad319ac0f7b9b024bdb825fca0dbea8,6.95,Experimental,MSG_4a9f2ff5
2026-04-05 22:55:00,HS1014,12A1,Xác suất Bayes (Nâng cao),Normal,Kết quả diện tích lớn nhất là 50m2 đúng không AI?,Phản hồi AI giả lập cho bước S...,Auto-generated Phase 2,5,5,S,Solve,5b581c67acf12aef702c79ad2107a255fad319ac0f7b9b024bdb825fca0dbea8,5.29,Experimental,MSG_7c48c0ec
2026-04-05 23:27:00,HS1014,12A1,Tích phân xác định (Diện tích),Normal,"Đáp số tích phân em ra là 1/3, AI xem logic em đúng chưa?",Phản hồi AI giả lập cho bước S...,Auto-generated Phase 2,5,4,S,Solve,5b581c67acf12aef702c79ad2107a255fad319ac0f7b9b024bdb825fca0dbea8,4.71,Experimental,MSG_2395c4ad
2026-04-05 23:47:00,HS1014,12A1,Đạo hàm ứng dụng (Tối ưu hóa),Normal,Chứng minh dãy u(n) = (n+1)/n bị chặn dưới bởi 1 thế nào?,Phản hồi AI giả lập cho bước P...,Auto-generated Phase 2,5,4,P,Practice,5b581c67acf12aef702c79ad2107a255fad319ac0f7b9b024bdb825fca0dbea8,4.58,Experimental,MSG_1d89e8f5
2026-04-06 00:16:00,HS1014,12A1,Nhị thức Newton (Hệ số phức hợp),Normal,"Tính diện tích giới hạn bởi y=x^2 và y=x, em kẹt ở bước tìm cận.",Phản hồi AI giả lập cho bước P...,Auto-generated Phase 2,3,5,P,Practice,5b581c67acf12aef702c79ad2107a255fad319ac0f7b9b024bdb825fca0dbea8,7.78,Experimental,MSG_e04ace67
2026-04-06 00:56:00,HS1014,12A1,Đạo hàm ứng dụng (Tối ưu hóa),Normal,"Tính diện tích giới hạn bởi y=x^2 và y=x, em kẹt ở bước tìm cận.",Phản hồi AI giả lập cho bước P...,Auto-generated Phase 2,3,3,P,Practice,5b581c67acf12aef702c79ad2107a255fad319ac0f7b9b024bdb825fca0dbea8,4.79,Experimental,MSG_329d0057
2026-04-06 01:34:00,HS1014,12A1,Xác suất Bayes (Nâng cao),Normal,Chứng minh dãy u(n) = (n+1)/n bị chặn dưới bởi 1 thế nào?,Phản hồi AI giả lập cho bước P...,Auto-generated Phase 2,4,4,P,Practice,5b581c67acf12aef702c79ad2107a255fad319ac0f7b9b024bdb825fca0dbea8,7.8,Experimental,MSG_678ff6c5
2026-04-06 02:27:00,HS1014,12A1,Tích phân xác định (Diện tích),Normal,"Tính diện tích giới hạn bởi y=x^2 và y=x, em kẹt ở bước tìm cận.",Phản hồi AI giả lập cho bước P...,Auto-generated Phase 2,3,4,P,Practice,5b581c67acf12aef702c79ad2107a255fad319ac0f7b9b024bdb825fca0dbea8,3.45,Experimental,MSG_668da118
2026-04-06 03:22:00,HS1014,12A1,Nhị thức Newton (Hệ số phức hợp),Normal,"Tính diện tích giới hạn bởi y=x^2 và y=x, em kẹt ở bước tìm cận.",Phản hồi AI giả lập cho bước P...,Auto-generated Phase 2,5,5,P,Practice,5b581c67acf12aef702c79ad2107a255fad319ac0f7b9b024bdb825fca0dbea8,3.63,Experimental,MSG_60e66680
2026-04-06 04:09:00,HS1014,12A1,Nhị thức Newton (Hệ số phức hợp),Normal,"Xác suất mắc bệnh là 0.091, đáp án này hợp lý không ạ?",Phản hồi AI giả lập cho bước S...,Auto-generated Phase 2,4,4,S,Solve,5b581c67acf12aef702c79ad2107a255fad319ac0f7b9b024bdb825fca0dbea8,5.98,Experimental,MSG_2c02e907
2026-04-06 05:00:00,HS1014,12A1,Nhị thức Newton (Hệ số phức hợp),Normal,"Tìm hệ số x^5 trong (2x - 1/x)^10, em viết khai triển rồi nhưng chưa rút gọn được.",Phản hồi AI giả lập cho bước P...,Auto-generated Phase 2,3,3,P,Practice,5b581c67acf12aef702c79ad2107a255fad319ac0f7b9b024bdb825fca0dbea8,4.03,Experimental,MSG_bacbd7b7
2026-04-01 09:00:00,HS1015,12A2,Xác suất Bayes (Nâng cao),Normal,"Tính diện tích giới hạn bởi y=x^2 và y=x, em kẹt ở bước tìm cận.",Phản hồi AI giả lập cho bước P...,Auto-generated Phase 2,3,3,P,Practice,4dae95326dc9ffa1bfe6b2451392b5c409ac7ded6402d4676d1efdbc12833d08,4.33,Experimental,MSG_fd91a941
2026-04-01 10:00:00,HS1015,12A2,Dãy số & Giới hạn,Normal,"Hệ số là -8064, AI chốt đáp án giúp em.",Phản hồi AI giả lập cho bước S...,Auto-generated Phase 2,4,4,S,Solve,4dae95326dc9ffa1bfe6b2451392b5c409ac7ded6402d4676d1efdbc12833d08,5.08,Experimental,MSG_c3982484
2026-04-01 10:59:00,HS1015,12A2,Nhị thức Newton (Hệ số phức hợp),Normal,"Tìm hệ số x^5 trong (2x - 1/x)^10, em viết khai triển rồi nhưng chưa rút gọn được.",Phản hồi AI giả lập cho bước P...,Auto-generated Phase 2,3,5,P,Practice,4dae95326dc9ffa1bfe6b2451392b5c409ac7ded6402d4676d1efdbc12833d08,4.16,Experimental,MSG_05b59a1f
2026-04-01 11:39:00,HS1015,12A2,Đạo hàm ứng dụng (Tối ưu hóa),Normal,Giới hạn của dãy là 1. Em làm đúng chưa?,Phản hồi AI giả lập cho bước S...,Auto-generated Phase 2,5,5,S,Solve,4dae95326dc9ffa1bfe6b2451392b5c409ac7ded6402d4676d1efdbc12833d08,5.32,Experimental,MSG_b7a856c8
2026-04-01 12:14:00,HS1015,12A2,Tích phân xác định (Diện tích),Normal,Kết quả diện tích lớn nhất là 50m2 đúng không AI?,Phản hồi AI giả lập cho bước S...,Auto-generated Phase 2,4,4,S,Solve,4dae95326dc9ffa1bfe6b2451392b5c409ac7ded6402d4676d1efdbc12833d08,6.92,Experimental,MSG_ba7c68a6
2026-04-01 12:38:00,HS1015,12A2,Xác suất Bayes (Nâng cao),Normal,Chứng minh dãy u(n) = (n+1)/n bị chặn dưới bởi 1 thế nào?,Phản hồi AI giả lập cho bước P...,Auto-generated Phase 2,4,5,P,Practice,4dae95326dc9ffa1bfe6b2451392b5c409ac7ded6402d4676d1efdbc12833d08,3.5,Experimental,MSG_63e88e38
2026-04-01 13:34:00,HS1015,12A2,Xác suất Bayes (Nâng cao),Normal,Chứng minh dãy u(n) = (n+1)/n bị chặn dưới bởi 1 thế nào?,Phản hồi AI giả lập cho bước P...,Auto-generated Phase 2,4,3,P,Practice,4dae95326dc9ffa1bfe6b2451392b5c409ac7ded6402d4676d1efdbc12833d08,4.45,Experimental,MSG_e0a98cff
2026-04-01 14:25:00,HS1015,12A2,Dãy số & Giới hạn,Normal,Giới hạn của dãy là 1. Em làm đúng chưa?,Phản hồi AI giả lập cho bước S...,Auto-generated Phase 2,4,4,S,Solve,4dae95326dc9ffa1bfe6b2451392b5c409ac7ded6402d4676d1efdbc12833d08,6.73,Experimental,MSG_47237bbe
2026-04-01 15:24:00,HS1015,12A2,Tích phân xác định (Diện tích),Normal,"Tìm hệ số x^5 trong (2x - 1/x)^10, em viết khai triển rồi nhưng chưa rút gọn được.",Phản hồi AI giả lập cho bước P...,Auto-generated Phase 2,5,3,P,Practice,4dae95326dc9ffa1bfe6b2451392b5c409ac7ded6402d4676d1efdbc12833d08,5.39,Experimental,MSG_d03975ce
2026-04-01 15:57:00,HS1015,12A2,Dãy số & Giới hạn,Normal,"Tìm hệ số x^5 trong (2x - 1/x)^10, em viết khai triển rồi nhưng chưa rút gọn được.",Phản hồi AI giả lập cho bước P...,Auto-generated Phase 2,3,5,P,Practice,4dae95326dc9ffa1bfe6b2451392b5c409ac7ded6402d4676d1efdbc12833d08,3.99,Experimental,MSG_0c770ea7
2026-04-01 16:37:00,HS1015,12A2,Nhị thức Newton (Hệ số phức hợp),Normal,Khi nào dùng công thức Bayes thay vì xác suất cổ điển?,Phản hồi AI giả lập cho bước G...,Auto-generated Phase 2,5,5,G,Guide,4dae95326dc9ffa1bfe6b2451392b5c409ac7ded6402d4676d1efdbc12833d08,3.92,Experimental,MSG_ed53dc8a
2026-04-01 17:25:00,HS1015,12A2,Nhị thức Newton (Hệ số phức hợp),Normal,"Tìm hệ số x^5 trong (2x - 1/x)^10, em viết khai triển rồi nhưng chưa rút gọn được.",Phản hồi AI giả lập cho bước P...,Auto-generated Phase 2,4,4,P,Practice,4dae95326dc9ffa1bfe6b2451392b5c409ac7ded6402d4676d1efdbc12833d08,5.66,Experimental,MSG_8d8f0e6d
2026-04-01 17:58:00,HS1015,12A2,Nhị thức Newton (Hệ số phức hợp),Normal,Chứng minh dãy u(n) = (n+1)/n bị chặn dưới bởi 1 thế nào?,Phản hồi AI giả lập cho bước P...,Auto-generated Phase 2,4,3,P,Practice,4dae95326dc9ffa1bfe6b2451392b5c409ac7ded6402d4676d1efdbc12833d08,7.44,Experimental,MSG_60d4cc9d
2026-04-01 18:36:00,HS1015,12A2,Xác suất Bayes (Nâng cao),Normal,"Em đã lập được hàm f(x) = x(20-2x), giờ tính đạo hàm thế nào AI?",Phản hồi AI giả lập cho bước P...,Auto-generated Phase 2,4,4,P,Practice,4dae95326dc9ffa1bfe6b2451392b5c409ac7ded6402d4676d1efdbc12833d08,3.42,Experimental,MSG_4df41e14
2026-04-01 19:28:00,HS1015,12A2,Đạo hàm ứng dụng (Tối ưu hóa),Normal,Kết quả diện tích lớn nhất là 50m2 đúng không AI?,Phản hồi AI giả lập cho bước S...,Auto-generated Phase 2,5,3,S,Solve,4dae95326dc9ffa1bfe6b2451392b5c409ac7ded6402d4676d1efdbc12833d08,3.3,Experimental,MSG_54f53d1a
2026-04-01 20:18:00,HS1015,12A2,Đạo hàm ứng dụng (Tối ưu hóa),Normal,"Tính diện tích giới hạn bởi y=x^2 và y=x, em kẹt ở bước tìm cận.",Phản hồi AI giả lập cho bước P...,Auto-generated Phase 2,5,5,P,Practice,4dae95326dc9ffa1bfe6b2451392b5c409ac7ded6402d4676d1efdbc12833d08,7.12,Experimental,MSG_2f953a9b
2026-04-01 20:47:00,HS1015,12A2,Nhị thức Newton (Hệ số phức hợp),Normal,Chứng minh dãy u(n) = (n+1)/n bị chặn dưới bởi 1 thế nào?,Phản hồi AI giả lập cho bước P...,Auto-generated Phase 2,4,3,P,Practice,4dae95326dc9ffa1bfe6b2451392b5c409ac7ded6402d4676d1efdbc12833d08,3.04,Experimental,MSG_082136ca
2026-04-01 21:12:00,HS1015,12A2,Tích phân xác định (Diện tích),Normal,"Bài toán xét nghiệm bệnh: P(A)=0.01, P(B|A)=0.99. Bước tiếp theo tính gì?",Phản hồi AI giả lập cho bước P...,Auto-generated Phase 2,3,3,P,Practice,4dae95326dc9ffa1bfe6b2451392b5c409ac7ded6402d4676d1efdbc12833d08,4.24,Experimental,MSG_322c1713
2026-04-01 21:59:00,HS1015,12A2,Đạo hàm ứng dụng (Tối ưu hóa),Normal,"Tính diện tích giới hạn bởi y=x^2 và y=x, em kẹt ở bước tìm cận.",Phản hồi AI giả lập cho bước P...,Auto-generated Phase 2,3,4,P,Practice,4dae95326dc9ffa1bfe6b2451392b5c409ac7ded6402d4676d1efdbc12833d08,3.1,Experimental,MSG_6d57c0e2
2026-04-01 22:48:00,HS1015,12A2,Tích phân xác định (Diện tích),Normal,"Tính diện tích giới hạn bởi y=x^2 và y=x, em kẹt ở bước tìm cận.",Phản hồi AI giả lập cho bước P...,Auto-generated Phase 2,5,3,P,Practice,4dae95326dc9ffa1bfe6b2451392b5c409ac7ded6402d4676d1efdbc12833d08,6.31,Experimental,MSG_70ada219
2026-04-06 12:00:00,HS1016,12A2,Đạo hàm ứng dụng (Tối ưu hóa),Normal,Kết quả diện tích lớn nhất là 50m2 đúng không AI?,Phản hồi AI giả lập cho bước S...,Auto-generated Phase 2,3,4,S,Solve,91d0ec7f5c2453423bb32a4346c3da7a5e916d985452c4f281851cbccd57e565,4.58,Experimental,MSG_20d1a780
2026-04-06 12:32:00,HS1016,12A2,Nhị thức Newton (Hệ số phức hợp),Normal,"Tính diện tích giới hạn bởi y=x^2 và y=x, em kẹt ở bước tìm cận.",Phản hồi AI giả lập cho bước P...,Auto-generated Phase 2,5,4,P,Practice,91d0ec7f5c2453423bb32a4346c3da7a5e916d985452c4f281851cbccd57e565,6.66,Experimental,MSG_899cc20c
2026-04-06 13:26:00,HS1016,12A2,Đạo hàm ứng dụng (Tối ưu hóa),Normal,"Tìm hệ số x^5 trong (2x - 1/x)^10, em viết khai triển rồi nhưng chưa rút gọn được.",Phản hồi AI giả lập cho bước P...,Auto-generated Phase 2,5,3,P,Practice,91d0ec7f5c2453423bb32a4346c3da7a5e916d985452c4f281851cbccd57e565,4.67,Experimental,MSG_73afb42f
2026-04-06 14:22:00,HS1016,12A2,Nhị thức Newton (Hệ số phức hợp),Normal,"Đáp số tích phân em ra là 1/3, AI xem logic em đúng chưa?",Phản hồi AI giả lập cho bước S...,Auto-generated Phase 2,3,4,S,Solve,91d0ec7f5c2453423bb32a4346c3da7a5e916d985452c4f281851cbccd57e565,4.16,Experimental,MSG_8b719282
2026-04-06 15:09:00,HS1016,12A2,Tích phân xác định (Diện tích),Normal,"Tính diện tích giới hạn bởi y=x^2 và y=x, em kẹt ở bước tìm cận.",Phản hồi AI giả lập cho bước P...,Auto-generated Phase 2,5,3,P,Practice,91d0ec7f5c2453423bb32a4346c3da7a5e916d985452c4f281851cbccd57e565,6.74,Experimental,MSG_5de985d1
2026-04-06 15:29:00,HS1016,12A2,Nhị thức Newton (Hệ số phức hợp),Normal,"Tính diện tích giới hạn bởi y=x^2 và y=x, em kẹt ở bước tìm cận.",Phản hồi AI giả lập cho bước P...,Auto-generated Phase 2,5,3,P,Practice,91d0ec7f5c2453423bb32a4346c3da7a5e916d985452c4f281851cbccd57e565,3.71,Experimental,MSG_30090d79
2026-04-06 15:50:00,HS1016,12A2,Đạo hàm ứng dụng (Tối ưu hóa),Normal,"Tìm hệ số x^5 trong (2x - 1/x)^10, em viết khai triển rồi nhưng chưa rút gọn được.",Phản hồi AI giả lập cho bước P...,Auto-generated Phase 2,5,5,P,Practice,91d0ec7f5c2453423bb32a4346c3da7a5e916d985452c4f281851cbccd57e565,4.53,Experimental,MSG_bd58db90
2026-04-06 16:21:00,HS1016,12A2,Tích phân xác định (Diện tích),Normal,Chứng minh dãy u(n) = (n+1)/n bị chặn dưới bởi 1 thế nào?,Phản hồi AI giả lập cho bước P...,Auto-generated Phase 2,5,5,P,Practice,91d0ec7f5c2453423bb32a4346c3da7a5e916d985452c4f281851cbccd57e565,3.31,Experimental,MSG_59136be7
2026-04-06 16:56:00,HS1016,12A2,Đạo hàm ứng dụng (Tối ưu hóa),Normal,Phân biệt ý nghĩa của tích phân và diện tích hình phẳng.,Phản hồi AI giả lập cho bước G...,Auto-generated Phase 2,3,4,G,Guide,91d0ec7f5c2453423bb32a4346c3da7a5e916d985452c4f281851cbccd57e565,6.09,Experimental,MSG_a2000254
2026-04-06 17:48:00,HS1016,12A2,Tích phân xác định (Diện tích),Normal,"Bài toán xét nghiệm bệnh: P(A)=0.01, P(B|A)=0.99. Bước tiếp theo tính gì?",Phản hồi AI giả lập cho bước P...,Auto-generated Phase 2,4,3,P,Practice,91d0ec7f5c2453423bb32a4346c3da7a5e916d985452c4f281851cbccd57e565,7.9,Experimental,MSG_5527ae8c
2026-04-06 18:13:00,HS1016,12A2,Nhị thức Newton (Hệ số phức hợp),Normal,"Bài toán xét nghiệm bệnh: P(A)=0.01, P(B|A)=0.99. Bước tiếp theo tính gì?",Phản hồi AI giả lập cho bước P...,Auto-generated Phase 2,4,4,P,Practice,91d0ec7f5c2453423bb32a4346c3da7a5e916d985452c4f281851cbccd57e565,6.34,Experimental,MSG_c58ed717
2026-04-06 18:49:00,HS1016,12A2,Tích phân xác định (Diện tích),Normal,"Tính diện tích giới hạn bởi y=x^2 và y=x, em kẹt ở bước tìm cận.",Phản hồi AI giả lập cho bước P...,Auto-generated Phase 2,4,5,P,Practice,91d0ec7f5c2453423bb32a4346c3da7a5e916d985452c4f281851cbccd57e565,5.92,Experimental,MSG_51c88a1b
2026-04-06 19:13:00,HS1016,12A2,Xác suất Bayes (Nâng cao),Normal,"Hệ số là -8064, AI chốt đáp án giúp em.",Phản hồi AI giả lập cho bước S...,Auto-generated Phase 2,5,5,S,Solve,91d0ec7f5c2453423bb32a4346c3da7a5e916d985452c4f281851cbccd57e565,6.75,Experimental,MSG_241f276f
2026-04-06 20:07:00,HS1016,12A2,Tích phân xác định (Diện tích),Normal,"Hệ số là -8064, AI chốt đáp án giúp em.",Phản hồi AI giả lập cho bước S...,Auto-generated Phase 2,4,3,S,Solve,91d0ec7f5c2453423bb32a4346c3da7a5e916d985452c4f281851cbccd57e565,6.58,Experimental,MSG_026b3ee2
2026-04-06 20:40:00,HS1016,12A2,Tích phân xác định (Diện tích),Normal,"Em đã lập được hàm f(x) = x(20-2x), giờ tính đạo hàm thế nào AI?",Phản hồi AI giả lập cho bước P...,Auto-generated Phase 2,3,4,P,Practice,91d0ec7f5c2453423bb32a4346c3da7a5e916d985452c4f281851cbccd57e565,5.82,Experimental,MSG_9d1f07f7
2026-04-06 21:12:00,HS1016,12A2,Nhị thức Newton (Hệ số phức hợp),Normal,"Em đã lập được hàm f(x) = x(20-2x), giờ tính đạo hàm thế nào AI?",Phản hồi AI giả lập cho bước P...,Auto-generated Phase 2,5,3,P,Practice,91d0ec7f5c2453423bb32a4346c3da7a5e916d985452c4f281851cbccd57e565,6.92,Experimental,MSG_7c8b1b70
2026-04-06 21:44:00,HS1016,12A2,Dãy số & Giới hạn,Normal,Khi nào dùng công thức Bayes thay vì xác suất cổ điển?,Phản hồi AI giả lập cho bước G...,Auto-generated Phase 2,4,3,G,Guide,91d0ec7f5c2453423bb32a4346c3da7a5e916d985452c4f281851cbccd57e565,7.41,Experimental,MSG_06fd8b97
2026-04-06 22:07:00,HS1016,12A2,Dãy số & Giới hạn,Normal,Chứng minh dãy u(n) = (n+1)/n bị chặn dưới bởi 1 thế nào?,Phản hồi AI giả lập cho bước P...,Auto-generated Phase 2,4,3,P,Practice,91d0ec7f5c2453423bb32a4346c3da7a5e916d985452c4f281851cbccd57e565,3.16,Experimental,MSG_4a1658b6
2026-04-06 22:41:00,HS1016,12A2,Dãy số & Giới hạn,Normal,"Em đã lập được hàm f(x) = x(20-2x), giờ tính đạo hàm thế nào AI?",Phản hồi AI giả lập cho bước P...,Auto-generated Phase 2,3,5,P,Practice,91d0ec7f5c2453423bb32a4346c3da7a5e916d985452c4f281851cbccd57e565,3.16,Experimental,MSG_c15c276b
2026-04-06 23:26:00,HS1016,12A2,Tích phân xác định (Diện tích),Normal,Kết quả diện tích lớn nhất là 50m2 đúng không AI?,Phản hồi AI giả lập cho bước S...,Auto-generated Phase 2,5,4,S,Solve,91d0ec7f5c2453423bb32a4346c3da7a5e916d985452c4f281851cbccd57e565,6.2,Experimental,MSG_47dfabe2
2026-04-02 08:00:00,HS1017,12A1,Tích phân xác định (Diện tích),Misconception-Prone,Giải thích công thức số hạng tổng quát của Nhị thức Newton.,Phản hồi AI giả lập cho bước G...,Auto-generated Phase 2,3,5,G,Guide,728026dad033504c5d55bf5c070722c5b7aa4ea734480fe980353ceefadc0a0a,8.12,Experimental,MSG_1eefd987
2026-04-02 08:42:00,HS1017,12A1,Xác suất Bayes (Nâng cao),Misconception-Prone,"Bài toán xét nghiệm bệnh: P(A)=0.01, P(B|A)=0.99. Bước tiếp theo tính gì?",Phản hồi AI giả lập cho bước P...,Auto-generated Phase 2,4,5,P,Practice,728026dad033504c5d55bf5c070722c5b7aa4ea734480fe980353ceefadc0a0a,9.46,Experimental,MSG_147bacab
2026-04-02 09:36:00,HS1017,12A1,Tích phân xác định (Diện tích),Misconception-Prone,Phân biệt ý nghĩa của tích phân và diện tích hình phẳng.,Phản hồi AI giả lập cho bước G...,Auto-generated Phase 2,3,5,G,Guide,728026dad033504c5d55bf5c070722c5b7aa4ea734480fe980353ceefadc0a0a,14.27,Experimental,MSG_3f59a941
2026-04-02 09:58:00,HS1017,12A1,Xác suất Bayes (Nâng cao),Misconception-Prone,Tại sao trong bài toán tối ưu diện tích ta phải xét đạo hàm f'(x)=0?,Phản hồi AI giả lập cho bước G...,Auto-generated Phase 2,4,5,G,Guide,728026dad033504c5d55bf5c070722c5b7aa4ea734480fe980353ceefadc0a0a,14.85,Experimental,MSG_92350fbd
2026-04-02 10:51:00,HS1017,12A1,Tích phân xác định (Diện tích),Misconception-Prone,Chứng minh dãy u(n) = (n+1)/n bị chặn dưới bởi 1 thế nào?,Phản hồi AI giả lập cho bước P...,Auto-generated Phase 2,3,4,P,Practice,728026dad033504c5d55bf5c070722c5b7aa4ea734480fe980353ceefadc0a0a,13.16,Experimental,MSG_e0ec001a
2026-04-02 11:49:00,HS1017,12A1,Đạo hàm ứng dụng (Tối ưu hóa),Misconception-Prone,Giới hạn của dãy là 1. Em làm đúng chưa?,Phản hồi AI giả lập cho bước S...,Auto-generated Phase 2,2,5,S,Solve,728026dad033504c5d55bf5c070722c5b7aa4ea734480fe980353ceefadc0a0a,13.74,Experimental,MSG_07a1253a
2026-04-02 12:35:00,HS1017,12A1,Dãy số & Giới hạn,Misconception-Prone,Tại sao trong bài toán tối ưu diện tích ta phải xét đạo hàm f'(x)=0?,Phản hồi AI giả lập cho bước G...,Auto-generated Phase 2,4,3,G,Guide,728026dad033504c5d55bf5c070722c5b7aa4ea734480fe980353ceefadc0a0a,14.04,Experimental,MSG_4ec495b3
2026-04-02 13:11:00,HS1017,12A1,Dãy số & Giới hạn,Misconception-Prone,"Bài toán xét nghiệm bệnh: P(A)=0.01, P(B|A)=0.99. Bước tiếp theo tính gì?",Phản hồi AI giả lập cho bước P...,Auto-generated Phase 2,2,3,P,Practice,728026dad033504c5d55bf5c070722c5b7aa4ea734480fe980353ceefadc0a0a,12.3,Experimental,MSG_05175c34
2026-04-02 13:35:00,HS1017,12A1,Tích phân xác định (Diện tích),Misconception-Prone,Tại sao trong bài toán tối ưu diện tích ta phải xét đạo hàm f'(x)=0?,Phản hồi AI giả lập cho bước G...,Auto-generated Phase 2,4,3,G,Guide,728026dad033504c5d55bf5c070722c5b7aa4ea734480fe980353ceefadc0a0a,11.93,Experimental,MSG_d2a2314b
2026-04-02 14:26:00,HS1017,12A1,Dãy số & Giới hạn,Misconception-Prone,"Tìm hệ số x^5 trong (2x - 1/x)^10, em viết khai triển rồi nhưng chưa rút gọn được.",Phản hồi AI giả lập cho bước P...,Auto-generated Phase 2,4,4,P,Practice,728026dad033504c5d55bf5c070722c5b7aa4ea734480fe980353ceefadc0a0a,14.12,Experimental,MSG_b884a6c1
2026-04-02 15:08:00,HS1017,12A1,Dãy số & Giới hạn,Misconception-Prone,Chứng minh dãy u(n) = (n+1)/n bị chặn dưới bởi 1 thế nào?,Phản hồi AI giả lập cho bước P...,Auto-generated Phase 2,2,5,P,Practice,728026dad033504c5d55bf5c070722c5b7aa4ea734480fe980353ceefadc0a0a,8.82,Experimental,MSG_bc794ffd
2026-04-02 16:05:00,HS1017,12A1,Xác suất Bayes (Nâng cao),Misconception-Prone,Phân biệt ý nghĩa của tích phân và diện tích hình phẳng.,Phản hồi AI giả lập cho bước G...,Auto-generated Phase 2,4,5,G,Guide,728026dad033504c5d55bf5c070722c5b7aa4ea734480fe980353ceefadc0a0a,9.31,Experimental,MSG_6eb22775
2026-04-02 17:00:00,HS1017,12A1,Đạo hàm ứng dụng (Tối ưu hóa),Misconception-Prone,Phân biệt ý nghĩa của tích phân và diện tích hình phẳng.,Phản hồi AI giả lập cho bước G...,Auto-generated Phase 2,2,5,G,Guide,728026dad033504c5d55bf5c070722c5b7aa4ea734480fe980353ceefadc0a0a,8.63,Experimental,MSG_191ae557
2026-04-02 17:34:00,HS1017,12A1,Tích phân xác định (Diện tích),Misconception-Prone,"Hệ số là -8064, AI chốt đáp án giúp em.",Phản hồi AI giả lập cho bước S...,Auto-generated Phase 2,3,5,S,Solve,728026dad033504c5d55bf5c070722c5b7aa4ea734480fe980353ceefadc0a0a,8.02,Experimental,MSG_e3acb2a9
2026-04-02 18:13:00,HS1017,12A1,Dãy số & Giới hạn,Misconception-Prone,Phân biệt ý nghĩa của tích phân và diện tích hình phẳng.,Phản hồi AI giả lập cho bước G...,Auto-generated Phase 2,2,3,G,Guide,728026dad033504c5d55bf5c070722c5b7aa4ea734480fe980353ceefadc0a0a,12.83,Experimental,MSG_269018da
2026-04-02 19:11:00,HS1017,12A1,Nhị thức Newton (Hệ số phức hợp),Misconception-Prone,"Bài toán xét nghiệm bệnh: P(A)=0.01, P(B|A)=0.99. Bước tiếp theo tính gì?",Phản hồi AI giả lập cho bước P...,Auto-generated Phase 2,2,3,P,Practice,728026dad033504c5d55bf5c070722c5b7aa4ea734480fe980353ceefadc0a0a,14.14,Experimental,MSG_b68bd9ab
2026-04-02 19:35:00,HS1017,12A1,Xác suất Bayes (Nâng cao),Misconception-Prone,Khi nào dùng công thức Bayes thay vì xác suất cổ điển?,Phản hồi AI giả lập cho bước G...,Auto-generated Phase 2,4,4,G,Guide,728026dad033504c5d55bf5c070722c5b7aa4ea734480fe980353ceefadc0a0a,12.37,Experimental,MSG_0b6fcdf4
2026-04-02 20:03:00,HS1017,12A1,Nhị thức Newton (Hệ số phức hợp),Misconception-Prone,Giải thích công thức số hạng tổng quát của Nhị thức Newton.,Phản hồi AI giả lập cho bước G...,Auto-generated Phase 2,2,5,G,Guide,728026dad033504c5d55bf5c070722c5b7aa4ea734480fe980353ceefadc0a0a,9.07,Experimental,MSG_4de0468d
2026-04-02 20:44:00,HS1017,12A1,Dãy số & Giới hạn,Misconception-Prone,Chứng minh dãy u(n) = (n+1)/n bị chặn dưới bởi 1 thế nào?,Phản hồi AI giả lập cho bước P...,Auto-generated Phase 2,4,5,P,Practice,728026dad033504c5d55bf5c070722c5b7aa4ea734480fe980353ceefadc0a0a,10.48,Experimental,MSG_57fe648e
2026-04-02 21:41:00,HS1017,12A1,Xác suất Bayes (Nâng cao),Misconception-Prone,"Xác suất mắc bệnh là 0.091, đáp án này hợp lý không ạ?",Phản hồi AI giả lập cho bước S...,Auto-generated Phase 2,2,4,S,Solve,728026dad033504c5d55bf5c070722c5b7aa4ea734480fe980353ceefadc0a0a,11.44,Experimental,MSG_077a970a
2026-04-06 10:00:00,HS1018,12A2,Nhị thức Newton (Hệ số phức hợp),Fast-Learner,"Đáp số tích phân em ra là 1/3, AI xem logic em đúng chưa?",Phản hồi AI giả lập cho bước S...,Auto-generated Phase 2,4,1,S,Solve,37738972f2441b34cc80bf56734cd2e514385f65cbd9558e82e8eae91af0be80,2.35,Experimental,MSG_b0deb29c
2026-04-06 10:52:00,HS1018,12A2,Đạo hàm ứng dụng (Tối ưu hóa),Fast-Learner,"Em đã lập được hàm f(x) = x(20-2x), giờ tính đạo hàm thế nào AI?",Phản hồi AI giả lập cho bước P...,Auto-generated Phase 2,3,2,P,Practice,37738972f2441b34cc80bf56734cd2e514385f65cbd9558e82e8eae91af0be80,1.02,Experimental,MSG_a0b2be1f
2026-04-06 11:48:00,HS1018,12A2,Xác suất Bayes (Nâng cao),Fast-Learner,Giới hạn của dãy là 1. Em làm đúng chưa?,Phản hồi AI giả lập cho bước S...,Auto-generated Phase 2,4,2,S,Solve,37738972f2441b34cc80bf56734cd2e514385f65cbd9558e82e8eae91af0be80,1.57,Experimental,MSG_cbd5e765
2026-04-06 12:48:00,HS1018,12A2,Nhị thức Newton (Hệ số phức hợp),Fast-Learner,Kết quả diện tích lớn nhất là 50m2 đúng không AI?,Phản hồi AI giả lập cho bước S...,Auto-generated Phase 2,5,1,S,Solve,37738972f2441b34cc80bf56734cd2e514385f65cbd9558e82e8eae91af0be80,2.72,Experimental,MSG_a3dbbc1c
2026-04-06 13:30:00,HS1018,12A2,Xác suất Bayes (Nâng cao),Fast-Learner,"Hệ số là -8064, AI chốt đáp án giúp em.",Phản hồi AI giả lập cho bước S...,Auto-generated Phase 2,3,1,S,Solve,37738972f2441b34cc80bf56734cd2e514385f65cbd9558e82e8eae91af0be80,2.34,Experimental,MSG_34e35a0c
2026-04-06 14:29:00,HS1018,12A2,Xác suất Bayes (Nâng cao),Fast-Learner,"Đáp số tích phân em ra là 1/3, AI xem logic em đúng chưa?",Phản hồi AI giả lập cho bước S...,Auto-generated Phase 2,5,1,S,Solve,37738972f2441b34cc80bf56734cd2e514385f65cbd9558e82e8eae91af0be80,1.45,Experimental,MSG_5b3bd40c
2026-04-06 15:17:00,HS1018,12A2,Nhị thức Newton (Hệ số phức hợp),Fast-Learner,"Đáp số tích phân em ra là 1/3, AI xem logic em đúng chưa?",Phản hồi AI giả lập cho bước S...,Auto-generated Phase 2,3,2,S,Solve,37738972f2441b34cc80bf56734cd2e514385f65cbd9558e82e8eae91af0be80,2.78,Experimental,MSG_93c1d985
2026-04-06 16:07:00,HS1018,12A2,Đạo hàm ứng dụng (Tối ưu hóa),Fast-Learner,Giới hạn của dãy là 1. Em làm đúng chưa?,Phản hồi AI giả lập cho bước S...,Auto-generated Phase 2,3,2,S,Solve,37738972f2441b34cc80bf56734cd2e514385f65cbd9558e82e8eae91af0be80,2.96,Experimental,MSG_7f0fc0ea
2026-04-06 16:50:00,HS1018,12A2,Tích phân xác định (Diện tích),Fast-Learner,"Tìm hệ số x^5 trong (2x - 1/x)^10, em viết khai triển rồi nhưng chưa rút gọn được.",Phản hồi AI giả lập cho bước P...,Auto-generated Phase 2,5,2,P,Practice,37738972f2441b34cc80bf56734cd2e514385f65cbd9558e82e8eae91af0be80,1.95,Experimental,MSG_ba808352
2026-04-06 17:20:00,HS1018,12A2,Nhị thức Newton (Hệ số phức hợp),Fast-Learner,"Tính diện tích giới hạn bởi y=x^2 và y=x, em kẹt ở bước tìm cận.",Phản hồi AI giả lập cho bước P...,Auto-generated Phase 2,5,1,P,Practice,37738972f2441b34cc80bf56734cd2e514385f65cbd9558e82e8eae91af0be80,2.34,Experimental,MSG_1f9b472e
2026-04-06 18:18:00,HS1018,12A2,Tích phân xác định (Diện tích),Fast-Learner,"Đáp số tích phân em ra là 1/3, AI xem logic em đúng chưa?",Phản hồi AI giả lập cho bước S...,Auto-generated Phase 2,5,1,S,Solve,37738972f2441b34cc80bf56734cd2e514385f65cbd9558e82e8eae91af0be80,2.03,Experimental,MSG_9165f55c
2026-04-06 18:55:00,HS1018,12A2,Dãy số & Giới hạn,Fast-Learner,Giới hạn của dãy là 1. Em làm đúng chưa?,Phản hồi AI giả lập cho bước S...,Auto-generated Phase 2,3,2,S,Solve,37738972f2441b34cc80bf56734cd2e514385f65cbd9558e82e8eae91af0be80,1.8,Experimental,MSG_811ad503
2026-04-06 19:19:00,HS1018,12A2,Nhị thức Newton (Hệ số phức hợp),Fast-Learner,Giới hạn của dãy là 1. Em làm đúng chưa?,Phản hồi AI giả lập cho bước S...,Auto-generated Phase 2,4,3,S,Solve,37738972f2441b34cc80bf56734cd2e514385f65cbd9558e82e8eae91af0be80,2.98,Experimental,MSG_95c72d53
2026-04-06 19:49:00,HS1018,12A2,Dãy số & Giới hạn,Fast-Learner,Kết quả diện tích lớn nhất là 50m2 đúng không AI?,Phản hồi AI giả lập cho bước S...,Auto-generated Phase 2,4,2,S,Solve,37738972f2441b34cc80bf56734cd2e514385f65cbd9558e82e8eae91af0be80,1.8,Experimental,MSG_24b8bd9b
2026-04-06 20:26:00,HS1018,12A2,Tích phân xác định (Diện tích),Fast-Learner,"Hệ số là -8064, AI chốt đáp án giúp em.",Phản hồi AI giả lập cho bước S...,Auto-generated Phase 2,4,3,S,Solve,37738972f2441b34cc80bf56734cd2e514385f65cbd9558e82e8eae91af0be80,2.36,Experimental,MSG_48f53d72
2026-04-06 21:00:00,HS1018,12A2,Đạo hàm ứng dụng (Tối ưu hóa),Fast-Learner,Kết quả diện tích lớn nhất là 50m2 đúng không AI?,Phản hồi AI giả lập cho bước S...,Auto-generated Phase 2,5,3,S,Solve,37738972f2441b34cc80bf56734cd2e514385f65cbd9558e82e8eae91af0be80,1.76,Experimental,MSG_e786dda8
2026-04-06 21:34:00,HS1018,12A2,Dãy số & Giới hạn,Fast-Learner,Kết quả diện tích lớn nhất là 50m2 đúng không AI?,Phản hồi AI giả lập cho bước S...,Auto-generated Phase 2,3,3,S,Solve,37738972f2441b34cc80bf56734cd2e514385f65cbd9558e82e8eae91af0be80,2.17,Experimental,MSG_f9ec4b02
2026-04-06 22:28:00,HS1018,12A2,Xác suất Bayes (Nâng cao),Fast-Learner,"Xác suất mắc bệnh là 0.091, đáp án này hợp lý không ạ?",Phản hồi AI giả lập cho bước S...,Auto-generated Phase 2,3,2,S,Solve,37738972f2441b34cc80bf56734cd2e514385f65cbd9558e82e8eae91af0be80,2.64,Experimental,MSG_8016b756
2026-04-06 23:19:00,HS1018,12A2,Xác suất Bayes (Nâng cao),Fast-Learner,Giải thích công thức số hạng tổng quát của Nhị thức Newton.,Phản hồi AI giả lập cho bước G...,Auto-generated Phase 2,4,2,G,Guide,37738972f2441b34cc80bf56734cd2e514385f65cbd9558e82e8eae91af0be80,1.47,Experimental,MSG_a64181b1
2026-04-06 23:50:00,HS1018,12A2,Đạo hàm ứng dụng (Tối ưu hóa),Fast-Learner,Kết quả diện tích lớn nhất là 50m2 đúng không AI?,Phản hồi AI giả lập cho bước S...,Auto-generated Phase 2,3,1,S,Solve,37738972f2441b34cc80bf56734cd2e514385f65cbd9558e82e8eae91af0be80,1.31,Experimental,MSG_91cf02eb
2026-04-06 08:00:00,HS1019,12A2,Tích phân xác định (Diện tích),Fast-Learner,"Hệ số là -8064, AI chốt đáp án giúp em.",Phản hồi AI giả lập cho bước S...,Auto-generated Phase 2,4,1,S,Solve,12508c01f7ffcc25b1751bb68d13e55fd32272b481a17862c9fd0728f7602fba,2.47,Experimental,MSG_67f138cc
2026-04-06 08:32:00,HS1019,12A2,Nhị thức Newton (Hệ số phức hợp),Fast-Learner,"Đáp số tích phân em ra là 1/3, AI xem logic em đúng chưa?",Phản hồi AI giả lập cho bước S...,Auto-generated Phase 2,5,3,S,Solve,12508c01f7ffcc25b1751bb68d13e55fd32272b481a17862c9fd0728f7602fba,2.04,Experimental,MSG_dd20dbbc
2026-04-06 09:14:00,HS1019,12A2,Dãy số & Giới hạn,Fast-Learner,"Đáp số tích phân em ra là 1/3, AI xem logic em đúng chưa?",Phản hồi AI giả lập cho bước S...,Auto-generated Phase 2,3,2,S,Solve,12508c01f7ffcc25b1751bb68d13e55fd32272b481a17862c9fd0728f7602fba,1.75,Experimental,MSG_d43004cb
2026-04-06 10:08:00,HS1019,12A2,Tích phân xác định (Diện tích),Fast-Learner,Kết quả diện tích lớn nhất là 50m2 đúng không AI?,Phản hồi AI giả lập cho bước S...,Auto-generated Phase 2,4,1,S,Solve,12508c01f7ffcc25b1751bb68d13e55fd32272b481a17862c9fd0728f7602fba,2.84,Experimental,MSG_d1c07132
2026-04-06 10:52:00,HS1019,12A2,Nhị thức Newton (Hệ số phức hợp),Fast-Learner,"Xác suất mắc bệnh là 0.091, đáp án này hợp lý không ạ?",Phản hồi AI giả lập cho bước S...,Auto-generated Phase 2,5,3,S,Solve,12508c01f7ffcc25b1751bb68d13e55fd32272b481a17862c9fd0728f7602fba,2.83,Experimental,MSG_0ee52476
2026-04-06 11:46:00,HS1019,12A2,Xác suất Bayes (Nâng cao),Fast-Learner,"Xác suất mắc bệnh là 0.091, đáp án này hợp lý không ạ?",Phản hồi AI giả lập cho bước S...,Auto-generated Phase 2,4,1,S,Solve,12508c01f7ffcc25b1751bb68d13e55fd32272b481a17862c9fd0728f7602fba,2.71,Experimental,MSG_df3384ea
2026-04-06 12:19:00,HS1019,12A2,Đạo hàm ứng dụng (Tối ưu hóa),Fast-Learner,"Xác suất mắc bệnh là 0.091, đáp án này hợp lý không ạ?",Phản hồi AI giả lập cho bước S...,Auto-generated Phase 2,3,3,S,Solve,12508c01f7ffcc25b1751bb68d13e55fd32272b481a17862c9fd0728f7602fba,2.82,Experimental,MSG_6c384954
2026-04-06 12:42:00,HS1019,12A2,Xác suất Bayes (Nâng cao),Fast-Learner,Giới hạn của dãy là 1. Em làm đúng chưa?,Phản hồi AI giả lập cho bước S...,Auto-generated Phase 2,5,2,S,Solve,12508c01f7ffcc25b1751bb68d13e55fd32272b481a17862c9fd0728f7602fba,2.28,Experimental,MSG_f1308fd8
2026-04-06 13:35:00,HS1019,12A2,Đạo hàm ứng dụng (Tối ưu hóa),Fast-Learner,Điều kiện để một dãy số có giới hạn hữu hạn là gì?,Phản hồi AI giả lập cho bước G...,Auto-generated Phase 2,3,3,G,Guide,12508c01f7ffcc25b1751bb68d13e55fd32272b481a17862c9fd0728f7602fba,2.75,Experimental,MSG_ff1fac6b
2026-04-06 14:00:00,HS1019,12A2,Nhị thức Newton (Hệ số phức hợp),Fast-Learner,"Đáp số tích phân em ra là 1/3, AI xem logic em đúng chưa?",Phản hồi AI giả lập cho bước S...,Auto-generated Phase 2,3,1,S,Solve,12508c01f7ffcc25b1751bb68d13e55fd32272b481a17862c9fd0728f7602fba,1.32,Experimental,MSG_97ec74b2
2026-04-06 14:24:00,HS1019,12A2,Đạo hàm ứng dụng (Tối ưu hóa),Fast-Learner,Khi nào dùng công thức Bayes thay vì xác suất cổ điển?,Phản hồi AI giả lập cho bước G...,Auto-generated Phase 2,5,1,G,Guide,12508c01f7ffcc25b1751bb68d13e55fd32272b481a17862c9fd0728f7602fba,2.83,Experimental,MSG_8379d0c4
2026-04-06 15:24:00,HS1019,12A2,Tích phân xác định (Diện tích),Fast-Learner,"Em đã lập được hàm f(x) = x(20-2x), giờ tính đạo hàm thế nào AI?",Phản hồi AI giả lập cho bước P...,Auto-generated Phase 2,5,2,P,Practice,12508c01f7ffcc25b1751bb68d13e55fd32272b481a17862c9fd0728f7602fba,1.06,Experimental,MSG_ffe6ec5e
2026-04-06 15:59:00,HS1019,12A2,Nhị thức Newton (Hệ số phức hợp),Fast-Learner,Kết quả diện tích lớn nhất là 50m2 đúng không AI?,Phản hồi AI giả lập cho bước S...,Auto-generated Phase 2,5,2,S,Solve,12508c01f7ffcc25b1751bb68d13e55fd32272b481a17862c9fd0728f7602fba,2.18,Experimental,MSG_b96b0c6e
2026-04-06 16:36:00,HS1019,12A2,Tích phân xác định (Diện tích),Fast-Learner,"Xác suất mắc bệnh là 0.091, đáp án này hợp lý không ạ?",Phản hồi AI giả lập cho bước S...,Auto-generated Phase 2,4,3,S,Solve,12508c01f7ffcc25b1751bb68d13e55fd32272b481a17862c9fd0728f7602fba,1.06,Experimental,MSG_2a17ceff
2026-04-06 17:04:00,HS1019,12A2,Tích phân xác định (Diện tích),Fast-Learner,"Tính diện tích giới hạn bởi y=x^2 và y=x, em kẹt ở bước tìm cận.",Phản hồi AI giả lập cho bước P...,Auto-generated Phase 2,5,1,P,Practice,12508c01f7ffcc25b1751bb68d13e55fd32272b481a17862c9fd0728f7602fba,1.26,Experimental,MSG_4b470ffb
2026-04-06 17:59:00,HS1019,12A2,Nhị thức Newton (Hệ số phức hợp),Fast-Learner,Chứng minh dãy u(n) = (n+1)/n bị chặn dưới bởi 1 thế nào?,Phản hồi AI giả lập cho bước P...,Auto-generated Phase 2,5,1,P,Practice,12508c01f7ffcc25b1751bb68d13e55fd32272b481a17862c9fd0728f7602fba,2.62,Experimental,MSG_b8390058
2026-04-06 18:57:00,HS1019,12A2,Xác suất Bayes (Nâng cao),Fast-Learner,Giới hạn của dãy là 1. Em làm đúng chưa?,Phản hồi AI giả lập cho bước S...,Auto-generated Phase 2,3,2,S,Solve,12508c01f7ffcc25b1751bb68d13e55fd32272b481a17862c9fd0728f7602fba,2.95,Experimental,MSG_114d9b56
2026-04-06 19:39:00,HS1019,12A2,Nhị thức Newton (Hệ số phức hợp),Fast-Learner,Giới hạn của dãy là 1. Em làm đúng chưa?,Phản hồi AI giả lập cho bước S...,Auto-generated Phase 2,3,2,S,Solve,12508c01f7ffcc25b1751bb68d13e55fd32272b481a17862c9fd0728f7602fba,2.09,Experimental,MSG_3e1b6022
2026-04-06 20:11:00,HS1019,12A2,Tích phân xác định (Diện tích),Fast-Learner,"Đáp số tích phân em ra là 1/3, AI xem logic em đúng chưa?",Phản hồi AI giả lập cho bước S...,Auto-generated Phase 2,3,2,S,Solve,12508c01f7ffcc25b1751bb68d13e55fd32272b481a17862c9fd0728f7602fba,2.48,Experimental,MSG_ccd687bd
2026-04-06 20:45:00,HS1019,12A2,Nhị thức Newton (Hệ số phức hợp),Fast-Learner,"Đáp số tích phân em ra là 1/3, AI xem logic em đúng chưa?",Phản hồi AI giả lập cho bước S...,Auto-generated Phase 2,4,1,S,Solve,12508c01f7ffcc25b1751bb68d13e55fd32272b481a17862c9fd0728f7602fba,1.3,Experimental,MSG_4fb11329
2026-04-10 09:00:00,HS1020,12A2,Đạo hàm ứng dụng (Tối ưu hóa),Fast-Learner,"Tìm hệ số x^5 trong (2x - 1/x)^10, em viết khai triển rồi nhưng chưa rút gọn được.",Phản hồi AI giả lập cho bước P...,Auto-generated Phase 2,4,2,P,Practice,130d42637ea4072e03a6efe03ad6df64d849d8961b85abc4d653ea9dbc43de29,1.54,Experimental,MSG_55189b72
2026-04-10 09:25:00,HS1020,12A2,Xác suất Bayes (Nâng cao),Fast-Learner,Giới hạn của dãy là 1. Em làm đúng chưa?,Phản hồi AI giả lập cho bước S...,Auto-generated Phase 2,4,1,S,Solve,130d42637ea4072e03a6efe03ad6df64d849d8961b85abc4d653ea9dbc43de29,2.74,Experimental,MSG_acf76a50
2026-04-10 10:05:00,HS1020,12A2,Xác suất Bayes (Nâng cao),Fast-Learner,"Hệ số là -8064, AI chốt đáp án giúp em.",Phản hồi AI giả lập cho bước S...,Auto-generated Phase 2,5,2,S,Solve,130d42637ea4072e03a6efe03ad6df64d849d8961b85abc4d653ea9dbc43de29,2.86,Experimental,MSG_3fb5da6d
2026-04-10 10:38:00,HS1020,12A2,Nhị thức Newton (Hệ số phức hợp),Fast-Learner,"Đáp số tích phân em ra là 1/3, AI xem logic em đúng chưa?",Phản hồi AI giả lập cho bước S...,Auto-generated Phase 2,4,3,S,Solve,130d42637ea4072e03a6efe03ad6df64d849d8961b85abc4d653ea9dbc43de29,2.26,Experimental,MSG_0cef25e1
2026-04-10 11:28:00,HS1020,12A2,Dãy số & Giới hạn,Fast-Learner,Tại sao trong bài toán tối ưu diện tích ta phải xét đạo hàm f'(x)=0?,Phản hồi AI giả lập cho bước G...,Auto-generated Phase 2,5,3,G,Guide,130d42637ea4072e03a6efe03ad6df64d849d8961b85abc4d653ea9dbc43de29,2.43,Experimental,MSG_50cb8e4a
2026-04-10 12:04:00,HS1020,12A2,Nhị thức Newton (Hệ số phức hợp),Fast-Learner,Giới hạn của dãy là 1. Em làm đúng chưa?,Phản hồi AI giả lập cho bước S...,Auto-generated Phase 2,3,3,S,Solve,130d42637ea4072e03a6efe03ad6df64d849d8961b85abc4d653ea9dbc43de29,2.07,Experimental,MSG_ac10e2cc
2026-04-10 12:25:00,HS1020,12A2,Xác suất Bayes (Nâng cao),Fast-Learner,Kết quả diện tích lớn nhất là 50m2 đúng không AI?,Phản hồi AI giả lập cho bước S...,Auto-generated Phase 2,3,3,S,Solve,130d42637ea4072e03a6efe03ad6df64d849d8961b85abc4d653ea9dbc43de29,2.07,Experimental,MSG_a92d9083
2026-04-10 12:58:00,HS1020,12A2,Đạo hàm ứng dụng (Tối ưu hóa),Fast-Learner,"Đáp số tích phân em ra là 1/3, AI xem logic em đúng chưa?",Phản hồi AI giả lập cho bước S...,Auto-generated Phase 2,3,2,S,Solve,130d42637ea4072e03a6efe03ad6df64d849d8961b85abc4d653ea9dbc43de29,2.8,Experimental,MSG_fe7b1310
2026-04-10 13:51:00,HS1020,12A2,Xác suất Bayes (Nâng cao),Fast-Learner,"Bài toán xét nghiệm bệnh: P(A)=0.01, P(B|A)=0.99. Bước tiếp theo tính gì?",Phản hồi AI giả lập cho bước P...,Auto-generated Phase 2,4,3,P,Practice,130d42637ea4072e03a6efe03ad6df64d849d8961b85abc4d653ea9dbc43de29,2.69,Experimental,MSG_0be4e731
2026-04-10 14:15:00,HS1020,12A2,Tích phân xác định (Diện tích),Fast-Learner,"Hệ số là -8064, AI chốt đáp án giúp em.",Phản hồi AI giả lập cho bước S...,Auto-generated Phase 2,5,1,S,Solve,130d42637ea4072e03a6efe03ad6df64d849d8961b85abc4d653ea9dbc43de29,2.39,Experimental,MSG_623a1292
2026-04-10 14:52:00,HS1020,12A2,Đạo hàm ứng dụng (Tối ưu hóa),Fast-Learner,Giới hạn của dãy là 1. Em làm đúng chưa?,Phản hồi AI giả lập cho bước S...,Auto-generated Phase 2,3,2,S,Solve,130d42637ea4072e03a6efe03ad6df64d849d8961b85abc4d653ea9dbc43de29,1.51,Experimental,MSG_f301bf5a
2026-04-10 15:30:00,HS1020,12A2,Dãy số & Giới hạn,Fast-Learner,Điều kiện để một dãy số có giới hạn hữu hạn là gì?,Phản hồi AI giả lập cho bước G...,Auto-generated Phase 2,3,1,G,Guide,130d42637ea4072e03a6efe03ad6df64d849d8961b85abc4d653ea9dbc43de29,2.68,Experimental,MSG_c75932c3
2026-04-10 16:08:00,HS1020,12A2,Tích phân xác định (Diện tích),Fast-Learner,Tại sao trong bài toán tối ưu diện tích ta phải xét đạo hàm f'(x)=0?,Phản hồi AI giả lập cho bước G...,Auto-generated Phase 2,4,3,G,Guide,130d42637ea4072e03a6efe03ad6df64d849d8961b85abc4d653ea9dbc43de29,2.57,Experimental,MSG_4c7d8561
2026-04-10 16:37:00,HS1020,12A2,Nhị thức Newton (Hệ số phức hợp),Fast-Learner,"Đáp số tích phân em ra là 1/3, AI xem logic em đúng chưa?",Phản hồi AI giả lập cho bước S...,Auto-generated Phase 2,3,3,S,Solve,130d42637ea4072e03a6efe03ad6df64d849d8961b85abc4d653ea9dbc43de29,2.42,Experimental,MSG_e07da6b5
2026-04-10 17:01:00,HS1020,12A2,Dãy số & Giới hạn,Fast-Learner,Giới hạn của dãy là 1. Em làm đúng chưa?,Phản hồi AI giả lập cho bước S...,Auto-generated Phase 2,3,2,S,Solve,130d42637ea4072e03a6efe03ad6df64d849d8961b85abc4d653ea9dbc43de29,1.23,Experimental,MSG_f35a56ea
2026-04-10 17:24:00,HS1020,12A2,Đạo hàm ứng dụng (Tối ưu hóa),Fast-Learner,"Hệ số là -8064, AI chốt đáp án giúp em.",Phản hồi AI giả lập cho bước S...,Auto-generated Phase 2,3,1,S,Solve,130d42637ea4072e03a6efe03ad6df64d849d8961b85abc4d653ea9dbc43de29,2.7,Experimental,MSG_e116cf99
2026-04-10 17:53:00,HS1020,12A2,Đạo hàm ứng dụng (Tối ưu hóa),Fast-Learner,"Xác suất mắc bệnh là 0.091, đáp án này hợp lý không ạ?",Phản hồi AI giả lập cho bước S...,Auto-generated Phase 2,5,3,S,Solve,130d42637ea4072e03a6efe03ad6df64d849d8961b85abc4d653ea9dbc43de29,1.85,Experimental,MSG_9d15cf6e
2026-04-10 18:49:00,HS1020,12A2,Đạo hàm ứng dụng (Tối ưu hóa),Fast-Learner,"Xác suất mắc bệnh là 0.091, đáp án này hợp lý không ạ?",Phản hồi AI giả lập cho bước S...,Auto-generated Phase 2,3,2,S,Solve,130d42637ea4072e03a6efe03ad6df64d849d8961b85abc4d653ea9dbc43de29,2.32,Experimental,MSG_f8922419
2026-04-10 19:39:00,HS1020,12A2,Nhị thức Newton (Hệ số phức hợp),Fast-Learner,"Xác suất mắc bệnh là 0.091, đáp án này hợp lý không ạ?",Phản hồi AI giả lập cho bước S...,Auto-generated Phase 2,4,3,S,Solve,130d42637ea4072e03a6efe03ad6df64d849d8961b85abc4d653ea9dbc43de29,1.7,Experimental,MSG_0c358575
2026-04-10 20:09:00,HS1020,12A2,Đạo hàm ứng dụng (Tối ưu hóa),Fast-Learner,Chứng minh dãy u(n) = (n+1)/n bị chặn dưới bởi 1 thế nào?,Phản hồi AI giả lập cho bước P...,Auto-generated Phase 2,4,3,P,Practice,130d42637ea4072e03a6efe03ad6df64d849d8961b85abc4d653ea9dbc43de29,2.5,Experimental,MSG_a3447adb
2026-04-08 16:00:00,HS1021,12A1,Đạo hàm ứng dụng (Tối ưu hóa),Normal,"Xác suất mắc bệnh là 0.091, đáp án này hợp lý không ạ?",Phản hồi AI giả lập cho bước S...,Auto-generated Phase 2,5,3,S,Solve,86c297cbf303f0a7095888d52c5f8beaae3b54dbc58b204898e35c25aa9ab219,7.84,Experimental,MSG_0627cd26
2026-04-08 16:25:00,HS1021,12A1,Xác suất Bayes (Nâng cao),Normal,"Em đã lập được hàm f(x) = x(20-2x), giờ tính đạo hàm thế nào AI?",Phản hồi AI giả lập cho bước P...,Auto-generated Phase 2,3,5,P,Practice,86c297cbf303f0a7095888d52c5f8beaae3b54dbc58b204898e35c25aa9ab219,7.91,Experimental,MSG_46057f75
2026-04-08 17:06:00,HS1021,12A1,Xác suất Bayes (Nâng cao),Normal,Chứng minh dãy u(n) = (n+1)/n bị chặn dưới bởi 1 thế nào?,Phản hồi AI giả lập cho bước P...,Auto-generated Phase 2,3,5,P,Practice,86c297cbf303f0a7095888d52c5f8beaae3b54dbc58b204898e35c25aa9ab219,7.84,Experimental,MSG_43e1a6d3
2026-04-08 17:27:00,HS1021,12A1,Nhị thức Newton (Hệ số phức hợp),Normal,"Bài toán xét nghiệm bệnh: P(A)=0.01, P(B|A)=0.99. Bước tiếp theo tính gì?",Phản hồi AI giả lập cho bước P...,Auto-generated Phase 2,5,4,P,Practice,86c297cbf303f0a7095888d52c5f8beaae3b54dbc58b204898e35c25aa9ab219,6.31,Experimental,MSG_178b96fa
2026-04-08 18:08:00,HS1021,12A1,Nhị thức Newton (Hệ số phức hợp),Normal,"Tính diện tích giới hạn bởi y=x^2 và y=x, em kẹt ở bước tìm cận.",Phản hồi AI giả lập cho bước P...,Auto-generated Phase 2,4,3,P,Practice,86c297cbf303f0a7095888d52c5f8beaae3b54dbc58b204898e35c25aa9ab219,7.76,Experimental,MSG_9e944679
2026-04-08 19:03:00,HS1021,12A1,Đạo hàm ứng dụng (Tối ưu hóa),Normal,"Em đã lập được hàm f(x) = x(20-2x), giờ tính đạo hàm thế nào AI?",Phản hồi AI giả lập cho bước P...,Auto-generated Phase 2,4,4,P,Practice,86c297cbf303f0a7095888d52c5f8beaae3b54dbc58b204898e35c25aa9ab219,5.77,Experimental,MSG_6a10272a
2026-04-08 19:30:00,HS1021,12A1,Tích phân xác định (Diện tích),Normal,"Xác suất mắc bệnh là 0.091, đáp án này hợp lý không ạ?",Phản hồi AI giả lập cho bước S...,Auto-generated Phase 2,4,5,S,Solve,86c297cbf303f0a7095888d52c5f8beaae3b54dbc58b204898e35c25aa9ab219,3.97,Experimental,MSG_614c374c
2026-04-08 20:30:00,HS1021,12A1,Đạo hàm ứng dụng (Tối ưu hóa),Normal,Kết quả diện tích lớn nhất là 50m2 đúng không AI?,Phản hồi AI giả lập cho bước S...,Auto-generated Phase 2,3,3,S,Solve,86c297cbf303f0a7095888d52c5f8beaae3b54dbc58b204898e35c25aa9ab219,5.42,Experimental,MSG_6684bec7
2026-04-08 21:04:00,HS1021,12A1,Xác suất Bayes (Nâng cao),Normal,"Tìm hệ số x^5 trong (2x - 1/x)^10, em viết khai triển rồi nhưng chưa rút gọn được.",Phản hồi AI giả lập cho bước P...,Auto-generated Phase 2,5,4,P,Practice,86c297cbf303f0a7095888d52c5f8beaae3b54dbc58b204898e35c25aa9ab219,3.65,Experimental,MSG_a3e433ce
2026-04-08 21:55:00,HS1021,12A1,Tích phân xác định (Diện tích),Normal,Điều kiện để một dãy số có giới hạn hữu hạn là gì?,Phản hồi AI giả lập cho bước G...,Auto-generated Phase 2,4,4,G,Guide,86c297cbf303f0a7095888d52c5f8beaae3b54dbc58b204898e35c25aa9ab219,7.31,Experimental,MSG_9448fbd7
2026-04-08 22:34:00,HS1021,12A1,Tích phân xác định (Diện tích),Normal,Điều kiện để một dãy số có giới hạn hữu hạn là gì?,Phản hồi AI giả lập cho bước G...,Auto-generated Phase 2,3,3,G,Guide,86c297cbf303f0a7095888d52c5f8beaae3b54dbc58b204898e35c25aa9ab219,5.16,Experimental,MSG_0c39241d
2026-04-08 23:17:00,HS1021,12A1,Tích phân xác định (Diện tích),Normal,Giải thích công thức số hạng tổng quát của Nhị thức Newton.,Phản hồi AI giả lập cho bước G...,Auto-generated Phase 2,5,4,G,Guide,86c297cbf303f0a7095888d52c5f8beaae3b54dbc58b204898e35c25aa9ab219,3.86,Experimental,MSG_3ee5b55f
2026-04-08 23:46:00,HS1021,12A1,Tích phân xác định (Diện tích),Normal,Chứng minh dãy u(n) = (n+1)/n bị chặn dưới bởi 1 thế nào?,Phản hồi AI giả lập cho bước P...,Auto-generated Phase 2,3,5,P,Practice,86c297cbf303f0a7095888d52c5f8beaae3b54dbc58b204898e35c25aa9ab219,6.38,Experimental,MSG_fb9d8139
2026-04-09 00:22:00,HS1021,12A1,Đạo hàm ứng dụng (Tối ưu hóa),Normal,"Đáp số tích phân em ra là 1/3, AI xem logic em đúng chưa?",Phản hồi AI giả lập cho bước S...,Auto-generated Phase 2,3,4,S,Solve,86c297cbf303f0a7095888d52c5f8beaae3b54dbc58b204898e35c25aa9ab219,7.84,Experimental,MSG_57551f37
2026-04-09 00:50:00,HS1021,12A1,Xác suất Bayes (Nâng cao),Normal,"Xác suất mắc bệnh là 0.091, đáp án này hợp lý không ạ?",Phản hồi AI giả lập cho bước S...,Auto-generated Phase 2,3,4,S,Solve,86c297cbf303f0a7095888d52c5f8beaae3b54dbc58b204898e35c25aa9ab219,4.98,Experimental,MSG_38f8b78d
2026-04-09 01:16:00,HS1021,12A1,Xác suất Bayes (Nâng cao),Normal,Chứng minh dãy u(n) = (n+1)/n bị chặn dưới bởi 1 thế nào?,Phản hồi AI giả lập cho bước P...,Auto-generated Phase 2,3,5,P,Practice,86c297cbf303f0a7095888d52c5f8beaae3b54dbc58b204898e35c25aa9ab219,6.25,Experimental,MSG_30d4175e
2026-04-09 02:05:00,HS1021,12A1,Đạo hàm ứng dụng (Tối ưu hóa),Normal,Giải thích công thức số hạng tổng quát của Nhị thức Newton.,Phản hồi AI giả lập cho bước G...,Auto-generated Phase 2,3,5,G,Guide,86c297cbf303f0a7095888d52c5f8beaae3b54dbc58b204898e35c25aa9ab219,4.82,Experimental,MSG_7e126198
2026-04-09 02:55:00,HS1021,12A1,Nhị thức Newton (Hệ số phức hợp),Normal,"Tính diện tích giới hạn bởi y=x^2 và y=x, em kẹt ở bước tìm cận.",Phản hồi AI giả lập cho bước P...,Auto-generated Phase 2,4,3,P,Practice,86c297cbf303f0a7095888d52c5f8beaae3b54dbc58b204898e35c25aa9ab219,5.94,Experimental,MSG_bef436ea
2026-04-09 03:24:00,HS1021,12A1,Dãy số & Giới hạn,Normal,Giải thích công thức số hạng tổng quát của Nhị thức Newton.,Phản hồi AI giả lập cho bước G...,Auto-generated Phase 2,3,3,G,Guide,86c297cbf303f0a7095888d52c5f8beaae3b54dbc58b204898e35c25aa9ab219,7.14,Experimental,MSG_529314c9
2026-04-09 04:23:00,HS1021,12A1,Dãy số & Giới hạn,Normal,Kết quả diện tích lớn nhất là 50m2 đúng không AI?,Phản hồi AI giả lập cho bước S...,Auto-generated Phase 2,3,5,S,Solve,86c297cbf303f0a7095888d52c5f8beaae3b54dbc58b204898e35c25aa9ab219,4.78,Experimental,MSG_c28f5ee7
2026-04-01 14:00:00,HS1022,12A1,Dãy số & Giới hạn,Misconception-Prone,Chứng minh dãy u(n) = (n+1)/n bị chặn dưới bởi 1 thế nào?,Phản hồi AI giả lập cho bước P...,Auto-generated Phase 2,4,4,P,Practice,dfd339b178416f3db940d184852ca15c998df79d2f62a6250a497f163e46cdf1,12.71,Experimental,MSG_b951789b
2026-04-01 14:38:00,HS1022,12A1,Đạo hàm ứng dụng (Tối ưu hóa),Misconception-Prone,Phân biệt ý nghĩa của tích phân và diện tích hình phẳng.,Phản hồi AI giả lập cho bước G...,Auto-generated Phase 2,2,4,G,Guide,dfd339b178416f3db940d184852ca15c998df79d2f62a6250a497f163e46cdf1,12.62,Experimental,MSG_56ba55bf
2026-04-01 14:58:00,HS1022,12A1,Đạo hàm ứng dụng (Tối ưu hóa),Misconception-Prone,Điều kiện để một dãy số có giới hạn hữu hạn là gì?,Phản hồi AI giả lập cho bước G...,Auto-generated Phase 2,4,4,G,Guide,dfd339b178416f3db940d184852ca15c998df79d2f62a6250a497f163e46cdf1,9.88,Experimental,MSG_3886be2b
2026-04-01 15:46:00,HS1022,12A1,Dãy số & Giới hạn,Misconception-Prone,"Đáp số tích phân em ra là 1/3, AI xem logic em đúng chưa?",Phản hồi AI giả lập cho bước S...,Auto-generated Phase 2,3,3,S,Solve,dfd339b178416f3db940d184852ca15c998df79d2f62a6250a497f163e46cdf1,9.11,Experimental,MSG_052931a9
2026-04-01 16:39:00,HS1022,12A1,Tích phân xác định (Diện tích),Misconception-Prone,"Tính diện tích giới hạn bởi y=x^2 và y=x, em kẹt ở bước tìm cận.",Phản hồi AI giả lập cho bước P...,Auto-generated Phase 2,3,3,P,Practice,dfd339b178416f3db940d184852ca15c998df79d2f62a6250a497f163e46cdf1,8.32,Experimental,MSG_4c0bbe8e
2026-04-01 17:17:00,HS1022,12A1,Nhị thức Newton (Hệ số phức hợp),Misconception-Prone,Điều kiện để một dãy số có giới hạn hữu hạn là gì?,Phản hồi AI giả lập cho bước G...,Auto-generated Phase 2,4,4,G,Guide,dfd339b178416f3db940d184852ca15c998df79d2f62a6250a497f163e46cdf1,10.05,Experimental,MSG_efc7d305
2026-04-01 18:13:00,HS1022,12A1,Xác suất Bayes (Nâng cao),Misconception-Prone,"Xác suất mắc bệnh là 0.091, đáp án này hợp lý không ạ?",Phản hồi AI giả lập cho bước S...,Auto-generated Phase 2,4,3,S,Solve,dfd339b178416f3db940d184852ca15c998df79d2f62a6250a497f163e46cdf1,13.69,Experimental,MSG_52731220
2026-04-01 18:56:00,HS1022,12A1,Tích phân xác định (Diện tích),Misconception-Prone,"Xác suất mắc bệnh là 0.091, đáp án này hợp lý không ạ?",Phản hồi AI giả lập cho bước S...,Auto-generated Phase 2,4,3,S,Solve,dfd339b178416f3db940d184852ca15c998df79d2f62a6250a497f163e46cdf1,13.29,Experimental,MSG_612a8db5
2026-04-01 19:31:00,HS1022,12A1,Nhị thức Newton (Hệ số phức hợp),Misconception-Prone,Giới hạn của dãy là 1. Em làm đúng chưa?,Phản hồi AI giả lập cho bước S...,Auto-generated Phase 2,3,3,S,Solve,dfd339b178416f3db940d184852ca15c998df79d2f62a6250a497f163e46cdf1,12.56,Experimental,MSG_58a644f9
2026-04-01 20:14:00,HS1022,12A1,Dãy số & Giới hạn,Misconception-Prone,Giải thích công thức số hạng tổng quát của Nhị thức Newton.,Phản hồi AI giả lập cho bước G...,Auto-generated Phase 2,4,5,G,Guide,dfd339b178416f3db940d184852ca15c998df79d2f62a6250a497f163e46cdf1,10.42,Experimental,MSG_fbd4d91e
2026-04-01 20:52:00,HS1022,12A1,Xác suất Bayes (Nâng cao),Misconception-Prone,Chứng minh dãy u(n) = (n+1)/n bị chặn dưới bởi 1 thế nào?,Phản hồi AI giả lập cho bước P...,Auto-generated Phase 2,3,4,P,Practice,dfd339b178416f3db940d184852ca15c998df79d2f62a6250a497f163e46cdf1,14.17,Experimental,MSG_909f3c2a
2026-04-01 21:44:00,HS1022,12A1,Đạo hàm ứng dụng (Tối ưu hóa),Misconception-Prone,"Xác suất mắc bệnh là 0.091, đáp án này hợp lý không ạ?",Phản hồi AI giả lập cho bước S...,Auto-generated Phase 2,4,5,S,Solve,dfd339b178416f3db940d184852ca15c998df79d2f62a6250a497f163e46cdf1,14.0,Experimental,MSG_5ad72571
2026-04-01 22:23:00,HS1022,12A1,Đạo hàm ứng dụng (Tối ưu hóa),Misconception-Prone,Chứng minh dãy u(n) = (n+1)/n bị chặn dưới bởi 1 thế nào?,Phản hồi AI giả lập cho bước P...,Auto-generated Phase 2,4,5,P,Practice,dfd339b178416f3db940d184852ca15c998df79d2f62a6250a497f163e46cdf1,13.63,Experimental,MSG_c2f9422b
2026-04-01 22:53:00,HS1022,12A1,Dãy số & Giới hạn,Misconception-Prone,Điều kiện để một dãy số có giới hạn hữu hạn là gì?,Phản hồi AI giả lập cho bước G...,Auto-generated Phase 2,3,5,G,Guide,dfd339b178416f3db940d184852ca15c998df79d2f62a6250a497f163e46cdf1,10.5,Experimental,MSG_f450f792
2026-04-01 23:27:00,HS1022,12A1,Xác suất Bayes (Nâng cao),Misconception-Prone,"Hệ số là -8064, AI chốt đáp án giúp em.",Phản hồi AI giả lập cho bước S...,Auto-generated Phase 2,2,4,S,Solve,dfd339b178416f3db940d184852ca15c998df79d2f62a6250a497f163e46cdf1,11.91,Experimental,MSG_90180e17
2026-04-02 00:02:00,HS1022,12A1,Nhị thức Newton (Hệ số phức hợp),Misconception-Prone,"Bài toán xét nghiệm bệnh: P(A)=0.01, P(B|A)=0.99. Bước tiếp theo tính gì?",Phản hồi AI giả lập cho bước P...,Auto-generated Phase 2,4,5,P,Practice,dfd339b178416f3db940d184852ca15c998df79d2f62a6250a497f163e46cdf1,10.69,Experimental,MSG_378b4479
2026-04-02 00:49:00,HS1022,12A1,Tích phân xác định (Diện tích),Misconception-Prone,Khi nào dùng công thức Bayes thay vì xác suất cổ điển?,Phản hồi AI giả lập cho bước G...,Auto-generated Phase 2,4,5,G,Guide,dfd339b178416f3db940d184852ca15c998df79d2f62a6250a497f163e46cdf1,12.89,Experimental,MSG_af37a268
2026-04-02 01:16:00,HS1022,12A1,Nhị thức Newton (Hệ số phức hợp),Misconception-Prone,"Đáp số tích phân em ra là 1/3, AI xem logic em đúng chưa?",Phản hồi AI giả lập cho bước S...,Auto-generated Phase 2,3,4,S,Solve,dfd339b178416f3db940d184852ca15c998df79d2f62a6250a497f163e46cdf1,12.72,Experimental,MSG_847acda3
2026-04-02 01:42:00,HS1022,12A1,Xác suất Bayes (Nâng cao),Misconception-Prone,Giải thích công thức số hạng tổng quát của Nhị thức Newton.,Phản hồi AI giả lập cho bước G...,Auto-generated Phase 2,2,4,G,Guide,dfd339b178416f3db940d184852ca15c998df79d2f62a6250a497f163e46cdf1,9.05,Experimental,MSG_8036061f
2026-04-02 02:13:00,HS1022,12A1,Xác suất Bayes (Nâng cao),Misconception-Prone,Chứng minh dãy u(n) = (n+1)/n bị chặn dưới bởi 1 thế nào?,Phản hồi AI giả lập cho bước P...,Auto-generated Phase 2,4,5,P,Practice,dfd339b178416f3db940d184852ca15c998df79d2f62a6250a497f163e46cdf1,13.48,Experimental,MSG_8bde4730
2026-04-07 10:00:00,HS1023,12A1,Đạo hàm ứng dụng (Tối ưu hóa),Normal,Giới hạn của dãy là 1. Em làm đúng chưa?,Phản hồi AI giả lập cho bước S...,Auto-generated Phase 2,3,4,S,Solve,66af4b9e86fb9d518bccb8ea15ca7758e5144b9faf935362884aa9dd4f54687c,4.35,Experimental,MSG_438a42cc
2026-04-07 10:38:00,HS1023,12A1,Nhị thức Newton (Hệ số phức hợp),Normal,"Xác suất mắc bệnh là 0.091, đáp án này hợp lý không ạ?",Phản hồi AI giả lập cho bước S...,Auto-generated Phase 2,4,5,S,Solve,66af4b9e86fb9d518bccb8ea15ca7758e5144b9faf935362884aa9dd4f54687c,7.24,Experimental,MSG_791e9ecd
2026-04-07 11:03:00,HS1023,12A1,Dãy số & Giới hạn,Normal,"Tìm hệ số x^5 trong (2x - 1/x)^10, em viết khai triển rồi nhưng chưa rút gọn được.",Phản hồi AI giả lập cho bước P...,Auto-generated Phase 2,4,4,P,Practice,66af4b9e86fb9d518bccb8ea15ca7758e5144b9faf935362884aa9dd4f54687c,6.29,Experimental,MSG_083089ba
2026-04-07 11:24:00,HS1023,12A1,Dãy số & Giới hạn,Normal,"Bài toán xét nghiệm bệnh: P(A)=0.01, P(B|A)=0.99. Bước tiếp theo tính gì?",Phản hồi AI giả lập cho bước P...,Auto-generated Phase 2,5,5,P,Practice,66af4b9e86fb9d518bccb8ea15ca7758e5144b9faf935362884aa9dd4f54687c,3.46,Experimental,MSG_bd2a51b6
2026-04-07 12:16:00,HS1023,12A1,Tích phân xác định (Diện tích),Normal,"Xác suất mắc bệnh là 0.091, đáp án này hợp lý không ạ?",Phản hồi AI giả lập cho bước S...,Auto-generated Phase 2,3,3,S,Solve,66af4b9e86fb9d518bccb8ea15ca7758e5144b9faf935362884aa9dd4f54687c,3.91,Experimental,MSG_82e14842
2026-04-07 12:50:00,HS1023,12A1,Tích phân xác định (Diện tích),Normal,Giới hạn của dãy là 1. Em làm đúng chưa?,Phản hồi AI giả lập cho bước S...,Auto-generated Phase 2,4,4,S,Solve,66af4b9e86fb9d518bccb8ea15ca7758e5144b9faf935362884aa9dd4f54687c,4.4,Experimental,MSG_76ac0997
2026-04-07 13:13:00,HS1023,12A1,Tích phân xác định (Diện tích),Normal,Kết quả diện tích lớn nhất là 50m2 đúng không AI?,Phản hồi AI giả lập cho bước S...,Auto-generated Phase 2,4,5,S,Solve,66af4b9e86fb9d518bccb8ea15ca7758e5144b9faf935362884aa9dd4f54687c,4.91,Experimental,MSG_2b1de780
2026-04-07 13:42:00,HS1023,12A1,Đạo hàm ứng dụng (Tối ưu hóa),Normal,Điều kiện để một dãy số có giới hạn hữu hạn là gì?,Phản hồi AI giả lập cho bước G...,Auto-generated Phase 2,4,3,G,Guide,66af4b9e86fb9d518bccb8ea15ca7758e5144b9faf935362884aa9dd4f54687c,4.24,Experimental,MSG_2321a12a
2026-04-07 14:24:00,HS1023,12A1,Xác suất Bayes (Nâng cao),Normal,"Bài toán xét nghiệm bệnh: P(A)=0.01, P(B|A)=0.99. Bước tiếp theo tính gì?",Phản hồi AI giả lập cho bước P...,Auto-generated Phase 2,4,3,P,Practice,66af4b9e86fb9d518bccb8ea15ca7758e5144b9faf935362884aa9dd4f54687c,4.36,Experimental,MSG_5cee8212
2026-04-07 15:00:00,HS1023,12A1,Nhị thức Newton (Hệ số phức hợp),Normal,Khi nào dùng công thức Bayes thay vì xác suất cổ điển?,Phản hồi AI giả lập cho bước G...,Auto-generated Phase 2,5,5,G,Guide,66af4b9e86fb9d518bccb8ea15ca7758e5144b9faf935362884aa9dd4f54687c,5.66,Experimental,MSG_edec1d75
2026-04-07 15:52:00,HS1023,12A1,Tích phân xác định (Diện tích),Normal,"Tìm hệ số x^5 trong (2x - 1/x)^10, em viết khai triển rồi nhưng chưa rút gọn được.",Phản hồi AI giả lập cho bước P...,Auto-generated Phase 2,3,3,P,Practice,66af4b9e86fb9d518bccb8ea15ca7758e5144b9faf935362884aa9dd4f54687c,7.28,Experimental,MSG_52de78fe
2026-04-07 16:19:00,HS1023,12A1,Đạo hàm ứng dụng (Tối ưu hóa),Normal,"Em đã lập được hàm f(x) = x(20-2x), giờ tính đạo hàm thế nào AI?",Phản hồi AI giả lập cho bước P...,Auto-generated Phase 2,4,4,P,Practice,66af4b9e86fb9d518bccb8ea15ca7758e5144b9faf935362884aa9dd4f54687c,7.41,Experimental,MSG_7316ac30
2026-04-07 16:50:00,HS1023,12A1,Xác suất Bayes (Nâng cao),Normal,Chứng minh dãy u(n) = (n+1)/n bị chặn dưới bởi 1 thế nào?,Phản hồi AI giả lập cho bước P...,Auto-generated Phase 2,3,4,P,Practice,66af4b9e86fb9d518bccb8ea15ca7758e5144b9faf935362884aa9dd4f54687c,4.31,Experimental,MSG_b056f697
2026-04-07 17:48:00,HS1023,12A1,Xác suất Bayes (Nâng cao),Normal,"Tính diện tích giới hạn bởi y=x^2 và y=x, em kẹt ở bước tìm cận.",Phản hồi AI giả lập cho bước P...,Auto-generated Phase 2,3,3,P,Practice,66af4b9e86fb9d518bccb8ea15ca7758e5144b9faf935362884aa9dd4f54687c,7.35,Experimental,MSG_1f187eb7
2026-04-07 18:09:00,HS1023,12A1,Xác suất Bayes (Nâng cao),Normal,Khi nào dùng công thức Bayes thay vì xác suất cổ điển?,Phản hồi AI giả lập cho bước G...,Auto-generated Phase 2,3,4,G,Guide,66af4b9e86fb9d518bccb8ea15ca7758e5144b9faf935362884aa9dd4f54687c,3.78,Experimental,MSG_7aa43f02
2026-04-07 18:58:00,HS1023,12A1,Tích phân xác định (Diện tích),Normal,Điều kiện để một dãy số có giới hạn hữu hạn là gì?,Phản hồi AI giả lập cho bước G...,Auto-generated Phase 2,5,5,G,Guide,66af4b9e86fb9d518bccb8ea15ca7758e5144b9faf935362884aa9dd4f54687c,3.61,Experimental,MSG_1b025ef8
2026-04-07 19:24:00,HS1023,12A1,Dãy số & Giới hạn,Normal,Giải thích công thức số hạng tổng quát của Nhị thức Newton.,Phản hồi AI giả lập cho bước G...,Auto-generated Phase 2,5,4,G,Guide,66af4b9e86fb9d518bccb8ea15ca7758e5144b9faf935362884aa9dd4f54687c,4.44,Experimental,MSG_0c23ed86
2026-04-07 19:57:00,HS1023,12A1,Tích phân xác định (Diện tích),Normal,Giới hạn của dãy là 1. Em làm đúng chưa?,Phản hồi AI giả lập cho bước S...,Auto-generated Phase 2,4,4,S,Solve,66af4b9e86fb9d518bccb8ea15ca7758e5144b9faf935362884aa9dd4f54687c,6.71,Experimental,MSG_b9f80626
2026-04-07 20:49:00,HS1023,12A1,Nhị thức Newton (Hệ số phức hợp),Normal,"Bài toán xét nghiệm bệnh: P(A)=0.01, P(B|A)=0.99. Bước tiếp theo tính gì?",Phản hồi AI giả lập cho bước P...,Auto-generated Phase 2,3,5,P,Practice,66af4b9e86fb9d518bccb8ea15ca7758e5144b9faf935362884aa9dd4f54687c,4.17,Experimental,MSG_3ccb014f
2026-04-07 21:29:00,HS1023,12A1,Tích phân xác định (Diện tích),Normal,Giới hạn của dãy là 1. Em làm đúng chưa?,Phản hồi AI giả lập cho bước S...,Auto-generated Phase 2,5,4,S,Solve,66af4b9e86fb9d518bccb8ea15ca7758e5144b9faf935362884aa9dd4f54687c,6.51,Experimental,MSG_0952d005
2026-04-08 08:00:00,HS1024,11A1,Dãy số & Giới hạn,Normal,Phân biệt ý nghĩa của tích phân và diện tích hình phẳng.,Phản hồi AI giả lập cho bước G...,Auto-generated Phase 2,4,3,G,Guide,3e25c38078172b27d1cb0a845ec796e7e0d450dd73768eee2030382d29115d0e,3.7,Experimental,MSG_f5328c4f
2026-04-08 08:32:00,HS1024,11A1,Đạo hàm ứng dụng (Tối ưu hóa),Normal,"Em đã lập được hàm f(x) = x(20-2x), giờ tính đạo hàm thế nào AI?",Phản hồi AI giả lập cho bước P...,Auto-generated Phase 2,4,3,P,Practice,3e25c38078172b27d1cb0a845ec796e7e0d450dd73768eee2030382d29115d0e,3.8,Experimental,MSG_9b8beccc
2026-04-08 09:00:00,HS1024,11A1,Tích phân xác định (Diện tích),Normal,Khi nào dùng công thức Bayes thay vì xác suất cổ điển?,Phản hồi AI giả lập cho bước G...,Auto-generated Phase 2,5,4,G,Guide,3e25c38078172b27d1cb0a845ec796e7e0d450dd73768eee2030382d29115d0e,4.75,Experimental,MSG_8641d5ab
2026-04-08 09:35:00,HS1024,11A1,Đạo hàm ứng dụng (Tối ưu hóa),Normal,Giới hạn của dãy là 1. Em làm đúng chưa?,Phản hồi AI giả lập cho bước S...,Auto-generated Phase 2,4,4,S,Solve,3e25c38078172b27d1cb0a845ec796e7e0d450dd73768eee2030382d29115d0e,5.57,Experimental,MSG_67425f66
2026-04-08 10:34:00,HS1024,11A1,Nhị thức Newton (Hệ số phức hợp),Normal,"Đáp số tích phân em ra là 1/3, AI xem logic em đúng chưa?",Phản hồi AI giả lập cho bước S...,Auto-generated Phase 2,4,3,S,Solve,3e25c38078172b27d1cb0a845ec796e7e0d450dd73768eee2030382d29115d0e,4.4,Experimental,MSG_c28a1442
2026-04-08 11:25:00,HS1024,11A1,Tích phân xác định (Diện tích),Normal,"Tìm hệ số x^5 trong (2x - 1/x)^10, em viết khai triển rồi nhưng chưa rút gọn được.",Phản hồi AI giả lập cho bước P...,Auto-generated Phase 2,5,5,P,Practice,3e25c38078172b27d1cb0a845ec796e7e0d450dd73768eee2030382d29115d0e,6.06,Experimental,MSG_262682a8
2026-04-08 12:20:00,HS1024,11A1,Dãy số & Giới hạn,Normal,Kết quả diện tích lớn nhất là 50m2 đúng không AI?,Phản hồi AI giả lập cho bước S...,Auto-generated Phase 2,4,3,S,Solve,3e25c38078172b27d1cb0a845ec796e7e0d450dd73768eee2030382d29115d0e,3.9,Experimental,MSG_b9dc6f42
2026-04-08 12:51:00,HS1024,11A1,Dãy số & Giới hạn,Normal,Khi nào dùng công thức Bayes thay vì xác suất cổ điển?,Phản hồi AI giả lập cho bước G...,Auto-generated Phase 2,5,5,G,Guide,3e25c38078172b27d1cb0a845ec796e7e0d450dd73768eee2030382d29115d0e,5.57,Experimental,MSG_c2735989
2026-04-08 13:39:00,HS1024,11A1,Tích phân xác định (Diện tích),Normal,"Hệ số là -8064, AI chốt đáp án giúp em.",Phản hồi AI giả lập cho bước S...,Auto-generated Phase 2,5,3,S,Solve,3e25c38078172b27d1cb0a845ec796e7e0d450dd73768eee2030382d29115d0e,5.03,Experimental,MSG_7a5b8294
2026-04-08 14:26:00,HS1024,11A1,Dãy số & Giới hạn,Normal,Giải thích công thức số hạng tổng quát của Nhị thức Newton.,Phản hồi AI giả lập cho bước G...,Auto-generated Phase 2,4,5,G,Guide,3e25c38078172b27d1cb0a845ec796e7e0d450dd73768eee2030382d29115d0e,3.27,Experimental,MSG_5d25a3cc
2026-04-08 14:53:00,HS1024,11A1,Tích phân xác định (Diện tích),Normal,"Tìm hệ số x^5 trong (2x - 1/x)^10, em viết khai triển rồi nhưng chưa rút gọn được.",Phản hồi AI giả lập cho bước P...,Auto-generated Phase 2,3,4,P,Practice,3e25c38078172b27d1cb0a845ec796e7e0d450dd73768eee2030382d29115d0e,5.22,Experimental,MSG_22cac6cb
2026-04-08 15:34:00,HS1024,11A1,Dãy số & Giới hạn,Normal,Chứng minh dãy u(n) = (n+1)/n bị chặn dưới bởi 1 thế nào?,Phản hồi AI giả lập cho bước P...,Auto-generated Phase 2,3,5,P,Practice,3e25c38078172b27d1cb0a845ec796e7e0d450dd73768eee2030382d29115d0e,7.38,Experimental,MSG_ef475a73
2026-04-08 16:11:00,HS1024,11A1,Xác suất Bayes (Nâng cao),Normal,Điều kiện để một dãy số có giới hạn hữu hạn là gì?,Phản hồi AI giả lập cho bước G...,Auto-generated Phase 2,4,3,G,Guide,3e25c38078172b27d1cb0a845ec796e7e0d450dd73768eee2030382d29115d0e,5.99,Experimental,MSG_d3749d77
2026-04-08 16:53:00,HS1024,11A1,Xác suất Bayes (Nâng cao),Normal,Tại sao trong bài toán tối ưu diện tích ta phải xét đạo hàm f'(x)=0?,Phản hồi AI giả lập cho bước G...,Auto-generated Phase 2,5,4,G,Guide,3e25c38078172b27d1cb0a845ec796e7e0d450dd73768eee2030382d29115d0e,7.93,Experimental,MSG_78a78921
2026-04-08 17:49:00,HS1024,11A1,Đạo hàm ứng dụng (Tối ưu hóa),Normal,"Bài toán xét nghiệm bệnh: P(A)=0.01, P(B|A)=0.99. Bước tiếp theo tính gì?",Phản hồi AI giả lập cho bước P...,Auto-generated Phase 2,3,5,P,Practice,3e25c38078172b27d1cb0a845ec796e7e0d450dd73768eee2030382d29115d0e,7.07,Experimental,MSG_387b81d3
2026-04-08 18:35:00,HS1024,11A1,Nhị thức Newton (Hệ số phức hợp),Normal,Tại sao trong bài toán tối ưu diện tích ta phải xét đạo hàm f'(x)=0?,Phản hồi AI giả lập cho bước G...,Auto-generated Phase 2,5,4,G,Guide,3e25c38078172b27d1cb0a845ec796e7e0d450dd73768eee2030382d29115d0e,3.84,Experimental,MSG_a18df18e
2026-04-08 19:18:00,HS1024,11A1,Đạo hàm ứng dụng (Tối ưu hóa),Normal,"Tìm hệ số x^5 trong (2x - 1/x)^10, em viết khai triển rồi nhưng chưa rút gọn được.",Phản hồi AI giả lập cho bước P...,Auto-generated Phase 2,5,4,P,Practice,3e25c38078172b27d1cb0a845ec796e7e0d450dd73768eee2030382d29115d0e,5.7,Experimental,MSG_a7fb72db
2026-04-08 19:43:00,HS1024,11A1,Xác suất Bayes (Nâng cao),Normal,Giới hạn của dãy là 1. Em làm đúng chưa?,Phản hồi AI giả lập cho bước S...,Auto-generated Phase 2,3,5,S,Solve,3e25c38078172b27d1cb0a845ec796e7e0d450dd73768eee2030382d29115d0e,3.85,Experimental,MSG_5bba52be
2026-04-08 20:11:00,HS1024,11A1,Dãy số & Giới hạn,Normal,"Em đã lập được hàm f(x) = x(20-2x), giờ tính đạo hàm thế nào AI?",Phản hồi AI giả lập cho bước P...,Auto-generated Phase 2,3,3,P,Practice,3e25c38078172b27d1cb0a845ec796e7e0d450dd73768eee2030382d29115d0e,5.47,Experimental,MSG_f1ae111f
2026-04-08 20:55:00,HS1024,11A1,Đạo hàm ứng dụng (Tối ưu hóa),Normal,Kết quả diện tích lớn nhất là 50m2 đúng không AI?,Phản hồi AI giả lập cho bước S...,Auto-generated Phase 2,3,4,S,Solve,3e25c38078172b27d1cb0a845ec796e7e0d450dd73768eee2030382d29115d0e,4.63,Experimental,MSG_a89afe78
2026-04-11 16:00:00,HS1025,12A2,Tích phân xác định (Diện tích),Fast-Learner,Giới hạn của dãy là 1. Em làm đúng chưa?,Phản hồi AI giả lập cho bước S...,Auto-generated Phase 2,3,3,S,Solve,e38607da050b18499ca82c11adde241263b13e6095d717be71263b6aa4cd490d,1.21,Experimental,MSG_9b3cb308
2026-04-11 16:33:00,HS1025,12A2,Tích phân xác định (Diện tích),Fast-Learner,"Xác suất mắc bệnh là 0.091, đáp án này hợp lý không ạ?",Phản hồi AI giả lập cho bước S...,Auto-generated Phase 2,5,2,S,Solve,e38607da050b18499ca82c11adde241263b13e6095d717be71263b6aa4cd490d,2.24,Experimental,MSG_e4f20230
2026-04-11 17:26:00,HS1025,12A2,Tích phân xác định (Diện tích),Fast-Learner,"Đáp số tích phân em ra là 1/3, AI xem logic em đúng chưa?",Phản hồi AI giả lập cho bước S...,Auto-generated Phase 2,5,1,S,Solve,e38607da050b18499ca82c11adde241263b13e6095d717be71263b6aa4cd490d,2.82,Experimental,MSG_25b2a514
2026-04-11 17:54:00,HS1025,12A2,Dãy số & Giới hạn,Fast-Learner,Chứng minh dãy u(n) = (n+1)/n bị chặn dưới bởi 1 thế nào?,Phản hồi AI giả lập cho bước P...,Auto-generated Phase 2,4,1,P,Practice,e38607da050b18499ca82c11adde241263b13e6095d717be71263b6aa4cd490d,1.46,Experimental,MSG_5ffbeb30
2026-04-11 18:23:00,HS1025,12A2,Đạo hàm ứng dụng (Tối ưu hóa),Fast-Learner,"Xác suất mắc bệnh là 0.091, đáp án này hợp lý không ạ?",Phản hồi AI giả lập cho bước S...,Auto-generated Phase 2,5,3,S,Solve,e38607da050b18499ca82c11adde241263b13e6095d717be71263b6aa4cd490d,1.55,Experimental,MSG_6e76cd7c
2026-04-11 19:16:00,HS1025,12A2,Tích phân xác định (Diện tích),Fast-Learner,"Tìm hệ số x^5 trong (2x - 1/x)^10, em viết khai triển rồi nhưng chưa rút gọn được.",Phản hồi AI giả lập cho bước P...,Auto-generated Phase 2,5,3,P,Practice,e38607da050b18499ca82c11adde241263b13e6095d717be71263b6aa4cd490d,1.47,Experimental,MSG_817a88c6
2026-04-11 19:40:00,HS1025,12A2,Nhị thức Newton (Hệ số phức hợp),Fast-Learner,"Đáp số tích phân em ra là 1/3, AI xem logic em đúng chưa?",Phản hồi AI giả lập cho bước S...,Auto-generated Phase 2,4,2,S,Solve,e38607da050b18499ca82c11adde241263b13e6095d717be71263b6aa4cd490d,2.65,Experimental,MSG_8fbb2277
2026-04-11 20:26:00,HS1025,12A2,Tích phân xác định (Diện tích),Fast-Learner,"Tìm hệ số x^5 trong (2x - 1/x)^10, em viết khai triển rồi nhưng chưa rút gọn được.",Phản hồi AI giả lập cho bước P...,Auto-generated Phase 2,5,1,P,Practice,e38607da050b18499ca82c11adde241263b13e6095d717be71263b6aa4cd490d,2.05,Experimental,MSG_fbde5ec7
2026-04-11 21:08:00,HS1025,12A2,Tích phân xác định (Diện tích),Fast-Learner,"Hệ số là -8064, AI chốt đáp án giúp em.",Phản hồi AI giả lập cho bước S...,Auto-generated Phase 2,5,3,S,Solve,e38607da050b18499ca82c11adde241263b13e6095d717be71263b6aa4cd490d,2.38,Experimental,MSG_8315dba5
2026-04-11 21:56:00,HS1025,12A2,Dãy số & Giới hạn,Fast-Learner,"Xác suất mắc bệnh là 0.091, đáp án này hợp lý không ạ?",Phản hồi AI giả lập cho bước S...,Auto-generated Phase 2,5,3,S,Solve,e38607da050b18499ca82c11adde241263b13e6095d717be71263b6aa4cd490d,1.97,Experimental,MSG_dacf59b1
2026-04-11 22:25:00,HS1025,12A2,Xác suất Bayes (Nâng cao),Fast-Learner,Kết quả diện tích lớn nhất là 50m2 đúng không AI?,Phản hồi AI giả lập cho bước S...,Auto-generated Phase 2,3,3,S,Solve,e38607da050b18499ca82c11adde241263b13e6095d717be71263b6aa4cd490d,2.15,Experimental,MSG_a41ed490
2026-04-11 23:25:00,HS1025,12A2,Tích phân xác định (Diện tích),Fast-Learner,"Đáp số tích phân em ra là 1/3, AI xem logic em đúng chưa?",Phản hồi AI giả lập cho bước S...,Auto-generated Phase 2,3,1,S,Solve,e38607da050b18499ca82c11adde241263b13e6095d717be71263b6aa4cd490d,1.12,Experimental,MSG_adfb1feb
2026-04-11 23:48:00,HS1025,12A2,Dãy số & Giới hạn,Fast-Learner,Giới hạn của dãy là 1. Em làm đúng chưa?,Phản hồi AI giả lập cho bước S...,Auto-generated Phase 2,3,3,S,Solve,e38607da050b18499ca82c11adde241263b13e6095d717be71263b6aa4cd490d,1.4,Experimental,MSG_c7cba55c
2026-04-12 00:22:00,HS1025,12A2,Đạo hàm ứng dụng (Tối ưu hóa),Fast-Learner,"Hệ số là -8064, AI chốt đáp án giúp em.",Phản hồi AI giả lập cho bước S...,Auto-generated Phase 2,3,3,S,Solve,e38607da050b18499ca82c11adde241263b13e6095d717be71263b6aa4cd490d,1.59,Experimental,MSG_c3ba94a4
2026-04-12 01:01:00,HS1025,12A2,Dãy số & Giới hạn,Fast-Learner,Giới hạn của dãy là 1. Em làm đúng chưa?,Phản hồi AI giả lập cho bước S...,Auto-generated Phase 2,3,3,S,Solve,e38607da050b18499ca82c11adde241263b13e6095d717be71263b6aa4cd490d,2.02,Experimental,MSG_57ecdc5f
2026-04-12 02:00:00,HS1025,12A2,Đạo hàm ứng dụng (Tối ưu hóa),Fast-Learner,"Tìm hệ số x^5 trong (2x - 1/x)^10, em viết khai triển rồi nhưng chưa rút gọn được.",Phản hồi AI giả lập cho bước P...,Auto-generated Phase 2,5,2,P,Practice,e38607da050b18499ca82c11adde241263b13e6095d717be71263b6aa4cd490d,1.41,Experimental,MSG_df9a780e
2026-04-12 02:43:00,HS1025,12A2,Tích phân xác định (Diện tích),Fast-Learner,"Đáp số tích phân em ra là 1/3, AI xem logic em đúng chưa?",Phản hồi AI giả lập cho bước S...,Auto-generated Phase 2,4,3,S,Solve,e38607da050b18499ca82c11adde241263b13e6095d717be71263b6aa4cd490d,1.2,Experimental,MSG_6b1830ef
2026-04-12 03:36:00,HS1025,12A2,Tích phân xác định (Diện tích),Fast-Learner,"Hệ số là -8064, AI chốt đáp án giúp em.",Phản hồi AI giả lập cho bước S...,Auto-generated Phase 2,3,3,S,Solve,e38607da050b18499ca82c11adde241263b13e6095d717be71263b6aa4cd490d,2.26,Experimental,MSG_d00debbb
2026-04-12 04:17:00,HS1025,12A2,Xác suất Bayes (Nâng cao),Fast-Learner,Giới hạn của dãy là 1. Em làm đúng chưa?,Phản hồi AI giả lập cho bước S...,Auto-generated Phase 2,3,3,S,Solve,e38607da050b18499ca82c11adde241263b13e6095d717be71263b6aa4cd490d,1.64,Experimental,MSG_d534ec6f
2026-04-12 04:49:00,HS1025,12A2,Tích phân xác định (Diện tích),Fast-Learner,Chứng minh dãy u(n) = (n+1)/n bị chặn dưới bởi 1 thế nào?,Phản hồi AI giả lập cho bước P...,Auto-generated Phase 2,3,1,P,Practice,e38607da050b18499ca82c11adde241263b13e6095d717be71263b6aa4cd490d,2.41,Experimental,MSG_b45dde41
2026-04-04 09:00:00,HS1026,11A1,Nhị thức Newton (Hệ số phức hợp),Fast-Learner,Giới hạn của dãy là 1. Em làm đúng chưa?,Phản hồi AI giả lập cho bước S...,Auto-generated Phase 2,4,3,S,Solve,4cafdb5984319a64b73c84ee59fbb692df341fe346c678a716c5ce7741f00a69,2.77,Experimental,MSG_9eb393b9
2026-04-04 09:44:00,HS1026,11A1,Nhị thức Newton (Hệ số phức hợp),Fast-Learner,Kết quả diện tích lớn nhất là 50m2 đúng không AI?,Phản hồi AI giả lập cho bước S...,Auto-generated Phase 2,4,3,S,Solve,4cafdb5984319a64b73c84ee59fbb692df341fe346c678a716c5ce7741f00a69,1.25,Experimental,MSG_dd6329aa
2026-04-04 10:24:00,HS1026,11A1,Nhị thức Newton (Hệ số phức hợp),Fast-Learner,Kết quả diện tích lớn nhất là 50m2 đúng không AI?,Phản hồi AI giả lập cho bước S...,Auto-generated Phase 2,4,2,S,Solve,4cafdb5984319a64b73c84ee59fbb692df341fe346c678a716c5ce7741f00a69,1.56,Experimental,MSG_ac2d0d67
2026-04-04 11:19:00,HS1026,11A1,Xác suất Bayes (Nâng cao),Fast-Learner,"Hệ số là -8064, AI chốt đáp án giúp em.",Phản hồi AI giả lập cho bước S...,Auto-generated Phase 2,4,1,S,Solve,4cafdb5984319a64b73c84ee59fbb692df341fe346c678a716c5ce7741f00a69,1.44,Experimental,MSG_e270a49c
2026-04-04 12:04:00,HS1026,11A1,Tích phân xác định (Diện tích),Fast-Learner,Điều kiện để một dãy số có giới hạn hữu hạn là gì?,Phản hồi AI giả lập cho bước G...,Auto-generated Phase 2,5,3,G,Guide,4cafdb5984319a64b73c84ee59fbb692df341fe346c678a716c5ce7741f00a69,1.39,Experimental,MSG_20a02c07
2026-04-04 12:34:00,HS1026,11A1,Xác suất Bayes (Nâng cao),Fast-Learner,"Xác suất mắc bệnh là 0.091, đáp án này hợp lý không ạ?",Phản hồi AI giả lập cho bước S...,Auto-generated Phase 2,3,1,S,Solve,4cafdb5984319a64b73c84ee59fbb692df341fe346c678a716c5ce7741f00a69,1.61,Experimental,MSG_ff5771e9
2026-04-04 13:19:00,HS1026,11A1,Nhị thức Newton (Hệ số phức hợp),Fast-Learner,"Tính diện tích giới hạn bởi y=x^2 và y=x, em kẹt ở bước tìm cận.",Phản hồi AI giả lập cho bước P...,Auto-generated Phase 2,4,2,P,Practice,4cafdb5984319a64b73c84ee59fbb692df341fe346c678a716c5ce7741f00a69,2.37,Experimental,MSG_7e1db226
2026-04-04 13:59:00,HS1026,11A1,Xác suất Bayes (Nâng cao),Fast-Learner,"Xác suất mắc bệnh là 0.091, đáp án này hợp lý không ạ?",Phản hồi AI giả lập cho bước S...,Auto-generated Phase 2,5,1,S,Solve,4cafdb5984319a64b73c84ee59fbb692df341fe346c678a716c5ce7741f00a69,2.88,Experimental,MSG_12cafcf8
2026-04-04 14:30:00,HS1026,11A1,Xác suất Bayes (Nâng cao),Fast-Learner,Giới hạn của dãy là 1. Em làm đúng chưa?,Phản hồi AI giả lập cho bước S...,Auto-generated Phase 2,5,2,S,Solve,4cafdb5984319a64b73c84ee59fbb692df341fe346c678a716c5ce7741f00a69,2.57,Experimental,MSG_198a6069
2026-04-04 15:11:00,HS1026,11A1,Nhị thức Newton (Hệ số phức hợp),Fast-Learner,"Tính diện tích giới hạn bởi y=x^2 và y=x, em kẹt ở bước tìm cận.",Phản hồi AI giả lập cho bước P...,Auto-generated Phase 2,4,1,P,Practice,4cafdb5984319a64b73c84ee59fbb692df341fe346c678a716c5ce7741f00a69,2.71,Experimental,MSG_6c7646fc
2026-04-04 15:46:00,HS1026,11A1,Dãy số & Giới hạn,Fast-Learner,Giới hạn của dãy là 1. Em làm đúng chưa?,Phản hồi AI giả lập cho bước S...,Auto-generated Phase 2,4,1,S,Solve,4cafdb5984319a64b73c84ee59fbb692df341fe346c678a716c5ce7741f00a69,1.13,Experimental,MSG_0b73aaf5
2026-04-04 16:45:00,HS1026,11A1,Xác suất Bayes (Nâng cao),Fast-Learner,"Hệ số là -8064, AI chốt đáp án giúp em.",Phản hồi AI giả lập cho bước S...,Auto-generated Phase 2,5,2,S,Solve,4cafdb5984319a64b73c84ee59fbb692df341fe346c678a716c5ce7741f00a69,2.89,Experimental,MSG_c8ceed63
2026-04-04 17:40:00,HS1026,11A1,Tích phân xác định (Diện tích),Fast-Learner,"Tìm hệ số x^5 trong (2x - 1/x)^10, em viết khai triển rồi nhưng chưa rút gọn được.",Phản hồi AI giả lập cho bước P...,Auto-generated Phase 2,5,3,P,Practice,4cafdb5984319a64b73c84ee59fbb692df341fe346c678a716c5ce7741f00a69,2.66,Experimental,MSG_ba86cc9f
2026-04-04 18:20:00,HS1026,11A1,Dãy số & Giới hạn,Fast-Learner,Giới hạn của dãy là 1. Em làm đúng chưa?,Phản hồi AI giả lập cho bước S...,Auto-generated Phase 2,5,2,S,Solve,4cafdb5984319a64b73c84ee59fbb692df341fe346c678a716c5ce7741f00a69,1.7,Experimental,MSG_3f3d80c8
2026-04-04 18:49:00,HS1026,11A1,Đạo hàm ứng dụng (Tối ưu hóa),Fast-Learner,"Tính diện tích giới hạn bởi y=x^2 và y=x, em kẹt ở bước tìm cận.",Phản hồi AI giả lập cho bước P...,Auto-generated Phase 2,3,3,P,Practice,4cafdb5984319a64b73c84ee59fbb692df341fe346c678a716c5ce7741f00a69,2.19,Experimental,MSG_abcaf39f
2026-04-04 19:09:00,HS1026,11A1,Dãy số & Giới hạn,Fast-Learner,Kết quả diện tích lớn nhất là 50m2 đúng không AI?,Phản hồi AI giả lập cho bước S...,Auto-generated Phase 2,3,1,S,Solve,4cafdb5984319a64b73c84ee59fbb692df341fe346c678a716c5ce7741f00a69,1.56,Experimental,MSG_9ac87376
2026-04-04 19:51:00,HS1026,11A1,Dãy số & Giới hạn,Fast-Learner,"Tính diện tích giới hạn bởi y=x^2 và y=x, em kẹt ở bước tìm cận.",Phản hồi AI giả lập cho bước P...,Auto-generated Phase 2,3,2,P,Practice,4cafdb5984319a64b73c84ee59fbb692df341fe346c678a716c5ce7741f00a69,2.23,Experimental,MSG_a1e0f26b
2026-04-04 20:24:00,HS1026,11A1,Đạo hàm ứng dụng (Tối ưu hóa),Fast-Learner,"Đáp số tích phân em ra là 1/3, AI xem logic em đúng chưa?",Phản hồi AI giả lập cho bước S...,Auto-generated Phase 2,4,3,S,Solve,4cafdb5984319a64b73c84ee59fbb692df341fe346c678a716c5ce7741f00a69,1.12,Experimental,MSG_4649043e
2026-04-04 21:11:00,HS1026,11A1,Xác suất Bayes (Nâng cao),Fast-Learner,"Xác suất mắc bệnh là 0.091, đáp án này hợp lý không ạ?",Phản hồi AI giả lập cho bước S...,Auto-generated Phase 2,3,2,S,Solve,4cafdb5984319a64b73c84ee59fbb692df341fe346c678a716c5ce7741f00a69,2.49,Experimental,MSG_ec7c41b1
2026-04-04 21:51:00,HS1026,11A1,Xác suất Bayes (Nâng cao),Fast-Learner,Chứng minh dãy u(n) = (n+1)/n bị chặn dưới bởi 1 thế nào?,Phản hồi AI giả lập cho bước P...,Auto-generated Phase 2,3,2,P,Practice,4cafdb5984319a64b73c84ee59fbb692df341fe346c678a716c5ce7741f00a69,1.22,Experimental,MSG_2b96fa85
2026-04-11 14:00:00,HS1027,12A1,Dãy số & Giới hạn,Backtracker,Phân biệt ý nghĩa của tích phân và diện tích hình phẳng.,Phản hồi AI giả lập cho bước G...,Auto-generated Phase 2,5,3,G,Guide,4b249594cfea29fca17ed04f4e4ca7ead76680c02720fd09e2dd3ba0bfbb2782,6.89,Experimental,MSG_edfeaf44
2026-04-11 14:39:00,HS1027,12A1,Dãy số & Giới hạn,Backtracker,"Tìm hệ số x^5 trong (2x - 1/x)^10, em viết khai triển rồi nhưng chưa rút gọn được.",Phản hồi AI giả lập cho bước P...,Auto-generated Phase 2,5,5,P,Practice,4b249594cfea29fca17ed04f4e4ca7ead76680c02720fd09e2dd3ba0bfbb2782,6.53,Experimental,MSG_f43194de
2026-04-11 15:14:00,HS1027,12A1,Tích phân xác định (Diện tích),Backtracker,"Bài toán xét nghiệm bệnh: P(A)=0.01, P(B|A)=0.99. Bước tiếp theo tính gì?",Phản hồi AI giả lập cho bước P...,Auto-generated Phase 2,5,4,P,Practice,4b249594cfea29fca17ed04f4e4ca7ead76680c02720fd09e2dd3ba0bfbb2782,8.57,Experimental,MSG_644d89d6
2026-04-11 15:55:00,HS1027,12A1,Nhị thức Newton (Hệ số phức hợp),Backtracker,Phân biệt ý nghĩa của tích phân và diện tích hình phẳng.,Phản hồi AI giả lập cho bước G...,Auto-generated Phase 2,3,5,G,Guide,4b249594cfea29fca17ed04f4e4ca7ead76680c02720fd09e2dd3ba0bfbb2782,7.51,Experimental,MSG_22fd60f9
2026-04-11 16:54:00,HS1027,12A1,Đạo hàm ứng dụng (Tối ưu hóa),Backtracker,Chứng minh dãy u(n) = (n+1)/n bị chặn dưới bởi 1 thế nào?,Phản hồi AI giả lập cho bước P...,Auto-generated Phase 2,5,4,P,Practice,4b249594cfea29fca17ed04f4e4ca7ead76680c02720fd09e2dd3ba0bfbb2782,8.92,Experimental,MSG_980b0dca
2026-04-11 17:27:00,HS1027,12A1,Xác suất Bayes (Nâng cao),Backtracker,Giải thích công thức số hạng tổng quát của Nhị thức Newton.,Phản hồi AI giả lập cho bước G...,Auto-generated Phase 2,3,4,G,Guide,4b249594cfea29fca17ed04f4e4ca7ead76680c02720fd09e2dd3ba0bfbb2782,7.51,Experimental,MSG_7412c051
2026-04-11 18:13:00,HS1027,12A1,Tích phân xác định (Diện tích),Backtracker,Điều kiện để một dãy số có giới hạn hữu hạn là gì?,Phản hồi AI giả lập cho bước G...,Auto-generated Phase 2,5,5,G,Guide,4b249594cfea29fca17ed04f4e4ca7ead76680c02720fd09e2dd3ba0bfbb2782,7.13,Experimental,MSG_adc17d66
2026-04-11 19:09:00,HS1027,12A1,Nhị thức Newton (Hệ số phức hợp),Backtracker,"Xác suất mắc bệnh là 0.091, đáp án này hợp lý không ạ?",Phản hồi AI giả lập cho bước S...,Auto-generated Phase 2,5,4,S,Solve,4b249594cfea29fca17ed04f4e4ca7ead76680c02720fd09e2dd3ba0bfbb2782,5.89,Experimental,MSG_fd867a08
2026-04-11 19:50:00,HS1027,12A1,Dãy số & Giới hạn,Backtracker,Giải thích công thức số hạng tổng quát của Nhị thức Newton.,Phản hồi AI giả lập cho bước G...,Auto-generated Phase 2,5,5,G,Guide,4b249594cfea29fca17ed04f4e4ca7ead76680c02720fd09e2dd3ba0bfbb2782,8.98,Experimental,MSG_5e37caf5
2026-04-11 20:40:00,HS1027,12A1,Nhị thức Newton (Hệ số phức hợp),Backtracker,Giới hạn của dãy là 1. Em làm đúng chưa?,Phản hồi AI giả lập cho bước S...,Auto-generated Phase 2,4,3,S,Solve,4b249594cfea29fca17ed04f4e4ca7ead76680c02720fd09e2dd3ba0bfbb2782,5.99,Experimental,MSG_36265b8e
2026-04-11 21:28:00,HS1027,12A1,Đạo hàm ứng dụng (Tối ưu hóa),Backtracker,Giới hạn của dãy là 1. Em làm đúng chưa?,Phản hồi AI giả lập cho bước S...,Auto-generated Phase 2,3,3,S,Solve,4b249594cfea29fca17ed04f4e4ca7ead76680c02720fd09e2dd3ba0bfbb2782,11.65,Experimental,MSG_f203db72
2026-04-11 22:26:00,HS1027,12A1,Nhị thức Newton (Hệ số phức hợp),Backtracker,"Xác suất mắc bệnh là 0.091, đáp án này hợp lý không ạ?",Phản hồi AI giả lập cho bước S...,Auto-generated Phase 2,5,5,S,Solve,4b249594cfea29fca17ed04f4e4ca7ead76680c02720fd09e2dd3ba0bfbb2782,9.47,Experimental,MSG_94c0da1d
2026-04-11 23:22:00,HS1027,12A1,Nhị thức Newton (Hệ số phức hợp),Backtracker,"Bài toán xét nghiệm bệnh: P(A)=0.01, P(B|A)=0.99. Bước tiếp theo tính gì?",Phản hồi AI giả lập cho bước P...,Auto-generated Phase 2,5,5,P,Practice,4b249594cfea29fca17ed04f4e4ca7ead76680c02720fd09e2dd3ba0bfbb2782,11.98,Experimental,MSG_34c4a968
2026-04-11 23:54:00,HS1027,12A1,Tích phân xác định (Diện tích),Backtracker,"Tính diện tích giới hạn bởi y=x^2 và y=x, em kẹt ở bước tìm cận.",Phản hồi AI giả lập cho bước P...,Auto-generated Phase 2,4,3,P,Practice,4b249594cfea29fca17ed04f4e4ca7ead76680c02720fd09e2dd3ba0bfbb2782,7.67,Experimental,MSG_1aec5c19
2026-04-12 00:23:00,HS1027,12A1,Tích phân xác định (Diện tích),Backtracker,"Tìm hệ số x^5 trong (2x - 1/x)^10, em viết khai triển rồi nhưng chưa rút gọn được.",Phản hồi AI giả lập cho bước P...,Auto-generated Phase 2,4,4,P,Practice,4b249594cfea29fca17ed04f4e4ca7ead76680c02720fd09e2dd3ba0bfbb2782,7.95,Experimental,MSG_7fbe5837
2026-04-12 01:23:00,HS1027,12A1,Dãy số & Giới hạn,Backtracker,Tại sao trong bài toán tối ưu diện tích ta phải xét đạo hàm f'(x)=0?,Phản hồi AI giả lập cho bước G...,Auto-generated Phase 2,3,5,G,Guide,4b249594cfea29fca17ed04f4e4ca7ead76680c02720fd09e2dd3ba0bfbb2782,8.49,Experimental,MSG_e35ae326
2026-04-12 02:23:00,HS1027,12A1,Nhị thức Newton (Hệ số phức hợp),Backtracker,"Tính diện tích giới hạn bởi y=x^2 và y=x, em kẹt ở bước tìm cận.",Phản hồi AI giả lập cho bước P...,Auto-generated Phase 2,5,5,P,Practice,4b249594cfea29fca17ed04f4e4ca7ead76680c02720fd09e2dd3ba0bfbb2782,6.88,Experimental,MSG_41202f6b
2026-04-12 02:44:00,HS1027,12A1,Dãy số & Giới hạn,Backtracker,"Xác suất mắc bệnh là 0.091, đáp án này hợp lý không ạ?",Phản hồi AI giả lập cho bước S...,Auto-generated Phase 2,3,4,S,Solve,4b249594cfea29fca17ed04f4e4ca7ead76680c02720fd09e2dd3ba0bfbb2782,10.63,Experimental,MSG_d9d65df1
2026-04-12 03:22:00,HS1027,12A1,Xác suất Bayes (Nâng cao),Backtracker,Kết quả diện tích lớn nhất là 50m2 đúng không AI?,Phản hồi AI giả lập cho bước S...,Auto-generated Phase 2,3,4,S,Solve,4b249594cfea29fca17ed04f4e4ca7ead76680c02720fd09e2dd3ba0bfbb2782,11.58,Experimental,MSG_4b977c83
2026-04-12 04:04:00,HS1027,12A1,Dãy số & Giới hạn,Backtracker,Kết quả diện tích lớn nhất là 50m2 đúng không AI?,Phản hồi AI giả lập cho bước S...,Auto-generated Phase 2,5,4,S,Solve,4b249594cfea29fca17ed04f4e4ca7ead76680c02720fd09e2dd3ba0bfbb2782,11.05,Experimental,MSG_729fd309
2026-04-04 16:00:00,HS1028,12A1,Dãy số & Giới hạn,Normal,"Xác suất mắc bệnh là 0.091, đáp án này hợp lý không ạ?",Phản hồi AI giả lập cho bước S...,Auto-generated Phase 2,3,4,S,Solve,b63b855c2ba7551dfadf6834e20c527655946d2e3df860d25e6816f07106f9fb,5.18,Experimental,MSG_b356aee3
2026-04-04 16:47:00,HS1028,12A1,Nhị thức Newton (Hệ số phức hợp),Normal,"Em đã lập được hàm f(x) = x(20-2x), giờ tính đạo hàm thế nào AI?",Phản hồi AI giả lập cho bước P...,Auto-generated Phase 2,4,5,P,Practice,b63b855c2ba7551dfadf6834e20c527655946d2e3df860d25e6816f07106f9fb,4.19,Experimental,MSG_57f86865
2026-04-04 17:15:00,HS1028,12A1,Tích phân xác định (Diện tích),Normal,"Bài toán xét nghiệm bệnh: P(A)=0.01, P(B|A)=0.99. Bước tiếp theo tính gì?",Phản hồi AI giả lập cho bước P...,Auto-generated Phase 2,5,4,P,Practice,b63b855c2ba7551dfadf6834e20c527655946d2e3df860d25e6816f07106f9fb,5.4,Experimental,MSG_c1e4a0da
2026-04-04 18:01:00,HS1028,12A1,Nhị thức Newton (Hệ số phức hợp),Normal,"Bài toán xét nghiệm bệnh: P(A)=0.01, P(B|A)=0.99. Bước tiếp theo tính gì?",Phản hồi AI giả lập cho bước P...,Auto-generated Phase 2,4,3,P,Practice,b63b855c2ba7551dfadf6834e20c527655946d2e3df860d25e6816f07106f9fb,5.31,Experimental,MSG_f6ff5663
2026-04-04 18:27:00,HS1028,12A1,Dãy số & Giới hạn,Normal,Khi nào dùng công thức Bayes thay vì xác suất cổ điển?,Phản hồi AI giả lập cho bước G...,Auto-generated Phase 2,3,5,G,Guide,b63b855c2ba7551dfadf6834e20c527655946d2e3df860d25e6816f07106f9fb,7.97,Experimental,MSG_a742548b
2026-04-04 19:17:00,HS1028,12A1,Nhị thức Newton (Hệ số phức hợp),Normal,"Tìm hệ số x^5 trong (2x - 1/x)^10, em viết khai triển rồi nhưng chưa rút gọn được.",Phản hồi AI giả lập cho bước P...,Auto-generated Phase 2,4,3,P,Practice,b63b855c2ba7551dfadf6834e20c527655946d2e3df860d25e6816f07106f9fb,5.11,Experimental,MSG_e5309799
2026-04-04 19:57:00,HS1028,12A1,Đạo hàm ứng dụng (Tối ưu hóa),Normal,Phân biệt ý nghĩa của tích phân và diện tích hình phẳng.,Phản hồi AI giả lập cho bước G...,Auto-generated Phase 2,4,3,G,Guide,b63b855c2ba7551dfadf6834e20c527655946d2e3df860d25e6816f07106f9fb,7.3,Experimental,MSG_d5b95167
2026-04-04 20:25:00,HS1028,12A1,Xác suất Bayes (Nâng cao),Normal,"Tính diện tích giới hạn bởi y=x^2 và y=x, em kẹt ở bước tìm cận.",Phản hồi AI giả lập cho bước P...,Auto-generated Phase 2,3,3,P,Practice,b63b855c2ba7551dfadf6834e20c527655946d2e3df860d25e6816f07106f9fb,6.28,Experimental,MSG_d84eb9d2
2026-04-04 21:25:00,HS1028,12A1,Tích phân xác định (Diện tích),Normal,Điều kiện để một dãy số có giới hạn hữu hạn là gì?,Phản hồi AI giả lập cho bước G...,Auto-generated Phase 2,3,5,G,Guide,b63b855c2ba7551dfadf6834e20c527655946d2e3df860d25e6816f07106f9fb,4.99,Experimental,MSG_72d71275
2026-04-04 22:22:00,HS1028,12A1,Dãy số & Giới hạn,Normal,Chứng minh dãy u(n) = (n+1)/n bị chặn dưới bởi 1 thế nào?,Phản hồi AI giả lập cho bước P...,Auto-generated Phase 2,5,4,P,Practice,b63b855c2ba7551dfadf6834e20c527655946d2e3df860d25e6816f07106f9fb,5.1,Experimental,MSG_8bb3468b
2026-04-04 22:55:00,HS1028,12A1,Đạo hàm ứng dụng (Tối ưu hóa),Normal,"Xác suất mắc bệnh là 0.091, đáp án này hợp lý không ạ?",Phản hồi AI giả lập cho bước S...,Auto-generated Phase 2,3,3,S,Solve,b63b855c2ba7551dfadf6834e20c527655946d2e3df860d25e6816f07106f9fb,3.77,Experimental,MSG_6528a446
2026-04-04 23:24:00,HS1028,12A1,Nhị thức Newton (Hệ số phức hợp),Normal,Điều kiện để một dãy số có giới hạn hữu hạn là gì?,Phản hồi AI giả lập cho bước G...,Auto-generated Phase 2,3,3,G,Guide,b63b855c2ba7551dfadf6834e20c527655946d2e3df860d25e6816f07106f9fb,7.09,Experimental,MSG_ca733266
2026-04-04 23:49:00,HS1028,12A1,Đạo hàm ứng dụng (Tối ưu hóa),Normal,"Đáp số tích phân em ra là 1/3, AI xem logic em đúng chưa?",Phản hồi AI giả lập cho bước S...,Auto-generated Phase 2,4,5,S,Solve,b63b855c2ba7551dfadf6834e20c527655946d2e3df860d25e6816f07106f9fb,5.25,Experimental,MSG_22c803b3
2026-04-05 00:47:00,HS1028,12A1,Đạo hàm ứng dụng (Tối ưu hóa),Normal,"Đáp số tích phân em ra là 1/3, AI xem logic em đúng chưa?",Phản hồi AI giả lập cho bước S...,Auto-generated Phase 2,4,5,S,Solve,b63b855c2ba7551dfadf6834e20c527655946d2e3df860d25e6816f07106f9fb,4.08,Experimental,MSG_29fc5f18
2026-04-05 01:10:00,HS1028,12A1,Nhị thức Newton (Hệ số phức hợp),Normal,"Tính diện tích giới hạn bởi y=x^2 và y=x, em kẹt ở bước tìm cận.",Phản hồi AI giả lập cho bước P...,Auto-generated Phase 2,5,4,P,Practice,b63b855c2ba7551dfadf6834e20c527655946d2e3df860d25e6816f07106f9fb,5.96,Experimental,MSG_6b9c44c3
2026-04-05 01:34:00,HS1028,12A1,Tích phân xác định (Diện tích),Normal,"Hệ số là -8064, AI chốt đáp án giúp em.",Phản hồi AI giả lập cho bước S...,Auto-generated Phase 2,3,4,S,Solve,b63b855c2ba7551dfadf6834e20c527655946d2e3df860d25e6816f07106f9fb,5.69,Experimental,MSG_465e4204
2026-04-05 02:22:00,HS1028,12A1,Tích phân xác định (Diện tích),Normal,"Đáp số tích phân em ra là 1/3, AI xem logic em đúng chưa?",Phản hồi AI giả lập cho bước S...,Auto-generated Phase 2,4,4,S,Solve,b63b855c2ba7551dfadf6834e20c527655946d2e3df860d25e6816f07106f9fb,6.56,Experimental,MSG_f3761a8f
2026-04-05 03:08:00,HS1028,12A1,Đạo hàm ứng dụng (Tối ưu hóa),Normal,"Xác suất mắc bệnh là 0.091, đáp án này hợp lý không ạ?",Phản hồi AI giả lập cho bước S...,Auto-generated Phase 2,5,5,S,Solve,b63b855c2ba7551dfadf6834e20c527655946d2e3df860d25e6816f07106f9fb,4.93,Experimental,MSG_e457dae7
2026-04-05 03:50:00,HS1028,12A1,Tích phân xác định (Diện tích),Normal,Chứng minh dãy u(n) = (n+1)/n bị chặn dưới bởi 1 thế nào?,Phản hồi AI giả lập cho bước P...,Auto-generated Phase 2,4,3,P,Practice,b63b855c2ba7551dfadf6834e20c527655946d2e3df860d25e6816f07106f9fb,4.51,Experimental,MSG_16fdfe82
2026-04-05 04:46:00,HS1028,12A1,Xác suất Bayes (Nâng cao),Normal,"Xác suất mắc bệnh là 0.091, đáp án này hợp lý không ạ?",Phản hồi AI giả lập cho bước S...,Auto-generated Phase 2,4,5,S,Solve,b63b855c2ba7551dfadf6834e20c527655946d2e3df860d25e6816f07106f9fb,4.14,Experimental,MSG_5bf07cbd
2026-04-03 15:00:00,HS1029,12A1,Xác suất Bayes (Nâng cao),Misconception-Prone,Khi nào dùng công thức Bayes thay vì xác suất cổ điển?,Phản hồi AI giả lập cho bước G...,Auto-generated Phase 2,4,4,G,Guide,d0afb9f3d63245c1c525f15cefba52a570ce9524e3154ca728a1cbd04182cfef,8.42,Experimental,MSG_acf0a9c8
2026-04-03 15:30:00,HS1029,12A1,Dãy số & Giới hạn,Misconception-Prone,"Em đã lập được hàm f(x) = x(20-2x), giờ tính đạo hàm thế nào AI?",Phản hồi AI giả lập cho bước P...,Auto-generated Phase 2,4,4,P,Practice,d0afb9f3d63245c1c525f15cefba52a570ce9524e3154ca728a1cbd04182cfef,14.48,Experimental,MSG_0c22bf4f
2026-04-03 16:08:00,HS1029,12A1,Đạo hàm ứng dụng (Tối ưu hóa),Misconception-Prone,Giải thích công thức số hạng tổng quát của Nhị thức Newton.,Phản hồi AI giả lập cho bước G...,Auto-generated Phase 2,2,3,G,Guide,d0afb9f3d63245c1c525f15cefba52a570ce9524e3154ca728a1cbd04182cfef,13.09,Experimental,MSG_90284749
2026-04-03 16:46:00,HS1029,12A1,Tích phân xác định (Diện tích),Misconception-Prone,Khi nào dùng công thức Bayes thay vì xác suất cổ điển?,Phản hồi AI giả lập cho bước G...,Auto-generated Phase 2,3,3,G,Guide,d0afb9f3d63245c1c525f15cefba52a570ce9524e3154ca728a1cbd04182cfef,14.81,Experimental,MSG_44913acc
2026-04-03 17:29:00,HS1029,12A1,Nhị thức Newton (Hệ số phức hợp),Misconception-Prone,Giải thích công thức số hạng tổng quát của Nhị thức Newton.,Phản hồi AI giả lập cho bước G...,Auto-generated Phase 2,3,4,G,Guide,d0afb9f3d63245c1c525f15cefba52a570ce9524e3154ca728a1cbd04182cfef,10.77,Experimental,MSG_73f1d1f2
2026-04-03 17:50:00,HS1029,12A1,Tích phân xác định (Diện tích),Misconception-Prone,Giải thích công thức số hạng tổng quát của Nhị thức Newton.,Phản hồi AI giả lập cho bước G...,Auto-generated Phase 2,4,5,G,Guide,d0afb9f3d63245c1c525f15cefba52a570ce9524e3154ca728a1cbd04182cfef,9.14,Experimental,MSG_b65551b7
2026-04-03 18:19:00,HS1029,12A1,Đạo hàm ứng dụng (Tối ưu hóa),Misconception-Prone,"Xác suất mắc bệnh là 0.091, đáp án này hợp lý không ạ?",Phản hồi AI giả lập cho bước S...,Auto-generated Phase 2,4,3,S,Solve,d0afb9f3d63245c1c525f15cefba52a570ce9524e3154ca728a1cbd04182cfef,9.63,Experimental,MSG_6f1d4602
2026-04-03 19:09:00,HS1029,12A1,Xác suất Bayes (Nâng cao),Misconception-Prone,"Tính diện tích giới hạn bởi y=x^2 và y=x, em kẹt ở bước tìm cận.",Phản hồi AI giả lập cho bước P...,Auto-generated Phase 2,4,5,P,Practice,d0afb9f3d63245c1c525f15cefba52a570ce9524e3154ca728a1cbd04182cfef,14.06,Experimental,MSG_46d78d00
2026-04-03 19:41:00,HS1029,12A1,Nhị thức Newton (Hệ số phức hợp),Misconception-Prone,Điều kiện để một dãy số có giới hạn hữu hạn là gì?,Phản hồi AI giả lập cho bước G...,Auto-generated Phase 2,2,5,G,Guide,d0afb9f3d63245c1c525f15cefba52a570ce9524e3154ca728a1cbd04182cfef,14.58,Experimental,MSG_115f1fa9
2026-04-03 20:21:00,HS1029,12A1,Dãy số & Giới hạn,Misconception-Prone,"Em đã lập được hàm f(x) = x(20-2x), giờ tính đạo hàm thế nào AI?",Phản hồi AI giả lập cho bước P...,Auto-generated Phase 2,2,4,P,Practice,d0afb9f3d63245c1c525f15cefba52a570ce9524e3154ca728a1cbd04182cfef,8.88,Experimental,MSG_205b6964
2026-04-03 20:41:00,HS1029,12A1,Nhị thức Newton (Hệ số phức hợp),Misconception-Prone,Phân biệt ý nghĩa của tích phân và diện tích hình phẳng.,Phản hồi AI giả lập cho bước G...,Auto-generated Phase 2,3,5,G,Guide,d0afb9f3d63245c1c525f15cefba52a570ce9524e3154ca728a1cbd04182cfef,13.14,Experimental,MSG_9328fb4e
2026-04-03 21:07:00,HS1029,12A1,Xác suất Bayes (Nâng cao),Misconception-Prone,Khi nào dùng công thức Bayes thay vì xác suất cổ điển?,Phản hồi AI giả lập cho bước G...,Auto-generated Phase 2,4,5,G,Guide,d0afb9f3d63245c1c525f15cefba52a570ce9524e3154ca728a1cbd04182cfef,9.47,Experimental,MSG_e841eca6
2026-04-03 21:45:00,HS1029,12A1,Nhị thức Newton (Hệ số phức hợp),Misconception-Prone,Chứng minh dãy u(n) = (n+1)/n bị chặn dưới bởi 1 thế nào?,Phản hồi AI giả lập cho bước P...,Auto-generated Phase 2,4,5,P,Practice,d0afb9f3d63245c1c525f15cefba52a570ce9524e3154ca728a1cbd04182cfef,14.22,Experimental,MSG_8347fc95
2026-04-03 22:16:00,HS1029,12A1,Dãy số & Giới hạn,Misconception-Prone,"Em đã lập được hàm f(x) = x(20-2x), giờ tính đạo hàm thế nào AI?",Phản hồi AI giả lập cho bước P...,Auto-generated Phase 2,4,5,P,Practice,d0afb9f3d63245c1c525f15cefba52a570ce9524e3154ca728a1cbd04182cfef,13.48,Experimental,MSG_9ac754e9
2026-04-03 23:04:00,HS1029,12A1,Xác suất Bayes (Nâng cao),Misconception-Prone,Điều kiện để một dãy số có giới hạn hữu hạn là gì?,Phản hồi AI giả lập cho bước G...,Auto-generated Phase 2,4,3,G,Guide,d0afb9f3d63245c1c525f15cefba52a570ce9524e3154ca728a1cbd04182cfef,10.85,Experimental,MSG_f0d63619
2026-04-03 23:35:00,HS1029,12A1,Dãy số & Giới hạn,Misconception-Prone,Giải thích công thức số hạng tổng quát của Nhị thức Newton.,Phản hồi AI giả lập cho bước G...,Auto-generated Phase 2,4,4,G,Guide,d0afb9f3d63245c1c525f15cefba52a570ce9524e3154ca728a1cbd04182cfef,14.65,Experimental,MSG_98c1ecc8
2026-04-04 00:19:00,HS1029,12A1,Tích phân xác định (Diện tích),Misconception-Prone,Kết quả diện tích lớn nhất là 50m2 đúng không AI?,Phản hồi AI giả lập cho bước S...,Auto-generated Phase 2,4,5,S,Solve,d0afb9f3d63245c1c525f15cefba52a570ce9524e3154ca728a1cbd04182cfef,11.99,Experimental,MSG_b1214571
2026-04-04 01:06:00,HS1029,12A1,Đạo hàm ứng dụng (Tối ưu hóa),Misconception-Prone,"Xác suất mắc bệnh là 0.091, đáp án này hợp lý không ạ?",Phản hồi AI giả lập cho bước S...,Auto-generated Phase 2,4,3,S,Solve,d0afb9f3d63245c1c525f15cefba52a570ce9524e3154ca728a1cbd04182cfef,14.85,Experimental,MSG_631d40a7
2026-04-04 01:52:00,HS1029,12A1,Đạo hàm ứng dụng (Tối ưu hóa),Misconception-Prone,Giới hạn của dãy là 1. Em làm đúng chưa?,Phản hồi AI giả lập cho bước S...,Auto-generated Phase 2,4,4,S,Solve,d0afb9f3d63245c1c525f15cefba52a570ce9524e3154ca728a1cbd04182cfef,8.79,Experimental,MSG_aa74a958
2026-04-04 02:51:00,HS1029,12A1,Xác suất Bayes (Nâng cao),Misconception-Prone,Kết quả diện tích lớn nhất là 50m2 đúng không AI?,Phản hồi AI giả lập cho bước S...,Auto-generated Phase 2,3,4,S,Solve,d0afb9f3d63245c1c525f15cefba52a570ce9524e3154ca728a1cbd04182cfef,11.27,Experimental,MSG_2c075891
