Timestamp,Student ID,Class,Topic,Profile,Question,AI Response,Notes,Satisfaction (1-5),Difficulty (1-5),GPS Step (Truth),Auto Label,Student Hash,Thinking Time (minutes),Session ID
15/03/2026 09:22:00,HS_154,11B2,Tổ hợp - Chỉnh hợp,Impatient,"Cho em xin đáp án bài này luôn đi thầy, em đang vội.",[G] Thầy không cho đáp án trực tiếp đâu nhé. Em hãy thử đọc đề và cho thầy biết: thứ tự chọn ở đây có quan trọng không?,Session: SES_c202e8 | Flow: Impatient,4,1,G,G,cff5f48dafd0ea0bb2cb3069a9d7bad9257e2b45ff11c4ac1fac098c12c4c100,2.18,SES_c202e8
15/03/2026 09:25:00,HS_154,11B2,Tổ hợp - Chỉnh hợp,Impatient,Em nên dùng tổ hợp hay chỉnh hợp cho bài này?,"[G] Bài này chọn 3 bạn mà không phân chia chức vụ cụ thể, vậy thứ tự có quan trọng không? Nếu không, em dùng $C$ hay $A$?",Session: SES_c202e8 | Flow: Impatient,4,1,G,G,cff5f48dafd0ea0bb2cb3069a9d7bad9257e2b45ff11c4ac1fac098c12c4c100,3.77,SES_c202e8
15/03/2026 09:31:00,HS_154,11B2,Tổ hợp - Chỉnh hợp,Impatient,"Em tính được |Ω| = C(40,3) = 9880. Bước tiếp theo là gì?",[P] Đúng rồi. Bây giờ tính số cách chọn 3 bạn nam từ 18 bạn nam để làm biến cố đối $\bar{A}$. Bước này dùng công thức nào?,Session: SES_c202e8 | Flow: Impatient,2,3,P,P,cff5f48dafd0ea0bb2cb3069a9d7bad9257e2b45ff11c4ac1fac098c12c4c100,3.89,SES_c202e8
15/03/2026 09:35:00,HS_154,11B2,Tổ hợp - Chỉnh hợp,Impatient,"Xác suất là 1 - C(18,3)/C(40,3) = 1 - 816/9880 ≈ 0.917. Đúng chưa thầy?",[S] Tuyệt vời! Kết quả $P \approx 0.917$ là hoàn toàn chính xác. Em đã nắm vững phương pháp dùng biến cố đối!,Session: SES_c202e8 | Flow: Impatient,2,3,S,S,cff5f48dafd0ea0bb2cb3069a9d7bad9257e2b45ff11c4ac1fac098c12c4c100,1.2,SES_c202e8
15/03/2026 09:39:00,HS_154,11B2,Tổ hợp - Chỉnh hợp,Impatient,Tại sao dùng biến cố đối lại nhanh hơn liệt kê ạ?,"[S] Bởi vì nếu liệt kê, em phải chia 3 trường hợp: 1 nữ 2 nam, 2 nữ 1 nam, và 3 nữ. Dùng biến cố đối chỉ cần tính 1 trường hợp duy nhất rồi lấy phần bù.",Session: SES_c202e8 | Flow: Impatient | Reflection,2,3,S,S,cff5f48dafd0ea0bb2cb3069a9d7bad9257e2b45ff11c4ac1fac098c12c4c100,1.2,SES_c202e8
02/04/2026 09:18:00,HS_194,11A2,Xác suất cổ điển,Gifted,Bài này không gian mẫu là 12 hay 36 ạ?,"[G] Mỗi con xúc sắc có 6 mặt, khi gieo 2 con thì mỗi khả năng của con thứ nhất đi kèm với 6 khả năng của con thứ hai. Vậy $|\Omega| = 6 	imes 6$ hay $6+6$?",Session: SES_a4bec1 | Flow: Gifted,5,2,G,G,bd67b834575dafe58f2a18b3d4cf66f0a4bb1c57506fa3f7d1da1f4105ddab9c,1.15,SES_a4bec1
02/04/2026 09:20:00,HS_194,11A2,Xác suất cổ điển,Gifted,Có 7 cặp. Vậy xác suất là 7/36 ạ?,[S] Đáp án chính xác! $P(A) = 7/36$. Em đã liệt kê rất cẩn thận và không bỏ sót trường hợp nào.,Session: SES_a4bec1 | Flow: Gifted,5,3,S,S,bd67b834575dafe58f2a18b3d4cf66f0a4bb1c57506fa3f7d1da1f4105ddab9c,1.96,SES_a4bec1
15/03/2026 18:00:00,HS_183,11A2,Xác suất cổ điển,Impatient,"Cho em xin đáp án bài này luôn đi thầy, em đang vội.",[G] Thầy không cho đáp án trực tiếp đâu nhé. Em hãy thử đọc đề và cho thầy biết: thứ tự chọn ở đây có quan trọng không?,Session: SES_b6ca8c | Flow: Impatient,4,4,G,G,57f7b5617300d704093ada37cca29335f21ec2b078db29dfa6483bd15f9ebd01,3.09,SES_b6ca8c
15/03/2026 18:05:00,HS_183,11A2,Xác suất cổ điển,Impatient,Bài này không gian mẫu là 12 hay 36 ạ?,"[G] Mỗi con xúc sắc có 6 mặt, khi gieo 2 con thì mỗi khả năng của con thứ nhất đi kèm với 6 khả năng của con thứ hai. Vậy $|\Omega| = 6 	imes 6$ hay $6+6$?",Session: SES_b6ca8c | Flow: Impatient,3,3,G,G,57f7b5617300d704093ada37cca29335f21ec2b078db29dfa6483bd15f9ebd01,2.19,SES_b6ca8c
15/03/2026 18:09:00,HS_183,11A2,Xác suất cổ điển,Impatient,"|Ω| = 36. Giờ em liệt kê các cặp tổng bằng 5: (1,4), (2,3), (3,2), (4,1). Hết chưa thầy?",[P] Đủ cho tổng bằng 5 rồi. Nhưng còn tổng bằng bao nhiêu nữa mà vẫn chia hết cho 5 trong khoảng từ 2 đến 12?,Session: SES_b6ca8c | Flow: Impatient,2,3,P,P,57f7b5617300d704093ada37cca29335f21ec2b078db29dfa6483bd15f9ebd01,3.43,SES_b6ca8c
15/03/2026 18:15:00,HS_183,11A2,Xác suất cổ điển,Impatient,Có 7 cặp. Vậy xác suất là 7/36 ạ?,[S] Đáp án chính xác! $P(A) = 7/36$. Em đã liệt kê rất cẩn thận và không bỏ sót trường hợp nào.,Session: SES_b6ca8c | Flow: Impatient,3,3,S,S,57f7b5617300d704093ada37cca29335f21ec2b078db29dfa6483bd15f9ebd01,2.85,SES_b6ca8c
10/04/2026 08:07:00,HS_141,11A2,Quy tắc nhân xác suất,Impatient,"Cho em xin đáp án bài này luôn đi thầy, em đang vội.",[G] Thầy không cho đáp án trực tiếp đâu nhé. Em hãy thử đọc đề và cho thầy biết: thứ tự chọn ở đây có quan trọng không?,Session: SES_dfc56d | Flow: Impatient,3,4,G,G,ac2bbb7713b2453113e628925542e545b8d64a7cddb51f223e724ad9ca412568,3.79,SES_dfc56d
10/04/2026 08:13:00,HS_141,11A2,Quy tắc nhân xác suất,Impatient,"Làm sao để biết khi nào dùng cộng, khi nào dùng nhân ạ?","[G] Khi các hành động xảy ra độc lập và liên tiếp (A bắn VÀ B bắn) thì ta dùng quy tắc nhân. Nếu chia các kịch bản riêng biệt thì dùng quy tắc cộng. Ở bài này, 'đúng 1 người trúng' có những kịch bản nào?",Session: SES_dfc56d | Flow: Impatient,4,4,G,G,ac2bbb7713b2453113e628925542e545b8d64a7cddb51f223e724ad9ca412568,3.12,SES_dfc56d
10/04/2026 08:19:00,HS_141,11A2,Quy tắc nhân xác suất,Impatient,"Có 2 kịch bản: (A trúng, B trượt) và (A trượt, B trúng). Phải không thầy?",[P] Đúng rồi! Em tính xác suất cho từng kịch bản đó đi. Nhớ rằng $P(	ext{trượt}) = 1 - P(	ext{trúng})$.,Session: SES_dfc56d | Flow: Impatient,3,3,P,P,ac2bbb7713b2453113e628925542e545b8d64a7cddb51f223e724ad9ca412568,3.74,SES_dfc56d
10/04/2026 08:24:00,HS_141,11A2,Quy tắc nhân xác suất,Impatient,Em cộng lại ra 0.38. Đúng chưa thầy?,[S] Rất giỏi! Xác suất đúng 1 người trúng là $0.24 + 0.14 = 0.38$. Em đã áp dụng đúng cả quy tắc nhân và quy tắc cộng.,Session: SES_dfc56d | Flow: Impatient,3,5,S,S,ac2bbb7713b2453113e628925542e545b8d64a7cddb51f223e724ad9ca412568,3.26,SES_dfc56d
30/03/2026 13:15:00,HS_134,11A2,Tổ hợp - Chỉnh hợp,Impatient,"Cho em xin đáp án bài này luôn đi thầy, em đang vội.",[G] Thầy không cho đáp án trực tiếp đâu nhé. Em hãy thử đọc đề và cho thầy biết: thứ tự chọn ở đây có quan trọng không?,Session: SES_b2ea0e | Flow: Impatient,2,2,G,G,0a6f6881c4cda080ef16dfe6db73692c661ab75d5782b1c32b44526603b773a5,2.67,SES_b2ea0e
30/03/2026 13:19:00,HS_134,11A2,Tổ hợp - Chỉnh hợp,Impatient,Em nên dùng tổ hợp hay chỉnh hợp cho bài này?,"[G] Bài này chọn 3 bạn mà không phân chia chức vụ cụ thể, vậy thứ tự có quan trọng không? Nếu không, em dùng $C$ hay $A$?",Session: SES_b2ea0e | Flow: Impatient,3,2,G,G,0a6f6881c4cda080ef16dfe6db73692c661ab75d5782b1c32b44526603b773a5,2.48,SES_b2ea0e
30/03/2026 13:23:00,HS_134,11A2,Tổ hợp - Chỉnh hợp,Impatient,"Em tính được |Ω| = C(40,3) = 9880. Bước tiếp theo là gì?",[P] Đúng rồi. Bây giờ tính số cách chọn 3 bạn nam từ 18 bạn nam để làm biến cố đối $\bar{A}$. Bước này dùng công thức nào?,Session: SES_b2ea0e | Flow: Impatient,3,1,P,P,0a6f6881c4cda080ef16dfe6db73692c661ab75d5782b1c32b44526603b773a5,3.85,SES_b2ea0e
30/03/2026 13:29:00,HS_134,11A2,Tổ hợp - Chỉnh hợp,Impatient,"Xác suất là 1 - C(18,3)/C(40,3) = 1 - 816/9880 ≈ 0.917. Đúng chưa thầy?",[S] Tuyệt vời! Kết quả $P \approx 0.917$ là hoàn toàn chính xác. Em đã nắm vững phương pháp dùng biến cố đối!,Session: SES_b2ea0e | Flow: Impatient,3,1,S,S,0a6f6881c4cda080ef16dfe6db73692c661ab75d5782b1c32b44526603b773a5,1.07,SES_b2ea0e
30/03/2026 13:32:00,HS_134,11A2,Tổ hợp - Chỉnh hợp,Impatient,Tại sao dùng biến cố đối lại nhanh hơn liệt kê ạ?,"[S] Bởi vì nếu liệt kê, em phải chia 3 trường hợp: 1 nữ 2 nam, 2 nữ 1 nam, và 3 nữ. Dùng biến cố đối chỉ cần tính 1 trường hợp duy nhất rồi lấy phần bù.",Session: SES_b2ea0e | Flow: Impatient | Reflection,3,1,S,S,0a6f6881c4cda080ef16dfe6db73692c661ab75d5782b1c32b44526603b773a5,1.07,SES_b2ea0e
27/03/2026 11:32:00,HS_107,11A1,Tổ hợp - Chỉnh hợp,Struggler,Em nên dùng tổ hợp hay chỉnh hợp cho bài này?,"[G] Bài này chọn 3 bạn mà không phân chia chức vụ cụ thể, vậy thứ tự có quan trọng không? Nếu không, em dùng $C$ hay $A$?",Session: SES_ca696c | Flow: Struggler,3,3,G,G,95d8c063f81fdbd498a781f9606727f1d0df2a9f724aad82f391f211e30ce64f,5.32,SES_ca696c
27/03/2026 11:39:00,HS_107,11A1,Tổ hợp - Chỉnh hợp,Struggler,Quy tắc ít nhất làm thế nào thầy?,"[G] Với bài toán 'có ít nhất', ta thường dùng biến cố đối. Nếu không có ít nhất 1 nữ, thì 3 bạn được chọn phải như thế nào?",Session: SES_ca696c | Flow: Struggler,4,2,G,G,95d8c063f81fdbd498a781f9606727f1d0df2a9f724aad82f391f211e30ce64f,6.25,SES_ca696c
27/03/2026 11:48:00,HS_107,11A1,Tổ hợp - Chỉnh hợp,Struggler,"Em tính được |Ω| = C(40,3) = 9880. Bước tiếp theo là gì?",[P] Đúng rồi. Bây giờ tính số cách chọn 3 bạn nam từ 18 bạn nam để làm biến cố đối $\bar{A}$. Bước này dùng công thức nào?,Session: SES_ca696c | Flow: Struggler,3,1,P,P,95d8c063f81fdbd498a781f9606727f1d0df2a9f724aad82f391f211e30ce64f,9.74,SES_ca696c
27/03/2026 12:00:00,HS_107,11A1,Tổ hợp - Chỉnh hợp,Struggler,"Số cách chọn nam là C(18,3) phải không thầy?",[P] Chính xác! Em tính ra số cụ thể rồi lấy 1 trừ đi xác suất của $\bar{A}$ là ra kết quả.,Session: SES_ca696c | Flow: Struggler,3,3,P,P,95d8c063f81fdbd498a781f9606727f1d0df2a9f724aad82f391f211e30ce64f,9.11,SES_ca696c
27/03/2026 12:12:00,HS_107,11A1,Tổ hợp - Chỉnh hợp,Struggler,Quy tắc ít nhất làm thế nào thầy?,"[G] Với bài toán 'có ít nhất', ta thường dùng biến cố đối. Nếu không có ít nhất 1 nữ, thì 3 bạn được chọn phải như thế nào?",Session: SES_ca696c | Flow: Struggler,3,2,G,G,95d8c063f81fdbd498a781f9606727f1d0df2a9f724aad82f391f211e30ce64f,6.89,SES_ca696c
27/03/2026 12:21:00,HS_107,11A1,Tổ hợp - Chỉnh hợp,Struggler,"Số cách chọn nam là C(18,3) phải không thầy?",[P] Chính xác! Em tính ra số cụ thể rồi lấy 1 trừ đi xác suất của $\bar{A}$ là ra kết quả.,Session: SES_ca696c | Flow: Struggler,3,3,P,P,95d8c063f81fdbd498a781f9606727f1d0df2a9f724aad82f391f211e30ce64f,5.57,SES_ca696c
27/03/2026 12:29:00,HS_107,11A1,Tổ hợp - Chỉnh hợp,Struggler,"Xác suất là 1 - C(18,3)/C(40,3) = 1 - 816/9880 ≈ 0.917. Đúng chưa thầy?",[S] Tuyệt vời! Kết quả $P \approx 0.917$ là hoàn toàn chính xác. Em đã nắm vững phương pháp dùng biến cố đối!,Session: SES_ca696c | Flow: Struggler,4,3,S,S,95d8c063f81fdbd498a781f9606727f1d0df2a9f724aad82f391f211e30ce64f,6.83,SES_ca696c
27/03/2026 12:38:00,HS_107,11A1,Tổ hợp - Chỉnh hợp,Struggler,Tại sao dùng biến cố đối lại nhanh hơn liệt kê ạ?,"[S] Bởi vì nếu liệt kê, em phải chia 3 trường hợp: 1 nữ 2 nam, 2 nữ 1 nam, và 3 nữ. Dùng biến cố đối chỉ cần tính 1 trường hợp duy nhất rồi lấy phần bù.",Session: SES_ca696c | Flow: Struggler | Reflection,4,3,S,S,95d8c063f81fdbd498a781f9606727f1d0df2a9f724aad82f391f211e30ce64f,6.83,SES_ca696c
09/04/2026 11:03:00,HS_106,11B2,Quy tắc nhân xác suất,Disciplined,"Làm sao để biết khi nào dùng cộng, khi nào dùng nhân ạ?","[G] Khi các hành động xảy ra độc lập và liên tiếp (A bắn VÀ B bắn) thì ta dùng quy tắc nhân. Nếu chia các kịch bản riêng biệt thì dùng quy tắc cộng. Ở bài này, 'đúng 1 người trúng' có những kịch bản nào?",Session: SES_849e87 | Flow: Disciplined,5,5,G,G,a09ad6a73c5ad8bd622ce91742bd8cd648dc37a634822b0ce6d2dbc01a7b06b8,3.86,SES_849e87
09/04/2026 11:07:00,HS_106,11B2,Quy tắc nhân xác suất,Disciplined,"Có 2 kịch bản: (A trúng, B trượt) và (A trượt, B trúng). Phải không thầy?",[P] Đúng rồi! Em tính xác suất cho từng kịch bản đó đi. Nhớ rằng $P(	ext{trượt}) = 1 - P(	ext{trúng})$.,Session: SES_849e87 | Flow: Disciplined,5,3,P,P,a09ad6a73c5ad8bd622ce91742bd8cd648dc37a634822b0ce6d2dbc01a7b06b8,3.19,SES_849e87
09/04/2026 11:13:00,HS_106,11B2,Quy tắc nhân xác suất,Disciplined,Em cộng lại ra 0.38. Đúng chưa thầy?,[S] Rất giỏi! Xác suất đúng 1 người trúng là $0.24 + 0.14 = 0.38$. Em đã áp dụng đúng cả quy tắc nhân và quy tắc cộng.,Session: SES_849e87 | Flow: Disciplined,5,3,S,S,a09ad6a73c5ad8bd622ce91742bd8cd648dc37a634822b0ce6d2dbc01a7b06b8,4.84,SES_849e87
20/03/2026 12:02:00,HS_200,11B1,Xác suất cổ điển,Gifted,Bài này không gian mẫu là 12 hay 36 ạ?,"[G] Mỗi con xúc sắc có 6 mặt, khi gieo 2 con thì mỗi khả năng của con thứ nhất đi kèm với 6 khả năng của con thứ hai. Vậy $|\Omega| = 6 	imes 6$ hay $6+6$?",Session: SES_ab07f9 | Flow: Gifted,5,2,G,G,4d183199b78ea66fedd5c08a6ab8986c2114fc719555f83cb5a9228585055ed6,2.57,SES_ab07f9
20/03/2026 12:06:00,HS_200,11B1,Xác suất cổ điển,Gifted,Có 7 cặp. Vậy xác suất là 7/36 ạ?,[S] Đáp án chính xác! $P(A) = 7/36$. Em đã liệt kê rất cẩn thận và không bỏ sót trường hợp nào.,Session: SES_ab07f9 | Flow: Gifted,5,2,S,S,4d183199b78ea66fedd5c08a6ab8986c2114fc719555f83cb5a9228585055ed6,1.43,SES_ab07f9
22/03/2026 17:27:00,HS_192,11B2,Quy tắc nhân xác suất,Disciplined,"Làm sao để biết khi nào dùng cộng, khi nào dùng nhân ạ?","[G] Khi các hành động xảy ra độc lập và liên tiếp (A bắn VÀ B bắn) thì ta dùng quy tắc nhân. Nếu chia các kịch bản riêng biệt thì dùng quy tắc cộng. Ở bài này, 'đúng 1 người trúng' có những kịch bản nào?",Session: SES_0a39dc | Flow: Disciplined,5,5,G,G,2d335589158e088b5a0a145a87a2c377ec78717710c3dbb42a9bd0f8dd0b95bf,2.41,SES_0a39dc
22/03/2026 17:30:00,HS_192,11B2,Quy tắc nhân xác suất,Disciplined,"Có 2 kịch bản: (A trúng, B trượt) và (A trượt, B trúng). Phải không thầy?",[P] Đúng rồi! Em tính xác suất cho từng kịch bản đó đi. Nhớ rằng $P(	ext{trượt}) = 1 - P(	ext{trúng})$.,Session: SES_0a39dc | Flow: Disciplined,4,5,P,P,2d335589158e088b5a0a145a87a2c377ec78717710c3dbb42a9bd0f8dd0b95bf,4.95,SES_0a39dc
22/03/2026 17:36:00,HS_192,11B2,Quy tắc nhân xác suất,Disciplined,Em cộng lại ra 0.38. Đúng chưa thầy?,[S] Rất giỏi! Xác suất đúng 1 người trúng là $0.24 + 0.14 = 0.38$. Em đã áp dụng đúng cả quy tắc nhân và quy tắc cộng.,Session: SES_0a39dc | Flow: Disciplined,5,3,S,S,2d335589158e088b5a0a145a87a2c377ec78717710c3dbb42a9bd0f8dd0b95bf,3.87,SES_0a39dc
16/03/2026 16:30:00,HS_147,11A1,Tổ hợp - Chỉnh hợp,Struggler,Em nên dùng tổ hợp hay chỉnh hợp cho bài này?,"[G] Bài này chọn 3 bạn mà không phân chia chức vụ cụ thể, vậy thứ tự có quan trọng không? Nếu không, em dùng $C$ hay $A$?",Session: SES_8129f4 | Flow: Struggler,4,1,G,G,1d4198a8f177bdacff4d8948ef571821d2a62eb327f01943843d940e9c0f3906,11.68,SES_8129f4
16/03/2026 16:42:00,HS_147,11A1,Tổ hợp - Chỉnh hợp,Struggler,Quy tắc ít nhất làm thế nào thầy?,"[G] Với bài toán 'có ít nhất', ta thường dùng biến cố đối. Nếu không có ít nhất 1 nữ, thì 3 bạn được chọn phải như thế nào?",Session: SES_8129f4 | Flow: Struggler,4,2,G,G,1d4198a8f177bdacff4d8948ef571821d2a62eb327f01943843d940e9c0f3906,6.47,SES_8129f4
16/03/2026 16:49:00,HS_147,11A1,Tổ hợp - Chỉnh hợp,Struggler,"Em tính được |Ω| = C(40,3) = 9880. Bước tiếp theo là gì?",[P] Đúng rồi. Bây giờ tính số cách chọn 3 bạn nam từ 18 bạn nam để làm biến cố đối $\bar{A}$. Bước này dùng công thức nào?,Session: SES_8129f4 | Flow: Struggler,3,2,P,P,1d4198a8f177bdacff4d8948ef571821d2a62eb327f01943843d940e9c0f3906,6.51,SES_8129f4
16/03/2026 16:57:00,HS_147,11A1,Tổ hợp - Chỉnh hợp,Struggler,"Số cách chọn nam là C(18,3) phải không thầy?",[P] Chính xác! Em tính ra số cụ thể rồi lấy 1 trừ đi xác suất của $\bar{A}$ là ra kết quả.,Session: SES_8129f4 | Flow: Struggler,3,1,P,P,1d4198a8f177bdacff4d8948ef571821d2a62eb327f01943843d940e9c0f3906,9.59,SES_8129f4
16/03/2026 17:09:00,HS_147,11A1,Tổ hợp - Chỉnh hợp,Struggler,Quy tắc ít nhất làm thế nào thầy?,"[G] Với bài toán 'có ít nhất', ta thường dùng biến cố đối. Nếu không có ít nhất 1 nữ, thì 3 bạn được chọn phải như thế nào?",Session: SES_8129f4 | Flow: Struggler,3,3,G,G,1d4198a8f177bdacff4d8948ef571821d2a62eb327f01943843d940e9c0f3906,10.81,SES_8129f4
16/03/2026 17:20:00,HS_147,11A1,Tổ hợp - Chỉnh hợp,Struggler,"Số cách chọn nam là C(18,3) phải không thầy?",[P] Chính xác! Em tính ra số cụ thể rồi lấy 1 trừ đi xác suất của $\bar{A}$ là ra kết quả.,Session: SES_8129f4 | Flow: Struggler,3,3,P,P,1d4198a8f177bdacff4d8948ef571821d2a62eb327f01943843d940e9c0f3906,5.6,SES_8129f4
16/03/2026 17:27:00,HS_147,11A1,Tổ hợp - Chỉnh hợp,Struggler,"Xác suất là 1 - C(18,3)/C(40,3) = 1 - 816/9880 ≈ 0.917. Đúng chưa thầy?",[S] Tuyệt vời! Kết quả $P \approx 0.917$ là hoàn toàn chính xác. Em đã nắm vững phương pháp dùng biến cố đối!,Session: SES_8129f4 | Flow: Struggler,4,3,S,S,1d4198a8f177bdacff4d8948ef571821d2a62eb327f01943843d940e9c0f3906,9.95,SES_8129f4
21/03/2026 12:02:00,HS_150,11A1,Quy tắc nhân xác suất,Struggler,"Làm sao để biết khi nào dùng cộng, khi nào dùng nhân ạ?","[G] Khi các hành động xảy ra độc lập và liên tiếp (A bắn VÀ B bắn) thì ta dùng quy tắc nhân. Nếu chia các kịch bản riêng biệt thì dùng quy tắc cộng. Ở bài này, 'đúng 1 người trúng' có những kịch bản nào?",Session: SES_93f261 | Flow: Struggler,4,4,G,G,0fe66738a41796525e9efefe7396cfcc12c60321aadff4d9ed939e5d1b1f5f96,9.23,SES_93f261
21/03/2026 12:14:00,HS_150,11A1,Quy tắc nhân xác suất,Struggler,"Làm sao để biết khi nào dùng cộng, khi nào dùng nhân ạ?","[G] Khi các hành động xảy ra độc lập và liên tiếp (A bắn VÀ B bắn) thì ta dùng quy tắc nhân. Nếu chia các kịch bản riêng biệt thì dùng quy tắc cộng. Ở bài này, 'đúng 1 người trúng' có những kịch bản nào?",Session: SES_93f261 | Flow: Struggler,3,5,G,G,0fe66738a41796525e9efefe7396cfcc12c60321aadff4d9ed939e5d1b1f5f96,6.66,SES_93f261
21/03/2026 12:23:00,HS_150,11A1,Quy tắc nhân xác suất,Struggler,"Có 2 kịch bản: (A trúng, B trượt) và (A trượt, B trúng). Phải không thầy?",[P] Đúng rồi! Em tính xác suất cho từng kịch bản đó đi. Nhớ rằng $P(	ext{trượt}) = 1 - P(	ext{trúng})$.,Session: SES_93f261 | Flow: Struggler,4,4,P,P,0fe66738a41796525e9efefe7396cfcc12c60321aadff4d9ed939e5d1b1f5f96,6.0,SES_93f261
21/03/2026 12:31:00,HS_150,11A1,Quy tắc nhân xác suất,Struggler,Kịch bản 1: 0.8 * 0.3 = 0.24. Kịch bản 2: 0.2 * 0.7 = 0.14.,[P] Chính xác. Bây giờ kết hợp hai kịch bản này lại thế nào?,Session: SES_93f261 | Flow: Struggler,4,5,P,P,0fe66738a41796525e9efefe7396cfcc12c60321aadff4d9ed939e5d1b1f5f96,6.2,SES_93f261
21/03/2026 12:40:00,HS_150,11A1,Quy tắc nhân xác suất,Struggler,"Làm sao để biết khi nào dùng cộng, khi nào dùng nhân ạ?","[G] Khi các hành động xảy ra độc lập và liên tiếp (A bắn VÀ B bắn) thì ta dùng quy tắc nhân. Nếu chia các kịch bản riêng biệt thì dùng quy tắc cộng. Ở bài này, 'đúng 1 người trúng' có những kịch bản nào?",Session: SES_93f261 | Flow: Struggler,4,4,G,G,0fe66738a41796525e9efefe7396cfcc12c60321aadff4d9ed939e5d1b1f5f96,7.79,SES_93f261
21/03/2026 12:50:00,HS_150,11A1,Quy tắc nhân xác suất,Struggler,Kịch bản 1: 0.8 * 0.3 = 0.24. Kịch bản 2: 0.2 * 0.7 = 0.14.,[P] Chính xác. Bây giờ kết hợp hai kịch bản này lại thế nào?,Session: SES_93f261 | Flow: Struggler,3,4,P,P,0fe66738a41796525e9efefe7396cfcc12c60321aadff4d9ed939e5d1b1f5f96,6.78,SES_93f261
21/03/2026 12:59:00,HS_150,11A1,Quy tắc nhân xác suất,Struggler,Em cộng lại ra 0.38. Đúng chưa thầy?,[S] Rất giỏi! Xác suất đúng 1 người trúng là $0.24 + 0.14 = 0.38$. Em đã áp dụng đúng cả quy tắc nhân và quy tắc cộng.,Session: SES_93f261 | Flow: Struggler,4,4,S,S,0fe66738a41796525e9efefe7396cfcc12c60321aadff4d9ed939e5d1b1f5f96,7.61,SES_93f261
25/03/2026 09:06:00,HS_130,11A2,Tổ hợp - Chỉnh hợp,Struggler,Em nên dùng tổ hợp hay chỉnh hợp cho bài này?,"[G] Bài này chọn 3 bạn mà không phân chia chức vụ cụ thể, vậy thứ tự có quan trọng không? Nếu không, em dùng $C$ hay $A$?",Session: SES_70909e | Flow: Struggler,3,2,G,G,f7bb1fe2e79dcab3bfd437f13dafd1516d81f86f5bc53ea6688fc134b30bef11,11.61,SES_70909e
25/03/2026 09:18:00,HS_130,11A2,Tổ hợp - Chỉnh hợp,Struggler,Quy tắc ít nhất làm thế nào thầy?,"[G] Với bài toán 'có ít nhất', ta thường dùng biến cố đối. Nếu không có ít nhất 1 nữ, thì 3 bạn được chọn phải như thế nào?",Session: SES_70909e | Flow: Struggler,4,1,G,G,f7bb1fe2e79dcab3bfd437f13dafd1516d81f86f5bc53ea6688fc134b30bef11,11.21,SES_70909e
25/03/2026 09:32:00,HS_130,11A2,Tổ hợp - Chỉnh hợp,Struggler,"Em tính được |Ω| = C(40,3) = 9880. Bước tiếp theo là gì?",[P] Đúng rồi. Bây giờ tính số cách chọn 3 bạn nam từ 18 bạn nam để làm biến cố đối $\bar{A}$. Bước này dùng công thức nào?,Session: SES_70909e | Flow: Struggler,3,3,P,P,f7bb1fe2e79dcab3bfd437f13dafd1516d81f86f5bc53ea6688fc134b30bef11,6.32,SES_70909e
25/03/2026 09:41:00,HS_130,11A2,Tổ hợp - Chỉnh hợp,Struggler,"Số cách chọn nam là C(18,3) phải không thầy?",[P] Chính xác! Em tính ra số cụ thể rồi lấy 1 trừ đi xác suất của $\bar{A}$ là ra kết quả.,Session: SES_70909e | Flow: Struggler,4,3,P,P,f7bb1fe2e79dcab3bfd437f13dafd1516d81f86f5bc53ea6688fc134b30bef11,9.55,SES_70909e
25/03/2026 09:52:00,HS_130,11A2,Tổ hợp - Chỉnh hợp,Struggler,Quy tắc ít nhất làm thế nào thầy?,"[G] Với bài toán 'có ít nhất', ta thường dùng biến cố đối. Nếu không có ít nhất 1 nữ, thì 3 bạn được chọn phải như thế nào?",Session: SES_70909e | Flow: Struggler,3,3,G,G,f7bb1fe2e79dcab3bfd437f13dafd1516d81f86f5bc53ea6688fc134b30bef11,8.83,SES_70909e
25/03/2026 10:02:00,HS_130,11A2,Tổ hợp - Chỉnh hợp,Struggler,"Số cách chọn nam là C(18,3) phải không thầy?",[P] Chính xác! Em tính ra số cụ thể rồi lấy 1 trừ đi xác suất của $\bar{A}$ là ra kết quả.,Session: SES_70909e | Flow: Struggler,3,3,P,P,f7bb1fe2e79dcab3bfd437f13dafd1516d81f86f5bc53ea6688fc134b30bef11,6.63,SES_70909e
25/03/2026 10:11:00,HS_130,11A2,Tổ hợp - Chỉnh hợp,Struggler,"Xác suất là 1 - C(18,3)/C(40,3) = 1 - 816/9880 ≈ 0.917. Đúng chưa thầy?",[S] Tuyệt vời! Kết quả $P \approx 0.917$ là hoàn toàn chính xác. Em đã nắm vững phương pháp dùng biến cố đối!,Session: SES_70909e | Flow: Struggler,4,1,S,S,f7bb1fe2e79dcab3bfd437f13dafd1516d81f86f5bc53ea6688fc134b30bef11,8.42,SES_70909e
25/03/2026 10:21:00,HS_130,11A2,Tổ hợp - Chỉnh hợp,Struggler,Tại sao dùng biến cố đối lại nhanh hơn liệt kê ạ?,"[S] Bởi vì nếu liệt kê, em phải chia 3 trường hợp: 1 nữ 2 nam, 2 nữ 1 nam, và 3 nữ. Dùng biến cố đối chỉ cần tính 1 trường hợp duy nhất rồi lấy phần bù.",Session: SES_70909e | Flow: Struggler | Reflection,4,1,S,S,f7bb1fe2e79dcab3bfd437f13dafd1516d81f86f5bc53ea6688fc134b30bef11,8.42,SES_70909e
29/03/2026 14:44:00,HS_142,11A1,Quy tắc nhân xác suất,Disciplined,"Làm sao để biết khi nào dùng cộng, khi nào dùng nhân ạ?","[G] Khi các hành động xảy ra độc lập và liên tiếp (A bắn VÀ B bắn) thì ta dùng quy tắc nhân. Nếu chia các kịch bản riêng biệt thì dùng quy tắc cộng. Ở bài này, 'đúng 1 người trúng' có những kịch bản nào?",Session: SES_13219f | Flow: Disciplined,4,4,G,G,25129607520d43c6f580dca36e8a2986bde96fe6eb676cc074ec765325393929,3.56,SES_13219f
29/03/2026 14:49:00,HS_142,11A1,Quy tắc nhân xác suất,Disciplined,"Có 2 kịch bản: (A trúng, B trượt) và (A trượt, B trúng). Phải không thầy?",[P] Đúng rồi! Em tính xác suất cho từng kịch bản đó đi. Nhớ rằng $P(	ext{trượt}) = 1 - P(	ext{trúng})$.,Session: SES_13219f | Flow: Disciplined,4,4,P,P,25129607520d43c6f580dca36e8a2986bde96fe6eb676cc074ec765325393929,2.67,SES_13219f
29/03/2026 14:54:00,HS_142,11A1,Quy tắc nhân xác suất,Disciplined,Em cộng lại ra 0.38. Đúng chưa thầy?,[S] Rất giỏi! Xác suất đúng 1 người trúng là $0.24 + 0.14 = 0.38$. Em đã áp dụng đúng cả quy tắc nhân và quy tắc cộng.,Session: SES_13219f | Flow: Disciplined,5,3,S,S,25129607520d43c6f580dca36e8a2986bde96fe6eb676cc074ec765325393929,4.88,SES_13219f
04/04/2026 09:07:00,HS_114,11B1,Tổ hợp - Chỉnh hợp,Disciplined,Em nên dùng tổ hợp hay chỉnh hợp cho bài này?,"[G] Bài này chọn 3 bạn mà không phân chia chức vụ cụ thể, vậy thứ tự có quan trọng không? Nếu không, em dùng $C$ hay $A$?",Session: SES_60acdc | Flow: Disciplined,5,2,G,G,27b3a0fcf3b10c2e560937df8a4f2a000c7d9a30f41f0d05e5d3e9331bf7e91e,4.89,SES_60acdc
04/04/2026 09:12:00,HS_114,11B1,Tổ hợp - Chỉnh hợp,Disciplined,"Em tính được |Ω| = C(40,3) = 9880. Bước tiếp theo là gì?",[P] Đúng rồi. Bây giờ tính số cách chọn 3 bạn nam từ 18 bạn nam để làm biến cố đối $\bar{A}$. Bước này dùng công thức nào?,Session: SES_60acdc | Flow: Disciplined,4,1,P,P,27b3a0fcf3b10c2e560937df8a4f2a000c7d9a30f41f0d05e5d3e9331bf7e91e,2.49,SES_60acdc
04/04/2026 09:17:00,HS_114,11B1,Tổ hợp - Chỉnh hợp,Disciplined,"Xác suất là 1 - C(18,3)/C(40,3) = 1 - 816/9880 ≈ 0.917. Đúng chưa thầy?",[S] Tuyệt vời! Kết quả $P \approx 0.917$ là hoàn toàn chính xác. Em đã nắm vững phương pháp dùng biến cố đối!,Session: SES_60acdc | Flow: Disciplined,5,2,S,S,27b3a0fcf3b10c2e560937df8a4f2a000c7d9a30f41f0d05e5d3e9331bf7e91e,2.62,SES_60acdc
04/04/2026 09:22:00,HS_114,11B1,Tổ hợp - Chỉnh hợp,Disciplined,Tại sao dùng biến cố đối lại nhanh hơn liệt kê ạ?,"[S] Bởi vì nếu liệt kê, em phải chia 3 trường hợp: 1 nữ 2 nam, 2 nữ 1 nam, và 3 nữ. Dùng biến cố đối chỉ cần tính 1 trường hợp duy nhất rồi lấy phần bù.",Session: SES_60acdc | Flow: Disciplined | Reflection,5,2,S,S,27b3a0fcf3b10c2e560937df8a4f2a000c7d9a30f41f0d05e5d3e9331bf7e91e,2.62,SES_60acdc
01/04/2026 08:12:00,HS_135,11B1,Xác suất cổ điển,Impatient,"Cho em xin đáp án bài này luôn đi thầy, em đang vội.",[G] Thầy không cho đáp án trực tiếp đâu nhé. Em hãy thử đọc đề và cho thầy biết: thứ tự chọn ở đây có quan trọng không?,Session: SES_441728 | Flow: Impatient,4,2,G,G,c7e87c7a3af8d4207bc693f4b5b5f1b0e59b66ed6200422d75feb818e61f0310,3.17,SES_441728
01/04/2026 08:17:00,HS_135,11B1,Xác suất cổ điển,Impatient,Bài này không gian mẫu là 12 hay 36 ạ?,"[G] Mỗi con xúc sắc có 6 mặt, khi gieo 2 con thì mỗi khả năng của con thứ nhất đi kèm với 6 khả năng của con thứ hai. Vậy $|\Omega| = 6 	imes 6$ hay $6+6$?",Session: SES_441728 | Flow: Impatient,3,2,G,G,c7e87c7a3af8d4207bc693f4b5b5f1b0e59b66ed6200422d75feb818e61f0310,1.8,SES_441728
01/04/2026 08:19:00,HS_135,11B1,Xác suất cổ điển,Impatient,"|Ω| = 36. Giờ em liệt kê các cặp tổng bằng 5: (1,4), (2,3), (3,2), (4,1). Hết chưa thầy?",[P] Đủ cho tổng bằng 5 rồi. Nhưng còn tổng bằng bao nhiêu nữa mà vẫn chia hết cho 5 trong khoảng từ 2 đến 12?,Session: SES_441728 | Flow: Impatient,2,3,P,P,c7e87c7a3af8d4207bc693f4b5b5f1b0e59b66ed6200422d75feb818e61f0310,1.9,SES_441728
01/04/2026 08:21:00,HS_135,11B1,Xác suất cổ điển,Impatient,Có 7 cặp. Vậy xác suất là 7/36 ạ?,[S] Đáp án chính xác! $P(A) = 7/36$. Em đã liệt kê rất cẩn thận và không bỏ sót trường hợp nào.,Session: SES_441728 | Flow: Impatient,2,2,S,S,c7e87c7a3af8d4207bc693f4b5b5f1b0e59b66ed6200422d75feb818e61f0310,3.62,SES_441728
09/04/2026 10:28:00,HS_144,11B1,Quy tắc nhân xác suất,Gifted,"Làm sao để biết khi nào dùng cộng, khi nào dùng nhân ạ?","[G] Khi các hành động xảy ra độc lập và liên tiếp (A bắn VÀ B bắn) thì ta dùng quy tắc nhân. Nếu chia các kịch bản riêng biệt thì dùng quy tắc cộng. Ở bài này, 'đúng 1 người trúng' có những kịch bản nào?",Session: SES_f4ba13 | Flow: Gifted,5,4,G,G,db773754c23ee39b0cb434cc8bfdec2de8f013810f049c7a686a17ab06d2331f,2.35,SES_f4ba13
09/04/2026 10:32:00,HS_144,11B1,Quy tắc nhân xác suất,Gifted,Em cộng lại ra 0.38. Đúng chưa thầy?,[S] Rất giỏi! Xác suất đúng 1 người trúng là $0.24 + 0.14 = 0.38$. Em đã áp dụng đúng cả quy tắc nhân và quy tắc cộng.,Session: SES_f4ba13 | Flow: Gifted,5,3,S,S,db773754c23ee39b0cb434cc8bfdec2de8f013810f049c7a686a17ab06d2331f,1.51,SES_f4ba13
11/04/2026 10:44:00,HS_112,11A2,Xác suất cổ điển,Gifted,Bài này không gian mẫu là 12 hay 36 ạ?,"[G] Mỗi con xúc sắc có 6 mặt, khi gieo 2 con thì mỗi khả năng của con thứ nhất đi kèm với 6 khả năng của con thứ hai. Vậy $|\Omega| = 6 	imes 6$ hay $6+6$?",Session: SES_bc2ee8 | Flow: Gifted,5,3,G,G,0998ab040ed8865db5db03021a53baa77772bb6ed465e198e75d8586ba0e1429,2.96,SES_bc2ee8
11/04/2026 10:47:00,HS_112,11A2,Xác suất cổ điển,Gifted,Có 7 cặp. Vậy xác suất là 7/36 ạ?,[S] Đáp án chính xác! $P(A) = 7/36$. Em đã liệt kê rất cẩn thận và không bỏ sót trường hợp nào.,Session: SES_bc2ee8 | Flow: Gifted,5,4,S,S,0998ab040ed8865db5db03021a53baa77772bb6ed465e198e75d8586ba0e1429,1.34,SES_bc2ee8
25/03/2026 08:08:00,HS_169,11B1,Quy tắc nhân xác suất,Impatient,"Cho em xin đáp án bài này luôn đi thầy, em đang vội.",[G] Thầy không cho đáp án trực tiếp đâu nhé. Em hãy thử đọc đề và cho thầy biết: thứ tự chọn ở đây có quan trọng không?,Session: SES_a1ce90 | Flow: Impatient,2,3,G,G,1593fe2b30ec40066fecad3f9b084e454b827de305a7f79efe8f7acc51c81323,2.2,SES_a1ce90
25/03/2026 08:11:00,HS_169,11B1,Quy tắc nhân xác suất,Impatient,"Làm sao để biết khi nào dùng cộng, khi nào dùng nhân ạ?","[G] Khi các hành động xảy ra độc lập và liên tiếp (A bắn VÀ B bắn) thì ta dùng quy tắc nhân. Nếu chia các kịch bản riêng biệt thì dùng quy tắc cộng. Ở bài này, 'đúng 1 người trúng' có những kịch bản nào?",Session: SES_a1ce90 | Flow: Impatient,3,4,G,G,1593fe2b30ec40066fecad3f9b084e454b827de305a7f79efe8f7acc51c81323,3.7,SES_a1ce90
25/03/2026 08:17:00,HS_169,11B1,Quy tắc nhân xác suất,Impatient,"Có 2 kịch bản: (A trúng, B trượt) và (A trượt, B trúng). Phải không thầy?",[P] Đúng rồi! Em tính xác suất cho từng kịch bản đó đi. Nhớ rằng $P(	ext{trượt}) = 1 - P(	ext{trúng})$.,Session: SES_a1ce90 | Flow: Impatient,2,4,P,P,1593fe2b30ec40066fecad3f9b084e454b827de305a7f79efe8f7acc51c81323,1.38,SES_a1ce90
25/03/2026 08:19:00,HS_169,11B1,Quy tắc nhân xác suất,Impatient,Em cộng lại ra 0.38. Đúng chưa thầy?,[S] Rất giỏi! Xác suất đúng 1 người trúng là $0.24 + 0.14 = 0.38$. Em đã áp dụng đúng cả quy tắc nhân và quy tắc cộng.,Session: SES_a1ce90 | Flow: Impatient,4,5,S,S,1593fe2b30ec40066fecad3f9b084e454b827de305a7f79efe8f7acc51c81323,3.12,SES_a1ce90
23/03/2026 16:29:00,HS_163,11B2,Tổ hợp - Chỉnh hợp,Struggler,Em nên dùng tổ hợp hay chỉnh hợp cho bài này?,"[G] Bài này chọn 3 bạn mà không phân chia chức vụ cụ thể, vậy thứ tự có quan trọng không? Nếu không, em dùng $C$ hay $A$?",Session: SES_b93a12 | Flow: Struggler,4,1,G,G,db90c63c83e12f1b637d708adfaf825c0d87b87a052ac79dbe8b468580312f3e,7.72,SES_b93a12
23/03/2026 16:39:00,HS_163,11B2,Tổ hợp - Chỉnh hợp,Struggler,Quy tắc ít nhất làm thế nào thầy?,"[G] Với bài toán 'có ít nhất', ta thường dùng biến cố đối. Nếu không có ít nhất 1 nữ, thì 3 bạn được chọn phải như thế nào?",Session: SES_b93a12 | Flow: Struggler,3,3,G,G,db90c63c83e12f1b637d708adfaf825c0d87b87a052ac79dbe8b468580312f3e,7.57,SES_b93a12
23/03/2026 16:47:00,HS_163,11B2,Tổ hợp - Chỉnh hợp,Struggler,"Em tính được |Ω| = C(40,3) = 9880. Bước tiếp theo là gì?",[P] Đúng rồi. Bây giờ tính số cách chọn 3 bạn nam từ 18 bạn nam để làm biến cố đối $\bar{A}$. Bước này dùng công thức nào?,Session: SES_b93a12 | Flow: Struggler,4,2,P,P,db90c63c83e12f1b637d708adfaf825c0d87b87a052ac79dbe8b468580312f3e,7.06,SES_b93a12
23/03/2026 16:55:00,HS_163,11B2,Tổ hợp - Chỉnh hợp,Struggler,"Số cách chọn nam là C(18,3) phải không thầy?",[P] Chính xác! Em tính ra số cụ thể rồi lấy 1 trừ đi xác suất của $\bar{A}$ là ra kết quả.,Session: SES_b93a12 | Flow: Struggler,4,2,P,P,db90c63c83e12f1b637d708adfaf825c0d87b87a052ac79dbe8b468580312f3e,7.44,SES_b93a12
23/03/2026 17:05:00,HS_163,11B2,Tổ hợp - Chỉnh hợp,Struggler,Quy tắc ít nhất làm thế nào thầy?,"[G] Với bài toán 'có ít nhất', ta thường dùng biến cố đối. Nếu không có ít nhất 1 nữ, thì 3 bạn được chọn phải như thế nào?",Session: SES_b93a12 | Flow: Struggler,4,2,G,G,db90c63c83e12f1b637d708adfaf825c0d87b87a052ac79dbe8b468580312f3e,9.45,SES_b93a12
23/03/2026 17:15:00,HS_163,11B2,Tổ hợp - Chỉnh hợp,Struggler,"Số cách chọn nam là C(18,3) phải không thầy?",[P] Chính xác! Em tính ra số cụ thể rồi lấy 1 trừ đi xác suất của $\bar{A}$ là ra kết quả.,Session: SES_b93a12 | Flow: Struggler,3,3,P,P,db90c63c83e12f1b637d708adfaf825c0d87b87a052ac79dbe8b468580312f3e,11.88,SES_b93a12
23/03/2026 17:29:00,HS_163,11B2,Tổ hợp - Chỉnh hợp,Struggler,"Xác suất là 1 - C(18,3)/C(40,3) = 1 - 816/9880 ≈ 0.917. Đúng chưa thầy?",[S] Tuyệt vời! Kết quả $P \approx 0.917$ là hoàn toàn chính xác. Em đã nắm vững phương pháp dùng biến cố đối!,Session: SES_b93a12 | Flow: Struggler,3,3,S,S,db90c63c83e12f1b637d708adfaf825c0d87b87a052ac79dbe8b468580312f3e,5.15,SES_b93a12
23/03/2026 17:35:00,HS_163,11B2,Tổ hợp - Chỉnh hợp,Struggler,Tại sao dùng biến cố đối lại nhanh hơn liệt kê ạ?,"[S] Bởi vì nếu liệt kê, em phải chia 3 trường hợp: 1 nữ 2 nam, 2 nữ 1 nam, và 3 nữ. Dùng biến cố đối chỉ cần tính 1 trường hợp duy nhất rồi lấy phần bù.",Session: SES_b93a12 | Flow: Struggler | Reflection,3,3,S,S,db90c63c83e12f1b637d708adfaf825c0d87b87a052ac79dbe8b468580312f3e,5.15,SES_b93a12
27/03/2026 14:37:00,HS_184,11B1,Tổ hợp - Chỉnh hợp,Gifted,Em nên dùng tổ hợp hay chỉnh hợp cho bài này?,"[G] Bài này chọn 3 bạn mà không phân chia chức vụ cụ thể, vậy thứ tự có quan trọng không? Nếu không, em dùng $C$ hay $A$?",Session: SES_7f78f1 | Flow: Gifted,5,3,G,G,c5d4770df464d244942e3e42e52844df95951bbd4bce316ca683ffce6a11c439,2.84,SES_7f78f1
27/03/2026 14:41:00,HS_184,11B1,Tổ hợp - Chỉnh hợp,Gifted,"Xác suất là 1 - C(18,3)/C(40,3) = 1 - 816/9880 ≈ 0.917. Đúng chưa thầy?",[S] Tuyệt vời! Kết quả $P \approx 0.917$ là hoàn toàn chính xác. Em đã nắm vững phương pháp dùng biến cố đối!,Session: SES_7f78f1 | Flow: Gifted,5,1,S,S,c5d4770df464d244942e3e42e52844df95951bbd4bce316ca683ffce6a11c439,2.72,SES_7f78f1
27/03/2026 14:45:00,HS_184,11B1,Tổ hợp - Chỉnh hợp,Gifted,Tại sao dùng biến cố đối lại nhanh hơn liệt kê ạ?,"[S] Bởi vì nếu liệt kê, em phải chia 3 trường hợp: 1 nữ 2 nam, 2 nữ 1 nam, và 3 nữ. Dùng biến cố đối chỉ cần tính 1 trường hợp duy nhất rồi lấy phần bù.",Session: SES_7f78f1 | Flow: Gifted | Reflection,5,1,S,S,c5d4770df464d244942e3e42e52844df95951bbd4bce316ca683ffce6a11c439,2.72,SES_7f78f1
01/04/2026 16:44:00,HS_163,11A1,Tổ hợp - Chỉnh hợp,Impatient,"Cho em xin đáp án bài này luôn đi thầy, em đang vội.",[G] Thầy không cho đáp án trực tiếp đâu nhé. Em hãy thử đọc đề và cho thầy biết: thứ tự chọn ở đây có quan trọng không?,Session: SES_203846 | Flow: Impatient,3,2,G,G,db90c63c83e12f1b637d708adfaf825c0d87b87a052ac79dbe8b468580312f3e,1.9,SES_203846
01/04/2026 16:48:00,HS_163,11A1,Tổ hợp - Chỉnh hợp,Impatient,Em nên dùng tổ hợp hay chỉnh hợp cho bài này?,"[G] Bài này chọn 3 bạn mà không phân chia chức vụ cụ thể, vậy thứ tự có quan trọng không? Nếu không, em dùng $C$ hay $A$?",Session: SES_203846 | Flow: Impatient,3,3,G,G,db90c63c83e12f1b637d708adfaf825c0d87b87a052ac79dbe8b468580312f3e,2.61,SES_203846
01/04/2026 16:53:00,HS_163,11A1,Tổ hợp - Chỉnh hợp,Impatient,"Em tính được |Ω| = C(40,3) = 9880. Bước tiếp theo là gì?",[P] Đúng rồi. Bây giờ tính số cách chọn 3 bạn nam từ 18 bạn nam để làm biến cố đối $\bar{A}$. Bước này dùng công thức nào?,Session: SES_203846 | Flow: Impatient,2,3,P,P,db90c63c83e12f1b637d708adfaf825c0d87b87a052ac79dbe8b468580312f3e,1.2,SES_203846
01/04/2026 16:56:00,HS_163,11A1,Tổ hợp - Chỉnh hợp,Impatient,"Xác suất là 1 - C(18,3)/C(40,3) = 1 - 816/9880 ≈ 0.917. Đúng chưa thầy?",[S] Tuyệt vời! Kết quả $P \approx 0.917$ là hoàn toàn chính xác. Em đã nắm vững phương pháp dùng biến cố đối!,Session: SES_203846 | Flow: Impatient,3,3,S,S,db90c63c83e12f1b637d708adfaf825c0d87b87a052ac79dbe8b468580312f3e,2.71,SES_203846
26/03/2026 13:14:00,HS_143,11B1,Tổ hợp - Chỉnh hợp,Gifted,Em nên dùng tổ hợp hay chỉnh hợp cho bài này?,"[G] Bài này chọn 3 bạn mà không phân chia chức vụ cụ thể, vậy thứ tự có quan trọng không? Nếu không, em dùng $C$ hay $A$?",Session: SES_f36226 | Flow: Gifted,5,2,G,G,90b498d2749c491b897256653c3ec8494068586c7f9da8ec4940643ea016b060,2.32,SES_f36226
26/03/2026 13:19:00,HS_143,11B1,Tổ hợp - Chỉnh hợp,Gifted,"Xác suất là 1 - C(18,3)/C(40,3) = 1 - 816/9880 ≈ 0.917. Đúng chưa thầy?",[S] Tuyệt vời! Kết quả $P \approx 0.917$ là hoàn toàn chính xác. Em đã nắm vững phương pháp dùng biến cố đối!,Session: SES_f36226 | Flow: Gifted,5,2,S,S,90b498d2749c491b897256653c3ec8494068586c7f9da8ec4940643ea016b060,2.43,SES_f36226
03/04/2026 08:44:00,HS_153,11B1,Tổ hợp - Chỉnh hợp,Disciplined,Em nên dùng tổ hợp hay chỉnh hợp cho bài này?,"[G] Bài này chọn 3 bạn mà không phân chia chức vụ cụ thể, vậy thứ tự có quan trọng không? Nếu không, em dùng $C$ hay $A$?",Session: SES_5e6ed8 | Flow: Disciplined,4,3,G,G,97135487fc07962cdc318d0e3d33967791076f07b94602f09521622e4542729c,3.1,SES_5e6ed8
03/04/2026 08:49:00,HS_153,11B1,Tổ hợp - Chỉnh hợp,Disciplined,"Em tính được |Ω| = C(40,3) = 9880. Bước tiếp theo là gì?",[P] Đúng rồi. Bây giờ tính số cách chọn 3 bạn nam từ 18 bạn nam để làm biến cố đối $\bar{A}$. Bước này dùng công thức nào?,Session: SES_5e6ed8 | Flow: Disciplined,5,1,P,P,97135487fc07962cdc318d0e3d33967791076f07b94602f09521622e4542729c,4.65,SES_5e6ed8
03/04/2026 08:56:00,HS_153,11B1,Tổ hợp - Chỉnh hợp,Disciplined,"Xác suất là 1 - C(18,3)/C(40,3) = 1 - 816/9880 ≈ 0.917. Đúng chưa thầy?",[S] Tuyệt vời! Kết quả $P \approx 0.917$ là hoàn toàn chính xác. Em đã nắm vững phương pháp dùng biến cố đối!,Session: SES_5e6ed8 | Flow: Disciplined,4,2,S,S,97135487fc07962cdc318d0e3d33967791076f07b94602f09521622e4542729c,4.25,SES_5e6ed8
03/04/2026 09:02:00,HS_153,11B1,Tổ hợp - Chỉnh hợp,Disciplined,Tại sao dùng biến cố đối lại nhanh hơn liệt kê ạ?,"[S] Bởi vì nếu liệt kê, em phải chia 3 trường hợp: 1 nữ 2 nam, 2 nữ 1 nam, và 3 nữ. Dùng biến cố đối chỉ cần tính 1 trường hợp duy nhất rồi lấy phần bù.",Session: SES_5e6ed8 | Flow: Disciplined | Reflection,4,2,S,S,97135487fc07962cdc318d0e3d33967791076f07b94602f09521622e4542729c,4.25,SES_5e6ed8
17/03/2026 10:37:00,HS_196,11B2,Xác suất cổ điển,Struggler,Bài này không gian mẫu là 12 hay 36 ạ?,"[G] Mỗi con xúc sắc có 6 mặt, khi gieo 2 con thì mỗi khả năng của con thứ nhất đi kèm với 6 khả năng của con thứ hai. Vậy $|\Omega| = 6 	imes 6$ hay $6+6$?",Session: SES_8c0d4e | Flow: Struggler,4,4,G,G,0322daf710b4db620f59a3772dfadaac50ce1e92905db01029a33439cff6a457,9.44,SES_8c0d4e
17/03/2026 10:49:00,HS_196,11B2,Xác suất cổ điển,Struggler,Bài này không gian mẫu là 12 hay 36 ạ?,"[G] Mỗi con xúc sắc có 6 mặt, khi gieo 2 con thì mỗi khả năng của con thứ nhất đi kèm với 6 khả năng của con thứ hai. Vậy $|\Omega| = 6 	imes 6$ hay $6+6$?",Session: SES_8c0d4e | Flow: Struggler,3,3,G,G,0322daf710b4db620f59a3772dfadaac50ce1e92905db01029a33439cff6a457,5.65,SES_8c0d4e
17/03/2026 10:55:00,HS_196,11B2,Xác suất cổ điển,Struggler,"|Ω| = 36. Giờ em liệt kê các cặp tổng bằng 5: (1,4), (2,3), (3,2), (4,1). Hết chưa thầy?",[P] Đủ cho tổng bằng 5 rồi. Nhưng còn tổng bằng bao nhiêu nữa mà vẫn chia hết cho 5 trong khoảng từ 2 đến 12?,Session: SES_8c0d4e | Flow: Struggler,3,4,P,P,0322daf710b4db620f59a3772dfadaac50ce1e92905db01029a33439cff6a457,8.46,SES_8c0d4e
17/03/2026 11:05:00,HS_196,11B2,Xác suất cổ điển,Struggler,"Dạ còn tổng bằng 10: (4,6), (5,5), (6,4).",[P] Rất tốt. Tổng cộng em có bao nhiêu cặp thuận lợi cả thảy?,Session: SES_8c0d4e | Flow: Struggler,4,3,P,P,0322daf710b4db620f59a3772dfadaac50ce1e92905db01029a33439cff6a457,5.55,SES_8c0d4e
17/03/2026 11:13:00,HS_196,11B2,Xác suất cổ điển,Struggler,Bài này không gian mẫu là 12 hay 36 ạ?,"[G] Mỗi con xúc sắc có 6 mặt, khi gieo 2 con thì mỗi khả năng của con thứ nhất đi kèm với 6 khả năng của con thứ hai. Vậy $|\Omega| = 6 	imes 6$ hay $6+6$?",Session: SES_8c0d4e | Flow: Struggler,3,4,G,G,0322daf710b4db620f59a3772dfadaac50ce1e92905db01029a33439cff6a457,9.27,SES_8c0d4e
17/03/2026 11:24:00,HS_196,11B2,Xác suất cổ điển,Struggler,"Dạ còn tổng bằng 10: (4,6), (5,5), (6,4).",[P] Rất tốt. Tổng cộng em có bao nhiêu cặp thuận lợi cả thảy?,Session: SES_8c0d4e | Flow: Struggler,3,2,P,P,0322daf710b4db620f59a3772dfadaac50ce1e92905db01029a33439cff6a457,11.39,SES_8c0d4e
17/03/2026 11:37:00,HS_196,11B2,Xác suất cổ điển,Struggler,Có 7 cặp. Vậy xác suất là 7/36 ạ?,[S] Đáp án chính xác! $P(A) = 7/36$. Em đã liệt kê rất cẩn thận và không bỏ sót trường hợp nào.,Session: SES_8c0d4e | Flow: Struggler,3,2,S,S,0322daf710b4db620f59a3772dfadaac50ce1e92905db01029a33439cff6a457,9.18,SES_8c0d4e
12/04/2026 15:45:00,HS_175,11B2,Quy tắc nhân xác suất,Impatient,"Cho em xin đáp án bài này luôn đi thầy, em đang vội.",[G] Thầy không cho đáp án trực tiếp đâu nhé. Em hãy thử đọc đề và cho thầy biết: thứ tự chọn ở đây có quan trọng không?,Session: SES_a56ccd | Flow: Impatient,3,4,G,G,320d3b4b32aaae6923be29b3f579ecaff0ddc24420f125fb953a4bf79b681c06,3.95,SES_a56ccd
12/04/2026 15:50:00,HS_175,11B2,Quy tắc nhân xác suất,Impatient,"Làm sao để biết khi nào dùng cộng, khi nào dùng nhân ạ?","[G] Khi các hành động xảy ra độc lập và liên tiếp (A bắn VÀ B bắn) thì ta dùng quy tắc nhân. Nếu chia các kịch bản riêng biệt thì dùng quy tắc cộng. Ở bài này, 'đúng 1 người trúng' có những kịch bản nào?",Session: SES_a56ccd | Flow: Impatient,3,5,G,G,320d3b4b32aaae6923be29b3f579ecaff0ddc24420f125fb953a4bf79b681c06,3.32,SES_a56ccd
12/04/2026 15:54:00,HS_175,11B2,Quy tắc nhân xác suất,Impatient,"Có 2 kịch bản: (A trúng, B trượt) và (A trượt, B trúng). Phải không thầy?",[P] Đúng rồi! Em tính xác suất cho từng kịch bản đó đi. Nhớ rằng $P(	ext{trượt}) = 1 - P(	ext{trúng})$.,Session: SES_a56ccd | Flow: Impatient,3,4,P,P,320d3b4b32aaae6923be29b3f579ecaff0ddc24420f125fb953a4bf79b681c06,1.43,SES_a56ccd
12/04/2026 15:57:00,HS_175,11B2,Quy tắc nhân xác suất,Impatient,Em cộng lại ra 0.38. Đúng chưa thầy?,[S] Rất giỏi! Xác suất đúng 1 người trúng là $0.24 + 0.14 = 0.38$. Em đã áp dụng đúng cả quy tắc nhân và quy tắc cộng.,Session: SES_a56ccd | Flow: Impatient,2,3,S,S,320d3b4b32aaae6923be29b3f579ecaff0ddc24420f125fb953a4bf79b681c06,2.3,SES_a56ccd
20/03/2026 16:22:00,HS_176,11A2,Quy tắc nhân xác suất,Gifted,"Làm sao để biết khi nào dùng cộng, khi nào dùng nhân ạ?","[G] Khi các hành động xảy ra độc lập và liên tiếp (A bắn VÀ B bắn) thì ta dùng quy tắc nhân. Nếu chia các kịch bản riêng biệt thì dùng quy tắc cộng. Ở bài này, 'đúng 1 người trúng' có những kịch bản nào?",Session: SES_cc4a90 | Flow: Gifted,5,3,G,G,b6cfb4428a19243f329a708f77c77cf5917746eb87996468e02cc255fecb9a34,2.27,SES_cc4a90
20/03/2026 16:27:00,HS_176,11A2,Quy tắc nhân xác suất,Gifted,Em cộng lại ra 0.38. Đúng chưa thầy?,[S] Rất giỏi! Xác suất đúng 1 người trúng là $0.24 + 0.14 = 0.38$. Em đã áp dụng đúng cả quy tắc nhân và quy tắc cộng.,Session: SES_cc4a90 | Flow: Gifted,5,3,S,S,b6cfb4428a19243f329a708f77c77cf5917746eb87996468e02cc255fecb9a34,1.2,SES_cc4a90
19/03/2026 15:20:00,HS_145,11B1,Quy tắc nhân xác suất,Struggler,"Làm sao để biết khi nào dùng cộng, khi nào dùng nhân ạ?","[G] Khi các hành động xảy ra độc lập và liên tiếp (A bắn VÀ B bắn) thì ta dùng quy tắc nhân. Nếu chia các kịch bản riêng biệt thì dùng quy tắc cộng. Ở bài này, 'đúng 1 người trúng' có những kịch bản nào?",Session: SES_b119f7 | Flow: Struggler,3,3,G,G,12cd8649c4df2cba453a39ea1d5f316feadbc3b8ee821e7ef225e21885a8538f,5.73,SES_b119f7
19/03/2026 15:27:00,HS_145,11B1,Quy tắc nhân xác suất,Struggler,"Làm sao để biết khi nào dùng cộng, khi nào dùng nhân ạ?","[G] Khi các hành động xảy ra độc lập và liên tiếp (A bắn VÀ B bắn) thì ta dùng quy tắc nhân. Nếu chia các kịch bản riêng biệt thì dùng quy tắc cộng. Ở bài này, 'đúng 1 người trúng' có những kịch bản nào?",Session: SES_b119f7 | Flow: Struggler,4,3,G,G,12cd8649c4df2cba453a39ea1d5f316feadbc3b8ee821e7ef225e21885a8538f,8.71,SES_b119f7
19/03/2026 15:37:00,HS_145,11B1,Quy tắc nhân xác suất,Struggler,"Có 2 kịch bản: (A trúng, B trượt) và (A trượt, B trúng). Phải không thầy?",[P] Đúng rồi! Em tính xác suất cho từng kịch bản đó đi. Nhớ rằng $P(	ext{trượt}) = 1 - P(	ext{trúng})$.,Session: SES_b119f7 | Flow: Struggler,3,5,P,P,12cd8649c4df2cba453a39ea1d5f316feadbc3b8ee821e7ef225e21885a8538f,11.75,SES_b119f7
19/03/2026 15:51:00,HS_145,11B1,Quy tắc nhân xác suất,Struggler,Kịch bản 1: 0.8 * 0.3 = 0.24. Kịch bản 2: 0.2 * 0.7 = 0.14.,[P] Chính xác. Bây giờ kết hợp hai kịch bản này lại thế nào?,Session: SES_b119f7 | Flow: Struggler,4,3,P,P,12cd8649c4df2cba453a39ea1d5f316feadbc3b8ee821e7ef225e21885a8538f,5.28,SES_b119f7
19/03/2026 15:57:00,HS_145,11B1,Quy tắc nhân xác suất,Struggler,"Làm sao để biết khi nào dùng cộng, khi nào dùng nhân ạ?","[G] Khi các hành động xảy ra độc lập và liên tiếp (A bắn VÀ B bắn) thì ta dùng quy tắc nhân. Nếu chia các kịch bản riêng biệt thì dùng quy tắc cộng. Ở bài này, 'đúng 1 người trúng' có những kịch bản nào?",Session: SES_b119f7 | Flow: Struggler,4,4,G,G,12cd8649c4df2cba453a39ea1d5f316feadbc3b8ee821e7ef225e21885a8538f,5.76,SES_b119f7
19/03/2026 16:04:00,HS_145,11B1,Quy tắc nhân xác suất,Struggler,Kịch bản 1: 0.8 * 0.3 = 0.24. Kịch bản 2: 0.2 * 0.7 = 0.14.,[P] Chính xác. Bây giờ kết hợp hai kịch bản này lại thế nào?,Session: SES_b119f7 | Flow: Struggler,3,4,P,P,12cd8649c4df2cba453a39ea1d5f316feadbc3b8ee821e7ef225e21885a8538f,7.2,SES_b119f7
19/03/2026 16:13:00,HS_145,11B1,Quy tắc nhân xác suất,Struggler,Em cộng lại ra 0.38. Đúng chưa thầy?,[S] Rất giỏi! Xác suất đúng 1 người trúng là $0.24 + 0.14 = 0.38$. Em đã áp dụng đúng cả quy tắc nhân và quy tắc cộng.,Session: SES_b119f7 | Flow: Struggler,3,5,S,S,12cd8649c4df2cba453a39ea1d5f316feadbc3b8ee821e7ef225e21885a8538f,5.82,SES_b119f7
20/03/2026 08:41:00,HS_186,11B2,Tổ hợp - Chỉnh hợp,Impatient,"Cho em xin đáp án bài này luôn đi thầy, em đang vội.",[G] Thầy không cho đáp án trực tiếp đâu nhé. Em hãy thử đọc đề và cho thầy biết: thứ tự chọn ở đây có quan trọng không?,Session: SES_fc1cd5 | Flow: Impatient,2,1,G,G,69b06bcf5f27c42a74ee47721c171923eff277bca642374017711bfe74808f6e,2.52,SES_fc1cd5
20/03/2026 08:46:00,HS_186,11B2,Tổ hợp - Chỉnh hợp,Impatient,Em nên dùng tổ hợp hay chỉnh hợp cho bài này?,"[G] Bài này chọn 3 bạn mà không phân chia chức vụ cụ thể, vậy thứ tự có quan trọng không? Nếu không, em dùng $C$ hay $A$?",Session: SES_fc1cd5 | Flow: Impatient,4,2,G,G,69b06bcf5f27c42a74ee47721c171923eff277bca642374017711bfe74808f6e,2.56,SES_fc1cd5
20/03/2026 08:49:00,HS_186,11B2,Tổ hợp - Chỉnh hợp,Impatient,"Em tính được |Ω| = C(40,3) = 9880. Bước tiếp theo là gì?",[P] Đúng rồi. Bây giờ tính số cách chọn 3 bạn nam từ 18 bạn nam để làm biến cố đối $\bar{A}$. Bước này dùng công thức nào?,Session: SES_fc1cd5 | Flow: Impatient,3,3,P,P,69b06bcf5f27c42a74ee47721c171923eff277bca642374017711bfe74808f6e,3.31,SES_fc1cd5
20/03/2026 08:54:00,HS_186,11B2,Tổ hợp - Chỉnh hợp,Impatient,"Xác suất là 1 - C(18,3)/C(40,3) = 1 - 816/9880 ≈ 0.917. Đúng chưa thầy?",[S] Tuyệt vời! Kết quả $P \approx 0.917$ là hoàn toàn chính xác. Em đã nắm vững phương pháp dùng biến cố đối!,Session: SES_fc1cd5 | Flow: Impatient,2,2,S,S,69b06bcf5f27c42a74ee47721c171923eff277bca642374017711bfe74808f6e,3.5,SES_fc1cd5
03/04/2026 15:40:00,HS_162,11A2,Tổ hợp - Chỉnh hợp,Gifted,Em nên dùng tổ hợp hay chỉnh hợp cho bài này?,"[G] Bài này chọn 3 bạn mà không phân chia chức vụ cụ thể, vậy thứ tự có quan trọng không? Nếu không, em dùng $C$ hay $A$?",Session: SES_ad791a | Flow: Gifted,5,2,G,G,739686520ce58f1d4dff23ce0898a2d7fb61cd0f1ffd84a88869aca79ebce22d,2.3,SES_ad791a
03/04/2026 15:45:00,HS_162,11A2,Tổ hợp - Chỉnh hợp,Gifted,"Xác suất là 1 - C(18,3)/C(40,3) = 1 - 816/9880 ≈ 0.917. Đúng chưa thầy?",[S] Tuyệt vời! Kết quả $P \approx 0.917$ là hoàn toàn chính xác. Em đã nắm vững phương pháp dùng biến cố đối!,Session: SES_ad791a | Flow: Gifted,5,3,S,S,739686520ce58f1d4dff23ce0898a2d7fb61cd0f1ffd84a88869aca79ebce22d,1.35,SES_ad791a
24/03/2026 13:41:00,HS_128,11A1,Quy tắc nhân xác suất,Disciplined,"Làm sao để biết khi nào dùng cộng, khi nào dùng nhân ạ?","[G] Khi các hành động xảy ra độc lập và liên tiếp (A bắn VÀ B bắn) thì ta dùng quy tắc nhân. Nếu chia các kịch bản riêng biệt thì dùng quy tắc cộng. Ở bài này, 'đúng 1 người trúng' có những kịch bản nào?",Session: SES_ac344e | Flow: Disciplined,4,4,G,G,416a791a5b98b0f1e146cdfbfe110bf9c2d7741f4f393db16321a549b6ef7ee1,2.61,SES_ac344e
24/03/2026 13:44:00,HS_128,11A1,Quy tắc nhân xác suất,Disciplined,"Có 2 kịch bản: (A trúng, B trượt) và (A trượt, B trúng). Phải không thầy?",[P] Đúng rồi! Em tính xác suất cho từng kịch bản đó đi. Nhớ rằng $P(	ext{trượt}) = 1 - P(	ext{trúng})$.,Session: SES_ac344e | Flow: Disciplined,4,5,P,P,416a791a5b98b0f1e146cdfbfe110bf9c2d7741f4f393db16321a549b6ef7ee1,3.08,SES_ac344e
24/03/2026 13:50:00,HS_128,11A1,Quy tắc nhân xác suất,Disciplined,Em cộng lại ra 0.38. Đúng chưa thầy?,[S] Rất giỏi! Xác suất đúng 1 người trúng là $0.24 + 0.14 = 0.38$. Em đã áp dụng đúng cả quy tắc nhân và quy tắc cộng.,Session: SES_ac344e | Flow: Disciplined,5,5,S,S,416a791a5b98b0f1e146cdfbfe110bf9c2d7741f4f393db16321a549b6ef7ee1,2.43,SES_ac344e
28/03/2026 12:46:00,HS_173,11B2,Xác suất cổ điển,Impatient,"Cho em xin đáp án bài này luôn đi thầy, em đang vội.",[G] Thầy không cho đáp án trực tiếp đâu nhé. Em hãy thử đọc đề và cho thầy biết: thứ tự chọn ở đây có quan trọng không?,Session: SES_c7e47b | Flow: Impatient,4,2,G,G,d2665dbfba153c7c22275911542cff6c8bcdd027d531a1bad773630f2bd52150,3.84,SES_c7e47b
28/03/2026 12:51:00,HS_173,11B2,Xác suất cổ điển,Impatient,Bài này không gian mẫu là 12 hay 36 ạ?,"[G] Mỗi con xúc sắc có 6 mặt, khi gieo 2 con thì mỗi khả năng của con thứ nhất đi kèm với 6 khả năng của con thứ hai. Vậy $|\Omega| = 6 	imes 6$ hay $6+6$?",Session: SES_c7e47b | Flow: Impatient,4,3,G,G,d2665dbfba153c7c22275911542cff6c8bcdd027d531a1bad773630f2bd52150,1.5,SES_c7e47b
28/03/2026 12:54:00,HS_173,11B2,Xác suất cổ điển,Impatient,"|Ω| = 36. Giờ em liệt kê các cặp tổng bằng 5: (1,4), (2,3), (3,2), (4,1). Hết chưa thầy?",[P] Đủ cho tổng bằng 5 rồi. Nhưng còn tổng bằng bao nhiêu nữa mà vẫn chia hết cho 5 trong khoảng từ 2 đến 12?,Session: SES_c7e47b | Flow: Impatient,2,4,P,P,d2665dbfba153c7c22275911542cff6c8bcdd027d531a1bad773630f2bd52150,3.64,SES_c7e47b
28/03/2026 12:59:00,HS_173,11B2,Xác suất cổ điển,Impatient,Có 7 cặp. Vậy xác suất là 7/36 ạ?,[S] Đáp án chính xác! $P(A) = 7/36$. Em đã liệt kê rất cẩn thận và không bỏ sót trường hợp nào.,Session: SES_c7e47b | Flow: Impatient,4,2,S,S,d2665dbfba153c7c22275911542cff6c8bcdd027d531a1bad773630f2bd52150,1.64,SES_c7e47b
10/04/2026 11:30:00,HS_195,11B2,Tổ hợp - Chỉnh hợp,Struggler,Em nên dùng tổ hợp hay chỉnh hợp cho bài này?,"[G] Bài này chọn 3 bạn mà không phân chia chức vụ cụ thể, vậy thứ tự có quan trọng không? Nếu không, em dùng $C$ hay $A$?",Session: SES_2a0fb5 | Flow: Struggler,3,1,G,G,0ffe03e70e1fe537e567279b3b9a8acc084e0d15467133250ae3d44a503c090b,6.94,SES_2a0fb5
10/04/2026 11:39:00,HS_195,11B2,Tổ hợp - Chỉnh hợp,Struggler,Quy tắc ít nhất làm thế nào thầy?,"[G] Với bài toán 'có ít nhất', ta thường dùng biến cố đối. Nếu không có ít nhất 1 nữ, thì 3 bạn được chọn phải như thế nào?",Session: SES_2a0fb5 | Flow: Struggler,3,2,G,G,0ffe03e70e1fe537e567279b3b9a8acc084e0d15467133250ae3d44a503c090b,10.04,SES_2a0fb5
10/04/2026 11:51:00,HS_195,11B2,Tổ hợp - Chỉnh hợp,Struggler,"Em tính được |Ω| = C(40,3) = 9880. Bước tiếp theo là gì?",[P] Đúng rồi. Bây giờ tính số cách chọn 3 bạn nam từ 18 bạn nam để làm biến cố đối $\bar{A}$. Bước này dùng công thức nào?,Session: SES_2a0fb5 | Flow: Struggler,4,1,P,P,0ffe03e70e1fe537e567279b3b9a8acc084e0d15467133250ae3d44a503c090b,9.13,SES_2a0fb5
10/04/2026 12:03:00,HS_195,11B2,Tổ hợp - Chỉnh hợp,Struggler,"Số cách chọn nam là C(18,3) phải không thầy?",[P] Chính xác! Em tính ra số cụ thể rồi lấy 1 trừ đi xác suất của $\bar{A}$ là ra kết quả.,Session: SES_2a0fb5 | Flow: Struggler,4,2,P,P,0ffe03e70e1fe537e567279b3b9a8acc084e0d15467133250ae3d44a503c090b,11.3,SES_2a0fb5
10/04/2026 12:16:00,HS_195,11B2,Tổ hợp - Chỉnh hợp,Struggler,Quy tắc ít nhất làm thế nào thầy?,"[G] Với bài toán 'có ít nhất', ta thường dùng biến cố đối. Nếu không có ít nhất 1 nữ, thì 3 bạn được chọn phải như thế nào?",Session: SES_2a0fb5 | Flow: Struggler,4,3,G,G,0ffe03e70e1fe537e567279b3b9a8acc084e0d15467133250ae3d44a503c090b,9.87,SES_2a0fb5
10/04/2026 12:26:00,HS_195,11B2,Tổ hợp - Chỉnh hợp,Struggler,"Số cách chọn nam là C(18,3) phải không thầy?",[P] Chính xác! Em tính ra số cụ thể rồi lấy 1 trừ đi xác suất của $\bar{A}$ là ra kết quả.,Session: SES_2a0fb5 | Flow: Struggler,3,1,P,P,0ffe03e70e1fe537e567279b3b9a8acc084e0d15467133250ae3d44a503c090b,5.27,SES_2a0fb5
10/04/2026 12:32:00,HS_195,11B2,Tổ hợp - Chỉnh hợp,Struggler,"Xác suất là 1 - C(18,3)/C(40,3) = 1 - 816/9880 ≈ 0.917. Đúng chưa thầy?",[S] Tuyệt vời! Kết quả $P \approx 0.917$ là hoàn toàn chính xác. Em đã nắm vững phương pháp dùng biến cố đối!,Session: SES_2a0fb5 | Flow: Struggler,3,3,S,S,0ffe03e70e1fe537e567279b3b9a8acc084e0d15467133250ae3d44a503c090b,11.23,SES_2a0fb5
02/04/2026 15:13:00,HS_149,11A1,Xác suất cổ điển,Impatient,"Cho em xin đáp án bài này luôn đi thầy, em đang vội.",[G] Thầy không cho đáp án trực tiếp đâu nhé. Em hãy thử đọc đề và cho thầy biết: thứ tự chọn ở đây có quan trọng không?,Session: SES_ea34af | Flow: Impatient,2,3,G,G,b2b62be9f2284c3a61b4982b5316b15daa2323efdf82a9683745acc76aa6414e,1.94,SES_ea34af
02/04/2026 15:17:00,HS_149,11A1,Xác suất cổ điển,Impatient,Bài này không gian mẫu là 12 hay 36 ạ?,"[G] Mỗi con xúc sắc có 6 mặt, khi gieo 2 con thì mỗi khả năng của con thứ nhất đi kèm với 6 khả năng của con thứ hai. Vậy $|\Omega| = 6 	imes 6$ hay $6+6$?",Session: SES_ea34af | Flow: Impatient,3,3,G,G,b2b62be9f2284c3a61b4982b5316b15daa2323efdf82a9683745acc76aa6414e,2.21,SES_ea34af
02/04/2026 15:21:00,HS_149,11A1,Xác suất cổ điển,Impatient,"|Ω| = 36. Giờ em liệt kê các cặp tổng bằng 5: (1,4), (2,3), (3,2), (4,1). Hết chưa thầy?",[P] Đủ cho tổng bằng 5 rồi. Nhưng còn tổng bằng bao nhiêu nữa mà vẫn chia hết cho 5 trong khoảng từ 2 đến 12?,Session: SES_ea34af | Flow: Impatient,3,3,P,P,b2b62be9f2284c3a61b4982b5316b15daa2323efdf82a9683745acc76aa6414e,1.13,SES_ea34af
02/04/2026 15:24:00,HS_149,11A1,Xác suất cổ điển,Impatient,Có 7 cặp. Vậy xác suất là 7/36 ạ?,[S] Đáp án chính xác! $P(A) = 7/36$. Em đã liệt kê rất cẩn thận và không bỏ sót trường hợp nào.,Session: SES_ea34af | Flow: Impatient,3,4,S,S,b2b62be9f2284c3a61b4982b5316b15daa2323efdf82a9683745acc76aa6414e,3.15,SES_ea34af
31/03/2026 14:14:00,HS_132,11B1,Quy tắc nhân xác suất,Gifted,"Làm sao để biết khi nào dùng cộng, khi nào dùng nhân ạ?","[G] Khi các hành động xảy ra độc lập và liên tiếp (A bắn VÀ B bắn) thì ta dùng quy tắc nhân. Nếu chia các kịch bản riêng biệt thì dùng quy tắc cộng. Ở bài này, 'đúng 1 người trúng' có những kịch bản nào?",Session: SES_2b67e4 | Flow: Gifted,5,3,G,G,16cb61ea52a6d59098e7bc2f7c0128d92e7b5f07bb6b3bc68ae7900b0093c8ea,1.7,SES_2b67e4
31/03/2026 14:16:00,HS_132,11B1,Quy tắc nhân xác suất,Gifted,Em cộng lại ra 0.38. Đúng chưa thầy?,[S] Rất giỏi! Xác suất đúng 1 người trúng là $0.24 + 0.14 = 0.38$. Em đã áp dụng đúng cả quy tắc nhân và quy tắc cộng.,Session: SES_2b67e4 | Flow: Gifted,5,4,S,S,16cb61ea52a6d59098e7bc2f7c0128d92e7b5f07bb6b3bc68ae7900b0093c8ea,2.51,SES_2b67e4
26/03/2026 15:20:00,HS_123,11A2,Tổ hợp - Chỉnh hợp,Struggler,Em nên dùng tổ hợp hay chỉnh hợp cho bài này?,"[G] Bài này chọn 3 bạn mà không phân chia chức vụ cụ thể, vậy thứ tự có quan trọng không? Nếu không, em dùng $C$ hay $A$?",Session: SES_cebaf0 | Flow: Struggler,3,3,G,G,278a05c75696a5fb4289da0824b4af68d1a94c2b61a23e166376a67a9f9e71c4,11.32,SES_cebaf0
26/03/2026 15:32:00,HS_123,11A2,Tổ hợp - Chỉnh hợp,Struggler,Quy tắc ít nhất làm thế nào thầy?,"[G] Với bài toán 'có ít nhất', ta thường dùng biến cố đối. Nếu không có ít nhất 1 nữ, thì 3 bạn được chọn phải như thế nào?",Session: SES_cebaf0 | Flow: Struggler,4,3,G,G,278a05c75696a5fb4289da0824b4af68d1a94c2b61a23e166376a67a9f9e71c4,7.6,SES_cebaf0
26/03/2026 15:42:00,HS_123,11A2,Tổ hợp - Chỉnh hợp,Struggler,"Em tính được |Ω| = C(40,3) = 9880. Bước tiếp theo là gì?",[P] Đúng rồi. Bây giờ tính số cách chọn 3 bạn nam từ 18 bạn nam để làm biến cố đối $\bar{A}$. Bước này dùng công thức nào?,Session: SES_cebaf0 | Flow: Struggler,4,2,P,P,278a05c75696a5fb4289da0824b4af68d1a94c2b61a23e166376a67a9f9e71c4,8.35,SES_cebaf0
26/03/2026 15:51:00,HS_123,11A2,Tổ hợp - Chỉnh hợp,Struggler,"Số cách chọn nam là C(18,3) phải không thầy?",[P] Chính xác! Em tính ra số cụ thể rồi lấy 1 trừ đi xác suất của $\bar{A}$ là ra kết quả.,Session: SES_cebaf0 | Flow: Struggler,3,2,P,P,278a05c75696a5fb4289da0824b4af68d1a94c2b61a23e166376a67a9f9e71c4,5.7,SES_cebaf0
26/03/2026 15:59:00,HS_123,11A2,Tổ hợp - Chỉnh hợp,Struggler,Quy tắc ít nhất làm thế nào thầy?,"[G] Với bài toán 'có ít nhất', ta thường dùng biến cố đối. Nếu không có ít nhất 1 nữ, thì 3 bạn được chọn phải như thế nào?",Session: SES_cebaf0 | Flow: Struggler,4,1,G,G,278a05c75696a5fb4289da0824b4af68d1a94c2b61a23e166376a67a9f9e71c4,5.36,SES_cebaf0
26/03/2026 16:05:00,HS_123,11A2,Tổ hợp - Chỉnh hợp,Struggler,"Số cách chọn nam là C(18,3) phải không thầy?",[P] Chính xác! Em tính ra số cụ thể rồi lấy 1 trừ đi xác suất của $\bar{A}$ là ra kết quả.,Session: SES_cebaf0 | Flow: Struggler,4,1,P,P,278a05c75696a5fb4289da0824b4af68d1a94c2b61a23e166376a67a9f9e71c4,6.71,SES_cebaf0
26/03/2026 16:12:00,HS_123,11A2,Tổ hợp - Chỉnh hợp,Struggler,"Xác suất là 1 - C(18,3)/C(40,3) = 1 - 816/9880 ≈ 0.917. Đúng chưa thầy?",[S] Tuyệt vời! Kết quả $P \approx 0.917$ là hoàn toàn chính xác. Em đã nắm vững phương pháp dùng biến cố đối!,Session: SES_cebaf0 | Flow: Struggler,3,1,S,S,278a05c75696a5fb4289da0824b4af68d1a94c2b61a23e166376a67a9f9e71c4,5.44,SES_cebaf0
26/03/2026 16:20:00,HS_123,11A2,Tổ hợp - Chỉnh hợp,Struggler,Tại sao dùng biến cố đối lại nhanh hơn liệt kê ạ?,"[S] Bởi vì nếu liệt kê, em phải chia 3 trường hợp: 1 nữ 2 nam, 2 nữ 1 nam, và 3 nữ. Dùng biến cố đối chỉ cần tính 1 trường hợp duy nhất rồi lấy phần bù.",Session: SES_cebaf0 | Flow: Struggler | Reflection,3,1,S,S,278a05c75696a5fb4289da0824b4af68d1a94c2b61a23e166376a67a9f9e71c4,5.44,SES_cebaf0
15/03/2026 18:32:00,HS_107,11A1,Tổ hợp - Chỉnh hợp,Struggler,Em nên dùng tổ hợp hay chỉnh hợp cho bài này?,"[G] Bài này chọn 3 bạn mà không phân chia chức vụ cụ thể, vậy thứ tự có quan trọng không? Nếu không, em dùng $C$ hay $A$?",Session: SES_6b016d | Flow: Struggler,4,2,G,G,95d8c063f81fdbd498a781f9606727f1d0df2a9f724aad82f391f211e30ce64f,11.87,SES_6b016d
15/03/2026 18:46:00,HS_107,11A1,Tổ hợp - Chỉnh hợp,Struggler,Quy tắc ít nhất làm thế nào thầy?,"[G] Với bài toán 'có ít nhất', ta thường dùng biến cố đối. Nếu không có ít nhất 1 nữ, thì 3 bạn được chọn phải như thế nào?",Session: SES_6b016d | Flow: Struggler,4,2,G,G,95d8c063f81fdbd498a781f9606727f1d0df2a9f724aad82f391f211e30ce64f,9.82,SES_6b016d
15/03/2026 18:56:00,HS_107,11A1,Tổ hợp - Chỉnh hợp,Struggler,"Em tính được |Ω| = C(40,3) = 9880. Bước tiếp theo là gì?",[P] Đúng rồi. Bây giờ tính số cách chọn 3 bạn nam từ 18 bạn nam để làm biến cố đối $\bar{A}$. Bước này dùng công thức nào?,Session: SES_6b016d | Flow: Struggler,4,1,P,P,95d8c063f81fdbd498a781f9606727f1d0df2a9f724aad82f391f211e30ce64f,9.51,SES_6b016d
15/03/2026 19:06:00,HS_107,11A1,Tổ hợp - Chỉnh hợp,Struggler,"Số cách chọn nam là C(18,3) phải không thầy?",[P] Chính xác! Em tính ra số cụ thể rồi lấy 1 trừ đi xác suất của $\bar{A}$ là ra kết quả.,Session: SES_6b016d | Flow: Struggler,3,1,P,P,95d8c063f81fdbd498a781f9606727f1d0df2a9f724aad82f391f211e30ce64f,8.98,SES_6b016d
15/03/2026 19:15:00,HS_107,11A1,Tổ hợp - Chỉnh hợp,Struggler,Quy tắc ít nhất làm thế nào thầy?,"[G] Với bài toán 'có ít nhất', ta thường dùng biến cố đối. Nếu không có ít nhất 1 nữ, thì 3 bạn được chọn phải như thế nào?",Session: SES_6b016d | Flow: Struggler,4,2,G,G,95d8c063f81fdbd498a781f9606727f1d0df2a9f724aad82f391f211e30ce64f,11.26,SES_6b016d
15/03/2026 19:29:00,HS_107,11A1,Tổ hợp - Chỉnh hợp,Struggler,"Số cách chọn nam là C(18,3) phải không thầy?",[P] Chính xác! Em tính ra số cụ thể rồi lấy 1 trừ đi xác suất của $\bar{A}$ là ra kết quả.,Session: SES_6b016d | Flow: Struggler,3,2,P,P,95d8c063f81fdbd498a781f9606727f1d0df2a9f724aad82f391f211e30ce64f,7.48,SES_6b016d
15/03/2026 19:38:00,HS_107,11A1,Tổ hợp - Chỉnh hợp,Struggler,"Xác suất là 1 - C(18,3)/C(40,3) = 1 - 816/9880 ≈ 0.917. Đúng chưa thầy?",[S] Tuyệt vời! Kết quả $P \approx 0.917$ là hoàn toàn chính xác. Em đã nắm vững phương pháp dùng biến cố đối!,Session: SES_6b016d | Flow: Struggler,3,1,S,S,95d8c063f81fdbd498a781f9606727f1d0df2a9f724aad82f391f211e30ce64f,6.39,SES_6b016d
25/03/2026 10:00:00,HS_170,11B2,Xác suất cổ điển,Disciplined,Bài này không gian mẫu là 12 hay 36 ạ?,"[G] Mỗi con xúc sắc có 6 mặt, khi gieo 2 con thì mỗi khả năng của con thứ nhất đi kèm với 6 khả năng của con thứ hai. Vậy $|\Omega| = 6 	imes 6$ hay $6+6$?",Session: SES_16c0f0 | Flow: Disciplined,5,3,G,G,4b69460c6b5b9d583e24248d90c0ba855de81ea4179e2301db913cc08449fcb0,3.41,SES_16c0f0
25/03/2026 10:04:00,HS_170,11B2,Xác suất cổ điển,Disciplined,"|Ω| = 36. Giờ em liệt kê các cặp tổng bằng 5: (1,4), (2,3), (3,2), (4,1). Hết chưa thầy?",[P] Đủ cho tổng bằng 5 rồi. Nhưng còn tổng bằng bao nhiêu nữa mà vẫn chia hết cho 5 trong khoảng từ 2 đến 12?,Session: SES_16c0f0 | Flow: Disciplined,4,4,P,P,4b69460c6b5b9d583e24248d90c0ba855de81ea4179e2301db913cc08449fcb0,2.39,SES_16c0f0
25/03/2026 10:07:00,HS_170,11B2,Xác suất cổ điển,Disciplined,Có 7 cặp. Vậy xác suất là 7/36 ạ?,[S] Đáp án chính xác! $P(A) = 7/36$. Em đã liệt kê rất cẩn thận và không bỏ sót trường hợp nào.,Session: SES_16c0f0 | Flow: Disciplined,5,2,S,S,4b69460c6b5b9d583e24248d90c0ba855de81ea4179e2301db913cc08449fcb0,4.6,SES_16c0f0
06/04/2026 14:41:00,HS_111,11A1,Tổ hợp - Chỉnh hợp,Impatient,"Cho em xin đáp án bài này luôn đi thầy, em đang vội.",[G] Thầy không cho đáp án trực tiếp đâu nhé. Em hãy thử đọc đề và cho thầy biết: thứ tự chọn ở đây có quan trọng không?,Session: SES_94d9e6 | Flow: Impatient,4,3,G,G,9d7511b2095d3b8ea2a5b7473fee2644677f91a9358c74762a6e1b72d313df37,3.54,SES_94d9e6
06/04/2026 14:46:00,HS_111,11A1,Tổ hợp - Chỉnh hợp,Impatient,Em nên dùng tổ hợp hay chỉnh hợp cho bài này?,"[G] Bài này chọn 3 bạn mà không phân chia chức vụ cụ thể, vậy thứ tự có quan trọng không? Nếu không, em dùng $C$ hay $A$?",Session: SES_94d9e6 | Flow: Impatient,3,2,G,G,9d7511b2095d3b8ea2a5b7473fee2644677f91a9358c74762a6e1b72d313df37,2.23,SES_94d9e6
06/04/2026 14:49:00,HS_111,11A1,Tổ hợp - Chỉnh hợp,Impatient,"Em tính được |Ω| = C(40,3) = 9880. Bước tiếp theo là gì?",[P] Đúng rồi. Bây giờ tính số cách chọn 3 bạn nam từ 18 bạn nam để làm biến cố đối $\bar{A}$. Bước này dùng công thức nào?,Session: SES_94d9e6 | Flow: Impatient,2,2,P,P,9d7511b2095d3b8ea2a5b7473fee2644677f91a9358c74762a6e1b72d313df37,1.36,SES_94d9e6
06/04/2026 14:52:00,HS_111,11A1,Tổ hợp - Chỉnh hợp,Impatient,"Xác suất là 1 - C(18,3)/C(40,3) = 1 - 816/9880 ≈ 0.917. Đúng chưa thầy?",[S] Tuyệt vời! Kết quả $P \approx 0.917$ là hoàn toàn chính xác. Em đã nắm vững phương pháp dùng biến cố đối!,Session: SES_94d9e6 | Flow: Impatient,4,1,S,S,9d7511b2095d3b8ea2a5b7473fee2644677f91a9358c74762a6e1b72d313df37,1.25,SES_94d9e6
06/04/2026 14:54:00,HS_111,11A1,Tổ hợp - Chỉnh hợp,Impatient,Tại sao dùng biến cố đối lại nhanh hơn liệt kê ạ?,"[S] Bởi vì nếu liệt kê, em phải chia 3 trường hợp: 1 nữ 2 nam, 2 nữ 1 nam, và 3 nữ. Dùng biến cố đối chỉ cần tính 1 trường hợp duy nhất rồi lấy phần bù.",Session: SES_94d9e6 | Flow: Impatient | Reflection,4,1,S,S,9d7511b2095d3b8ea2a5b7473fee2644677f91a9358c74762a6e1b72d313df37,1.25,SES_94d9e6
17/03/2026 16:28:00,HS_145,11B2,Xác suất cổ điển,Gifted,Bài này không gian mẫu là 12 hay 36 ạ?,"[G] Mỗi con xúc sắc có 6 mặt, khi gieo 2 con thì mỗi khả năng của con thứ nhất đi kèm với 6 khả năng của con thứ hai. Vậy $|\Omega| = 6 	imes 6$ hay $6+6$?",Session: SES_f1dee5 | Flow: Gifted,5,3,G,G,12cd8649c4df2cba453a39ea1d5f316feadbc3b8ee821e7ef225e21885a8538f,2.17,SES_f1dee5
17/03/2026 16:33:00,HS_145,11B2,Xác suất cổ điển,Gifted,Có 7 cặp. Vậy xác suất là 7/36 ạ?,[S] Đáp án chính xác! $P(A) = 7/36$. Em đã liệt kê rất cẩn thận và không bỏ sót trường hợp nào.,Session: SES_f1dee5 | Flow: Gifted,5,3,S,S,12cd8649c4df2cba453a39ea1d5f316feadbc3b8ee821e7ef225e21885a8538f,2.5,SES_f1dee5
11/04/2026 13:50:00,HS_177,11B2,Quy tắc nhân xác suất,Impatient,"Cho em xin đáp án bài này luôn đi thầy, em đang vội.",[G] Thầy không cho đáp án trực tiếp đâu nhé. Em hãy thử đọc đề và cho thầy biết: thứ tự chọn ở đây có quan trọng không?,Session: SES_6cbac6 | Flow: Impatient,2,4,G,G,e0a08ffa11914a6bb02f5a222dbc51a3777268afc300f38d590ff2402c7dc70f,3.14,SES_6cbac6
11/04/2026 13:54:00,HS_177,11B2,Quy tắc nhân xác suất,Impatient,"Làm sao để biết khi nào dùng cộng, khi nào dùng nhân ạ?","[G] Khi các hành động xảy ra độc lập và liên tiếp (A bắn VÀ B bắn) thì ta dùng quy tắc nhân. Nếu chia các kịch bản riêng biệt thì dùng quy tắc cộng. Ở bài này, 'đúng 1 người trúng' có những kịch bản nào?",Session: SES_6cbac6 | Flow: Impatient,4,4,G,G,e0a08ffa11914a6bb02f5a222dbc51a3777268afc300f38d590ff2402c7dc70f,1.25,SES_6cbac6
11/04/2026 13:56:00,HS_177,11B2,Quy tắc nhân xác suất,Impatient,"Có 2 kịch bản: (A trúng, B trượt) và (A trượt, B trúng). Phải không thầy?",[P] Đúng rồi! Em tính xác suất cho từng kịch bản đó đi. Nhớ rằng $P(	ext{trượt}) = 1 - P(	ext{trúng})$.,Session: SES_6cbac6 | Flow: Impatient,4,3,P,P,e0a08ffa11914a6bb02f5a222dbc51a3777268afc300f38d590ff2402c7dc70f,1.91,SES_6cbac6
11/04/2026 14:00:00,HS_177,11B2,Quy tắc nhân xác suất,Impatient,Em cộng lại ra 0.38. Đúng chưa thầy?,[S] Rất giỏi! Xác suất đúng 1 người trúng là $0.24 + 0.14 = 0.38$. Em đã áp dụng đúng cả quy tắc nhân và quy tắc cộng.,Session: SES_6cbac6 | Flow: Impatient,3,5,S,S,e0a08ffa11914a6bb02f5a222dbc51a3777268afc300f38d590ff2402c7dc70f,2.86,SES_6cbac6
08/04/2026 09:36:00,HS_125,11A1,Xác suất cổ điển,Gifted,Bài này không gian mẫu là 12 hay 36 ạ?,"[G] Mỗi con xúc sắc có 6 mặt, khi gieo 2 con thì mỗi khả năng của con thứ nhất đi kèm với 6 khả năng của con thứ hai. Vậy $|\Omega| = 6 	imes 6$ hay $6+6$?",Session: SES_e11ef7 | Flow: Gifted,5,2,G,G,1268be282a0825f48a655271cdaa86178af1900f111cdbd7a8dc7f225fa768d6,1.96,SES_e11ef7
08/04/2026 09:40:00,HS_125,11A1,Xác suất cổ điển,Gifted,Có 7 cặp. Vậy xác suất là 7/36 ạ?,[S] Đáp án chính xác! $P(A) = 7/36$. Em đã liệt kê rất cẩn thận và không bỏ sót trường hợp nào.,Session: SES_e11ef7 | Flow: Gifted,5,2,S,S,1268be282a0825f48a655271cdaa86178af1900f111cdbd7a8dc7f225fa768d6,1.67,SES_e11ef7
03/04/2026 18:40:00,HS_182,11A2,Quy tắc nhân xác suất,Disciplined,"Làm sao để biết khi nào dùng cộng, khi nào dùng nhân ạ?","[G] Khi các hành động xảy ra độc lập và liên tiếp (A bắn VÀ B bắn) thì ta dùng quy tắc nhân. Nếu chia các kịch bản riêng biệt thì dùng quy tắc cộng. Ở bài này, 'đúng 1 người trúng' có những kịch bản nào?",Session: SES_7e74d4 | Flow: Disciplined,4,5,G,G,87f0aca61f3ebae0d1d7aca172c0c8bdff47ea54e7f16b6d35d32b00256d0031,2.73,SES_7e74d4
03/04/2026 18:44:00,HS_182,11A2,Quy tắc nhân xác suất,Disciplined,"Có 2 kịch bản: (A trúng, B trượt) và (A trượt, B trúng). Phải không thầy?",[P] Đúng rồi! Em tính xác suất cho từng kịch bản đó đi. Nhớ rằng $P(	ext{trượt}) = 1 - P(	ext{trúng})$.,Session: SES_7e74d4 | Flow: Disciplined,4,4,P,P,87f0aca61f3ebae0d1d7aca172c0c8bdff47ea54e7f16b6d35d32b00256d0031,3.55,SES_7e74d4
03/04/2026 18:49:00,HS_182,11A2,Quy tắc nhân xác suất,Disciplined,Em cộng lại ra 0.38. Đúng chưa thầy?,[S] Rất giỏi! Xác suất đúng 1 người trúng là $0.24 + 0.14 = 0.38$. Em đã áp dụng đúng cả quy tắc nhân và quy tắc cộng.,Session: SES_7e74d4 | Flow: Disciplined,4,3,S,S,87f0aca61f3ebae0d1d7aca172c0c8bdff47ea54e7f16b6d35d32b00256d0031,4.31,SES_7e74d4
14/04/2026 13:18:00,HS_118,11A1,Tổ hợp - Chỉnh hợp,Struggler,Em nên dùng tổ hợp hay chỉnh hợp cho bài này?,"[G] Bài này chọn 3 bạn mà không phân chia chức vụ cụ thể, vậy thứ tự có quan trọng không? Nếu không, em dùng $C$ hay $A$?",Session: SES_6aad77 | Flow: Struggler,3,2,G,G,4c84365013600cd079447b9fe52c68f7fd1909de6a8accc51b36ccd5a1fea931,9.72,SES_6aad77
14/04/2026 13:29:00,HS_118,11A1,Tổ hợp - Chỉnh hợp,Struggler,Quy tắc ít nhất làm thế nào thầy?,"[G] Với bài toán 'có ít nhất', ta thường dùng biến cố đối. Nếu không có ít nhất 1 nữ, thì 3 bạn được chọn phải như thế nào?",Session: SES_6aad77 | Flow: Struggler,4,2,G,G,4c84365013600cd079447b9fe52c68f7fd1909de6a8accc51b36ccd5a1fea931,5.7,SES_6aad77
14/04/2026 13:35:00,HS_118,11A1,Tổ hợp - Chỉnh hợp,Struggler,"Em tính được |Ω| = C(40,3) = 9880. Bước tiếp theo là gì?",[P] Đúng rồi. Bây giờ tính số cách chọn 3 bạn nam từ 18 bạn nam để làm biến cố đối $\bar{A}$. Bước này dùng công thức nào?,Session: SES_6aad77 | Flow: Struggler,3,3,P,P,4c84365013600cd079447b9fe52c68f7fd1909de6a8accc51b36ccd5a1fea931,11.87,SES_6aad77
14/04/2026 13:48:00,HS_118,11A1,Tổ hợp - Chỉnh hợp,Struggler,"Số cách chọn nam là C(18,3) phải không thầy?",[P] Chính xác! Em tính ra số cụ thể rồi lấy 1 trừ đi xác suất của $\bar{A}$ là ra kết quả.,Session: SES_6aad77 | Flow: Struggler,4,3,P,P,4c84365013600cd079447b9fe52c68f7fd1909de6a8accc51b36ccd5a1fea931,9.34,SES_6aad77
14/04/2026 13:59:00,HS_118,11A1,Tổ hợp - Chỉnh hợp,Struggler,Quy tắc ít nhất làm thế nào thầy?,"[G] Với bài toán 'có ít nhất', ta thường dùng biến cố đối. Nếu không có ít nhất 1 nữ, thì 3 bạn được chọn phải như thế nào?",Session: SES_6aad77 | Flow: Struggler,3,1,G,G,4c84365013600cd079447b9fe52c68f7fd1909de6a8accc51b36ccd5a1fea931,11.14,SES_6aad77
14/04/2026 14:12:00,HS_118,11A1,Tổ hợp - Chỉnh hợp,Struggler,"Số cách chọn nam là C(18,3) phải không thầy?",[P] Chính xác! Em tính ra số cụ thể rồi lấy 1 trừ đi xác suất của $\bar{A}$ là ra kết quả.,Session: SES_6aad77 | Flow: Struggler,3,2,P,P,4c84365013600cd079447b9fe52c68f7fd1909de6a8accc51b36ccd5a1fea931,6.53,SES_6aad77
14/04/2026 14:19:00,HS_118,11A1,Tổ hợp - Chỉnh hợp,Struggler,"Xác suất là 1 - C(18,3)/C(40,3) = 1 - 816/9880 ≈ 0.917. Đúng chưa thầy?",[S] Tuyệt vời! Kết quả $P \approx 0.917$ là hoàn toàn chính xác. Em đã nắm vững phương pháp dùng biến cố đối!,Session: SES_6aad77 | Flow: Struggler,4,2,S,S,4c84365013600cd079447b9fe52c68f7fd1909de6a8accc51b36ccd5a1fea931,10.75,SES_6aad77
25/03/2026 09:44:00,HS_157,11A2,Xác suất cổ điển,Struggler,Bài này không gian mẫu là 12 hay 36 ạ?,"[G] Mỗi con xúc sắc có 6 mặt, khi gieo 2 con thì mỗi khả năng của con thứ nhất đi kèm với 6 khả năng của con thứ hai. Vậy $|\Omega| = 6 	imes 6$ hay $6+6$?",Session: SES_42d78e | Flow: Struggler,3,4,G,G,f6f94448a15578aee1d43d03bf12f3013a94f32a9c662463137b19df8a3dca2f,8.85,SES_42d78e
25/03/2026 09:55:00,HS_157,11A2,Xác suất cổ điển,Struggler,Bài này không gian mẫu là 12 hay 36 ạ?,"[G] Mỗi con xúc sắc có 6 mặt, khi gieo 2 con thì mỗi khả năng của con thứ nhất đi kèm với 6 khả năng của con thứ hai. Vậy $|\Omega| = 6 	imes 6$ hay $6+6$?",Session: SES_42d78e | Flow: Struggler,3,2,G,G,f6f94448a15578aee1d43d03bf12f3013a94f32a9c662463137b19df8a3dca2f,11.68,SES_42d78e
25/03/2026 10:09:00,HS_157,11A2,Xác suất cổ điển,Struggler,"|Ω| = 36. Giờ em liệt kê các cặp tổng bằng 5: (1,4), (2,3), (3,2), (4,1). Hết chưa thầy?",[P] Đủ cho tổng bằng 5 rồi. Nhưng còn tổng bằng bao nhiêu nữa mà vẫn chia hết cho 5 trong khoảng từ 2 đến 12?,Session: SES_42d78e | Flow: Struggler,4,3,P,P,f6f94448a15578aee1d43d03bf12f3013a94f32a9c662463137b19df8a3dca2f,9.24,SES_42d78e
25/03/2026 10:20:00,HS_157,11A2,Xác suất cổ điển,Struggler,"Dạ còn tổng bằng 10: (4,6), (5,5), (6,4).",[P] Rất tốt. Tổng cộng em có bao nhiêu cặp thuận lợi cả thảy?,Session: SES_42d78e | Flow: Struggler,4,2,P,P,f6f94448a15578aee1d43d03bf12f3013a94f32a9c662463137b19df8a3dca2f,6.59,SES_42d78e
25/03/2026 10:27:00,HS_157,11A2,Xác suất cổ điển,Struggler,Bài này không gian mẫu là 12 hay 36 ạ?,"[G] Mỗi con xúc sắc có 6 mặt, khi gieo 2 con thì mỗi khả năng của con thứ nhất đi kèm với 6 khả năng của con thứ hai. Vậy $|\Omega| = 6 	imes 6$ hay $6+6$?",Session: SES_42d78e | Flow: Struggler,3,2,G,G,f6f94448a15578aee1d43d03bf12f3013a94f32a9c662463137b19df8a3dca2f,5.06,SES_42d78e
25/03/2026 10:34:00,HS_157,11A2,Xác suất cổ điển,Struggler,"Dạ còn tổng bằng 10: (4,6), (5,5), (6,4).",[P] Rất tốt. Tổng cộng em có bao nhiêu cặp thuận lợi cả thảy?,Session: SES_42d78e | Flow: Struggler,4,3,P,P,f6f94448a15578aee1d43d03bf12f3013a94f32a9c662463137b19df8a3dca2f,8.64,SES_42d78e
25/03/2026 10:44:00,HS_157,11A2,Xác suất cổ điển,Struggler,Có 7 cặp. Vậy xác suất là 7/36 ạ?,[S] Đáp án chính xác! $P(A) = 7/36$. Em đã liệt kê rất cẩn thận và không bỏ sót trường hợp nào.,Session: SES_42d78e | Flow: Struggler,4,2,S,S,f6f94448a15578aee1d43d03bf12f3013a94f32a9c662463137b19df8a3dca2f,10.68,SES_42d78e
11/04/2026 11:37:00,HS_167,11A2,Tổ hợp - Chỉnh hợp,Disciplined,Em nên dùng tổ hợp hay chỉnh hợp cho bài này?,"[G] Bài này chọn 3 bạn mà không phân chia chức vụ cụ thể, vậy thứ tự có quan trọng không? Nếu không, em dùng $C$ hay $A$?",Session: SES_54fdc8 | Flow: Disciplined,4,2,G,G,a60c2362c265f3ff55d13cd870c08d7d0093c7b2098386f0131d2653d073216f,3.12,SES_54fdc8
11/04/2026 11:41:00,HS_167,11A2,Tổ hợp - Chỉnh hợp,Disciplined,"Em tính được |Ω| = C(40,3) = 9880. Bước tiếp theo là gì?",[P] Đúng rồi. Bây giờ tính số cách chọn 3 bạn nam từ 18 bạn nam để làm biến cố đối $\bar{A}$. Bước này dùng công thức nào?,Session: SES_54fdc8 | Flow: Disciplined,5,1,P,P,a60c2362c265f3ff55d13cd870c08d7d0093c7b2098386f0131d2653d073216f,4.09,SES_54fdc8
11/04/2026 11:47:00,HS_167,11A2,Tổ hợp - Chỉnh hợp,Disciplined,"Xác suất là 1 - C(18,3)/C(40,3) = 1 - 816/9880 ≈ 0.917. Đúng chưa thầy?",[S] Tuyệt vời! Kết quả $P \approx 0.917$ là hoàn toàn chính xác. Em đã nắm vững phương pháp dùng biến cố đối!,Session: SES_54fdc8 | Flow: Disciplined,5,2,S,S,a60c2362c265f3ff55d13cd870c08d7d0093c7b2098386f0131d2653d073216f,3.84,SES_54fdc8
11/04/2026 11:52:00,HS_167,11A2,Tổ hợp - Chỉnh hợp,Disciplined,Tại sao dùng biến cố đối lại nhanh hơn liệt kê ạ?,"[S] Bởi vì nếu liệt kê, em phải chia 3 trường hợp: 1 nữ 2 nam, 2 nữ 1 nam, và 3 nữ. Dùng biến cố đối chỉ cần tính 1 trường hợp duy nhất rồi lấy phần bù.",Session: SES_54fdc8 | Flow: Disciplined | Reflection,5,2,S,S,a60c2362c265f3ff55d13cd870c08d7d0093c7b2098386f0131d2653d073216f,3.84,SES_54fdc8
01/04/2026 09:09:00,HS_143,11B1,Quy tắc nhân xác suất,Impatient,"Cho em xin đáp án bài này luôn đi thầy, em đang vội.",[G] Thầy không cho đáp án trực tiếp đâu nhé. Em hãy thử đọc đề và cho thầy biết: thứ tự chọn ở đây có quan trọng không?,Session: SES_93526d | Flow: Impatient,3,5,G,G,90b498d2749c491b897256653c3ec8494068586c7f9da8ec4940643ea016b060,1.38,SES_93526d
01/04/2026 09:13:00,HS_143,11B1,Quy tắc nhân xác suất,Impatient,"Làm sao để biết khi nào dùng cộng, khi nào dùng nhân ạ?","[G] Khi các hành động xảy ra độc lập và liên tiếp (A bắn VÀ B bắn) thì ta dùng quy tắc nhân. Nếu chia các kịch bản riêng biệt thì dùng quy tắc cộng. Ở bài này, 'đúng 1 người trúng' có những kịch bản nào?",Session: SES_93526d | Flow: Impatient,2,5,G,G,90b498d2749c491b897256653c3ec8494068586c7f9da8ec4940643ea016b060,3.18,SES_93526d
01/04/2026 09:17:00,HS_143,11B1,Quy tắc nhân xác suất,Impatient,"Có 2 kịch bản: (A trúng, B trượt) và (A trượt, B trúng). Phải không thầy?",[P] Đúng rồi! Em tính xác suất cho từng kịch bản đó đi. Nhớ rằng $P(	ext{trượt}) = 1 - P(	ext{trúng})$.,Session: SES_93526d | Flow: Impatient,4,4,P,P,90b498d2749c491b897256653c3ec8494068586c7f9da8ec4940643ea016b060,1.4,SES_93526d
01/04/2026 09:19:00,HS_143,11B1,Quy tắc nhân xác suất,Impatient,Em cộng lại ra 0.38. Đúng chưa thầy?,[S] Rất giỏi! Xác suất đúng 1 người trúng là $0.24 + 0.14 = 0.38$. Em đã áp dụng đúng cả quy tắc nhân và quy tắc cộng.,Session: SES_93526d | Flow: Impatient,4,5,S,S,90b498d2749c491b897256653c3ec8494068586c7f9da8ec4940643ea016b060,2.15,SES_93526d
16/03/2026 08:45:00,HS_143,11B1,Quy tắc nhân xác suất,Disciplined,"Làm sao để biết khi nào dùng cộng, khi nào dùng nhân ạ?","[G] Khi các hành động xảy ra độc lập và liên tiếp (A bắn VÀ B bắn) thì ta dùng quy tắc nhân. Nếu chia các kịch bản riêng biệt thì dùng quy tắc cộng. Ở bài này, 'đúng 1 người trúng' có những kịch bản nào?",Session: SES_659cd1 | Flow: Disciplined,4,5,G,G,90b498d2749c491b897256653c3ec8494068586c7f9da8ec4940643ea016b060,3.8,SES_659cd1
16/03/2026 08:51:00,HS_143,11B1,Quy tắc nhân xác suất,Disciplined,"Có 2 kịch bản: (A trúng, B trượt) và (A trượt, B trúng). Phải không thầy?",[P] Đúng rồi! Em tính xác suất cho từng kịch bản đó đi. Nhớ rằng $P(	ext{trượt}) = 1 - P(	ext{trúng})$.,Session: SES_659cd1 | Flow: Disciplined,4,5,P,P,90b498d2749c491b897256653c3ec8494068586c7f9da8ec4940643ea016b060,2.62,SES_659cd1
16/03/2026 08:54:00,HS_143,11B1,Quy tắc nhân xác suất,Disciplined,Em cộng lại ra 0.38. Đúng chưa thầy?,[S] Rất giỏi! Xác suất đúng 1 người trúng là $0.24 + 0.14 = 0.38$. Em đã áp dụng đúng cả quy tắc nhân và quy tắc cộng.,Session: SES_659cd1 | Flow: Disciplined,4,4,S,S,90b498d2749c491b897256653c3ec8494068586c7f9da8ec4940643ea016b060,4.34,SES_659cd1
12/04/2026 08:16:00,HS_175,11B2,Quy tắc nhân xác suất,Disciplined,"Làm sao để biết khi nào dùng cộng, khi nào dùng nhân ạ?","[G] Khi các hành động xảy ra độc lập và liên tiếp (A bắn VÀ B bắn) thì ta dùng quy tắc nhân. Nếu chia các kịch bản riêng biệt thì dùng quy tắc cộng. Ở bài này, 'đúng 1 người trúng' có những kịch bản nào?",Session: SES_85a199 | Flow: Disciplined,5,3,G,G,320d3b4b32aaae6923be29b3f579ecaff0ddc24420f125fb953a4bf79b681c06,3.04,SES_85a199
12/04/2026 08:20:00,HS_175,11B2,Quy tắc nhân xác suất,Disciplined,"Có 2 kịch bản: (A trúng, B trượt) và (A trượt, B trúng). Phải không thầy?",[P] Đúng rồi! Em tính xác suất cho từng kịch bản đó đi. Nhớ rằng $P(	ext{trượt}) = 1 - P(	ext{trúng})$.,Session: SES_85a199 | Flow: Disciplined,5,3,P,P,320d3b4b32aaae6923be29b3f579ecaff0ddc24420f125fb953a4bf79b681c06,4.93,SES_85a199
12/04/2026 08:26:00,HS_175,11B2,Quy tắc nhân xác suất,Disciplined,Em cộng lại ra 0.38. Đúng chưa thầy?,[S] Rất giỏi! Xác suất đúng 1 người trúng là $0.24 + 0.14 = 0.38$. Em đã áp dụng đúng cả quy tắc nhân và quy tắc cộng.,Session: SES_85a199 | Flow: Disciplined,5,3,S,S,320d3b4b32aaae6923be29b3f579ecaff0ddc24420f125fb953a4bf79b681c06,4.0,SES_85a199
10/04/2026 16:17:00,HS_122,11A1,Quy tắc nhân xác suất,Disciplined,"Làm sao để biết khi nào dùng cộng, khi nào dùng nhân ạ?","[G] Khi các hành động xảy ra độc lập và liên tiếp (A bắn VÀ B bắn) thì ta dùng quy tắc nhân. Nếu chia các kịch bản riêng biệt thì dùng quy tắc cộng. Ở bài này, 'đúng 1 người trúng' có những kịch bản nào?",Session: SES_577d18 | Flow: Disciplined,5,4,G,G,6f1aaa7bec34a8c0170863b318fde6558fcca96771eb2b0cb2ae2f40007c6dc7,3.63,SES_577d18
10/04/2026 16:21:00,HS_122,11A1,Quy tắc nhân xác suất,Disciplined,"Có 2 kịch bản: (A trúng, B trượt) và (A trượt, B trúng). Phải không thầy?",[P] Đúng rồi! Em tính xác suất cho từng kịch bản đó đi. Nhớ rằng $P(	ext{trượt}) = 1 - P(	ext{trúng})$.,Session: SES_577d18 | Flow: Disciplined,4,5,P,P,6f1aaa7bec34a8c0170863b318fde6558fcca96771eb2b0cb2ae2f40007c6dc7,2.67,SES_577d18
10/04/2026 16:25:00,HS_122,11A1,Quy tắc nhân xác suất,Disciplined,Em cộng lại ra 0.38. Đúng chưa thầy?,[S] Rất giỏi! Xác suất đúng 1 người trúng là $0.24 + 0.14 = 0.38$. Em đã áp dụng đúng cả quy tắc nhân và quy tắc cộng.,Session: SES_577d18 | Flow: Disciplined,4,5,S,S,6f1aaa7bec34a8c0170863b318fde6558fcca96771eb2b0cb2ae2f40007c6dc7,2.84,SES_577d18
02/04/2026 11:23:00,HS_188,11A2,Xác suất cổ điển,Struggler,Bài này không gian mẫu là 12 hay 36 ạ?,"[G] Mỗi con xúc sắc có 6 mặt, khi gieo 2 con thì mỗi khả năng của con thứ nhất đi kèm với 6 khả năng của con thứ hai. Vậy $|\Omega| = 6 	imes 6$ hay $6+6$?",Session: SES_9ad209 | Flow: Struggler,3,3,G,G,db5cce457374f951cddb0c62ad6ea8fbb99e63d885528677768e39b59f6bab06,11.17,SES_9ad209
02/04/2026 11:37:00,HS_188,11A2,Xác suất cổ điển,Struggler,Bài này không gian mẫu là 12 hay 36 ạ?,"[G] Mỗi con xúc sắc có 6 mặt, khi gieo 2 con thì mỗi khả năng của con thứ nhất đi kèm với 6 khả năng của con thứ hai. Vậy $|\Omega| = 6 	imes 6$ hay $6+6$?",Session: SES_9ad209 | Flow: Struggler,3,3,G,G,db5cce457374f951cddb0c62ad6ea8fbb99e63d885528677768e39b59f6bab06,9.99,SES_9ad209
02/04/2026 11:48:00,HS_188,11A2,Xác suất cổ điển,Struggler,"|Ω| = 36. Giờ em liệt kê các cặp tổng bằng 5: (1,4), (2,3), (3,2), (4,1). Hết chưa thầy?",[P] Đủ cho tổng bằng 5 rồi. Nhưng còn tổng bằng bao nhiêu nữa mà vẫn chia hết cho 5 trong khoảng từ 2 đến 12?,Session: SES_9ad209 | Flow: Struggler,3,2,P,P,db5cce457374f951cddb0c62ad6ea8fbb99e63d885528677768e39b59f6bab06,5.31,SES_9ad209
02/04/2026 11:56:00,HS_188,11A2,Xác suất cổ điển,Struggler,"Dạ còn tổng bằng 10: (4,6), (5,5), (6,4).",[P] Rất tốt. Tổng cộng em có bao nhiêu cặp thuận lợi cả thảy?,Session: SES_9ad209 | Flow: Struggler,3,2,P,P,db5cce457374f951cddb0c62ad6ea8fbb99e63d885528677768e39b59f6bab06,8.3,SES_9ad209
02/04/2026 12:06:00,HS_188,11A2,Xác suất cổ điển,Struggler,Bài này không gian mẫu là 12 hay 36 ạ?,"[G] Mỗi con xúc sắc có 6 mặt, khi gieo 2 con thì mỗi khả năng của con thứ nhất đi kèm với 6 khả năng của con thứ hai. Vậy $|\Omega| = 6 	imes 6$ hay $6+6$?",Session: SES_9ad209 | Flow: Struggler,3,2,G,G,db5cce457374f951cddb0c62ad6ea8fbb99e63d885528677768e39b59f6bab06,6.36,SES_9ad209
02/04/2026 12:14:00,HS_188,11A2,Xác suất cổ điển,Struggler,"Dạ còn tổng bằng 10: (4,6), (5,5), (6,4).",[P] Rất tốt. Tổng cộng em có bao nhiêu cặp thuận lợi cả thảy?,Session: SES_9ad209 | Flow: Struggler,3,3,P,P,db5cce457374f951cddb0c62ad6ea8fbb99e63d885528677768e39b59f6bab06,5.95,SES_9ad209
02/04/2026 12:20:00,HS_188,11A2,Xác suất cổ điển,Struggler,Có 7 cặp. Vậy xác suất là 7/36 ạ?,[S] Đáp án chính xác! $P(A) = 7/36$. Em đã liệt kê rất cẩn thận và không bỏ sót trường hợp nào.,Session: SES_9ad209 | Flow: Struggler,3,4,S,S,db5cce457374f951cddb0c62ad6ea8fbb99e63d885528677768e39b59f6bab06,8.37,SES_9ad209
10/04/2026 12:11:00,HS_151,11A2,Xác suất cổ điển,Disciplined,Bài này không gian mẫu là 12 hay 36 ạ?,"[G] Mỗi con xúc sắc có 6 mặt, khi gieo 2 con thì mỗi khả năng của con thứ nhất đi kèm với 6 khả năng của con thứ hai. Vậy $|\Omega| = 6 	imes 6$ hay $6+6$?",Session: SES_cb1089 | Flow: Disciplined,5,3,G,G,a77d4747f588106a147518b38b8349cf04743be7262000fee733efd437b5ca3b,2.5,SES_cb1089
10/04/2026 12:15:00,HS_151,11A2,Xác suất cổ điển,Disciplined,"|Ω| = 36. Giờ em liệt kê các cặp tổng bằng 5: (1,4), (2,3), (3,2), (4,1). Hết chưa thầy?",[P] Đủ cho tổng bằng 5 rồi. Nhưng còn tổng bằng bao nhiêu nữa mà vẫn chia hết cho 5 trong khoảng từ 2 đến 12?,Session: SES_cb1089 | Flow: Disciplined,4,4,P,P,a77d4747f588106a147518b38b8349cf04743be7262000fee733efd437b5ca3b,4.72,SES_cb1089
10/04/2026 12:21:00,HS_151,11A2,Xác suất cổ điển,Disciplined,Có 7 cặp. Vậy xác suất là 7/36 ạ?,[S] Đáp án chính xác! $P(A) = 7/36$. Em đã liệt kê rất cẩn thận và không bỏ sót trường hợp nào.,Session: SES_cb1089 | Flow: Disciplined,5,4,S,S,a77d4747f588106a147518b38b8349cf04743be7262000fee733efd437b5ca3b,2.05,SES_cb1089
30/03/2026 18:07:00,HS_186,11A2,Tổ hợp - Chỉnh hợp,Disciplined,Em nên dùng tổ hợp hay chỉnh hợp cho bài này?,"[G] Bài này chọn 3 bạn mà không phân chia chức vụ cụ thể, vậy thứ tự có quan trọng không? Nếu không, em dùng $C$ hay $A$?",Session: SES_f32144 | Flow: Disciplined,4,2,G,G,69b06bcf5f27c42a74ee47721c171923eff277bca642374017711bfe74808f6e,3.61,SES_f32144
30/03/2026 18:13:00,HS_186,11A2,Tổ hợp - Chỉnh hợp,Disciplined,"Em tính được |Ω| = C(40,3) = 9880. Bước tiếp theo là gì?",[P] Đúng rồi. Bây giờ tính số cách chọn 3 bạn nam từ 18 bạn nam để làm biến cố đối $\bar{A}$. Bước này dùng công thức nào?,Session: SES_f32144 | Flow: Disciplined,5,2,P,P,69b06bcf5f27c42a74ee47721c171923eff277bca642374017711bfe74808f6e,3.71,SES_f32144
30/03/2026 18:18:00,HS_186,11A2,Tổ hợp - Chỉnh hợp,Disciplined,"Xác suất là 1 - C(18,3)/C(40,3) = 1 - 816/9880 ≈ 0.917. Đúng chưa thầy?",[S] Tuyệt vời! Kết quả $P \approx 0.917$ là hoàn toàn chính xác. Em đã nắm vững phương pháp dùng biến cố đối!,Session: SES_f32144 | Flow: Disciplined,5,2,S,S,69b06bcf5f27c42a74ee47721c171923eff277bca642374017711bfe74808f6e,3.48,SES_f32144
30/03/2026 18:24:00,HS_186,11A2,Tổ hợp - Chỉnh hợp,Disciplined,Tại sao dùng biến cố đối lại nhanh hơn liệt kê ạ?,"[S] Bởi vì nếu liệt kê, em phải chia 3 trường hợp: 1 nữ 2 nam, 2 nữ 1 nam, và 3 nữ. Dùng biến cố đối chỉ cần tính 1 trường hợp duy nhất rồi lấy phần bù.",Session: SES_f32144 | Flow: Disciplined | Reflection,5,2,S,S,69b06bcf5f27c42a74ee47721c171923eff277bca642374017711bfe74808f6e,3.48,SES_f32144
30/03/2026 13:03:00,HS_167,11A1,Quy tắc nhân xác suất,Disciplined,"Làm sao để biết khi nào dùng cộng, khi nào dùng nhân ạ?","[G] Khi các hành động xảy ra độc lập và liên tiếp (A bắn VÀ B bắn) thì ta dùng quy tắc nhân. Nếu chia các kịch bản riêng biệt thì dùng quy tắc cộng. Ở bài này, 'đúng 1 người trúng' có những kịch bản nào?",Session: SES_2a63e9 | Flow: Disciplined,4,5,G,G,a60c2362c265f3ff55d13cd870c08d7d0093c7b2098386f0131d2653d073216f,2.91,SES_2a63e9
30/03/2026 13:06:00,HS_167,11A1,Quy tắc nhân xác suất,Disciplined,"Có 2 kịch bản: (A trúng, B trượt) và (A trượt, B trúng). Phải không thầy?",[P] Đúng rồi! Em tính xác suất cho từng kịch bản đó đi. Nhớ rằng $P(	ext{trượt}) = 1 - P(	ext{trúng})$.,Session: SES_2a63e9 | Flow: Disciplined,5,5,P,P,a60c2362c265f3ff55d13cd870c08d7d0093c7b2098386f0131d2653d073216f,4.93,SES_2a63e9
30/03/2026 13:13:00,HS_167,11A1,Quy tắc nhân xác suất,Disciplined,Em cộng lại ra 0.38. Đúng chưa thầy?,[S] Rất giỏi! Xác suất đúng 1 người trúng là $0.24 + 0.14 = 0.38$. Em đã áp dụng đúng cả quy tắc nhân và quy tắc cộng.,Session: SES_2a63e9 | Flow: Disciplined,4,4,S,S,a60c2362c265f3ff55d13cd870c08d7d0093c7b2098386f0131d2653d073216f,2.4,SES_2a63e9
07/04/2026 08:13:00,HS_122,11B1,Xác suất cổ điển,Impatient,"Cho em xin đáp án bài này luôn đi thầy, em đang vội.",[G] Thầy không cho đáp án trực tiếp đâu nhé. Em hãy thử đọc đề và cho thầy biết: thứ tự chọn ở đây có quan trọng không?,Session: SES_603ab9 | Flow: Impatient,2,4,G,G,6f1aaa7bec34a8c0170863b318fde6558fcca96771eb2b0cb2ae2f40007c6dc7,3.73,SES_603ab9
07/04/2026 08:18:00,HS_122,11B1,Xác suất cổ điển,Impatient,Bài này không gian mẫu là 12 hay 36 ạ?,"[G] Mỗi con xúc sắc có 6 mặt, khi gieo 2 con thì mỗi khả năng của con thứ nhất đi kèm với 6 khả năng của con thứ hai. Vậy $|\Omega| = 6 	imes 6$ hay $6+6$?",Session: SES_603ab9 | Flow: Impatient,3,2,G,G,6f1aaa7bec34a8c0170863b318fde6558fcca96771eb2b0cb2ae2f40007c6dc7,2.47,SES_603ab9
07/04/2026 08:22:00,HS_122,11B1,Xác suất cổ điển,Impatient,"|Ω| = 36. Giờ em liệt kê các cặp tổng bằng 5: (1,4), (2,3), (3,2), (4,1). Hết chưa thầy?",[P] Đủ cho tổng bằng 5 rồi. Nhưng còn tổng bằng bao nhiêu nữa mà vẫn chia hết cho 5 trong khoảng từ 2 đến 12?,Session: SES_603ab9 | Flow: Impatient,3,3,P,P,6f1aaa7bec34a8c0170863b318fde6558fcca96771eb2b0cb2ae2f40007c6dc7,3.6,SES_603ab9
07/04/2026 08:26:00,HS_122,11B1,Xác suất cổ điển,Impatient,Có 7 cặp. Vậy xác suất là 7/36 ạ?,[S] Đáp án chính xác! $P(A) = 7/36$. Em đã liệt kê rất cẩn thận và không bỏ sót trường hợp nào.,Session: SES_603ab9 | Flow: Impatient,4,2,S,S,6f1aaa7bec34a8c0170863b318fde6558fcca96771eb2b0cb2ae2f40007c6dc7,1.95,SES_603ab9
25/03/2026 09:13:00,HS_176,11A1,Xác suất cổ điển,Impatient,"Cho em xin đáp án bài này luôn đi thầy, em đang vội.",[G] Thầy không cho đáp án trực tiếp đâu nhé. Em hãy thử đọc đề và cho thầy biết: thứ tự chọn ở đây có quan trọng không?,Session: SES_1d9866 | Flow: Impatient,3,2,G,G,b6cfb4428a19243f329a708f77c77cf5917746eb87996468e02cc255fecb9a34,2.89,SES_1d9866
25/03/2026 09:17:00,HS_176,11A1,Xác suất cổ điển,Impatient,Bài này không gian mẫu là 12 hay 36 ạ?,"[G] Mỗi con xúc sắc có 6 mặt, khi gieo 2 con thì mỗi khả năng của con thứ nhất đi kèm với 6 khả năng của con thứ hai. Vậy $|\Omega| = 6 	imes 6$ hay $6+6$?",Session: SES_1d9866 | Flow: Impatient,3,3,G,G,b6cfb4428a19243f329a708f77c77cf5917746eb87996468e02cc255fecb9a34,1.52,SES_1d9866
25/03/2026 09:21:00,HS_176,11A1,Xác suất cổ điển,Impatient,"|Ω| = 36. Giờ em liệt kê các cặp tổng bằng 5: (1,4), (2,3), (3,2), (4,1). Hết chưa thầy?",[P] Đủ cho tổng bằng 5 rồi. Nhưng còn tổng bằng bao nhiêu nữa mà vẫn chia hết cho 5 trong khoảng từ 2 đến 12?,Session: SES_1d9866 | Flow: Impatient,2,2,P,P,b6cfb4428a19243f329a708f77c77cf5917746eb87996468e02cc255fecb9a34,3.39,SES_1d9866
25/03/2026 09:25:00,HS_176,11A1,Xác suất cổ điển,Impatient,Có 7 cặp. Vậy xác suất là 7/36 ạ?,[S] Đáp án chính xác! $P(A) = 7/36$. Em đã liệt kê rất cẩn thận và không bỏ sót trường hợp nào.,Session: SES_1d9866 | Flow: Impatient,3,2,S,S,b6cfb4428a19243f329a708f77c77cf5917746eb87996468e02cc255fecb9a34,1.92,SES_1d9866
09/04/2026 10:38:00,HS_124,11A2,Tổ hợp - Chỉnh hợp,Impatient,"Cho em xin đáp án bài này luôn đi thầy, em đang vội.",[G] Thầy không cho đáp án trực tiếp đâu nhé. Em hãy thử đọc đề và cho thầy biết: thứ tự chọn ở đây có quan trọng không?,Session: SES_1a2456 | Flow: Impatient,3,3,G,G,268f0cf8918485809dac31e44aebb60566fda906f5f6d8210447b719f12175d8,2.21,SES_1a2456
09/04/2026 10:42:00,HS_124,11A2,Tổ hợp - Chỉnh hợp,Impatient,Em nên dùng tổ hợp hay chỉnh hợp cho bài này?,"[G] Bài này chọn 3 bạn mà không phân chia chức vụ cụ thể, vậy thứ tự có quan trọng không? Nếu không, em dùng $C$ hay $A$?",Session: SES_1a2456 | Flow: Impatient,3,2,G,G,268f0cf8918485809dac31e44aebb60566fda906f5f6d8210447b719f12175d8,3.37,SES_1a2456
09/04/2026 10:47:00,HS_124,11A2,Tổ hợp - Chỉnh hợp,Impatient,"Em tính được |Ω| = C(40,3) = 9880. Bước tiếp theo là gì?",[P] Đúng rồi. Bây giờ tính số cách chọn 3 bạn nam từ 18 bạn nam để làm biến cố đối $\bar{A}$. Bước này dùng công thức nào?,Session: SES_1a2456 | Flow: Impatient,3,2,P,P,268f0cf8918485809dac31e44aebb60566fda906f5f6d8210447b719f12175d8,3.94,SES_1a2456
09/04/2026 10:51:00,HS_124,11A2,Tổ hợp - Chỉnh hợp,Impatient,"Xác suất là 1 - C(18,3)/C(40,3) = 1 - 816/9880 ≈ 0.917. Đúng chưa thầy?",[S] Tuyệt vời! Kết quả $P \approx 0.917$ là hoàn toàn chính xác. Em đã nắm vững phương pháp dùng biến cố đối!,Session: SES_1a2456 | Flow: Impatient,2,3,S,S,268f0cf8918485809dac31e44aebb60566fda906f5f6d8210447b719f12175d8,2.86,SES_1a2456
09/04/2026 10:55:00,HS_124,11A2,Tổ hợp - Chỉnh hợp,Impatient,Tại sao dùng biến cố đối lại nhanh hơn liệt kê ạ?,"[S] Bởi vì nếu liệt kê, em phải chia 3 trường hợp: 1 nữ 2 nam, 2 nữ 1 nam, và 3 nữ. Dùng biến cố đối chỉ cần tính 1 trường hợp duy nhất rồi lấy phần bù.",Session: SES_1a2456 | Flow: Impatient | Reflection,2,3,S,S,268f0cf8918485809dac31e44aebb60566fda906f5f6d8210447b719f12175d8,2.86,SES_1a2456
31/03/2026 16:19:00,HS_132,11B1,Xác suất cổ điển,Struggler,Bài này không gian mẫu là 12 hay 36 ạ?,"[G] Mỗi con xúc sắc có 6 mặt, khi gieo 2 con thì mỗi khả năng của con thứ nhất đi kèm với 6 khả năng của con thứ hai. Vậy $|\Omega| = 6 	imes 6$ hay $6+6$?",Session: SES_6c02ed | Flow: Struggler,4,2,G,G,16cb61ea52a6d59098e7bc2f7c0128d92e7b5f07bb6b3bc68ae7900b0093c8ea,11.72,SES_6c02ed
31/03/2026 16:32:00,HS_132,11B1,Xác suất cổ điển,Struggler,Bài này không gian mẫu là 12 hay 36 ạ?,"[G] Mỗi con xúc sắc có 6 mặt, khi gieo 2 con thì mỗi khả năng của con thứ nhất đi kèm với 6 khả năng của con thứ hai. Vậy $|\Omega| = 6 	imes 6$ hay $6+6$?",Session: SES_6c02ed | Flow: Struggler,4,4,G,G,16cb61ea52a6d59098e7bc2f7c0128d92e7b5f07bb6b3bc68ae7900b0093c8ea,6.52,SES_6c02ed
31/03/2026 16:40:00,HS_132,11B1,Xác suất cổ điển,Struggler,"|Ω| = 36. Giờ em liệt kê các cặp tổng bằng 5: (1,4), (2,3), (3,2), (4,1). Hết chưa thầy?",[P] Đủ cho tổng bằng 5 rồi. Nhưng còn tổng bằng bao nhiêu nữa mà vẫn chia hết cho 5 trong khoảng từ 2 đến 12?,Session: SES_6c02ed | Flow: Struggler,3,4,P,P,16cb61ea52a6d59098e7bc2f7c0128d92e7b5f07bb6b3bc68ae7900b0093c8ea,7.35,SES_6c02ed
31/03/2026 16:49:00,HS_132,11B1,Xác suất cổ điển,Struggler,"Dạ còn tổng bằng 10: (4,6), (5,5), (6,4).",[P] Rất tốt. Tổng cộng em có bao nhiêu cặp thuận lợi cả thảy?,Session: SES_6c02ed | Flow: Struggler,3,3,P,P,16cb61ea52a6d59098e7bc2f7c0128d92e7b5f07bb6b3bc68ae7900b0093c8ea,9.24,SES_6c02ed
31/03/2026 17:00:00,HS_132,11B1,Xác suất cổ điển,Struggler,Bài này không gian mẫu là 12 hay 36 ạ?,"[G] Mỗi con xúc sắc có 6 mặt, khi gieo 2 con thì mỗi khả năng của con thứ nhất đi kèm với 6 khả năng của con thứ hai. Vậy $|\Omega| = 6 	imes 6$ hay $6+6$?",Session: SES_6c02ed | Flow: Struggler,3,3,G,G,16cb61ea52a6d59098e7bc2f7c0128d92e7b5f07bb6b3bc68ae7900b0093c8ea,10.12,SES_6c02ed
31/03/2026 17:11:00,HS_132,11B1,Xác suất cổ điển,Struggler,"Dạ còn tổng bằng 10: (4,6), (5,5), (6,4).",[P] Rất tốt. Tổng cộng em có bao nhiêu cặp thuận lợi cả thảy?,Session: SES_6c02ed | Flow: Struggler,3,4,P,P,16cb61ea52a6d59098e7bc2f7c0128d92e7b5f07bb6b3bc68ae7900b0093c8ea,8.48,SES_6c02ed
31/03/2026 17:20:00,HS_132,11B1,Xác suất cổ điển,Struggler,Có 7 cặp. Vậy xác suất là 7/36 ạ?,[S] Đáp án chính xác! $P(A) = 7/36$. Em đã liệt kê rất cẩn thận và không bỏ sót trường hợp nào.,Session: SES_6c02ed | Flow: Struggler,4,2,S,S,16cb61ea52a6d59098e7bc2f7c0128d92e7b5f07bb6b3bc68ae7900b0093c8ea,7.19,SES_6c02ed
26/03/2026 14:45:00,HS_170,11A1,Tổ hợp - Chỉnh hợp,Disciplined,Em nên dùng tổ hợp hay chỉnh hợp cho bài này?,"[G] Bài này chọn 3 bạn mà không phân chia chức vụ cụ thể, vậy thứ tự có quan trọng không? Nếu không, em dùng $C$ hay $A$?",Session: SES_4fe4a2 | Flow: Disciplined,5,3,G,G,4b69460c6b5b9d583e24248d90c0ba855de81ea4179e2301db913cc08449fcb0,4.77,SES_4fe4a2
26/03/2026 14:50:00,HS_170,11A1,Tổ hợp - Chỉnh hợp,Disciplined,"Em tính được |Ω| = C(40,3) = 9880. Bước tiếp theo là gì?",[P] Đúng rồi. Bây giờ tính số cách chọn 3 bạn nam từ 18 bạn nam để làm biến cố đối $\bar{A}$. Bước này dùng công thức nào?,Session: SES_4fe4a2 | Flow: Disciplined,4,1,P,P,4b69460c6b5b9d583e24248d90c0ba855de81ea4179e2301db913cc08449fcb0,2.19,SES_4fe4a2
26/03/2026 14:54:00,HS_170,11A1,Tổ hợp - Chỉnh hợp,Disciplined,"Xác suất là 1 - C(18,3)/C(40,3) = 1 - 816/9880 ≈ 0.917. Đúng chưa thầy?",[S] Tuyệt vời! Kết quả $P \approx 0.917$ là hoàn toàn chính xác. Em đã nắm vững phương pháp dùng biến cố đối!,Session: SES_4fe4a2 | Flow: Disciplined,4,2,S,S,4b69460c6b5b9d583e24248d90c0ba855de81ea4179e2301db913cc08449fcb0,2.06,SES_4fe4a2
26/03/2026 14:59:00,HS_170,11A1,Tổ hợp - Chỉnh hợp,Disciplined,Tại sao dùng biến cố đối lại nhanh hơn liệt kê ạ?,"[S] Bởi vì nếu liệt kê, em phải chia 3 trường hợp: 1 nữ 2 nam, 2 nữ 1 nam, và 3 nữ. Dùng biến cố đối chỉ cần tính 1 trường hợp duy nhất rồi lấy phần bù.",Session: SES_4fe4a2 | Flow: Disciplined | Reflection,4,2,S,S,4b69460c6b5b9d583e24248d90c0ba855de81ea4179e2301db913cc08449fcb0,2.06,SES_4fe4a2
07/04/2026 17:30:00,HS_120,11A1,Tổ hợp - Chỉnh hợp,Struggler,Em nên dùng tổ hợp hay chỉnh hợp cho bài này?,"[G] Bài này chọn 3 bạn mà không phân chia chức vụ cụ thể, vậy thứ tự có quan trọng không? Nếu không, em dùng $C$ hay $A$?",Session: SES_f4cb43 | Flow: Struggler,3,3,G,G,65671f63d528bdbff4ae86bd4bb733e8942424a9b3b3bcb08a5902e4a698a37d,10.23,SES_f4cb43
07/04/2026 17:43:00,HS_120,11A1,Tổ hợp - Chỉnh hợp,Struggler,Quy tắc ít nhất làm thế nào thầy?,"[G] Với bài toán 'có ít nhất', ta thường dùng biến cố đối. Nếu không có ít nhất 1 nữ, thì 3 bạn được chọn phải như thế nào?",Session: SES_f4cb43 | Flow: Struggler,4,1,G,G,65671f63d528bdbff4ae86bd4bb733e8942424a9b3b3bcb08a5902e4a698a37d,11.66,SES_f4cb43
07/04/2026 17:57:00,HS_120,11A1,Tổ hợp - Chỉnh hợp,Struggler,"Em tính được |Ω| = C(40,3) = 9880. Bước tiếp theo là gì?",[P] Đúng rồi. Bây giờ tính số cách chọn 3 bạn nam từ 18 bạn nam để làm biến cố đối $\bar{A}$. Bước này dùng công thức nào?,Session: SES_f4cb43 | Flow: Struggler,3,3,P,P,65671f63d528bdbff4ae86bd4bb733e8942424a9b3b3bcb08a5902e4a698a37d,6.17,SES_f4cb43
07/04/2026 18:05:00,HS_120,11A1,Tổ hợp - Chỉnh hợp,Struggler,"Số cách chọn nam là C(18,3) phải không thầy?",[P] Chính xác! Em tính ra số cụ thể rồi lấy 1 trừ đi xác suất của $\bar{A}$ là ra kết quả.,Session: SES_f4cb43 | Flow: Struggler,4,2,P,P,65671f63d528bdbff4ae86bd4bb733e8942424a9b3b3bcb08a5902e4a698a37d,6.73,SES_f4cb43
07/04/2026 18:12:00,HS_120,11A1,Tổ hợp - Chỉnh hợp,Struggler,Quy tắc ít nhất làm thế nào thầy?,"[G] Với bài toán 'có ít nhất', ta thường dùng biến cố đối. Nếu không có ít nhất 1 nữ, thì 3 bạn được chọn phải như thế nào?",Session: SES_f4cb43 | Flow: Struggler,4,1,G,G,65671f63d528bdbff4ae86bd4bb733e8942424a9b3b3bcb08a5902e4a698a37d,10.72,SES_f4cb43
07/04/2026 18:25:00,HS_120,11A1,Tổ hợp - Chỉnh hợp,Struggler,"Số cách chọn nam là C(18,3) phải không thầy?",[P] Chính xác! Em tính ra số cụ thể rồi lấy 1 trừ đi xác suất của $\bar{A}$ là ra kết quả.,Session: SES_f4cb43 | Flow: Struggler,3,3,P,P,65671f63d528bdbff4ae86bd4bb733e8942424a9b3b3bcb08a5902e4a698a37d,6.84,SES_f4cb43
07/04/2026 18:32:00,HS_120,11A1,Tổ hợp - Chỉnh hợp,Struggler,"Xác suất là 1 - C(18,3)/C(40,3) = 1 - 816/9880 ≈ 0.917. Đúng chưa thầy?",[S] Tuyệt vời! Kết quả $P \approx 0.917$ là hoàn toàn chính xác. Em đã nắm vững phương pháp dùng biến cố đối!,Session: SES_f4cb43 | Flow: Struggler,4,2,S,S,65671f63d528bdbff4ae86bd4bb733e8942424a9b3b3bcb08a5902e4a698a37d,10.13,SES_f4cb43
20/03/2026 11:28:00,HS_134,11A1,Tổ hợp - Chỉnh hợp,Struggler,Em nên dùng tổ hợp hay chỉnh hợp cho bài này?,"[G] Bài này chọn 3 bạn mà không phân chia chức vụ cụ thể, vậy thứ tự có quan trọng không? Nếu không, em dùng $C$ hay $A$?",Session: SES_257fa6 | Flow: Struggler,4,1,G,G,0a6f6881c4cda080ef16dfe6db73692c661ab75d5782b1c32b44526603b773a5,11.53,SES_257fa6
20/03/2026 11:40:00,HS_134,11A1,Tổ hợp - Chỉnh hợp,Struggler,Quy tắc ít nhất làm thế nào thầy?,"[G] Với bài toán 'có ít nhất', ta thường dùng biến cố đối. Nếu không có ít nhất 1 nữ, thì 3 bạn được chọn phải như thế nào?",Session: SES_257fa6 | Flow: Struggler,4,2,G,G,0a6f6881c4cda080ef16dfe6db73692c661ab75d5782b1c32b44526603b773a5,11.28,SES_257fa6
20/03/2026 11:53:00,HS_134,11A1,Tổ hợp - Chỉnh hợp,Struggler,"Em tính được |Ω| = C(40,3) = 9880. Bước tiếp theo là gì?",[P] Đúng rồi. Bây giờ tính số cách chọn 3 bạn nam từ 18 bạn nam để làm biến cố đối $\bar{A}$. Bước này dùng công thức nào?,Session: SES_257fa6 | Flow: Struggler,4,1,P,P,0a6f6881c4cda080ef16dfe6db73692c661ab75d5782b1c32b44526603b773a5,7.7,SES_257fa6
20/03/2026 12:03:00,HS_134,11A1,Tổ hợp - Chỉnh hợp,Struggler,"Số cách chọn nam là C(18,3) phải không thầy?",[P] Chính xác! Em tính ra số cụ thể rồi lấy 1 trừ đi xác suất của $\bar{A}$ là ra kết quả.,Session: SES_257fa6 | Flow: Struggler,3,2,P,P,0a6f6881c4cda080ef16dfe6db73692c661ab75d5782b1c32b44526603b773a5,11.2,SES_257fa6
20/03/2026 12:15:00,HS_134,11A1,Tổ hợp - Chỉnh hợp,Struggler,Quy tắc ít nhất làm thế nào thầy?,"[G] Với bài toán 'có ít nhất', ta thường dùng biến cố đối. Nếu không có ít nhất 1 nữ, thì 3 bạn được chọn phải như thế nào?",Session: SES_257fa6 | Flow: Struggler,4,3,G,G,0a6f6881c4cda080ef16dfe6db73692c661ab75d5782b1c32b44526603b773a5,9.0,SES_257fa6
20/03/2026 12:26:00,HS_134,11A1,Tổ hợp - Chỉnh hợp,Struggler,"Số cách chọn nam là C(18,3) phải không thầy?",[P] Chính xác! Em tính ra số cụ thể rồi lấy 1 trừ đi xác suất của $\bar{A}$ là ra kết quả.,Session: SES_257fa6 | Flow: Struggler,4,3,P,P,0a6f6881c4cda080ef16dfe6db73692c661ab75d5782b1c32b44526603b773a5,11.72,SES_257fa6
20/03/2026 12:38:00,HS_134,11A1,Tổ hợp - Chỉnh hợp,Struggler,"Xác suất là 1 - C(18,3)/C(40,3) = 1 - 816/9880 ≈ 0.917. Đúng chưa thầy?",[S] Tuyệt vời! Kết quả $P \approx 0.917$ là hoàn toàn chính xác. Em đã nắm vững phương pháp dùng biến cố đối!,Session: SES_257fa6 | Flow: Struggler,4,1,S,S,0a6f6881c4cda080ef16dfe6db73692c661ab75d5782b1c32b44526603b773a5,10.3,SES_257fa6
08/04/2026 14:50:00,HS_135,11B2,Tổ hợp - Chỉnh hợp,Disciplined,Em nên dùng tổ hợp hay chỉnh hợp cho bài này?,"[G] Bài này chọn 3 bạn mà không phân chia chức vụ cụ thể, vậy thứ tự có quan trọng không? Nếu không, em dùng $C$ hay $A$?",Session: SES_481b54 | Flow: Disciplined,5,1,G,G,c7e87c7a3af8d4207bc693f4b5b5f1b0e59b66ed6200422d75feb818e61f0310,2.1,SES_481b54
08/04/2026 14:53:00,HS_135,11B2,Tổ hợp - Chỉnh hợp,Disciplined,"Em tính được |Ω| = C(40,3) = 9880. Bước tiếp theo là gì?",[P] Đúng rồi. Bây giờ tính số cách chọn 3 bạn nam từ 18 bạn nam để làm biến cố đối $\bar{A}$. Bước này dùng công thức nào?,Session: SES_481b54 | Flow: Disciplined,4,2,P,P,c7e87c7a3af8d4207bc693f4b5b5f1b0e59b66ed6200422d75feb818e61f0310,3.48,SES_481b54
08/04/2026 14:58:00,HS_135,11B2,Tổ hợp - Chỉnh hợp,Disciplined,"Xác suất là 1 - C(18,3)/C(40,3) = 1 - 816/9880 ≈ 0.917. Đúng chưa thầy?",[S] Tuyệt vời! Kết quả $P \approx 0.917$ là hoàn toàn chính xác. Em đã nắm vững phương pháp dùng biến cố đối!,Session: SES_481b54 | Flow: Disciplined,4,2,S,S,c7e87c7a3af8d4207bc693f4b5b5f1b0e59b66ed6200422d75feb818e61f0310,4.61,SES_481b54
08/04/2026 15:04:00,HS_135,11B2,Tổ hợp - Chỉnh hợp,Disciplined,Tại sao dùng biến cố đối lại nhanh hơn liệt kê ạ?,"[S] Bởi vì nếu liệt kê, em phải chia 3 trường hợp: 1 nữ 2 nam, 2 nữ 1 nam, và 3 nữ. Dùng biến cố đối chỉ cần tính 1 trường hợp duy nhất rồi lấy phần bù.",Session: SES_481b54 | Flow: Disciplined | Reflection,4,2,S,S,c7e87c7a3af8d4207bc693f4b5b5f1b0e59b66ed6200422d75feb818e61f0310,4.61,SES_481b54
23/03/2026 14:05:00,HS_105,11A1,Quy tắc nhân xác suất,Struggler,"Làm sao để biết khi nào dùng cộng, khi nào dùng nhân ạ?","[G] Khi các hành động xảy ra độc lập và liên tiếp (A bắn VÀ B bắn) thì ta dùng quy tắc nhân. Nếu chia các kịch bản riêng biệt thì dùng quy tắc cộng. Ở bài này, 'đúng 1 người trúng' có những kịch bản nào?",Session: SES_d81b40 | Flow: Struggler,3,5,G,G,54314e9792101e01194e3800fcaa61e37d193a39c433808b6be3554f49349670,10.37,SES_d81b40
23/03/2026 14:16:00,HS_105,11A1,Quy tắc nhân xác suất,Struggler,"Làm sao để biết khi nào dùng cộng, khi nào dùng nhân ạ?","[G] Khi các hành động xảy ra độc lập và liên tiếp (A bắn VÀ B bắn) thì ta dùng quy tắc nhân. Nếu chia các kịch bản riêng biệt thì dùng quy tắc cộng. Ở bài này, 'đúng 1 người trúng' có những kịch bản nào?",Session: SES_d81b40 | Flow: Struggler,3,4,G,G,54314e9792101e01194e3800fcaa61e37d193a39c433808b6be3554f49349670,7.51,SES_d81b40
23/03/2026 14:24:00,HS_105,11A1,Quy tắc nhân xác suất,Struggler,"Có 2 kịch bản: (A trúng, B trượt) và (A trượt, B trúng). Phải không thầy?",[P] Đúng rồi! Em tính xác suất cho từng kịch bản đó đi. Nhớ rằng $P(	ext{trượt}) = 1 - P(	ext{trúng})$.,Session: SES_d81b40 | Flow: Struggler,3,4,P,P,54314e9792101e01194e3800fcaa61e37d193a39c433808b6be3554f49349670,9.21,SES_d81b40
23/03/2026 14:35:00,HS_105,11A1,Quy tắc nhân xác suất,Struggler,Kịch bản 1: 0.8 * 0.3 = 0.24. Kịch bản 2: 0.2 * 0.7 = 0.14.,[P] Chính xác. Bây giờ kết hợp hai kịch bản này lại thế nào?,Session: SES_d81b40 | Flow: Struggler,3,3,P,P,54314e9792101e01194e3800fcaa61e37d193a39c433808b6be3554f49349670,10.47,SES_d81b40
23/03/2026 14:47:00,HS_105,11A1,Quy tắc nhân xác suất,Struggler,"Làm sao để biết khi nào dùng cộng, khi nào dùng nhân ạ?","[G] Khi các hành động xảy ra độc lập và liên tiếp (A bắn VÀ B bắn) thì ta dùng quy tắc nhân. Nếu chia các kịch bản riêng biệt thì dùng quy tắc cộng. Ở bài này, 'đúng 1 người trúng' có những kịch bản nào?",Session: SES_d81b40 | Flow: Struggler,4,3,G,G,54314e9792101e01194e3800fcaa61e37d193a39c433808b6be3554f49349670,11.58,SES_d81b40
23/03/2026 14:59:00,HS_105,11A1,Quy tắc nhân xác suất,Struggler,Kịch bản 1: 0.8 * 0.3 = 0.24. Kịch bản 2: 0.2 * 0.7 = 0.14.,[P] Chính xác. Bây giờ kết hợp hai kịch bản này lại thế nào?,Session: SES_d81b40 | Flow: Struggler,3,5,P,P,54314e9792101e01194e3800fcaa61e37d193a39c433808b6be3554f49349670,11.98,SES_d81b40
23/03/2026 15:13:00,HS_105,11A1,Quy tắc nhân xác suất,Struggler,Em cộng lại ra 0.38. Đúng chưa thầy?,[S] Rất giỏi! Xác suất đúng 1 người trúng là $0.24 + 0.14 = 0.38$. Em đã áp dụng đúng cả quy tắc nhân và quy tắc cộng.,Session: SES_d81b40 | Flow: Struggler,4,5,S,S,54314e9792101e01194e3800fcaa61e37d193a39c433808b6be3554f49349670,8.38,SES_d81b40
16/03/2026 16:45:00,HS_188,11A1,Tổ hợp - Chỉnh hợp,Struggler,Em nên dùng tổ hợp hay chỉnh hợp cho bài này?,"[G] Bài này chọn 3 bạn mà không phân chia chức vụ cụ thể, vậy thứ tự có quan trọng không? Nếu không, em dùng $C$ hay $A$?",Session: SES_ba0388 | Flow: Struggler,4,1,G,G,db5cce457374f951cddb0c62ad6ea8fbb99e63d885528677768e39b59f6bab06,7.88,SES_ba0388
16/03/2026 16:54:00,HS_188,11A1,Tổ hợp - Chỉnh hợp,Struggler,Quy tắc ít nhất làm thế nào thầy?,"[G] Với bài toán 'có ít nhất', ta thường dùng biến cố đối. Nếu không có ít nhất 1 nữ, thì 3 bạn được chọn phải như thế nào?",Session: SES_ba0388 | Flow: Struggler,4,1,G,G,db5cce457374f951cddb0c62ad6ea8fbb99e63d885528677768e39b59f6bab06,7.67,SES_ba0388
16/03/2026 17:03:00,HS_188,11A1,Tổ hợp - Chỉnh hợp,Struggler,"Em tính được |Ω| = C(40,3) = 9880. Bước tiếp theo là gì?",[P] Đúng rồi. Bây giờ tính số cách chọn 3 bạn nam từ 18 bạn nam để làm biến cố đối $\bar{A}$. Bước này dùng công thức nào?,Session: SES_ba0388 | Flow: Struggler,4,2,P,P,db5cce457374f951cddb0c62ad6ea8fbb99e63d885528677768e39b59f6bab06,11.81,SES_ba0388
16/03/2026 17:17:00,HS_188,11A1,Tổ hợp - Chỉnh hợp,Struggler,"Số cách chọn nam là C(18,3) phải không thầy?",[P] Chính xác! Em tính ra số cụ thể rồi lấy 1 trừ đi xác suất của $\bar{A}$ là ra kết quả.,Session: SES_ba0388 | Flow: Struggler,3,2,P,P,db5cce457374f951cddb0c62ad6ea8fbb99e63d885528677768e39b59f6bab06,6.52,SES_ba0388
16/03/2026 17:26:00,HS_188,11A1,Tổ hợp - Chỉnh hợp,Struggler,Quy tắc ít nhất làm thế nào thầy?,"[G] Với bài toán 'có ít nhất', ta thường dùng biến cố đối. Nếu không có ít nhất 1 nữ, thì 3 bạn được chọn phải như thế nào?",Session: SES_ba0388 | Flow: Struggler,3,1,G,G,db5cce457374f951cddb0c62ad6ea8fbb99e63d885528677768e39b59f6bab06,9.83,SES_ba0388
16/03/2026 17:38:00,HS_188,11A1,Tổ hợp - Chỉnh hợp,Struggler,"Số cách chọn nam là C(18,3) phải không thầy?",[P] Chính xác! Em tính ra số cụ thể rồi lấy 1 trừ đi xác suất của $\bar{A}$ là ra kết quả.,Session: SES_ba0388 | Flow: Struggler,3,1,P,P,db5cce457374f951cddb0c62ad6ea8fbb99e63d885528677768e39b59f6bab06,10.45,SES_ba0388
16/03/2026 17:50:00,HS_188,11A1,Tổ hợp - Chỉnh hợp,Struggler,"Xác suất là 1 - C(18,3)/C(40,3) = 1 - 816/9880 ≈ 0.917. Đúng chưa thầy?",[S] Tuyệt vời! Kết quả $P \approx 0.917$ là hoàn toàn chính xác. Em đã nắm vững phương pháp dùng biến cố đối!,Session: SES_ba0388 | Flow: Struggler,4,1,S,S,db5cce457374f951cddb0c62ad6ea8fbb99e63d885528677768e39b59f6bab06,5.47,SES_ba0388
16/03/2026 17:56:00,HS_188,11A1,Tổ hợp - Chỉnh hợp,Struggler,Tại sao dùng biến cố đối lại nhanh hơn liệt kê ạ?,"[S] Bởi vì nếu liệt kê, em phải chia 3 trường hợp: 1 nữ 2 nam, 2 nữ 1 nam, và 3 nữ. Dùng biến cố đối chỉ cần tính 1 trường hợp duy nhất rồi lấy phần bù.",Session: SES_ba0388 | Flow: Struggler | Reflection,4,1,S,S,db5cce457374f951cddb0c62ad6ea8fbb99e63d885528677768e39b59f6bab06,5.47,SES_ba0388
16/03/2026 08:21:00,HS_153,11B1,Quy tắc nhân xác suất,Struggler,"Làm sao để biết khi nào dùng cộng, khi nào dùng nhân ạ?","[G] Khi các hành động xảy ra độc lập và liên tiếp (A bắn VÀ B bắn) thì ta dùng quy tắc nhân. Nếu chia các kịch bản riêng biệt thì dùng quy tắc cộng. Ở bài này, 'đúng 1 người trúng' có những kịch bản nào?",Session: SES_3d2c93 | Flow: Struggler,3,3,G,G,97135487fc07962cdc318d0e3d33967791076f07b94602f09521622e4542729c,9.87,SES_3d2c93
16/03/2026 08:32:00,HS_153,11B1,Quy tắc nhân xác suất,Struggler,"Làm sao để biết khi nào dùng cộng, khi nào dùng nhân ạ?","[G] Khi các hành động xảy ra độc lập và liên tiếp (A bắn VÀ B bắn) thì ta dùng quy tắc nhân. Nếu chia các kịch bản riêng biệt thì dùng quy tắc cộng. Ở bài này, 'đúng 1 người trúng' có những kịch bản nào?",Session: SES_3d2c93 | Flow: Struggler,3,4,G,G,97135487fc07962cdc318d0e3d33967791076f07b94602f09521622e4542729c,6.48,SES_3d2c93
16/03/2026 08:40:00,HS_153,11B1,Quy tắc nhân xác suất,Struggler,"Có 2 kịch bản: (A trúng, B trượt) và (A trượt, B trúng). Phải không thầy?",[P] Đúng rồi! Em tính xác suất cho từng kịch bản đó đi. Nhớ rằng $P(	ext{trượt}) = 1 - P(	ext{trúng})$.,Session: SES_3d2c93 | Flow: Struggler,4,3,P,P,97135487fc07962cdc318d0e3d33967791076f07b94602f09521622e4542729c,5.6,SES_3d2c93
16/03/2026 08:48:00,HS_153,11B1,Quy tắc nhân xác suất,Struggler,Kịch bản 1: 0.8 * 0.3 = 0.24. Kịch bản 2: 0.2 * 0.7 = 0.14.,[P] Chính xác. Bây giờ kết hợp hai kịch bản này lại thế nào?,Session: SES_3d2c93 | Flow: Struggler,4,3,P,P,97135487fc07962cdc318d0e3d33967791076f07b94602f09521622e4542729c,6.5,SES_3d2c93
16/03/2026 08:55:00,HS_153,11B1,Quy tắc nhân xác suất,Struggler,"Làm sao để biết khi nào dùng cộng, khi nào dùng nhân ạ?","[G] Khi các hành động xảy ra độc lập và liên tiếp (A bắn VÀ B bắn) thì ta dùng quy tắc nhân. Nếu chia các kịch bản riêng biệt thì dùng quy tắc cộng. Ở bài này, 'đúng 1 người trúng' có những kịch bản nào?",Session: SES_3d2c93 | Flow: Struggler,3,5,G,G,97135487fc07962cdc318d0e3d33967791076f07b94602f09521622e4542729c,11.19,SES_3d2c93
16/03/2026 09:07:00,HS_153,11B1,Quy tắc nhân xác suất,Struggler,Kịch bản 1: 0.8 * 0.3 = 0.24. Kịch bản 2: 0.2 * 0.7 = 0.14.,[P] Chính xác. Bây giờ kết hợp hai kịch bản này lại thế nào?,Session: SES_3d2c93 | Flow: Struggler,3,5,P,P,97135487fc07962cdc318d0e3d33967791076f07b94602f09521622e4542729c,6.8,SES_3d2c93
16/03/2026 09:14:00,HS_153,11B1,Quy tắc nhân xác suất,Struggler,Em cộng lại ra 0.38. Đúng chưa thầy?,[S] Rất giỏi! Xác suất đúng 1 người trúng là $0.24 + 0.14 = 0.38$. Em đã áp dụng đúng cả quy tắc nhân và quy tắc cộng.,Session: SES_3d2c93 | Flow: Struggler,4,5,S,S,97135487fc07962cdc318d0e3d33967791076f07b94602f09521622e4542729c,9.82,SES_3d2c93
28/03/2026 18:22:00,HS_105,11B1,Tổ hợp - Chỉnh hợp,Impatient,"Cho em xin đáp án bài này luôn đi thầy, em đang vội.",[G] Thầy không cho đáp án trực tiếp đâu nhé. Em hãy thử đọc đề và cho thầy biết: thứ tự chọn ở đây có quan trọng không?,Session: SES_8a512d | Flow: Impatient,3,3,G,G,54314e9792101e01194e3800fcaa61e37d193a39c433808b6be3554f49349670,2.06,SES_8a512d
28/03/2026 18:27:00,HS_105,11B1,Tổ hợp - Chỉnh hợp,Impatient,Em nên dùng tổ hợp hay chỉnh hợp cho bài này?,"[G] Bài này chọn 3 bạn mà không phân chia chức vụ cụ thể, vậy thứ tự có quan trọng không? Nếu không, em dùng $C$ hay $A$?",Session: SES_8a512d | Flow: Impatient,2,2,G,G,54314e9792101e01194e3800fcaa61e37d193a39c433808b6be3554f49349670,1.36,SES_8a512d
28/03/2026 18:31:00,HS_105,11B1,Tổ hợp - Chỉnh hợp,Impatient,"Em tính được |Ω| = C(40,3) = 9880. Bước tiếp theo là gì?",[P] Đúng rồi. Bây giờ tính số cách chọn 3 bạn nam từ 18 bạn nam để làm biến cố đối $\bar{A}$. Bước này dùng công thức nào?,Session: SES_8a512d | Flow: Impatient,3,3,P,P,54314e9792101e01194e3800fcaa61e37d193a39c433808b6be3554f49349670,3.43,SES_8a512d
28/03/2026 18:36:00,HS_105,11B1,Tổ hợp - Chỉnh hợp,Impatient,"Xác suất là 1 - C(18,3)/C(40,3) = 1 - 816/9880 ≈ 0.917. Đúng chưa thầy?",[S] Tuyệt vời! Kết quả $P \approx 0.917$ là hoàn toàn chính xác. Em đã nắm vững phương pháp dùng biến cố đối!,Session: SES_8a512d | Flow: Impatient,2,1,S,S,54314e9792101e01194e3800fcaa61e37d193a39c433808b6be3554f49349670,2.16,SES_8a512d
28/03/2026 18:40:00,HS_105,11B1,Tổ hợp - Chỉnh hợp,Impatient,Tại sao dùng biến cố đối lại nhanh hơn liệt kê ạ?,"[S] Bởi vì nếu liệt kê, em phải chia 3 trường hợp: 1 nữ 2 nam, 2 nữ 1 nam, và 3 nữ. Dùng biến cố đối chỉ cần tính 1 trường hợp duy nhất rồi lấy phần bù.",Session: SES_8a512d | Flow: Impatient | Reflection,2,1,S,S,54314e9792101e01194e3800fcaa61e37d193a39c433808b6be3554f49349670,2.16,SES_8a512d
05/04/2026 15:44:00,HS_158,11A2,Xác suất cổ điển,Disciplined,Bài này không gian mẫu là 12 hay 36 ạ?,"[G] Mỗi con xúc sắc có 6 mặt, khi gieo 2 con thì mỗi khả năng của con thứ nhất đi kèm với 6 khả năng của con thứ hai. Vậy $|\Omega| = 6 	imes 6$ hay $6+6$?",Session: SES_78a120 | Flow: Disciplined,4,2,G,G,f21ce4c69c20f0ca18588802dc04d9c8fc19c6a865da9db0f4e8ca062a9334df,2.65,SES_78a120
05/04/2026 15:47:00,HS_158,11A2,Xác suất cổ điển,Disciplined,"|Ω| = 36. Giờ em liệt kê các cặp tổng bằng 5: (1,4), (2,3), (3,2), (4,1). Hết chưa thầy?",[P] Đủ cho tổng bằng 5 rồi. Nhưng còn tổng bằng bao nhiêu nữa mà vẫn chia hết cho 5 trong khoảng từ 2 đến 12?,Session: SES_78a120 | Flow: Disciplined,4,4,P,P,f21ce4c69c20f0ca18588802dc04d9c8fc19c6a865da9db0f4e8ca062a9334df,4.32,SES_78a120
05/04/2026 15:52:00,HS_158,11A2,Xác suất cổ điển,Disciplined,Có 7 cặp. Vậy xác suất là 7/36 ạ?,[S] Đáp án chính xác! $P(A) = 7/36$. Em đã liệt kê rất cẩn thận và không bỏ sót trường hợp nào.,Session: SES_78a120 | Flow: Disciplined,4,3,S,S,f21ce4c69c20f0ca18588802dc04d9c8fc19c6a865da9db0f4e8ca062a9334df,4.31,SES_78a120
21/03/2026 11:38:00,HS_179,11B2,Tổ hợp - Chỉnh hợp,Gifted,Em nên dùng tổ hợp hay chỉnh hợp cho bài này?,"[G] Bài này chọn 3 bạn mà không phân chia chức vụ cụ thể, vậy thứ tự có quan trọng không? Nếu không, em dùng $C$ hay $A$?",Session: SES_ed5607 | Flow: Gifted,5,1,G,G,5ed6d8faff8897e9c45b4e0aaf9dcd538644903b5f1287a61cb526c0e7253e9b,2.93,SES_ed5607
21/03/2026 11:42:00,HS_179,11B2,Tổ hợp - Chỉnh hợp,Gifted,"Xác suất là 1 - C(18,3)/C(40,3) = 1 - 816/9880 ≈ 0.917. Đúng chưa thầy?",[S] Tuyệt vời! Kết quả $P \approx 0.917$ là hoàn toàn chính xác. Em đã nắm vững phương pháp dùng biến cố đối!,Session: SES_ed5607 | Flow: Gifted,5,1,S,S,5ed6d8faff8897e9c45b4e0aaf9dcd538644903b5f1287a61cb526c0e7253e9b,1.6,SES_ed5607
02/04/2026 12:27:00,HS_105,11A1,Quy tắc nhân xác suất,Struggler,"Làm sao để biết khi nào dùng cộng, khi nào dùng nhân ạ?","[G] Khi các hành động xảy ra độc lập và liên tiếp (A bắn VÀ B bắn) thì ta dùng quy tắc nhân. Nếu chia các kịch bản riêng biệt thì dùng quy tắc cộng. Ở bài này, 'đúng 1 người trúng' có những kịch bản nào?",Session: SES_f3d157 | Flow: Struggler,4,5,G,G,54314e9792101e01194e3800fcaa61e37d193a39c433808b6be3554f49349670,5.66,SES_f3d157
02/04/2026 12:33:00,HS_105,11A1,Quy tắc nhân xác suất,Struggler,"Làm sao để biết khi nào dùng cộng, khi nào dùng nhân ạ?","[G] Khi các hành động xảy ra độc lập và liên tiếp (A bắn VÀ B bắn) thì ta dùng quy tắc nhân. Nếu chia các kịch bản riêng biệt thì dùng quy tắc cộng. Ở bài này, 'đúng 1 người trúng' có những kịch bản nào?",Session: SES_f3d157 | Flow: Struggler,4,3,G,G,54314e9792101e01194e3800fcaa61e37d193a39c433808b6be3554f49349670,8.92,SES_f3d157
02/04/2026 12:42:00,HS_105,11A1,Quy tắc nhân xác suất,Struggler,"Có 2 kịch bản: (A trúng, B trượt) và (A trượt, B trúng). Phải không thầy?",[P] Đúng rồi! Em tính xác suất cho từng kịch bản đó đi. Nhớ rằng $P(	ext{trượt}) = 1 - P(	ext{trúng})$.,Session: SES_f3d157 | Flow: Struggler,4,4,P,P,54314e9792101e01194e3800fcaa61e37d193a39c433808b6be3554f49349670,11.79,SES_f3d157
02/04/2026 12:55:00,HS_105,11A1,Quy tắc nhân xác suất,Struggler,Kịch bản 1: 0.8 * 0.3 = 0.24. Kịch bản 2: 0.2 * 0.7 = 0.14.,[P] Chính xác. Bây giờ kết hợp hai kịch bản này lại thế nào?,Session: SES_f3d157 | Flow: Struggler,4,4,P,P,54314e9792101e01194e3800fcaa61e37d193a39c433808b6be3554f49349670,10.8,SES_f3d157
02/04/2026 13:06:00,HS_105,11A1,Quy tắc nhân xác suất,Struggler,"Làm sao để biết khi nào dùng cộng, khi nào dùng nhân ạ?","[G] Khi các hành động xảy ra độc lập và liên tiếp (A bắn VÀ B bắn) thì ta dùng quy tắc nhân. Nếu chia các kịch bản riêng biệt thì dùng quy tắc cộng. Ở bài này, 'đúng 1 người trúng' có những kịch bản nào?",Session: SES_f3d157 | Flow: Struggler,3,5,G,G,54314e9792101e01194e3800fcaa61e37d193a39c433808b6be3554f49349670,7.06,SES_f3d157
02/04/2026 13:16:00,HS_105,11A1,Quy tắc nhân xác suất,Struggler,Kịch bản 1: 0.8 * 0.3 = 0.24. Kịch bản 2: 0.2 * 0.7 = 0.14.,[P] Chính xác. Bây giờ kết hợp hai kịch bản này lại thế nào?,Session: SES_f3d157 | Flow: Struggler,4,4,P,P,54314e9792101e01194e3800fcaa61e37d193a39c433808b6be3554f49349670,9.55,SES_f3d157
02/04/2026 13:27:00,HS_105,11A1,Quy tắc nhân xác suất,Struggler,Em cộng lại ra 0.38. Đúng chưa thầy?,[S] Rất giỏi! Xác suất đúng 1 người trúng là $0.24 + 0.14 = 0.38$. Em đã áp dụng đúng cả quy tắc nhân và quy tắc cộng.,Session: SES_f3d157 | Flow: Struggler,3,4,S,S,54314e9792101e01194e3800fcaa61e37d193a39c433808b6be3554f49349670,9.25,SES_f3d157
05/04/2026 17:39:00,HS_130,11B1,Quy tắc nhân xác suất,Struggler,"Làm sao để biết khi nào dùng cộng, khi nào dùng nhân ạ?","[G] Khi các hành động xảy ra độc lập và liên tiếp (A bắn VÀ B bắn) thì ta dùng quy tắc nhân. Nếu chia các kịch bản riêng biệt thì dùng quy tắc cộng. Ở bài này, 'đúng 1 người trúng' có những kịch bản nào?",Session: SES_25f12f | Flow: Struggler,4,3,G,G,f7bb1fe2e79dcab3bfd437f13dafd1516d81f86f5bc53ea6688fc134b30bef11,5.38,SES_25f12f
05/04/2026 17:45:00,HS_130,11B1,Quy tắc nhân xác suất,Struggler,"Làm sao để biết khi nào dùng cộng, khi nào dùng nhân ạ?","[G] Khi các hành động xảy ra độc lập và liên tiếp (A bắn VÀ B bắn) thì ta dùng quy tắc nhân. Nếu chia các kịch bản riêng biệt thì dùng quy tắc cộng. Ở bài này, 'đúng 1 người trúng' có những kịch bản nào?",Session: SES_25f12f | Flow: Struggler,4,5,G,G,f7bb1fe2e79dcab3bfd437f13dafd1516d81f86f5bc53ea6688fc134b30bef11,6.31,SES_25f12f
05/04/2026 17:52:00,HS_130,11B1,Quy tắc nhân xác suất,Struggler,"Có 2 kịch bản: (A trúng, B trượt) và (A trượt, B trúng). Phải không thầy?",[P] Đúng rồi! Em tính xác suất cho từng kịch bản đó đi. Nhớ rằng $P(	ext{trượt}) = 1 - P(	ext{trúng})$.,Session: SES_25f12f | Flow: Struggler,4,5,P,P,f7bb1fe2e79dcab3bfd437f13dafd1516d81f86f5bc53ea6688fc134b30bef11,6.66,SES_25f12f
05/04/2026 17:59:00,HS_130,11B1,Quy tắc nhân xác suất,Struggler,Kịch bản 1: 0.8 * 0.3 = 0.24. Kịch bản 2: 0.2 * 0.7 = 0.14.,[P] Chính xác. Bây giờ kết hợp hai kịch bản này lại thế nào?,Session: SES_25f12f | Flow: Struggler,4,5,P,P,f7bb1fe2e79dcab3bfd437f13dafd1516d81f86f5bc53ea6688fc134b30bef11,5.95,SES_25f12f
05/04/2026 18:06:00,HS_130,11B1,Quy tắc nhân xác suất,Struggler,"Làm sao để biết khi nào dùng cộng, khi nào dùng nhân ạ?","[G] Khi các hành động xảy ra độc lập và liên tiếp (A bắn VÀ B bắn) thì ta dùng quy tắc nhân. Nếu chia các kịch bản riêng biệt thì dùng quy tắc cộng. Ở bài này, 'đúng 1 người trúng' có những kịch bản nào?",Session: SES_25f12f | Flow: Struggler,4,4,G,G,f7bb1fe2e79dcab3bfd437f13dafd1516d81f86f5bc53ea6688fc134b30bef11,5.67,SES_25f12f
05/04/2026 18:14:00,HS_130,11B1,Quy tắc nhân xác suất,Struggler,Kịch bản 1: 0.8 * 0.3 = 0.24. Kịch bản 2: 0.2 * 0.7 = 0.14.,[P] Chính xác. Bây giờ kết hợp hai kịch bản này lại thế nào?,Session: SES_25f12f | Flow: Struggler,3,4,P,P,f7bb1fe2e79dcab3bfd437f13dafd1516d81f86f5bc53ea6688fc134b30bef11,8.98,SES_25f12f
05/04/2026 18:23:00,HS_130,11B1,Quy tắc nhân xác suất,Struggler,Em cộng lại ra 0.38. Đúng chưa thầy?,[S] Rất giỏi! Xác suất đúng 1 người trúng là $0.24 + 0.14 = 0.38$. Em đã áp dụng đúng cả quy tắc nhân và quy tắc cộng.,Session: SES_25f12f | Flow: Struggler,4,5,S,S,f7bb1fe2e79dcab3bfd437f13dafd1516d81f86f5bc53ea6688fc134b30bef11,6.12,SES_25f12f
15/03/2026 10:10:00,HS_199,11A1,Tổ hợp - Chỉnh hợp,Struggler,Em nên dùng tổ hợp hay chỉnh hợp cho bài này?,"[G] Bài này chọn 3 bạn mà không phân chia chức vụ cụ thể, vậy thứ tự có quan trọng không? Nếu không, em dùng $C$ hay $A$?",Session: SES_5701b7 | Flow: Struggler,3,3,G,G,6e59f597b15ba104464234123aa7af70231737beb9b3813c2a8c3f3570001ad9,10.39,SES_5701b7
15/03/2026 10:21:00,HS_199,11A1,Tổ hợp - Chỉnh hợp,Struggler,Quy tắc ít nhất làm thế nào thầy?,"[G] Với bài toán 'có ít nhất', ta thường dùng biến cố đối. Nếu không có ít nhất 1 nữ, thì 3 bạn được chọn phải như thế nào?",Session: SES_5701b7 | Flow: Struggler,4,2,G,G,6e59f597b15ba104464234123aa7af70231737beb9b3813c2a8c3f3570001ad9,7.91,SES_5701b7
15/03/2026 10:29:00,HS_199,11A1,Tổ hợp - Chỉnh hợp,Struggler,"Em tính được |Ω| = C(40,3) = 9880. Bước tiếp theo là gì?",[P] Đúng rồi. Bây giờ tính số cách chọn 3 bạn nam từ 18 bạn nam để làm biến cố đối $\bar{A}$. Bước này dùng công thức nào?,Session: SES_5701b7 | Flow: Struggler,4,3,P,P,6e59f597b15ba104464234123aa7af70231737beb9b3813c2a8c3f3570001ad9,6.2,SES_5701b7
15/03/2026 10:38:00,HS_199,11A1,Tổ hợp - Chỉnh hợp,Struggler,"Số cách chọn nam là C(18,3) phải không thầy?",[P] Chính xác! Em tính ra số cụ thể rồi lấy 1 trừ đi xác suất của $\bar{A}$ là ra kết quả.,Session: SES_5701b7 | Flow: Struggler,3,2,P,P,6e59f597b15ba104464234123aa7af70231737beb9b3813c2a8c3f3570001ad9,10.55,SES_5701b7
15/03/2026 10:51:00,HS_199,11A1,Tổ hợp - Chỉnh hợp,Struggler,Quy tắc ít nhất làm thế nào thầy?,"[G] Với bài toán 'có ít nhất', ta thường dùng biến cố đối. Nếu không có ít nhất 1 nữ, thì 3 bạn được chọn phải như thế nào?",Session: SES_5701b7 | Flow: Struggler,3,2,G,G,6e59f597b15ba104464234123aa7af70231737beb9b3813c2a8c3f3570001ad9,8.29,SES_5701b7
15/03/2026 11:01:00,HS_199,11A1,Tổ hợp - Chỉnh hợp,Struggler,"Số cách chọn nam là C(18,3) phải không thầy?",[P] Chính xác! Em tính ra số cụ thể rồi lấy 1 trừ đi xác suất của $\bar{A}$ là ra kết quả.,Session: SES_5701b7 | Flow: Struggler,4,1,P,P,6e59f597b15ba104464234123aa7af70231737beb9b3813c2a8c3f3570001ad9,11.0,SES_5701b7
15/03/2026 11:12:00,HS_199,11A1,Tổ hợp - Chỉnh hợp,Struggler,"Xác suất là 1 - C(18,3)/C(40,3) = 1 - 816/9880 ≈ 0.917. Đúng chưa thầy?",[S] Tuyệt vời! Kết quả $P \approx 0.917$ là hoàn toàn chính xác. Em đã nắm vững phương pháp dùng biến cố đối!,Session: SES_5701b7 | Flow: Struggler,4,2,S,S,6e59f597b15ba104464234123aa7af70231737beb9b3813c2a8c3f3570001ad9,9.48,SES_5701b7
18/03/2026 11:37:00,HS_140,11A2,Quy tắc nhân xác suất,Gifted,"Làm sao để biết khi nào dùng cộng, khi nào dùng nhân ạ?","[G] Khi các hành động xảy ra độc lập và liên tiếp (A bắn VÀ B bắn) thì ta dùng quy tắc nhân. Nếu chia các kịch bản riêng biệt thì dùng quy tắc cộng. Ở bài này, 'đúng 1 người trúng' có những kịch bản nào?",Session: SES_087b30 | Flow: Gifted,5,5,G,G,4cdbed6e45afed1b78304d98ac0c1f16eef383cfbb528197ca3801791c35a1fd,2.91,SES_087b30
18/03/2026 11:40:00,HS_140,11A2,Quy tắc nhân xác suất,Gifted,Em cộng lại ra 0.38. Đúng chưa thầy?,[S] Rất giỏi! Xác suất đúng 1 người trúng là $0.24 + 0.14 = 0.38$. Em đã áp dụng đúng cả quy tắc nhân và quy tắc cộng.,Session: SES_087b30 | Flow: Gifted,5,5,S,S,4cdbed6e45afed1b78304d98ac0c1f16eef383cfbb528197ca3801791c35a1fd,2.84,SES_087b30
07/04/2026 11:39:00,HS_170,11A1,Tổ hợp - Chỉnh hợp,Disciplined,Em nên dùng tổ hợp hay chỉnh hợp cho bài này?,"[G] Bài này chọn 3 bạn mà không phân chia chức vụ cụ thể, vậy thứ tự có quan trọng không? Nếu không, em dùng $C$ hay $A$?",Session: SES_60d68b | Flow: Disciplined,4,3,G,G,4b69460c6b5b9d583e24248d90c0ba855de81ea4179e2301db913cc08449fcb0,2.61,SES_60d68b
07/04/2026 11:44:00,HS_170,11A1,Tổ hợp - Chỉnh hợp,Disciplined,"Em tính được |Ω| = C(40,3) = 9880. Bước tiếp theo là gì?",[P] Đúng rồi. Bây giờ tính số cách chọn 3 bạn nam từ 18 bạn nam để làm biến cố đối $\bar{A}$. Bước này dùng công thức nào?,Session: SES_60d68b | Flow: Disciplined,5,2,P,P,4b69460c6b5b9d583e24248d90c0ba855de81ea4179e2301db913cc08449fcb0,4.73,SES_60d68b
07/04/2026 11:50:00,HS_170,11A1,Tổ hợp - Chỉnh hợp,Disciplined,"Xác suất là 1 - C(18,3)/C(40,3) = 1 - 816/9880 ≈ 0.917. Đúng chưa thầy?",[S] Tuyệt vời! Kết quả $P \approx 0.917$ là hoàn toàn chính xác. Em đã nắm vững phương pháp dùng biến cố đối!,Session: SES_60d68b | Flow: Disciplined,5,1,S,S,4b69460c6b5b9d583e24248d90c0ba855de81ea4179e2301db913cc08449fcb0,2.53,SES_60d68b
07/04/2026 11:54:00,HS_170,11A1,Tổ hợp - Chỉnh hợp,Disciplined,Tại sao dùng biến cố đối lại nhanh hơn liệt kê ạ?,"[S] Bởi vì nếu liệt kê, em phải chia 3 trường hợp: 1 nữ 2 nam, 2 nữ 1 nam, và 3 nữ. Dùng biến cố đối chỉ cần tính 1 trường hợp duy nhất rồi lấy phần bù.",Session: SES_60d68b | Flow: Disciplined | Reflection,5,1,S,S,4b69460c6b5b9d583e24248d90c0ba855de81ea4179e2301db913cc08449fcb0,2.53,SES_60d68b
02/04/2026 17:18:00,HS_152,11B1,Xác suất cổ điển,Impatient,"Cho em xin đáp án bài này luôn đi thầy, em đang vội.",[G] Thầy không cho đáp án trực tiếp đâu nhé. Em hãy thử đọc đề và cho thầy biết: thứ tự chọn ở đây có quan trọng không?,Session: SES_f3205c | Flow: Impatient,3,3,G,G,bf53a2c76a1a84569a77e47ed4e75c398a48f784035f7ab25e2bc7984822f4ed,3.28,SES_f3205c
02/04/2026 17:22:00,HS_152,11B1,Xác suất cổ điển,Impatient,Bài này không gian mẫu là 12 hay 36 ạ?,"[G] Mỗi con xúc sắc có 6 mặt, khi gieo 2 con thì mỗi khả năng của con thứ nhất đi kèm với 6 khả năng của con thứ hai. Vậy $|\Omega| = 6 	imes 6$ hay $6+6$?",Session: SES_f3205c | Flow: Impatient,2,3,G,G,bf53a2c76a1a84569a77e47ed4e75c398a48f784035f7ab25e2bc7984822f4ed,3.32,SES_f3205c
02/04/2026 17:27:00,HS_152,11B1,Xác suất cổ điển,Impatient,"|Ω| = 36. Giờ em liệt kê các cặp tổng bằng 5: (1,4), (2,3), (3,2), (4,1). Hết chưa thầy?",[P] Đủ cho tổng bằng 5 rồi. Nhưng còn tổng bằng bao nhiêu nữa mà vẫn chia hết cho 5 trong khoảng từ 2 đến 12?,Session: SES_f3205c | Flow: Impatient,2,2,P,P,bf53a2c76a1a84569a77e47ed4e75c398a48f784035f7ab25e2bc7984822f4ed,2.8,SES_f3205c
02/04/2026 17:31:00,HS_152,11B1,Xác suất cổ điển,Impatient,Có 7 cặp. Vậy xác suất là 7/36 ạ?,[S] Đáp án chính xác! $P(A) = 7/36$. Em đã liệt kê rất cẩn thận và không bỏ sót trường hợp nào.,Session: SES_f3205c | Flow: Impatient,3,4,S,S,bf53a2c76a1a84569a77e47ed4e75c398a48f784035f7ab25e2bc7984822f4ed,3.19,SES_f3205c
04/04/2026 18:07:00,HS_124,11A2,Quy tắc nhân xác suất,Gifted,"Làm sao để biết khi nào dùng cộng, khi nào dùng nhân ạ?","[G] Khi các hành động xảy ra độc lập và liên tiếp (A bắn VÀ B bắn) thì ta dùng quy tắc nhân. Nếu chia các kịch bản riêng biệt thì dùng quy tắc cộng. Ở bài này, 'đúng 1 người trúng' có những kịch bản nào?",Session: SES_36fb6e | Flow: Gifted,5,3,G,G,268f0cf8918485809dac31e44aebb60566fda906f5f6d8210447b719f12175d8,1.31,SES_36fb6e
04/04/2026 18:10:00,HS_124,11A2,Quy tắc nhân xác suất,Gifted,Em cộng lại ra 0.38. Đúng chưa thầy?,[S] Rất giỏi! Xác suất đúng 1 người trúng là $0.24 + 0.14 = 0.38$. Em đã áp dụng đúng cả quy tắc nhân và quy tắc cộng.,Session: SES_36fb6e | Flow: Gifted,5,5,S,S,268f0cf8918485809dac31e44aebb60566fda906f5f6d8210447b719f12175d8,2.12,SES_36fb6e
16/03/2026 12:35:00,HS_162,11A1,Tổ hợp - Chỉnh hợp,Disciplined,Em nên dùng tổ hợp hay chỉnh hợp cho bài này?,"[G] Bài này chọn 3 bạn mà không phân chia chức vụ cụ thể, vậy thứ tự có quan trọng không? Nếu không, em dùng $C$ hay $A$?",Session: SES_0a83c7 | Flow: Disciplined,5,3,G,G,739686520ce58f1d4dff23ce0898a2d7fb61cd0f1ffd84a88869aca79ebce22d,2.82,SES_0a83c7
16/03/2026 12:40:00,HS_162,11A1,Tổ hợp - Chỉnh hợp,Disciplined,"Em tính được |Ω| = C(40,3) = 9880. Bước tiếp theo là gì?",[P] Đúng rồi. Bây giờ tính số cách chọn 3 bạn nam từ 18 bạn nam để làm biến cố đối $\bar{A}$. Bước này dùng công thức nào?,Session: SES_0a83c7 | Flow: Disciplined,5,3,P,P,739686520ce58f1d4dff23ce0898a2d7fb61cd0f1ffd84a88869aca79ebce22d,3.8,SES_0a83c7
16/03/2026 12:46:00,HS_162,11A1,Tổ hợp - Chỉnh hợp,Disciplined,"Xác suất là 1 - C(18,3)/C(40,3) = 1 - 816/9880 ≈ 0.917. Đúng chưa thầy?",[S] Tuyệt vời! Kết quả $P \approx 0.917$ là hoàn toàn chính xác. Em đã nắm vững phương pháp dùng biến cố đối!,Session: SES_0a83c7 | Flow: Disciplined,5,3,S,S,739686520ce58f1d4dff23ce0898a2d7fb61cd0f1ffd84a88869aca79ebce22d,3.29,SES_0a83c7
16/03/2026 12:51:00,HS_162,11A1,Tổ hợp - Chỉnh hợp,Disciplined,Tại sao dùng biến cố đối lại nhanh hơn liệt kê ạ?,"[S] Bởi vì nếu liệt kê, em phải chia 3 trường hợp: 1 nữ 2 nam, 2 nữ 1 nam, và 3 nữ. Dùng biến cố đối chỉ cần tính 1 trường hợp duy nhất rồi lấy phần bù.",Session: SES_0a83c7 | Flow: Disciplined | Reflection,5,3,S,S,739686520ce58f1d4dff23ce0898a2d7fb61cd0f1ffd84a88869aca79ebce22d,3.29,SES_0a83c7
26/03/2026 12:43:00,HS_111,11B2,Xác suất cổ điển,Struggler,Bài này không gian mẫu là 12 hay 36 ạ?,"[G] Mỗi con xúc sắc có 6 mặt, khi gieo 2 con thì mỗi khả năng của con thứ nhất đi kèm với 6 khả năng của con thứ hai. Vậy $|\Omega| = 6 	imes 6$ hay $6+6$?",Session: SES_604ea0 | Flow: Struggler,3,4,G,G,9d7511b2095d3b8ea2a5b7473fee2644677f91a9358c74762a6e1b72d313df37,11.47,SES_604ea0
26/03/2026 12:55:00,HS_111,11B2,Xác suất cổ điển,Struggler,Bài này không gian mẫu là 12 hay 36 ạ?,"[G] Mỗi con xúc sắc có 6 mặt, khi gieo 2 con thì mỗi khả năng của con thứ nhất đi kèm với 6 khả năng của con thứ hai. Vậy $|\Omega| = 6 	imes 6$ hay $6+6$?",Session: SES_604ea0 | Flow: Struggler,4,2,G,G,9d7511b2095d3b8ea2a5b7473fee2644677f91a9358c74762a6e1b72d313df37,10.91,SES_604ea0
26/03/2026 13:06:00,HS_111,11B2,Xác suất cổ điển,Struggler,"|Ω| = 36. Giờ em liệt kê các cặp tổng bằng 5: (1,4), (2,3), (3,2), (4,1). Hết chưa thầy?",[P] Đủ cho tổng bằng 5 rồi. Nhưng còn tổng bằng bao nhiêu nữa mà vẫn chia hết cho 5 trong khoảng từ 2 đến 12?,Session: SES_604ea0 | Flow: Struggler,3,2,P,P,9d7511b2095d3b8ea2a5b7473fee2644677f91a9358c74762a6e1b72d313df37,8.95,SES_604ea0
26/03/2026 13:17:00,HS_111,11B2,Xác suất cổ điển,Struggler,"Dạ còn tổng bằng 10: (4,6), (5,5), (6,4).",[P] Rất tốt. Tổng cộng em có bao nhiêu cặp thuận lợi cả thảy?,Session: SES_604ea0 | Flow: Struggler,3,3,P,P,9d7511b2095d3b8ea2a5b7473fee2644677f91a9358c74762a6e1b72d313df37,10.43,SES_604ea0
26/03/2026 13:28:00,HS_111,11B2,Xác suất cổ điển,Struggler,Bài này không gian mẫu là 12 hay 36 ạ?,"[G] Mỗi con xúc sắc có 6 mặt, khi gieo 2 con thì mỗi khả năng của con thứ nhất đi kèm với 6 khả năng của con thứ hai. Vậy $|\Omega| = 6 	imes 6$ hay $6+6$?",Session: SES_604ea0 | Flow: Struggler,4,2,G,G,9d7511b2095d3b8ea2a5b7473fee2644677f91a9358c74762a6e1b72d313df37,11.38,SES_604ea0
26/03/2026 13:40:00,HS_111,11B2,Xác suất cổ điển,Struggler,"Dạ còn tổng bằng 10: (4,6), (5,5), (6,4).",[P] Rất tốt. Tổng cộng em có bao nhiêu cặp thuận lợi cả thảy?,Session: SES_604ea0 | Flow: Struggler,4,4,P,P,9d7511b2095d3b8ea2a5b7473fee2644677f91a9358c74762a6e1b72d313df37,8.45,SES_604ea0
26/03/2026 13:50:00,HS_111,11B2,Xác suất cổ điển,Struggler,Có 7 cặp. Vậy xác suất là 7/36 ạ?,[S] Đáp án chính xác! $P(A) = 7/36$. Em đã liệt kê rất cẩn thận và không bỏ sót trường hợp nào.,Session: SES_604ea0 | Flow: Struggler,3,4,S,S,9d7511b2095d3b8ea2a5b7473fee2644677f91a9358c74762a6e1b72d313df37,9.46,SES_604ea0
03/04/2026 08:50:00,HS_112,11A1,Xác suất cổ điển,Gifted,Bài này không gian mẫu là 12 hay 36 ạ?,"[G] Mỗi con xúc sắc có 6 mặt, khi gieo 2 con thì mỗi khả năng của con thứ nhất đi kèm với 6 khả năng của con thứ hai. Vậy $|\Omega| = 6 	imes 6$ hay $6+6$?",Session: SES_496307 | Flow: Gifted,5,2,G,G,0998ab040ed8865db5db03021a53baa77772bb6ed465e198e75d8586ba0e1429,1.42,SES_496307
03/04/2026 08:53:00,HS_112,11A1,Xác suất cổ điển,Gifted,Có 7 cặp. Vậy xác suất là 7/36 ạ?,[S] Đáp án chính xác! $P(A) = 7/36$. Em đã liệt kê rất cẩn thận và không bỏ sót trường hợp nào.,Session: SES_496307 | Flow: Gifted,5,4,S,S,0998ab040ed8865db5db03021a53baa77772bb6ed465e198e75d8586ba0e1429,1.21,SES_496307
30/03/2026 13:43:00,HS_126,11A1,Tổ hợp - Chỉnh hợp,Gifted,Em nên dùng tổ hợp hay chỉnh hợp cho bài này?,"[G] Bài này chọn 3 bạn mà không phân chia chức vụ cụ thể, vậy thứ tự có quan trọng không? Nếu không, em dùng $C$ hay $A$?",Session: SES_92f02a | Flow: Gifted,5,2,G,G,45c74a2ac42453b6348ca66e4dafe13cc648e537749f9112f57724781a88d698,1.26,SES_92f02a
30/03/2026 13:45:00,HS_126,11A1,Tổ hợp - Chỉnh hợp,Gifted,"Xác suất là 1 - C(18,3)/C(40,3) = 1 - 816/9880 ≈ 0.917. Đúng chưa thầy?",[S] Tuyệt vời! Kết quả $P \approx 0.917$ là hoàn toàn chính xác. Em đã nắm vững phương pháp dùng biến cố đối!,Session: SES_92f02a | Flow: Gifted,5,3,S,S,45c74a2ac42453b6348ca66e4dafe13cc648e537749f9112f57724781a88d698,1.9,SES_92f02a
30/03/2026 13:49:00,HS_126,11A1,Tổ hợp - Chỉnh hợp,Gifted,Tại sao dùng biến cố đối lại nhanh hơn liệt kê ạ?,"[S] Bởi vì nếu liệt kê, em phải chia 3 trường hợp: 1 nữ 2 nam, 2 nữ 1 nam, và 3 nữ. Dùng biến cố đối chỉ cần tính 1 trường hợp duy nhất rồi lấy phần bù.",Session: SES_92f02a | Flow: Gifted | Reflection,5,3,S,S,45c74a2ac42453b6348ca66e4dafe13cc648e537749f9112f57724781a88d698,1.9,SES_92f02a
26/03/2026 16:31:00,HS_174,11A1,Tổ hợp - Chỉnh hợp,Disciplined,Em nên dùng tổ hợp hay chỉnh hợp cho bài này?,"[G] Bài này chọn 3 bạn mà không phân chia chức vụ cụ thể, vậy thứ tự có quan trọng không? Nếu không, em dùng $C$ hay $A$?",Session: SES_481a09 | Flow: Disciplined,5,3,G,G,8e55539070b420b3a4b75a458553b53338e20dbc96a0de2a82f00ae197af4d7d,3.74,SES_481a09
26/03/2026 16:35:00,HS_174,11A1,Tổ hợp - Chỉnh hợp,Disciplined,"Em tính được |Ω| = C(40,3) = 9880. Bước tiếp theo là gì?",[P] Đúng rồi. Bây giờ tính số cách chọn 3 bạn nam từ 18 bạn nam để làm biến cố đối $\bar{A}$. Bước này dùng công thức nào?,Session: SES_481a09 | Flow: Disciplined,5,3,P,P,8e55539070b420b3a4b75a458553b53338e20dbc96a0de2a82f00ae197af4d7d,2.1,SES_481a09
26/03/2026 16:40:00,HS_174,11A1,Tổ hợp - Chỉnh hợp,Disciplined,"Xác suất là 1 - C(18,3)/C(40,3) = 1 - 816/9880 ≈ 0.917. Đúng chưa thầy?",[S] Tuyệt vời! Kết quả $P \approx 0.917$ là hoàn toàn chính xác. Em đã nắm vững phương pháp dùng biến cố đối!,Session: SES_481a09 | Flow: Disciplined,5,3,S,S,8e55539070b420b3a4b75a458553b53338e20dbc96a0de2a82f00ae197af4d7d,3.29,SES_481a09
26/03/2026 16:46:00,HS_174,11A1,Tổ hợp - Chỉnh hợp,Disciplined,Tại sao dùng biến cố đối lại nhanh hơn liệt kê ạ?,"[S] Bởi vì nếu liệt kê, em phải chia 3 trường hợp: 1 nữ 2 nam, 2 nữ 1 nam, và 3 nữ. Dùng biến cố đối chỉ cần tính 1 trường hợp duy nhất rồi lấy phần bù.",Session: SES_481a09 | Flow: Disciplined | Reflection,5,3,S,S,8e55539070b420b3a4b75a458553b53338e20dbc96a0de2a82f00ae197af4d7d,3.29,SES_481a09
05/04/2026 11:32:00,HS_107,11A2,Xác suất cổ điển,Disciplined,Bài này không gian mẫu là 12 hay 36 ạ?,"[G] Mỗi con xúc sắc có 6 mặt, khi gieo 2 con thì mỗi khả năng của con thứ nhất đi kèm với 6 khả năng của con thứ hai. Vậy $|\Omega| = 6 	imes 6$ hay $6+6$?",Session: SES_321648 | Flow: Disciplined,5,2,G,G,95d8c063f81fdbd498a781f9606727f1d0df2a9f724aad82f391f211e30ce64f,4.29,SES_321648
05/04/2026 11:38:00,HS_107,11A2,Xác suất cổ điển,Disciplined,"|Ω| = 36. Giờ em liệt kê các cặp tổng bằng 5: (1,4), (2,3), (3,2), (4,1). Hết chưa thầy?",[P] Đủ cho tổng bằng 5 rồi. Nhưng còn tổng bằng bao nhiêu nữa mà vẫn chia hết cho 5 trong khoảng từ 2 đến 12?,Session: SES_321648 | Flow: Disciplined,5,4,P,P,95d8c063f81fdbd498a781f9606727f1d0df2a9f724aad82f391f211e30ce64f,4.92,SES_321648
05/04/2026 11:45:00,HS_107,11A2,Xác suất cổ điển,Disciplined,Có 7 cặp. Vậy xác suất là 7/36 ạ?,[S] Đáp án chính xác! $P(A) = 7/36$. Em đã liệt kê rất cẩn thận và không bỏ sót trường hợp nào.,Session: SES_321648 | Flow: Disciplined,5,3,S,S,95d8c063f81fdbd498a781f9606727f1d0df2a9f724aad82f391f211e30ce64f,2.49,SES_321648
