Timestamp,Student ID,Class,Topic,Profile,Question,AI Response,Notes,Satisfaction (1-5),Difficulty (1-5),GPS Step (Truth),Auto Label,Student Hash,Thinking Time (minutes)
17/03/2026,HS0065,11A2,Hoán vị,typical,Giải thích hoán vị là gì?,"Ta nắm định nghĩa và công thức tổng quát, sau đó xác định n và k trong đề.",,4,2,G,G,fa73e1c75849f648851b1289d18130b6e16d0f4fee78e80be44432ef66b22bbb,0
18/03/2026,HS0065,11A2,Hoán vị,typical,Hướng dẫn từng bước tính hoán vị n!,Em thử viết không gian mẫu/đếm số cách trước. Nếu kẹt ở bước nào nói mình biết.,,3,3,P,P,fa73e1c75849f648851b1289d18130b6e16d0f4fee78e80be44432ef66b22bbb,20
18/03/2026,HS0033,11A1,Xác suất,typical,Xác suất là gì và công thức cơ bản?,"Mình giải thích khái niệm và ý nghĩa trước nhé, rồi em thử áp dụng vào ví dụ.",,4,3,G,G,10fa9823f0d81aef5c9374f53be14494fc4aca9053202a2e2fe713bdb429b02f,0
18/03/2026,HS0011,11A1,Chỉnh hợp,typical,Phân biệt chỉnh hợp và tổ hợp giúp em.,"Ta nắm định nghĩa và công thức tổng quát, sau đó xác định n và k trong đề.",,5,4,G,G,f5be0c6117baf885410b03291fd682c1283441a6a9fcec0d35a049d1e7432e3e,0
18/03/2026,HS0008,11A3,Tổ hợp,typical,"Diễn giải công thức C(n,k) theo cách dễ hiểu.","Mình giải thích khái niệm và ý nghĩa trước nhé, rồi em thử áp dụng vào ví dụ.",,5,3,G,G,6bedc146846d316affb9f5866f127caaa5b2ccd38f845608c93a7ff22d819daa,0
18/03/2026,HS0065,11A2,Hoán vị,typical,Gợi ý bước 2 giúp em với.,Em thử viết không gian mẫu/đếm số cách trước. Nếu kẹt ở bước nào nói mình biết.,,5,4,P,P,fa73e1c75849f648851b1289d18130b6e16d0f4fee78e80be44432ef66b22bbb,18
18/03/2026,HS0008,11A3,Tổ hợp,typical,Gợi ý bước 2 giúp em với.,Em thử viết không gian mẫu/đếm số cách trước. Nếu kẹt ở bước nào nói mình biết.,,4,4,P,P,6bedc146846d316affb9f5866f127caaa5b2ccd38f845608c93a7ff22d819daa,7
18/03/2026,HS0033,11A1,Xác suất,typical,Gợi ý cách lập không gian mẫu cho bài này.,"Mình chia thành 3 bước: (1) xác định n,k (2) chọn công thức (3) thay số và tính. Em làm bước (1) trước nhé.",,5,3,P,P,10fa9823f0d81aef5c9374f53be14494fc4aca9053202a2e2fe713bdb429b02f,17
18/03/2026,HS0011,11A1,Chỉnh hợp,typical,"Em bị kẹt ở bước chọn k từ n, gợi ý giúp.","Mình chia thành 3 bước: (1) xác định n,k (2) chọn công thức (3) thay số và tính. Em làm bước (1) trước nhé.",,4,3,P,P,f5be0c6117baf885410b03291fd682c1283441a6a9fcec0d35a049d1e7432e3e,12
18/03/2026,HS0008,11A3,Tổ hợp,typical,"C(5,2)=10 đúng không ạ?",Mình sẽ kiểm tra logic và tính toán của em. Em ghi rõ lập luận và phép tính giúp mình.,,5,4,S,S,6bedc146846d316affb9f5866f127caaa5b2ccd38f845608c93a7ff22d819daa,8
18/03/2026,HS0011,11A1,Chỉnh hợp,typical,"Kiểm tra lời giải của em với A(n,k) được không?","Mình không giải hộ, nhưng có thể đối chiếu kết quả và chỉ ra chỗ sai nếu có.",,5,2,S,P,f5be0c6117baf885410b03291fd682c1283441a6a9fcec0d35a049d1e7432e3e,5
18/03/2026,HS0065,11A2,Hoán vị,typical,"Em ra kết quả 120, đúng không?",Mình sẽ kiểm tra logic và tính toán của em. Em ghi rõ lập luận và phép tính giúp mình.,,5,2,S,S,fa73e1c75849f648851b1289d18130b6e16d0f4fee78e80be44432ef66b22bbb,21
18/03/2026,HS0033,11A1,Xác suất,typical,"Em ra P=0.5, đúng không?","Mình không giải hộ, nhưng có thể đối chiếu kết quả và chỉ ra chỗ sai nếu có.",,4,3,S,S,10fa9823f0d81aef5c9374f53be14494fc4aca9053202a2e2fe713bdb429b02f,17
18/03/2026,HS0012,11A3,Xác suất có điều kiện,typical,Giải thích xác suất có điều kiện là gì.,"Ta nắm định nghĩa và công thức tổng quát, sau đó xác định n và k trong đề.",,3,2,G,G,f95e049e75c9e301d9ef3ffb76e2d954b4cae9eea1cfd819f53a8b0cd0278f9e,0
18/03/2026,HS0068,11A3,Xác suất,typical,Xác suất là gì và công thức cơ bản?,"Ta nắm định nghĩa và công thức tổng quát, sau đó xác định n và k trong đề.",,3,2,G,G,6bdcc6316e043fce161ec9593e13e978ca5a7d1618af7fdbd0fcfbd57f858c7a,0
18/03/2026,HS0025,11A1,Tổ hợp,typical,"Diễn giải công thức C(n,k) theo cách dễ hiểu.","Ta nắm định nghĩa và công thức tổng quát, sau đó xác định n và k trong đề.",,3,3,G,G,1d34960439ad8c1ab6bd4b10332bbac2735a24ea68437e5c74061a7c00593421,0
18/03/2026,HS0068,11A3,Xác suất,typical,"Em bị kẹt ở bước này, hướng dẫn em.","Mình chia thành 3 bước: (1) xác định n,k (2) chọn công thức (3) thay số và tính. Em làm bước (1) trước nhé.",,5,4,P,P,6bdcc6316e043fce161ec9593e13e978ca5a7d1618af7fdbd0fcfbd57f858c7a,4
18/03/2026,HS0025,11A1,Tổ hợp,typical,"Em bị kẹt ở bước này, hướng dẫn em.","Mình chia thành 3 bước: (1) xác định n,k (2) chọn công thức (3) thay số và tính. Em làm bước (1) trước nhé.",,5,4,P,P,1d34960439ad8c1ab6bd4b10332bbac2735a24ea68437e5c74061a7c00593421,6
18/03/2026,HS0019,11A2,Xác suất,typical,Xác suất là gì và công thức cơ bản?,"Ta nắm định nghĩa và công thức tổng quát, sau đó xác định n và k trong đề.",,5,3,G,G,5f85ad7d2d1ff83626074f5d9f58d925e54641317c3f71761ffdefd50fd2c761,0
18/03/2026,HS0019,11A2,Xác suất,typical,Gợi ý cách lập không gian mẫu cho bài này.,"Mình chia thành 3 bước: (1) xác định n,k (2) chọn công thức (3) thay số và tính. Em làm bước (1) trước nhé.",,5,3,P,P,5f85ad7d2d1ff83626074f5d9f58d925e54641317c3f71761ffdefd50fd2c761,1
18/03/2026,HS0025,11A1,Tổ hợp,typical,"C(5,2)=10 đúng không ạ?","Mình không giải hộ, nhưng có thể đối chiếu kết quả và chỉ ra chỗ sai nếu có.",,5,4,S,S,1d34960439ad8c1ab6bd4b10332bbac2735a24ea68437e5c74061a7c00593421,4
18/03/2026,HS0068,11A3,Xác suất,typical,"Em ra P=0.5, đúng không?","Mình không giải hộ, nhưng có thể đối chiếu kết quả và chỉ ra chỗ sai nếu có.",,4,4,S,S,6bdcc6316e043fce161ec9593e13e978ca5a7d1618af7fdbd0fcfbd57f858c7a,9
18/03/2026,HS0019,11A2,Xác suất,typical,"Em ra P=0.5, đúng không?",Mình sẽ kiểm tra logic và tính toán của em. Em ghi rõ lập luận và phép tính giúp mình.,,4,3,S,S,5f85ad7d2d1ff83626074f5d9f58d925e54641317c3f71761ffdefd50fd2c761,4
18/03/2026,HS0012,11A3,Xác suất có điều kiện,typical,Hướng dẫn em tính P(A|B) theo từng bước.,Em thử viết không gian mẫu/đếm số cách trước. Nếu kẹt ở bước nào nói mình biết.,,5,3,P,P,f95e049e75c9e301d9ef3ffb76e2d954b4cae9eea1cfd819f53a8b0cd0278f9e,20
18/03/2026,HS0031,11A3,Xác suất,typical,Xác suất là gì và công thức cơ bản?,"Ta nắm định nghĩa và công thức tổng quát, sau đó xác định n và k trong đề.",,3,3,G,G,2fefbeb9da86ec9a384a8bfb9605d0c2426298bcec8290e2850c79959297dffe,0
18/03/2026,HS0031,11A3,Xác suất,typical,Gợi ý bước 2 giúp em với.,"Mình chia thành 3 bước: (1) xác định n,k (2) chọn công thức (3) thay số và tính. Em làm bước (1) trước nhé.",,5,4,P,P,2fefbeb9da86ec9a384a8bfb9605d0c2426298bcec8290e2850c79959297dffe,4
18/03/2026,HS0031,11A3,Xác suất,typical,"Em ra P=0.5, đúng không?",Mình sẽ kiểm tra logic và tính toán của em. Em ghi rõ lập luận và phép tính giúp mình.,,5,4,S,S,2fefbeb9da86ec9a384a8bfb9605d0c2426298bcec8290e2850c79959297dffe,2
18/03/2026,HS0071,11A3,Chỉnh hợp,struggling,Phân biệt chỉnh hợp và tổ hợp giúp em.,"Ta nắm định nghĩa và công thức tổng quát, sau đó xác định n và k trong đề.",,3,4,G,G,789fc173556e834c0eb8628e723748aa0270400834c0124608f93e3f293cb889,0
18/03/2026,HS0071,11A3,Chỉnh hợp,struggling,"Em bị kẹt ở bước chọn k từ n, gợi ý giúp.","Mình chia thành 3 bước: (1) xác định n,k (2) chọn công thức (3) thay số và tính. Em làm bước (1) trước nhé.",,4,4,P,P,789fc173556e834c0eb8628e723748aa0270400834c0124608f93e3f293cb889,7
18/03/2026,HS0012,11A3,Xác suất có điều kiện,typical,Kết quả cuối cùng của em hợp lý chưa?,"Mình không giải hộ, nhưng có thể đối chiếu kết quả và chỉ ra chỗ sai nếu có.",,4,3,S,S,f95e049e75c9e301d9ef3ffb76e2d954b4cae9eea1cfd819f53a8b0cd0278f9e,20
18/03/2026,HS0051,11A1,Tổ hợp,typical,"Diễn giải công thức C(n,k) theo cách dễ hiểu.","Mình giải thích khái niệm và ý nghĩa trước nhé, rồi em thử áp dụng vào ví dụ.",,3,2,G,G,d2deededd7c9226cf3d280fe443522a01689e4aea9667c729a5377800c83f967,0
18/03/2026,HS0051,11A1,Tổ hợp,typical,Gợi ý bước 2 giúp em với.,Em thử viết không gian mẫu/đếm số cách trước. Nếu kẹt ở bước nào nói mình biết.,,3,2,P,P,d2deededd7c9226cf3d280fe443522a01689e4aea9667c729a5377800c83f967,4
18/03/2026,HS0002,11A3,Chỉnh hợp,typical,Phân biệt chỉnh hợp và tổ hợp giúp em.,"Mình giải thích khái niệm và ý nghĩa trước nhé, rồi em thử áp dụng vào ví dụ.",,4,2,G,G,62eff6e53ea0f1cbb1345ba6d4c8ac2b1325953afe5c3a31193958fa0b0eb5e1,0
18/03/2026,HS0051,11A1,Tổ hợp,typical,"C(5,2)=10 đúng không ạ?",Mình sẽ kiểm tra logic và tính toán của em. Em ghi rõ lập luận và phép tính giúp mình.,,4,2,S,S,d2deededd7c9226cf3d280fe443522a01689e4aea9667c729a5377800c83f967,4
18/03/2026,HS0050,11A3,Xác suất có điều kiện,typical,Giải thích xác suất có điều kiện là gì.,"Mình giải thích khái niệm và ý nghĩa trước nhé, rồi em thử áp dụng vào ví dụ.",,5,4,G,G,dace5847caa0d7bd63e8edd3c6c7a1f54e06a7cb0f0134fdc0e9890bfc710792,0
18/03/2026,HS0050,11A3,Xác suất có điều kiện,typical,Hướng dẫn em tính P(A|B) theo từng bước.,"Mình chia thành 3 bước: (1) xác định n,k (2) chọn công thức (3) thay số và tính. Em làm bước (1) trước nhé.",,3,4,P,P,dace5847caa0d7bd63e8edd3c6c7a1f54e06a7cb0f0134fdc0e9890bfc710792,8
18/03/2026,HS0002,11A3,Chỉnh hợp,typical,"Em bị kẹt ở bước chọn k từ n, gợi ý giúp.","Mình chia thành 3 bước: (1) xác định n,k (2) chọn công thức (3) thay số và tính. Em làm bước (1) trước nhé.",,3,2,P,P,62eff6e53ea0f1cbb1345ba6d4c8ac2b1325953afe5c3a31193958fa0b0eb5e1,17
18/03/2026,HS0040,11A1,Xác suất,typical,Xác suất là gì và công thức cơ bản?,"Ta nắm định nghĩa và công thức tổng quát, sau đó xác định n và k trong đề.",,5,3,G,G,b015e44df5736f56e26f74305f3956bc6bda5eaffbd9aea805305daaf73e7360,0
18/03/2026,HS0050,11A3,Xác suất có điều kiện,typical,Kết quả cuối cùng của em hợp lý chưa?,"Mình không giải hộ, nhưng có thể đối chiếu kết quả và chỉ ra chỗ sai nếu có.",,5,2,S,S,dace5847caa0d7bd63e8edd3c6c7a1f54e06a7cb0f0134fdc0e9890bfc710792,8
18/03/2026,HS0002,11A3,Chỉnh hợp,typical,"Em bị kẹt ở bước chọn k từ n, gợi ý giúp.","Mình chia thành 3 bước: (1) xác định n,k (2) chọn công thức (3) thay số và tính. Em làm bước (1) trước nhé.",,3,3,P,P,62eff6e53ea0f1cbb1345ba6d4c8ac2b1325953afe5c3a31193958fa0b0eb5e1,11
18/03/2026,HS0012,11A3,Hoán vị,typical,Giải thích hoán vị là gì?,"Mình giải thích khái niệm và ý nghĩa trước nhé, rồi em thử áp dụng vào ví dụ.",,3,2,G,G,f95e049e75c9e301d9ef3ffb76e2d954b4cae9eea1cfd819f53a8b0cd0278f9e,43
18/03/2026,HS0040,11A1,Xác suất,typical,Gợi ý cách lập không gian mẫu cho bài này.,Em thử viết không gian mẫu/đếm số cách trước. Nếu kẹt ở bước nào nói mình biết.,,4,3,P,P,b015e44df5736f56e26f74305f3956bc6bda5eaffbd9aea805305daaf73e7360,11
18/03/2026,HS0031,11A3,Xác suất,typical,Xác suất là gì và công thức cơ bản?,"Mình giải thích khái niệm và ý nghĩa trước nhé, rồi em thử áp dụng vào ví dụ.",,5,4,G,G,2fefbeb9da86ec9a384a8bfb9605d0c2426298bcec8290e2850c79959297dffe,55
18/03/2026,HS0031,11A3,Xác suất,typical,"Em bị kẹt ở bước này, hướng dẫn em.",Em thử viết không gian mẫu/đếm số cách trước. Nếu kẹt ở bước nào nói mình biết.,,3,2,P,P,2fefbeb9da86ec9a384a8bfb9605d0c2426298bcec8290e2850c79959297dffe,1
18/03/2026,HS0079,11A2,Hoán vị,typical,Giải thích hoán vị là gì?,"Ta nắm định nghĩa và công thức tổng quát, sau đó xác định n và k trong đề.",,3,3,G,G,7728ff4af0c964f9c7df04a114be32a68860a87045b7b898ec2e2f80f11ddabc,0
18/03/2026,HS0002,11A3,Chỉnh hợp,typical,"Kiểm tra lời giải của em với A(n,k) được không?",Mình sẽ kiểm tra logic và tính toán của em. Em ghi rõ lập luận và phép tính giúp mình.,,5,2,S,P,62eff6e53ea0f1cbb1345ba6d4c8ac2b1325953afe5c3a31193958fa0b0eb5e1,11
18/03/2026,HS0031,11A3,Xác suất,typical,"Em ra P=0.5, đúng không?","Mình không giải hộ, nhưng có thể đối chiếu kết quả và chỉ ra chỗ sai nếu có.",,4,3,S,S,2fefbeb9da86ec9a384a8bfb9605d0c2426298bcec8290e2850c79959297dffe,4
18/03/2026,HS0040,11A1,Xác suất,typical,"Em ra P=0.5, đúng không?",Mình sẽ kiểm tra logic và tính toán của em. Em ghi rõ lập luận và phép tính giúp mình.,,4,3,S,S,b015e44df5736f56e26f74305f3956bc6bda5eaffbd9aea805305daaf73e7360,9
18/03/2026,HS0061,11A1,Hoán vị,typical,Giải thích hoán vị là gì?,"Ta nắm định nghĩa và công thức tổng quát, sau đó xác định n và k trong đề.",,4,3,G,G,1fe45d4f7cc8c855fd01d73d6864fa370b44da7ba397b5f6f698ee4d72b2709d,0
18/03/2026,HS0079,11A2,Hoán vị,typical,Hướng dẫn từng bước tính hoán vị n!,Em thử viết không gian mẫu/đếm số cách trước. Nếu kẹt ở bước nào nói mình biết.,,3,4,P,P,7728ff4af0c964f9c7df04a114be32a68860a87045b7b898ec2e2f80f11ddabc,6
18/03/2026,HS0012,11A3,Hoán vị,typical,"Em bị kẹt ở bước này, hướng dẫn em.","Mình chia thành 3 bước: (1) xác định n,k (2) chọn công thức (3) thay số và tính. Em làm bước (1) trước nhé.",,3,2,P,P,f95e049e75c9e301d9ef3ffb76e2d954b4cae9eea1cfd819f53a8b0cd0278f9e,12
18/03/2026,HS0029,11A1,Xác suất có điều kiện,typical,Giải thích xác suất có điều kiện là gì.,"Mình giải thích khái niệm và ý nghĩa trước nhé, rồi em thử áp dụng vào ví dụ.",,4,3,G,G,2e7cc5ee0fc47c89e989d424cb7b0deb9806c9a2400ee90df4bc6c0358bbc9f0,0
18/03/2026,HS0057,11A1,Hoán vị,typical,Giải thích hoán vị là gì?,"Ta nắm định nghĩa và công thức tổng quát, sau đó xác định n và k trong đề.",,3,3,G,G,36fb79eb7d4ea297df5db8ef5c0b30f9d653903201a56ef88b502e9829a5c070,0
18/03/2026,HS0061,11A1,Hoán vị,typical,Gợi ý bước 2 giúp em với.,"Mình chia thành 3 bước: (1) xác định n,k (2) chọn công thức (3) thay số và tính. Em làm bước (1) trước nhé.",,3,4,P,P,1fe45d4f7cc8c855fd01d73d6864fa370b44da7ba397b5f6f698ee4d72b2709d,7
18/03/2026,HS0079,11A2,Hoán vị,typical,Hướng dẫn từng bước tính hoán vị n!,"Mình chia thành 3 bước: (1) xác định n,k (2) chọn công thức (3) thay số và tính. Em làm bước (1) trước nhé.",,5,4,P,P,7728ff4af0c964f9c7df04a114be32a68860a87045b7b898ec2e2f80f11ddabc,7
18/03/2026,HS0029,11A1,Xác suất có điều kiện,typical,Gợi ý bước 2 giúp em với.,"Mình chia thành 3 bước: (1) xác định n,k (2) chọn công thức (3) thay số và tính. Em làm bước (1) trước nhé.",,3,3,P,P,2e7cc5ee0fc47c89e989d424cb7b0deb9806c9a2400ee90df4bc6c0358bbc9f0,9
18/03/2026,HS0057,11A1,Hoán vị,typical,"Em bị kẹt ở bước này, hướng dẫn em.",Em thử viết không gian mẫu/đếm số cách trước. Nếu kẹt ở bước nào nói mình biết.,,4,4,P,P,36fb79eb7d4ea297df5db8ef5c0b30f9d653903201a56ef88b502e9829a5c070,7
18/03/2026,HS0061,11A1,Hoán vị,typical,"Em bị kẹt ở bước này, hướng dẫn em.","Mình chia thành 3 bước: (1) xác định n,k (2) chọn công thức (3) thay số và tính. Em làm bước (1) trước nhé.",,4,2,P,P,1fe45d4f7cc8c855fd01d73d6864fa370b44da7ba397b5f6f698ee4d72b2709d,7
18/03/2026,HS0012,11A3,Hoán vị,typical,Gợi ý bước 2 giúp em với.,Em thử viết không gian mẫu/đếm số cách trước. Nếu kẹt ở bước nào nói mình biết.,,4,2,P,P,f95e049e75c9e301d9ef3ffb76e2d954b4cae9eea1cfd819f53a8b0cd0278f9e,14
18/03/2026,HS0072,11A1,Xác suất,advanced,Gợi ý cách lập không gian mẫu cho bài này.,Em thử viết không gian mẫu/đếm số cách trước. Nếu kẹt ở bước nào nói mình biết.,,5,2,P,P,ab2fb2df192ca4dea88020fed38bb4cf957c4aac600efd25086c13af31aeb0aa,0
18/03/2026,HS0029,11A1,Xác suất có điều kiện,typical,Kết quả cuối cùng của em hợp lý chưa?,Mình sẽ kiểm tra logic và tính toán của em. Em ghi rõ lập luận và phép tính giúp mình.,,4,3,S,S,2e7cc5ee0fc47c89e989d424cb7b0deb9806c9a2400ee90df4bc6c0358bbc9f0,8
18/03/2026,HS0079,11A2,Hoán vị,typical,"Em ra kết quả 120, đúng không?","Mình không giải hộ, nhưng có thể đối chiếu kết quả và chỉ ra chỗ sai nếu có.",,4,2,S,S,7728ff4af0c964f9c7df04a114be32a68860a87045b7b898ec2e2f80f11ddabc,12
18/03/2026,HS0057,11A1,Hoán vị,typical,Hướng dẫn từng bước tính hoán vị n!,"Mình chia thành 3 bước: (1) xác định n,k (2) chọn công thức (3) thay số và tính. Em làm bước (1) trước nhé.",,3,3,P,P,36fb79eb7d4ea297df5db8ef5c0b30f9d653903201a56ef88b502e9829a5c070,11
18/03/2026,HS0061,11A1,Hoán vị,typical,"Em ra kết quả 120, đúng không?",Mình sẽ kiểm tra logic và tính toán của em. Em ghi rõ lập luận và phép tính giúp mình.,,4,4,S,S,1fe45d4f7cc8c855fd01d73d6864fa370b44da7ba397b5f6f698ee4d72b2709d,8
18/03/2026,HS0057,11A1,Hoán vị,typical,"Em ra kết quả 120, đúng không?",Mình sẽ kiểm tra logic và tính toán của em. Em ghi rõ lập luận và phép tính giúp mình.,,5,2,S,S,36fb79eb7d4ea297df5db8ef5c0b30f9d653903201a56ef88b502e9829a5c070,5
18/03/2026,HS0012,11A3,Hoán vị,typical,"Em ra kết quả 120, đúng không?",Mình sẽ kiểm tra logic và tính toán của em. Em ghi rõ lập luận và phép tính giúp mình.,,4,2,S,S,f95e049e75c9e301d9ef3ffb76e2d954b4cae9eea1cfd819f53a8b0cd0278f9e,13
18/03/2026,HS0072,11A1,Xác suất,advanced,"Em ra P=0.5, đúng không?",Mình sẽ kiểm tra logic và tính toán của em. Em ghi rõ lập luận và phép tính giúp mình.,,4,3,S,S,ab2fb2df192ca4dea88020fed38bb4cf957c4aac600efd25086c13af31aeb0aa,25
18/03/2026,HS0024,11A2,Tổ hợp,struggling,"Diễn giải công thức C(n,k) theo cách dễ hiểu.","Mình giải thích khái niệm và ý nghĩa trước nhé, rồi em thử áp dụng vào ví dụ.",,4,3,G,G,2908bf824b571651bad41e2cb4e3da3a8f511425f5199afa166c57e2149d13b8,0
18/03/2026,HS0024,11A2,Tổ hợp,struggling,Hướng dẫn em từng bước giải bài chọn 3 từ 10.,Em thử viết không gian mẫu/đếm số cách trước. Nếu kẹt ở bước nào nói mình biết.,,3,4,P,P,2908bf824b571651bad41e2cb4e3da3a8f511425f5199afa166c57e2149d13b8,4
18/03/2026,HS0024,11A2,Tổ hợp,struggling,Gợi ý bước 2 giúp em với.,"Mình chia thành 3 bước: (1) xác định n,k (2) chọn công thức (3) thay số và tính. Em làm bước (1) trước nhé.",,4,5,P,P,2908bf824b571651bad41e2cb4e3da3a8f511425f5199afa166c57e2149d13b8,1
18/03/2026,HS0070,11A2,Tổ hợp,typical,"Diễn giải công thức C(n,k) theo cách dễ hiểu.","Ta nắm định nghĩa và công thức tổng quát, sau đó xác định n và k trong đề.",,4,4,G,G,f8f63a316731e6e68ae34e9dfc32ede063c674d752b939e9a9331fefb83d1e27,0
18/03/2026,HS0070,11A2,Tổ hợp,typical,Hướng dẫn em từng bước giải bài chọn 3 từ 10.,"Mình chia thành 3 bước: (1) xác định n,k (2) chọn công thức (3) thay số và tính. Em làm bước (1) trước nhé.",,5,2,P,P,f8f63a316731e6e68ae34e9dfc32ede063c674d752b939e9a9331fefb83d1e27,1
18/03/2026,HS0070,11A2,Tổ hợp,typical,"C(5,2)=10 đúng không ạ?",Mình sẽ kiểm tra logic và tính toán của em. Em ghi rõ lập luận và phép tính giúp mình.,,5,2,S,S,f8f63a316731e6e68ae34e9dfc32ede063c674d752b939e9a9331fefb83d1e27,2
18/03/2026,HS0028,11A3,Xác suất,struggling,Xác suất là gì và công thức cơ bản?,"Ta nắm định nghĩa và công thức tổng quát, sau đó xác định n và k trong đề.",,4,4,G,G,188139cf735bf3de2577a41b108a7a3772d02d3778d21d3bb68355012f79cb51,0
18/03/2026,HS0022,11A2,Chỉnh hợp,typical,Phân biệt chỉnh hợp và tổ hợp giúp em.,"Ta nắm định nghĩa và công thức tổng quát, sau đó xác định n và k trong đề.",,5,4,G,G,bfa50e25ebb9d28299bcfd3024f4027bf57f13011b354c5606885b0c3850eaf4,0
18/03/2026,HS0028,11A3,Xác suất,struggling,"Em bị kẹt ở bước này, hướng dẫn em.",Em thử viết không gian mẫu/đếm số cách trước. Nếu kẹt ở bước nào nói mình biết.,,4,5,P,P,188139cf735bf3de2577a41b108a7a3772d02d3778d21d3bb68355012f79cb51,8
18/03/2026,HS0022,11A2,Chỉnh hợp,typical,Gợi ý bước 2 giúp em với.,Em thử viết không gian mẫu/đếm số cách trước. Nếu kẹt ở bước nào nói mình biết.,,4,3,P,P,bfa50e25ebb9d28299bcfd3024f4027bf57f13011b354c5606885b0c3850eaf4,12
18/03/2026,HS0028,11A3,Xác suất,struggling,Gợi ý cách lập không gian mẫu cho bài này.,Em thử viết không gian mẫu/đếm số cách trước. Nếu kẹt ở bước nào nói mình biết.,,2,5,P,P,188139cf735bf3de2577a41b108a7a3772d02d3778d21d3bb68355012f79cb51,11
18/03/2026,HS0078,11A2,Xác suất có điều kiện,typical,Giải thích xác suất có điều kiện là gì.,"Ta nắm định nghĩa và công thức tổng quát, sau đó xác định n và k trong đề.",,3,4,G,G,dd528a262f57958ad18487d134a901ac3f827107c2b4684bdba8d741490f532d,0
18/03/2026,HS0078,11A2,Xác suất có điều kiện,typical,Hướng dẫn em tính P(A|B) theo từng bước.,"Mình chia thành 3 bước: (1) xác định n,k (2) chọn công thức (3) thay số và tính. Em làm bước (1) trước nhé.",,5,4,P,P,dd528a262f57958ad18487d134a901ac3f827107c2b4684bdba8d741490f532d,4
18/03/2026,HS0022,11A2,Chỉnh hợp,typical,Gợi ý bước 2 giúp em với.,Em thử viết không gian mẫu/đếm số cách trước. Nếu kẹt ở bước nào nói mình biết.,,5,2,P,P,bfa50e25ebb9d28299bcfd3024f4027bf57f13011b354c5606885b0c3850eaf4,11
18/03/2026,HS0078,11A2,Xác suất có điều kiện,typical,Hướng dẫn em tính P(A|B) theo từng bước.,Em thử viết không gian mẫu/đếm số cách trước. Nếu kẹt ở bước nào nói mình biết.,,4,2,P,P,dd528a262f57958ad18487d134a901ac3f827107c2b4684bdba8d741490f532d,8
18/03/2026,HS0022,11A2,Chỉnh hợp,typical,"Kiểm tra lời giải của em với A(n,k) được không?",Mình sẽ kiểm tra logic và tính toán của em. Em ghi rõ lập luận và phép tính giúp mình.,,5,3,S,P,bfa50e25ebb9d28299bcfd3024f4027bf57f13011b354c5606885b0c3850eaf4,4
18/03/2026,HS0078,11A2,Xác suất có điều kiện,typical,Kết quả cuối cùng của em hợp lý chưa?,"Mình không giải hộ, nhưng có thể đối chiếu kết quả và chỉ ra chỗ sai nếu có.",,4,3,S,S,dd528a262f57958ad18487d134a901ac3f827107c2b4684bdba8d741490f532d,5
18/03/2026,HS0008,11A3,Xác suất,typical,Xác suất là gì và công thức cơ bản?,"Ta nắm định nghĩa và công thức tổng quát, sau đó xác định n và k trong đề.",,4,2,G,G,6bedc146846d316affb9f5866f127caaa5b2ccd38f845608c93a7ff22d819daa,279
18/03/2026,HS0008,11A3,Xác suất,typical,Gợi ý bước 2 giúp em với.,Em thử viết không gian mẫu/đếm số cách trước. Nếu kẹt ở bước nào nói mình biết.,,3,3,P,P,6bedc146846d316affb9f5866f127caaa5b2ccd38f845608c93a7ff22d819daa,6
18/03/2026,HS0007,11A2,Hoán vị,struggling,Giải thích hoán vị là gì?,"Mình giải thích khái niệm và ý nghĩa trước nhé, rồi em thử áp dụng vào ví dụ.",,4,3,G,G,3dbe015a45cd7030db802024cc279caa9c09ed9dfc44acff95add7bcef5c9285,0
18/03/2026,HS0010,11A3,Xác suất,typical,Xác suất là gì và công thức cơ bản?,"Mình giải thích khái niệm và ý nghĩa trước nhé, rồi em thử áp dụng vào ví dụ.",,4,3,G,G,4246c1d88bf71a9a5a6681c3d0edfc757ba19db2b803faf33f48e330ec219fa5,0
18/03/2026,HS0007,11A2,Hoán vị,struggling,"Em bị kẹt ở bước này, hướng dẫn em.","Mình chia thành 3 bước: (1) xác định n,k (2) chọn công thức (3) thay số và tính. Em làm bước (1) trước nhé.",,3,3,P,P,3dbe015a45cd7030db802024cc279caa9c09ed9dfc44acff95add7bcef5c9285,7
18/03/2026,HS0008,11A3,Xác suất,typical,"Em ra P=0.5, đúng không?","Mình không giải hộ, nhưng có thể đối chiếu kết quả và chỉ ra chỗ sai nếu có.",,4,2,S,S,6bedc146846d316affb9f5866f127caaa5b2ccd38f845608c93a7ff22d819daa,12
18/03/2026,HS0031,11A3,Chỉnh hợp,typical,Phân biệt chỉnh hợp và tổ hợp giúp em.,"Mình giải thích khái niệm và ý nghĩa trước nhé, rồi em thử áp dụng vào ví dụ.",,4,2,G,G,2fefbeb9da86ec9a384a8bfb9605d0c2426298bcec8290e2850c79959297dffe,165
18/03/2026,HS0031,11A3,Chỉnh hợp,typical,Gợi ý bước 2 giúp em với.,"Mình chia thành 3 bước: (1) xác định n,k (2) chọn công thức (3) thay số và tính. Em làm bước (1) trước nhé.",,4,4,P,P,2fefbeb9da86ec9a384a8bfb9605d0c2426298bcec8290e2850c79959297dffe,4
18/03/2026,HS0010,11A3,Xác suất,typical,"Em bị kẹt ở bước này, hướng dẫn em.","Mình chia thành 3 bước: (1) xác định n,k (2) chọn công thức (3) thay số và tính. Em làm bước (1) trước nhé.",,3,4,P,P,4246c1d88bf71a9a5a6681c3d0edfc757ba19db2b803faf33f48e330ec219fa5,12
18/03/2026,HS0031,11A3,Chỉnh hợp,typical,"Kiểm tra lời giải của em với A(n,k) được không?","Mình không giải hộ, nhưng có thể đối chiếu kết quả và chỉ ra chỗ sai nếu có.",,5,3,S,P,2fefbeb9da86ec9a384a8bfb9605d0c2426298bcec8290e2850c79959297dffe,1
18/03/2026,HS0053,11A2,Chỉnh hợp,typical,Phân biệt chỉnh hợp và tổ hợp giúp em.,"Ta nắm định nghĩa và công thức tổng quát, sau đó xác định n và k trong đề.",,5,4,G,G,1104205737ae9d63dadbc2853da80a3d28364041e592c73420093e6f58d4b26e,0
18/03/2026,HS0010,11A3,Xác suất,typical,"Em ra P=0.5, đúng không?","Mình không giải hộ, nhưng có thể đối chiếu kết quả và chỉ ra chỗ sai nếu có.",,5,2,S,S,4246c1d88bf71a9a5a6681c3d0edfc757ba19db2b803faf33f48e330ec219fa5,10
18/03/2026,HS0053,11A2,Chỉnh hợp,typical,"Em bị kẹt ở bước này, hướng dẫn em.",Em thử viết không gian mẫu/đếm số cách trước. Nếu kẹt ở bước nào nói mình biết.,,3,4,P,P,1104205737ae9d63dadbc2853da80a3d28364041e592c73420093e6f58d4b26e,3
18/03/2026,HS0053,11A2,Chỉnh hợp,typical,"Kiểm tra lời giải của em với A(n,k) được không?","Mình không giải hộ, nhưng có thể đối chiếu kết quả và chỉ ra chỗ sai nếu có.",,5,2,S,P,1104205737ae9d63dadbc2853da80a3d28364041e592c73420093e6f58d4b26e,4
18/03/2026,HS0039,11A3,Chỉnh hợp,typical,Phân biệt chỉnh hợp và tổ hợp giúp em.,"Ta nắm định nghĩa và công thức tổng quát, sau đó xác định n và k trong đề.",,5,4,G,G,8f330b9018b75f18279b3b261269242e54409ddd814e12a6af4787db9bceffcc,0
18/03/2026,HS0039,11A3,Chỉnh hợp,typical,"Em bị kẹt ở bước này, hướng dẫn em.",Em thử viết không gian mẫu/đếm số cách trước. Nếu kẹt ở bước nào nói mình biết.,,3,2,P,P,8f330b9018b75f18279b3b261269242e54409ddd814e12a6af4787db9bceffcc,11
18/03/2026,HS0039,11A3,Chỉnh hợp,typical,"Kiểm tra lời giải của em với A(n,k) được không?","Mình không giải hộ, nhưng có thể đối chiếu kết quả và chỉ ra chỗ sai nếu có.",,5,2,S,P,8f330b9018b75f18279b3b261269242e54409ddd814e12a6af4787db9bceffcc,9
18/03/2026,HS0005,11A3,Tổ hợp,advanced,"C(5,2)=10 đúng không ạ?",Mình sẽ kiểm tra logic và tính toán của em. Em ghi rõ lập luận và phép tính giúp mình.,,5,3,S,S,36c47a6e51d7b697ee5c80bf5754812410b15e6999c3d32bbcd6f5ae7fbd9b52,0
18/03/2026,HS0004,11A3,Xác suất,typical,Xác suất là gì và công thức cơ bản?,"Mình giải thích khái niệm và ý nghĩa trước nhé, rồi em thử áp dụng vào ví dụ.",,4,2,G,G,3e2608cd1dc35dde1f55f09dd94ef7abc40c9084efd34d794d9a13e86ef2594a,0
18/03/2026,HS0035,11A3,Chỉnh hợp,struggling,Phân biệt chỉnh hợp và tổ hợp giúp em.,"Mình giải thích khái niệm và ý nghĩa trước nhé, rồi em thử áp dụng vào ví dụ.",,3,4,G,G,0eb1f6a2afe19ef9fe60ae501e695662f1a02b4abbc636f5956ed24928fd2a7a,0
18/03/2026,HS0003,11A3,Xác suất,typical,Xác suất là gì và công thức cơ bản?,"Ta nắm định nghĩa và công thức tổng quát, sau đó xác định n và k trong đề.",,4,2,G,G,010f113c2f366323e011e0367885a8c149ddb9bea6691d6b85664a5f59e63f1f,0
18/03/2026,HS0035,11A3,Chỉnh hợp,struggling,"Em bị kẹt ở bước chọn k từ n, gợi ý giúp.",Em thử viết không gian mẫu/đếm số cách trước. Nếu kẹt ở bước nào nói mình biết.,,4,3,P,P,0eb1f6a2afe19ef9fe60ae501e695662f1a02b4abbc636f5956ed24928fd2a7a,3
18/03/2026,HS0035,11A3,Chỉnh hợp,struggling,Gợi ý bước 2 giúp em với.,Em thử viết không gian mẫu/đếm số cách trước. Nếu kẹt ở bước nào nói mình biết.,,3,3,P,P,0eb1f6a2afe19ef9fe60ae501e695662f1a02b4abbc636f5956ed24928fd2a7a,3
18/03/2026,HS0004,11A3,Xác suất,typical,"Em bị kẹt ở bước này, hướng dẫn em.",Em thử viết không gian mẫu/đếm số cách trước. Nếu kẹt ở bước nào nói mình biết.,,4,4,P,P,3e2608cd1dc35dde1f55f09dd94ef7abc40c9084efd34d794d9a13e86ef2594a,10
18/03/2026,HS0004,11A3,Xác suất,typical,Gợi ý bước 2 giúp em với.,Em thử viết không gian mẫu/đếm số cách trước. Nếu kẹt ở bước nào nói mình biết.,,3,3,P,P,3e2608cd1dc35dde1f55f09dd94ef7abc40c9084efd34d794d9a13e86ef2594a,12
18/03/2026,HS0060,11A2,Xác suất,typical,Xác suất là gì và công thức cơ bản?,"Ta nắm định nghĩa và công thức tổng quát, sau đó xác định n và k trong đề.",,5,4,G,G,1674c25bf248baa75d7f98e4e4fcdc1bc3b70b07e2dce4896c22e227fb6af10a,0
18/03/2026,HS0027,11A3,Xác suất,typical,Xác suất là gì và công thức cơ bản?,"Mình giải thích khái niệm và ý nghĩa trước nhé, rồi em thử áp dụng vào ví dụ.",,5,2,G,G,bfd33441eafe8d032dd98b4a7140eff78f69d8d45b168c5ef2943728afa1bf34,0
18/03/2026,HS0003,11A3,Xác suất,typical,Gợi ý cách lập không gian mẫu cho bài này.,Em thử viết không gian mẫu/đếm số cách trước. Nếu kẹt ở bước nào nói mình biết.,,5,4,P,P,010f113c2f366323e011e0367885a8c149ddb9bea6691d6b85664a5f59e63f1f,21
18/03/2026,HS0060,11A2,Xác suất,typical,"Em bị kẹt ở bước này, hướng dẫn em.",Em thử viết không gian mẫu/đếm số cách trước. Nếu kẹt ở bước nào nói mình biết.,,4,2,P,P,1674c25bf248baa75d7f98e4e4fcdc1bc3b70b07e2dce4896c22e227fb6af10a,3
18/03/2026,HS0060,11A2,Xác suất,typical,"Em ra P=0.5, đúng không?",Mình sẽ kiểm tra logic và tính toán của em. Em ghi rõ lập luận và phép tính giúp mình.,,4,2,S,S,1674c25bf248baa75d7f98e4e4fcdc1bc3b70b07e2dce4896c22e227fb6af10a,2
18/03/2026,HS0056,11A2,Hoán vị,typical,Giải thích hoán vị là gì?,"Ta nắm định nghĩa và công thức tổng quát, sau đó xác định n và k trong đề.",,5,4,G,G,e115ddd8311db0853a44a42daba877ef99b40a1fa043e81e9fa7bb8aeb3866b3,0
18/03/2026,HS0056,11A2,Hoán vị,typical,Gợi ý bước 2 giúp em với.,"Mình chia thành 3 bước: (1) xác định n,k (2) chọn công thức (3) thay số và tính. Em làm bước (1) trước nhé.",,5,2,P,P,e115ddd8311db0853a44a42daba877ef99b40a1fa043e81e9fa7bb8aeb3866b3,1
18/03/2026,HS0056,11A2,Hoán vị,typical,"Em ra kết quả 120, đúng không?",Mình sẽ kiểm tra logic và tính toán của em. Em ghi rõ lập luận và phép tính giúp mình.,,5,4,S,S,e115ddd8311db0853a44a42daba877ef99b40a1fa043e81e9fa7bb8aeb3866b3,2
18/03/2026,HS0004,11A3,Xác suất,typical,"Em ra P=0.5, đúng không?",Mình sẽ kiểm tra logic và tính toán của em. Em ghi rõ lập luận và phép tính giúp mình.,,5,2,S,S,3e2608cd1dc35dde1f55f09dd94ef7abc40c9084efd34d794d9a13e86ef2594a,12
18/03/2026,HS0027,11A3,Xác suất,typical,"Em bị kẹt ở bước này, hướng dẫn em.","Mình chia thành 3 bước: (1) xác định n,k (2) chọn công thức (3) thay số và tính. Em làm bước (1) trước nhé.",,4,2,P,P,bfd33441eafe8d032dd98b4a7140eff78f69d8d45b168c5ef2943728afa1bf34,13
18/03/2026,HS0008,11A3,Tổ hợp,typical,"Diễn giải công thức C(n,k) theo cách dễ hiểu.","Ta nắm định nghĩa và công thức tổng quát, sau đó xác định n và k trong đề.",,4,3,G,G,6bedc146846d316affb9f5866f127caaa5b2ccd38f845608c93a7ff22d819daa,93
18/03/2026,HS0003,11A3,Xác suất,typical,"Em ra P=0.5, đúng không?","Mình không giải hộ, nhưng có thể đối chiếu kết quả và chỉ ra chỗ sai nếu có.",,4,3,S,S,010f113c2f366323e011e0367885a8c149ddb9bea6691d6b85664a5f59e63f1f,23
18/03/2026,HS0019,11A2,Hoán vị,typical,Giải thích hoán vị là gì?,"Mình giải thích khái niệm và ý nghĩa trước nhé, rồi em thử áp dụng vào ví dụ.",,4,3,G,G,5f85ad7d2d1ff83626074f5d9f58d925e54641317c3f71761ffdefd50fd2c761,337
18/03/2026,HS0008,11A3,Tổ hợp,typical,Hướng dẫn em từng bước giải bài chọn 3 từ 10.,Em thử viết không gian mẫu/đếm số cách trước. Nếu kẹt ở bước nào nói mình biết.,,4,3,P,P,6bedc146846d316affb9f5866f127caaa5b2ccd38f845608c93a7ff22d819daa,9
18/03/2026,HS0019,11A2,Hoán vị,typical,Hướng dẫn từng bước tính hoán vị n!,"Mình chia thành 3 bước: (1) xác định n,k (2) chọn công thức (3) thay số và tính. Em làm bước (1) trước nhé.",,4,2,P,P,5f85ad7d2d1ff83626074f5d9f58d925e54641317c3f71761ffdefd50fd2c761,2
18/03/2026,HS0019,11A2,Hoán vị,typical,Gợi ý bước 2 giúp em với.,"Mình chia thành 3 bước: (1) xác định n,k (2) chọn công thức (3) thay số và tính. Em làm bước (1) trước nhé.",,3,2,P,P,5f85ad7d2d1ff83626074f5d9f58d925e54641317c3f71761ffdefd50fd2c761,2
18/03/2026,HS0019,11A2,Hoán vị,typical,"Em ra kết quả 120, đúng không?","Mình không giải hộ, nhưng có thể đối chiếu kết quả và chỉ ra chỗ sai nếu có.",,4,2,S,S,5f85ad7d2d1ff83626074f5d9f58d925e54641317c3f71761ffdefd50fd2c761,1
18/03/2026,HS0027,11A3,Xác suất,typical,"Em ra P=0.5, đúng không?",Mình sẽ kiểm tra logic và tính toán của em. Em ghi rõ lập luận và phép tính giúp mình.,,5,3,S,S,bfd33441eafe8d032dd98b4a7140eff78f69d8d45b168c5ef2943728afa1bf34,16
18/03/2026,HS0008,11A3,Tổ hợp,typical,"C(5,2)=10 đúng không ạ?","Mình không giải hộ, nhưng có thể đối chiếu kết quả và chỉ ra chỗ sai nếu có.",,4,4,S,S,6bedc146846d316affb9f5866f127caaa5b2ccd38f845608c93a7ff22d819daa,7
18/03/2026,HS0053,11A2,Chỉnh hợp,typical,Phân biệt chỉnh hợp và tổ hợp giúp em.,"Ta nắm định nghĩa và công thức tổng quát, sau đó xác định n và k trong đề.",,3,4,G,G,1104205737ae9d63dadbc2853da80a3d28364041e592c73420093e6f58d4b26e,105
18/03/2026,HS0053,11A2,Chỉnh hợp,typical,Gợi ý bước 2 giúp em với.,Em thử viết không gian mẫu/đếm số cách trước. Nếu kẹt ở bước nào nói mình biết.,,5,4,P,P,1104205737ae9d63dadbc2853da80a3d28364041e592c73420093e6f58d4b26e,1
18/03/2026,HS0065,11A2,Chỉnh hợp,typical,Phân biệt chỉnh hợp và tổ hợp giúp em.,"Ta nắm định nghĩa và công thức tổng quát, sau đó xác định n và k trong đề.",,3,3,G,G,fa73e1c75849f648851b1289d18130b6e16d0f4fee78e80be44432ef66b22bbb,416
18/03/2026,HS0053,11A2,Chỉnh hợp,typical,"Kiểm tra lời giải của em với A(n,k) được không?","Mình không giải hộ, nhưng có thể đối chiếu kết quả và chỉ ra chỗ sai nếu có.",,5,4,S,P,1104205737ae9d63dadbc2853da80a3d28364041e592c73420093e6f58d4b26e,4
18/03/2026,HS0016,11A3,Chỉnh hợp,typical,Phân biệt chỉnh hợp và tổ hợp giúp em.,"Mình giải thích khái niệm và ý nghĩa trước nhé, rồi em thử áp dụng vào ví dụ.",,4,3,G,G,d9767cc633dfc00bbe33c0bf4a84e32cc727f995bc8aef6fab9ae6409002a48a,0
18/03/2026,HS0016,11A3,Chỉnh hợp,typical,Gợi ý bước 2 giúp em với.,Em thử viết không gian mẫu/đếm số cách trước. Nếu kẹt ở bước nào nói mình biết.,,3,4,P,P,d9767cc633dfc00bbe33c0bf4a84e32cc727f995bc8aef6fab9ae6409002a48a,2
18/03/2026,HS0016,11A3,Chỉnh hợp,typical,"Kiểm tra lời giải của em với A(n,k) được không?","Mình không giải hộ, nhưng có thể đối chiếu kết quả và chỉ ra chỗ sai nếu có.",,4,3,S,P,d9767cc633dfc00bbe33c0bf4a84e32cc727f995bc8aef6fab9ae6409002a48a,1
18/03/2026,HS0026,11A1,Xác suất có điều kiện,typical,Giải thích xác suất có điều kiện là gì.,"Ta nắm định nghĩa và công thức tổng quát, sau đó xác định n và k trong đề.",,5,3,G,G,a6aeb136b5619d125d2bb2d9eea3c15dc5e9ad876d07779cdd3ddc67d9d4c1ce,0
18/03/2026,HS0026,11A1,Xác suất có điều kiện,typical,Hướng dẫn em tính P(A|B) theo từng bước.,"Mình chia thành 3 bước: (1) xác định n,k (2) chọn công thức (3) thay số và tính. Em làm bước (1) trước nhé.",,3,2,P,P,a6aeb136b5619d125d2bb2d9eea3c15dc5e9ad876d07779cdd3ddc67d9d4c1ce,4
18/03/2026,HS0065,11A2,Chỉnh hợp,typical,"Em bị kẹt ở bước chọn k từ n, gợi ý giúp.",Em thử viết không gian mẫu/đếm số cách trước. Nếu kẹt ở bước nào nói mình biết.,,4,3,P,P,fa73e1c75849f648851b1289d18130b6e16d0f4fee78e80be44432ef66b22bbb,13
18/03/2026,HS0026,11A1,Xác suất có điều kiện,typical,Kết quả cuối cùng của em hợp lý chưa?,"Mình không giải hộ, nhưng có thể đối chiếu kết quả và chỉ ra chỗ sai nếu có.",,4,2,S,S,a6aeb136b5619d125d2bb2d9eea3c15dc5e9ad876d07779cdd3ddc67d9d4c1ce,5
18/03/2026,HS0065,11A2,Chỉnh hợp,typical,"Kiểm tra lời giải của em với A(n,k) được không?",Mình sẽ kiểm tra logic và tính toán của em. Em ghi rõ lập luận và phép tính giúp mình.,,5,4,S,P,fa73e1c75849f648851b1289d18130b6e16d0f4fee78e80be44432ef66b22bbb,16
18/03/2026,HS0074,11A1,Chỉnh hợp,typical,Phân biệt chỉnh hợp và tổ hợp giúp em.,"Mình giải thích khái niệm và ý nghĩa trước nhé, rồi em thử áp dụng vào ví dụ.",,5,3,G,G,da9511914afb23ae3fd8e3265f7295c50414eaa223f6bc08efdef2426d6e81a0,0
18/03/2026,HS0074,11A1,Chỉnh hợp,typical,"Em bị kẹt ở bước chọn k từ n, gợi ý giúp.","Mình chia thành 3 bước: (1) xác định n,k (2) chọn công thức (3) thay số và tính. Em làm bước (1) trước nhé.",,4,3,P,P,da9511914afb23ae3fd8e3265f7295c50414eaa223f6bc08efdef2426d6e81a0,2
18/03/2026,HS0075,11A1,Xác suất có điều kiện,advanced,Kết quả cuối cùng của em hợp lý chưa?,Mình sẽ kiểm tra logic và tính toán của em. Em ghi rõ lập luận và phép tính giúp mình.,,5,1,S,S,c0d07ab2c109ff151206607b44f331f668f0c4e052c6ac14acba3066c1a7c0dc,0
18/03/2026,HS0062,11A2,Xác suất,typical,Xác suất là gì và công thức cơ bản?,"Mình giải thích khái niệm và ý nghĩa trước nhé, rồi em thử áp dụng vào ví dụ.",,5,2,G,G,5f8279ee181332bd457e57f43282043f7ecb2248ab4cde0e05185ac4e69e1b24,0
18/03/2026,HS0062,11A2,Xác suất,typical,Gợi ý cách lập không gian mẫu cho bài này.,Em thử viết không gian mẫu/đếm số cách trước. Nếu kẹt ở bước nào nói mình biết.,,5,3,P,P,5f8279ee181332bd457e57f43282043f7ecb2248ab4cde0e05185ac4e69e1b24,8
18/03/2026,HS0006,11A2,Hoán vị,typical,Giải thích hoán vị là gì?,"Mình giải thích khái niệm và ý nghĩa trước nhé, rồi em thử áp dụng vào ví dụ.",,5,2,G,G,f5cfcd21934b859fee83098895d47cfe25f78697be82caf7576f38674f48f600,0
18/03/2026,HS0051,11A1,Tổ hợp,typical,"Diễn giải công thức C(n,k) theo cách dễ hiểu.","Ta nắm định nghĩa và công thức tổng quát, sau đó xác định n và k trong đề.",,4,3,G,G,d2deededd7c9226cf3d280fe443522a01689e4aea9667c729a5377800c83f967,386
18/03/2026,HS0062,11A2,Xác suất,typical,"Em ra P=0.5, đúng không?",Mình sẽ kiểm tra logic và tính toán của em. Em ghi rõ lập luận và phép tính giúp mình.,,4,3,S,S,5f8279ee181332bd457e57f43282043f7ecb2248ab4cde0e05185ac4e69e1b24,8
18/03/2026,HS0006,11A2,Hoán vị,typical,Hướng dẫn từng bước tính hoán vị n!,Em thử viết không gian mẫu/đếm số cách trước. Nếu kẹt ở bước nào nói mình biết.,,5,4,P,P,f5cfcd21934b859fee83098895d47cfe25f78697be82caf7576f38674f48f600,5
18/03/2026,HS0051,11A1,Tổ hợp,typical,Gợi ý bước 2 giúp em với.,Em thử viết không gian mẫu/đếm số cách trước. Nếu kẹt ở bước nào nói mình biết.,,3,4,P,P,d2deededd7c9226cf3d280fe443522a01689e4aea9667c729a5377800c83f967,11
18/03/2026,HS0006,11A2,Hoán vị,typical,"Em ra kết quả 120, đúng không?","Mình không giải hộ, nhưng có thể đối chiếu kết quả và chỉ ra chỗ sai nếu có.",,4,3,S,S,f5cfcd21934b859fee83098895d47cfe25f78697be82caf7576f38674f48f600,8
18/03/2026,HS0051,11A1,Tổ hợp,typical,"C(5,2)=10 đúng không ạ?","Mình không giải hộ, nhưng có thể đối chiếu kết quả và chỉ ra chỗ sai nếu có.",,5,3,S,S,d2deededd7c9226cf3d280fe443522a01689e4aea9667c729a5377800c83f967,7
18/03/2026,HS0010,11A3,Xác suất,typical,Xác suất là gì và công thức cơ bản?,"Mình giải thích khái niệm và ý nghĩa trước nhé, rồi em thử áp dụng vào ví dụ.",,3,4,G,G,4246c1d88bf71a9a5a6681c3d0edfc757ba19db2b803faf33f48e330ec219fa5,197
18/03/2026,HS0036,11A3,Chỉnh hợp,typical,Phân biệt chỉnh hợp và tổ hợp giúp em.,"Ta nắm định nghĩa và công thức tổng quát, sau đó xác định n và k trong đề.",,3,3,G,G,348d25bf4c366358bb82180ba6b72b789dede8eedce740c08ceaffe094d4be7e,0
18/03/2026,HS0007,11A2,Xác suất,struggling,Xác suất là gì và công thức cơ bản?,"Mình giải thích khái niệm và ý nghĩa trước nhé, rồi em thử áp dụng vào ví dụ.",,3,3,G,G,3dbe015a45cd7030db802024cc279caa9c09ed9dfc44acff95add7bcef5c9285,225
18/03/2026,HS0010,11A3,Xác suất,typical,Gợi ý cách lập không gian mẫu cho bài này.,"Mình chia thành 3 bước: (1) xác định n,k (2) chọn công thức (3) thay số và tính. Em làm bước (1) trước nhé.",,3,4,P,P,4246c1d88bf71a9a5a6681c3d0edfc757ba19db2b803faf33f48e330ec219fa5,10
18/03/2026,HS0036,11A3,Chỉnh hợp,typical,"Em bị kẹt ở bước này, hướng dẫn em.","Mình chia thành 3 bước: (1) xác định n,k (2) chọn công thức (3) thay số và tính. Em làm bước (1) trước nhé.",,3,2,P,P,348d25bf4c366358bb82180ba6b72b789dede8eedce740c08ceaffe094d4be7e,4
18/03/2026,HS0036,11A3,Chỉnh hợp,typical,"Kiểm tra lời giải của em với A(n,k) được không?","Mình không giải hộ, nhưng có thể đối chiếu kết quả và chỉ ra chỗ sai nếu có.",,5,2,S,P,348d25bf4c366358bb82180ba6b72b789dede8eedce740c08ceaffe094d4be7e,1
18/03/2026,HS0030,11A3,Tổ hợp,typical,"Diễn giải công thức C(n,k) theo cách dễ hiểu.","Ta nắm định nghĩa và công thức tổng quát, sau đó xác định n và k trong đề.",,5,4,G,G,9b61d7ac5b034acec9d02d1da3d2c4ad53b32db3f6336610129c4264d9b5e879,0
18/03/2026,HS0007,11A2,Xác suất,struggling,Gợi ý cách lập không gian mẫu cho bài này.,Em thử viết không gian mẫu/đếm số cách trước. Nếu kẹt ở bước nào nói mình biết.,,4,5,P,P,3dbe015a45cd7030db802024cc279caa9c09ed9dfc44acff95add7bcef5c9285,11
18/03/2026,HS0010,11A3,Xác suất,typical,"Em ra P=0.5, đúng không?",Mình sẽ kiểm tra logic và tính toán của em. Em ghi rõ lập luận và phép tính giúp mình.,,4,2,S,S,4246c1d88bf71a9a5a6681c3d0edfc757ba19db2b803faf33f48e330ec219fa5,9
18/03/2026,HS0030,11A3,Tổ hợp,typical,Hướng dẫn em từng bước giải bài chọn 3 từ 10.,Em thử viết không gian mẫu/đếm số cách trước. Nếu kẹt ở bước nào nói mình biết.,,5,4,P,P,9b61d7ac5b034acec9d02d1da3d2c4ad53b32db3f6336610129c4264d9b5e879,8
18/03/2026,HS0007,11A2,Xác suất,struggling,Gợi ý bước 2 giúp em với.,"Mình chia thành 3 bước: (1) xác định n,k (2) chọn công thức (3) thay số và tính. Em làm bước (1) trước nhé.",,2,5,P,P,3dbe015a45cd7030db802024cc279caa9c09ed9dfc44acff95add7bcef5c9285,5
18/03/2026,HS0030,11A3,Tổ hợp,typical,"C(5,2)=10 đúng không ạ?","Mình không giải hộ, nhưng có thể đối chiếu kết quả và chỉ ra chỗ sai nếu có.",,5,2,S,S,9b61d7ac5b034acec9d02d1da3d2c4ad53b32db3f6336610129c4264d9b5e879,8
18/03/2026,HS0007,11A2,Xác suất,struggling,"Em ra P=0.5, đúng không?",Mình sẽ kiểm tra logic và tính toán của em. Em ghi rõ lập luận và phép tính giúp mình.,,5,3,S,S,3dbe015a45cd7030db802024cc279caa9c09ed9dfc44acff95add7bcef5c9285,9
18/03/2026,HS0056,11A2,Tổ hợp,typical,"Diễn giải công thức C(n,k) theo cách dễ hiểu.","Mình giải thích khái niệm và ý nghĩa trước nhé, rồi em thử áp dụng vào ví dụ.",,3,4,G,G,e115ddd8311db0853a44a42daba877ef99b40a1fa043e81e9fa7bb8aeb3866b3,164
18/03/2026,HS0056,11A2,Tổ hợp,typical,Hướng dẫn em từng bước giải bài chọn 3 từ 10.,"Mình chia thành 3 bước: (1) xác định n,k (2) chọn công thức (3) thay số và tính. Em làm bước (1) trước nhé.",,4,4,P,P,e115ddd8311db0853a44a42daba877ef99b40a1fa043e81e9fa7bb8aeb3866b3,1
18/03/2026,HS0056,11A2,Tổ hợp,typical,"C(5,2)=10 đúng không ạ?",Mình sẽ kiểm tra logic và tính toán của em. Em ghi rõ lập luận và phép tính giúp mình.,,5,2,S,S,e115ddd8311db0853a44a42daba877ef99b40a1fa043e81e9fa7bb8aeb3866b3,4
18/03/2026,HS0033,11A1,Xác suất,typical,Xác suất là gì và công thức cơ bản?,"Ta nắm định nghĩa và công thức tổng quát, sau đó xác định n và k trong đề.",,4,3,G,G,10fa9823f0d81aef5c9374f53be14494fc4aca9053202a2e2fe713bdb429b02f,546
18/03/2026,HS0050,11A3,Xác suất có điều kiện,typical,Giải thích xác suất có điều kiện là gì.,"Mình giải thích khái niệm và ý nghĩa trước nhé, rồi em thử áp dụng vào ví dụ.",,3,3,G,G,dace5847caa0d7bd63e8edd3c6c7a1f54e06a7cb0f0134fdc0e9890bfc710792,449
18/03/2026,HS0050,11A3,Xác suất có điều kiện,typical,Gợi ý bước 2 giúp em với.,"Mình chia thành 3 bước: (1) xác định n,k (2) chọn công thức (3) thay số và tính. Em làm bước (1) trước nhé.",,5,2,P,P,dace5847caa0d7bd63e8edd3c6c7a1f54e06a7cb0f0134fdc0e9890bfc710792,10
18/03/2026,HS0033,11A1,Xác suất,typical,Gợi ý bước 2 giúp em với.,"Mình chia thành 3 bước: (1) xác định n,k (2) chọn công thức (3) thay số và tính. Em làm bước (1) trước nhé.",,5,3,P,P,10fa9823f0d81aef5c9374f53be14494fc4aca9053202a2e2fe713bdb429b02f,23
18/03/2026,HS0050,11A3,Xác suất có điều kiện,typical,Kết quả cuối cùng của em hợp lý chưa?,"Mình không giải hộ, nhưng có thể đối chiếu kết quả và chỉ ra chỗ sai nếu có.",,4,2,S,S,dace5847caa0d7bd63e8edd3c6c7a1f54e06a7cb0f0134fdc0e9890bfc710792,11
18/03/2026,HS0030,11A3,Tổ hợp,typical,"Diễn giải công thức C(n,k) theo cách dễ hiểu.","Mình giải thích khái niệm và ý nghĩa trước nhé, rồi em thử áp dụng vào ví dụ.",,4,4,G,G,9b61d7ac5b034acec9d02d1da3d2c4ad53b32db3f6336610129c4264d9b5e879,52
18/03/2026,HS0066,11A3,Tổ hợp,typical,"Diễn giải công thức C(n,k) theo cách dễ hiểu.","Ta nắm định nghĩa và công thức tổng quát, sau đó xác định n và k trong đề.",,5,2,G,G,69afd27c572e56e445587b356a971b322e166e7a60da0db151b88dc9bf061df6,0
18/03/2026,HS0033,11A1,Xác suất,typical,"Em ra P=0.5, đúng không?","Mình không giải hộ, nhưng có thể đối chiếu kết quả và chỉ ra chỗ sai nếu có.",,4,3,S,S,10fa9823f0d81aef5c9374f53be14494fc4aca9053202a2e2fe713bdb429b02f,21
18/03/2026,HS0040,11A1,Chỉnh hợp,typical,Phân biệt chỉnh hợp và tổ hợp giúp em.,"Mình giải thích khái niệm và ý nghĩa trước nhé, rồi em thử áp dụng vào ví dụ.",,4,2,G,G,b015e44df5736f56e26f74305f3956bc6bda5eaffbd9aea805305daaf73e7360,468
18/03/2026,HS0030,11A3,Tổ hợp,typical,Hướng dẫn em từng bước giải bài chọn 3 từ 10.,Em thử viết không gian mẫu/đếm số cách trước. Nếu kẹt ở bước nào nói mình biết.,,3,3,P,P,9b61d7ac5b034acec9d02d1da3d2c4ad53b32db3f6336610129c4264d9b5e879,10
18/03/2026,HS0030,11A3,Tổ hợp,typical,"C(5,2)=10 đúng không ạ?",Mình sẽ kiểm tra logic và tính toán của em. Em ghi rõ lập luận và phép tính giúp mình.,,4,4,S,S,9b61d7ac5b034acec9d02d1da3d2c4ad53b32db3f6336610129c4264d9b5e879,5
18/03/2026,HS0040,11A1,Chỉnh hợp,typical,"Em bị kẹt ở bước này, hướng dẫn em.",Em thử viết không gian mẫu/đếm số cách trước. Nếu kẹt ở bước nào nói mình biết.,,5,2,P,P,b015e44df5736f56e26f74305f3956bc6bda5eaffbd9aea805305daaf73e7360,6
18/03/2026,HS0063,11A3,Xác suất có điều kiện,typical,Giải thích xác suất có điều kiện là gì.,"Mình giải thích khái niệm và ý nghĩa trước nhé, rồi em thử áp dụng vào ví dụ.",,4,4,G,G,dcb9cc536df75824653eb26d3aafdf6c63d984b161af40176a6b1ca167eb9f2d,0
18/03/2026,HS0066,11A3,Tổ hợp,typical,"Em bị kẹt ở bước này, hướng dẫn em.",Em thử viết không gian mẫu/đếm số cách trước. Nếu kẹt ở bước nào nói mình biết.,,3,3,P,P,69afd27c572e56e445587b356a971b322e166e7a60da0db151b88dc9bf061df6,17
18/03/2026,HS0040,11A1,Chỉnh hợp,typical,Gợi ý bước 2 giúp em với.,Em thử viết không gian mẫu/đếm số cách trước. Nếu kẹt ở bước nào nói mình biết.,,3,3,P,P,b015e44df5736f56e26f74305f3956bc6bda5eaffbd9aea805305daaf73e7360,8
18/03/2026,HS0063,11A3,Xác suất có điều kiện,typical,Hướng dẫn em tính P(A|B) theo từng bước.,"Mình chia thành 3 bước: (1) xác định n,k (2) chọn công thức (3) thay số và tính. Em làm bước (1) trước nhé.",,3,4,P,P,dcb9cc536df75824653eb26d3aafdf6c63d984b161af40176a6b1ca167eb9f2d,4
18/03/2026,HS0035,11A3,Tổ hợp,struggling,"Diễn giải công thức C(n,k) theo cách dễ hiểu.","Mình giải thích khái niệm và ý nghĩa trước nhé, rồi em thử áp dụng vào ví dụ.",,4,5,G,G,0eb1f6a2afe19ef9fe60ae501e695662f1a02b4abbc636f5956ed24928fd2a7a,261
18/03/2026,HS0035,11A3,Tổ hợp,struggling,"Em bị kẹt ở bước này, hướng dẫn em.",Em thử viết không gian mẫu/đếm số cách trước. Nếu kẹt ở bước nào nói mình biết.,,4,5,P,P,0eb1f6a2afe19ef9fe60ae501e695662f1a02b4abbc636f5956ed24928fd2a7a,4
18/03/2026,HS0035,11A3,Tổ hợp,struggling,"Em bị kẹt ở bước này, hướng dẫn em.","Mình chia thành 3 bước: (1) xác định n,k (2) chọn công thức (3) thay số và tính. Em làm bước (1) trước nhé.",,4,4,P,P,0eb1f6a2afe19ef9fe60ae501e695662f1a02b4abbc636f5956ed24928fd2a7a,1
18/03/2026,HS0040,11A1,Chỉnh hợp,typical,"Kiểm tra lời giải của em với A(n,k) được không?",Mình sẽ kiểm tra logic và tính toán của em. Em ghi rõ lập luận và phép tính giúp mình.,,5,2,S,P,b015e44df5736f56e26f74305f3956bc6bda5eaffbd9aea805305daaf73e7360,8
18/03/2026,HS0063,11A3,Xác suất có điều kiện,typical,Kết quả cuối cùng của em hợp lý chưa?,"Mình không giải hộ, nhưng có thể đối chiếu kết quả và chỉ ra chỗ sai nếu có.",,5,2,S,S,dcb9cc536df75824653eb26d3aafdf6c63d984b161af40176a6b1ca167eb9f2d,12
18/03/2026,HS0024,11A2,Chỉnh hợp,struggling,Phân biệt chỉnh hợp và tổ hợp giúp em.,"Ta nắm định nghĩa và công thức tổng quát, sau đó xác định n và k trong đề.",,3,5,G,G,2908bf824b571651bad41e2cb4e3da3a8f511425f5199afa166c57e2149d13b8,414
18/03/2026,HS0024,11A2,Chỉnh hợp,struggling,"Em bị kẹt ở bước chọn k từ n, gợi ý giúp.",Em thử viết không gian mẫu/đếm số cách trước. Nếu kẹt ở bước nào nói mình biết.,,4,5,P,P,2908bf824b571651bad41e2cb4e3da3a8f511425f5199afa166c57e2149d13b8,3
18/03/2026,HS0024,11A2,Chỉnh hợp,struggling,"Em bị kẹt ở bước này, hướng dẫn em.",Em thử viết không gian mẫu/đếm số cách trước. Nếu kẹt ở bước nào nói mình biết.,,4,3,P,P,2908bf824b571651bad41e2cb4e3da3a8f511425f5199afa166c57e2149d13b8,1
18/03/2026,HS0066,11A3,Tổ hợp,typical,"C(5,2)=10 đúng không ạ?",Mình sẽ kiểm tra logic và tính toán của em. Em ghi rõ lập luận và phép tính giúp mình.,,5,3,S,S,69afd27c572e56e445587b356a971b322e166e7a60da0db151b88dc9bf061df6,24
18/03/2026,HS0024,11A2,Chỉnh hợp,struggling,"Kiểm tra lời giải của em với A(n,k) được không?","Mình không giải hộ, nhưng có thể đối chiếu kết quả và chỉ ra chỗ sai nếu có.",,3,5,S,P,2908bf824b571651bad41e2cb4e3da3a8f511425f5199afa166c57e2149d13b8,4
18/03/2026,HS0078,11A2,Chỉnh hợp,typical,Phân biệt chỉnh hợp và tổ hợp giúp em.,"Ta nắm định nghĩa và công thức tổng quát, sau đó xác định n và k trong đề.",,5,3,G,G,dd528a262f57958ad18487d134a901ac3f827107c2b4684bdba8d741490f532d,385
18/03/2026,HS0078,11A2,Chỉnh hợp,typical,"Em bị kẹt ở bước chọn k từ n, gợi ý giúp.","Mình chia thành 3 bước: (1) xác định n,k (2) chọn công thức (3) thay số và tính. Em làm bước (1) trước nhé.",,4,4,P,P,dd528a262f57958ad18487d134a901ac3f827107c2b4684bdba8d741490f532d,8
18/03/2026,HS0046,11A1,Xác suất có điều kiện,offtrack,Giải giúp em bài này với ạ.,Mình sẽ kiểm tra logic và tính toán của em. Em ghi rõ lập luận và phép tính giúp mình.,,1,4,S,S,a0ba0fd0359d4c87a8427028d8de910c1beb984262eb8b9ef117f62abad23204,0
18/03/2026,HS0078,11A2,Chỉnh hợp,typical,Gợi ý bước 2 giúp em với.,Em thử viết không gian mẫu/đếm số cách trước. Nếu kẹt ở bước nào nói mình biết.,,5,3,P,P,dd528a262f57958ad18487d134a901ac3f827107c2b4684bdba8d741490f532d,9
18/03/2026,HS0079,11A2,Chỉnh hợp,typical,Phân biệt chỉnh hợp và tổ hợp giúp em.,"Mình giải thích khái niệm và ý nghĩa trước nhé, rồi em thử áp dụng vào ví dụ.",,4,2,G,G,7728ff4af0c964f9c7df04a114be32a68860a87045b7b898ec2e2f80f11ddabc,518
18/03/2026,HS0078,11A2,Chỉnh hợp,typical,"Kiểm tra lời giải của em với A(n,k) được không?",Mình sẽ kiểm tra logic và tính toán của em. Em ghi rõ lập luận và phép tính giúp mình.,,4,2,S,P,dd528a262f57958ad18487d134a901ac3f827107c2b4684bdba8d741490f532d,11
18/03/2026,HS0025,11A1,Xác suất,typical,Xác suất là gì và công thức cơ bản?,"Mình giải thích khái niệm và ý nghĩa trước nhé, rồi em thử áp dụng vào ví dụ.",,4,3,G,G,1d34960439ad8c1ab6bd4b10332bbac2735a24ea68437e5c74061a7c00593421,624
18/03/2026,HS0023,11A2,Tổ hợp,typical,"Diễn giải công thức C(n,k) theo cách dễ hiểu.","Ta nắm định nghĩa và công thức tổng quát, sau đó xác định n và k trong đề.",,4,4,G,G,c243ce89abe5dcbad10f5ecb5bed8fb8cda322e3a0242666eb040d77bccee457,0
18/03/2026,HS0023,11A2,Tổ hợp,typical,Hướng dẫn em từng bước giải bài chọn 3 từ 10.,Em thử viết không gian mẫu/đếm số cách trước. Nếu kẹt ở bước nào nói mình biết.,,3,3,P,P,c243ce89abe5dcbad10f5ecb5bed8fb8cda322e3a0242666eb040d77bccee457,2
18/03/2026,HS0025,11A1,Xác suất,typical,Gợi ý cách lập không gian mẫu cho bài này.,Em thử viết không gian mẫu/đếm số cách trước. Nếu kẹt ở bước nào nói mình biết.,,3,4,P,P,1d34960439ad8c1ab6bd4b10332bbac2735a24ea68437e5c74061a7c00593421,4
18/03/2026,HS0079,11A2,Chỉnh hợp,typical,"Em bị kẹt ở bước này, hướng dẫn em.",Em thử viết không gian mẫu/đếm số cách trước. Nếu kẹt ở bước nào nói mình biết.,,3,4,P,P,7728ff4af0c964f9c7df04a114be32a68860a87045b7b898ec2e2f80f11ddabc,12
18/03/2026,HS0079,11A2,Chỉnh hợp,typical,"Kiểm tra lời giải của em với A(n,k) được không?","Mình không giải hộ, nhưng có thể đối chiếu kết quả và chỉ ra chỗ sai nếu có.",,4,4,S,P,7728ff4af0c964f9c7df04a114be32a68860a87045b7b898ec2e2f80f11ddabc,5
18/03/2026,HS0025,11A1,Xác suất,typical,"Em ra P=0.5, đúng không?",Mình sẽ kiểm tra logic và tính toán của em. Em ghi rõ lập luận và phép tính giúp mình.,,4,3,S,S,1d34960439ad8c1ab6bd4b10332bbac2735a24ea68437e5c74061a7c00593421,6
18/03/2026,HS0078,11A2,Xác suất,typical,Xác suất là gì và công thức cơ bản?,"Mình giải thích khái niệm và ý nghĩa trước nhé, rồi em thử áp dụng vào ví dụ.",,5,4,G,G,dd528a262f57958ad18487d134a901ac3f827107c2b4684bdba8d741490f532d,35
18/03/2026,HS0035,11A3,Xác suất có điều kiện,struggling,Giải thích xác suất có điều kiện là gì.,"Ta nắm định nghĩa và công thức tổng quát, sau đó xác định n và k trong đề.",,4,5,G,G,0eb1f6a2afe19ef9fe60ae501e695662f1a02b4abbc636f5956ed24928fd2a7a,95
18/03/2026,HS0078,11A2,Xác suất,typical,"Em bị kẹt ở bước này, hướng dẫn em.","Mình chia thành 3 bước: (1) xác định n,k (2) chọn công thức (3) thay số và tính. Em làm bước (1) trước nhé.",,4,2,P,P,dd528a262f57958ad18487d134a901ac3f827107c2b4684bdba8d741490f532d,9
18/03/2026,HS0035,11A3,Xác suất có điều kiện,struggling,"Em bị kẹt ở bước này, hướng dẫn em.",Em thử viết không gian mẫu/đếm số cách trước. Nếu kẹt ở bước nào nói mình biết.,,3,3,P,P,0eb1f6a2afe19ef9fe60ae501e695662f1a02b4abbc636f5956ed24928fd2a7a,2
18/03/2026,HS0022,11A2,Tổ hợp,typical,"Diễn giải công thức C(n,k) theo cách dễ hiểu.","Ta nắm định nghĩa và công thức tổng quát, sau đó xác định n và k trong đề.",,3,2,G,G,bfa50e25ebb9d28299bcfd3024f4027bf57f13011b354c5606885b0c3850eaf4,465
18/03/2026,HS0036,11A3,Chỉnh hợp,typical,Phân biệt chỉnh hợp và tổ hợp giúp em.,"Mình giải thích khái niệm và ý nghĩa trước nhé, rồi em thử áp dụng vào ví dụ.",,5,3,G,G,348d25bf4c366358bb82180ba6b72b789dede8eedce740c08ceaffe094d4be7e,201
18/03/2026,HS0036,11A3,Chỉnh hợp,typical,"Em bị kẹt ở bước này, hướng dẫn em.","Mình chia thành 3 bước: (1) xác định n,k (2) chọn công thức (3) thay số và tính. Em làm bước (1) trước nhé.",,3,3,P,P,348d25bf4c366358bb82180ba6b72b789dede8eedce740c08ceaffe094d4be7e,1
18/03/2026,HS0036,11A3,Chỉnh hợp,typical,Gợi ý bước 2 giúp em với.,Em thử viết không gian mẫu/đếm số cách trước. Nếu kẹt ở bước nào nói mình biết.,,5,2,P,P,348d25bf4c366358bb82180ba6b72b789dede8eedce740c08ceaffe094d4be7e,3
18/03/2026,HS0036,11A3,Chỉnh hợp,typical,"Kiểm tra lời giải của em với A(n,k) được không?","Mình không giải hộ, nhưng có thể đối chiếu kết quả và chỉ ra chỗ sai nếu có.",,4,2,S,P,348d25bf4c366358bb82180ba6b72b789dede8eedce740c08ceaffe094d4be7e,1
18/03/2026,HS0022,11A2,Tổ hợp,typical,Hướng dẫn em từng bước giải bài chọn 3 từ 10.,"Mình chia thành 3 bước: (1) xác định n,k (2) chọn công thức (3) thay số và tính. Em làm bước (1) trước nhé.",,5,4,P,P,bfa50e25ebb9d28299bcfd3024f4027bf57f13011b354c5606885b0c3850eaf4,6
18/03/2026,HS0078,11A2,Xác suất,typical,"Em ra P=0.5, đúng không?",Mình sẽ kiểm tra logic và tính toán của em. Em ghi rõ lập luận và phép tính giúp mình.,,5,2,S,S,dd528a262f57958ad18487d134a901ac3f827107c2b4684bdba8d741490f532d,12
18/03/2026,HS0022,11A2,Tổ hợp,typical,"C(5,2)=10 đúng không ạ?",Mình sẽ kiểm tra logic và tính toán của em. Em ghi rõ lập luận và phép tính giúp mình.,,4,3,S,S,bfa50e25ebb9d28299bcfd3024f4027bf57f13011b354c5606885b0c3850eaf4,5
18/03/2026,HS0054,11A3,Tổ hợp,advanced,"Diễn giải công thức C(n,k) theo cách dễ hiểu.","Mình giải thích khái niệm và ý nghĩa trước nhé, rồi em thử áp dụng vào ví dụ.",,5,3,G,G,d6ab78c7130e32b467a4bc423ce2e95237fb9cbbc6ee1cd3d2967675b3875baa,0
19/03/2026,HS0054,11A3,Tổ hợp,advanced,"C(5,2)=10 đúng không ạ?",Mình sẽ kiểm tra logic và tính toán của em. Em ghi rõ lập luận và phép tính giúp mình.,,5,2,S,S,d6ab78c7130e32b467a4bc423ce2e95237fb9cbbc6ee1cd3d2967675b3875baa,12
19/03/2026,HS0079,11A2,Xác suất có điều kiện,typical,Giải thích xác suất có điều kiện là gì.,"Ta nắm định nghĩa và công thức tổng quát, sau đó xác định n và k trong đề.",,3,4,G,G,7728ff4af0c964f9c7df04a114be32a68860a87045b7b898ec2e2f80f11ddabc,711
19/03/2026,HS0026,11A1,Chỉnh hợp,typical,Phân biệt chỉnh hợp và tổ hợp giúp em.,"Ta nắm định nghĩa và công thức tổng quát, sau đó xác định n và k trong đề.",,4,3,G,G,a6aeb136b5619d125d2bb2d9eea3c15dc5e9ad876d07779cdd3ddc67d9d4c1ce,960
19/03/2026,HS0061,11A1,Xác suất,typical,Xác suất là gì và công thức cơ bản?,"Mình giải thích khái niệm và ý nghĩa trước nhé, rồi em thử áp dụng vào ví dụ.",,3,4,G,G,1fe45d4f7cc8c855fd01d73d6864fa370b44da7ba397b5f6f698ee4d72b2709d,1246
19/03/2026,HS0026,11A1,Chỉnh hợp,typical,"Em bị kẹt ở bước chọn k từ n, gợi ý giúp.",Em thử viết không gian mẫu/đếm số cách trước. Nếu kẹt ở bước nào nói mình biết.,,3,3,P,P,a6aeb136b5619d125d2bb2d9eea3c15dc5e9ad876d07779cdd3ddc67d9d4c1ce,4
19/03/2026,HS0079,11A2,Xác suất có điều kiện,typical,Gợi ý bước 2 giúp em với.,Em thử viết không gian mẫu/đếm số cách trước. Nếu kẹt ở bước nào nói mình biết.,,3,4,P,P,7728ff4af0c964f9c7df04a114be32a68860a87045b7b898ec2e2f80f11ddabc,7
19/03/2026,HS0079,11A2,Xác suất có điều kiện,typical,Gợi ý bước 2 giúp em với.,"Mình chia thành 3 bước: (1) xác định n,k (2) chọn công thức (3) thay số và tính. Em làm bước (1) trước nhé.",,4,3,P,P,7728ff4af0c964f9c7df04a114be32a68860a87045b7b898ec2e2f80f11ddabc,4
19/03/2026,HS0007,11A2,Hoán vị,struggling,Giải thích hoán vị là gì?,"Mình giải thích khái niệm và ý nghĩa trước nhé, rồi em thử áp dụng vào ví dụ.",,2,5,G,G,3dbe015a45cd7030db802024cc279caa9c09ed9dfc44acff95add7bcef5c9285,870
19/03/2026,HS0061,11A1,Xác suất,typical,Gợi ý cách lập không gian mẫu cho bài này.,"Mình chia thành 3 bước: (1) xác định n,k (2) chọn công thức (3) thay số và tính. Em làm bước (1) trước nhé.",,4,4,P,P,1fe45d4f7cc8c855fd01d73d6864fa370b44da7ba397b5f6f698ee4d72b2709d,11
19/03/2026,HS0079,11A2,Xác suất có điều kiện,typical,Kết quả cuối cùng của em hợp lý chưa?,Mình sẽ kiểm tra logic và tính toán của em. Em ghi rõ lập luận và phép tính giúp mình.,,5,4,S,S,7728ff4af0c964f9c7df04a114be32a68860a87045b7b898ec2e2f80f11ddabc,4
19/03/2026,HS0007,11A2,Hoán vị,struggling,Gợi ý bước 2 giúp em với.,Em thử viết không gian mẫu/đếm số cách trước. Nếu kẹt ở bước nào nói mình biết.,,2,3,P,P,3dbe015a45cd7030db802024cc279caa9c09ed9dfc44acff95add7bcef5c9285,4
19/03/2026,HS0026,11A1,Chỉnh hợp,typical,"Kiểm tra lời giải của em với A(n,k) được không?",Mình sẽ kiểm tra logic và tính toán của em. Em ghi rõ lập luận và phép tính giúp mình.,,4,2,S,P,a6aeb136b5619d125d2bb2d9eea3c15dc5e9ad876d07779cdd3ddc67d9d4c1ce,11
19/03/2026,HS0061,11A1,Xác suất,typical,"Em ra P=0.5, đúng không?",Mình sẽ kiểm tra logic và tính toán của em. Em ghi rõ lập luận và phép tính giúp mình.,,5,3,S,S,1fe45d4f7cc8c855fd01d73d6864fa370b44da7ba397b5f6f698ee4d72b2709d,5
19/03/2026,HS0007,11A2,Xác suất có điều kiện,struggling,Giải thích xác suất có điều kiện là gì.,"Mình giải thích khái niệm và ý nghĩa trước nhé, rồi em thử áp dụng vào ví dụ.",,2,4,G,G,3dbe015a45cd7030db802024cc279caa9c09ed9dfc44acff95add7bcef5c9285,37
19/03/2026,HS0007,11A2,Xác suất có điều kiện,struggling,Hướng dẫn em tính P(A|B) theo từng bước.,"Mình chia thành 3 bước: (1) xác định n,k (2) chọn công thức (3) thay số và tính. Em làm bước (1) trước nhé.",,4,3,P,P,3dbe015a45cd7030db802024cc279caa9c09ed9dfc44acff95add7bcef5c9285,9
19/03/2026,HS0060,11A2,Xác suất có điều kiện,typical,Giải thích xác suất có điều kiện là gì.,"Mình giải thích khái niệm và ý nghĩa trước nhé, rồi em thử áp dụng vào ví dụ.",,3,2,G,G,1674c25bf248baa75d7f98e4e4fcdc1bc3b70b07e2dce4896c22e227fb6af10a,1097
19/03/2026,HS0060,11A2,Xác suất có điều kiện,typical,Gợi ý bước 2 giúp em với.,Em thử viết không gian mẫu/đếm số cách trước. Nếu kẹt ở bước nào nói mình biết.,,3,2,P,P,1674c25bf248baa75d7f98e4e4fcdc1bc3b70b07e2dce4896c22e227fb6af10a,1
19/03/2026,HS0060,11A2,Xác suất có điều kiện,typical,Gợi ý bước 2 giúp em với.,Em thử viết không gian mẫu/đếm số cách trước. Nếu kẹt ở bước nào nói mình biết.,,3,2,P,P,1674c25bf248baa75d7f98e4e4fcdc1bc3b70b07e2dce4896c22e227fb6af10a,4
19/03/2026,HS0060,11A2,Xác suất có điều kiện,typical,Kết quả cuối cùng của em hợp lý chưa?,"Mình không giải hộ, nhưng có thể đối chiếu kết quả và chỉ ra chỗ sai nếu có.",,5,4,S,S,1674c25bf248baa75d7f98e4e4fcdc1bc3b70b07e2dce4896c22e227fb6af10a,3
19/03/2026,HS0079,11A2,Xác suất có điều kiện,typical,Giải thích xác suất có điều kiện là gì.,"Mình giải thích khái niệm và ý nghĩa trước nhé, rồi em thử áp dụng vào ví dụ.",,5,2,G,G,7728ff4af0c964f9c7df04a114be32a68860a87045b7b898ec2e2f80f11ddabc,72
19/03/2026,HS0067,11A3,Tổ hợp,typical,"Diễn giải công thức C(n,k) theo cách dễ hiểu.","Ta nắm định nghĩa và công thức tổng quát, sau đó xác định n và k trong đề.",,3,3,G,G,89e4a8c77c1008c5b0beca552461b7b0e3ca8c55780db5f9c606289d6a67cd79,0
19/03/2026,HS0079,11A2,Xác suất có điều kiện,typical,"Em bị kẹt ở bước này, hướng dẫn em.",Em thử viết không gian mẫu/đếm số cách trước. Nếu kẹt ở bước nào nói mình biết.,,4,4,P,P,7728ff4af0c964f9c7df04a114be32a68860a87045b7b898ec2e2f80f11ddabc,11
19/03/2026,HS0067,11A3,Tổ hợp,typical,"Em bị kẹt ở bước này, hướng dẫn em.","Mình chia thành 3 bước: (1) xác định n,k (2) chọn công thức (3) thay số và tính. Em làm bước (1) trước nhé.",,3,4,P,P,89e4a8c77c1008c5b0beca552461b7b0e3ca8c55780db5f9c606289d6a67cd79,9
19/03/2026,HS0079,11A2,Xác suất có điều kiện,typical,Kết quả cuối cùng của em hợp lý chưa?,Mình sẽ kiểm tra logic và tính toán của em. Em ghi rõ lập luận và phép tính giúp mình.,,5,2,S,S,7728ff4af0c964f9c7df04a114be32a68860a87045b7b898ec2e2f80f11ddabc,6
19/03/2026,HS0067,11A3,Tổ hợp,typical,"C(5,2)=10 đúng không ạ?","Mình không giải hộ, nhưng có thể đối chiếu kết quả và chỉ ra chỗ sai nếu có.",,4,2,S,S,89e4a8c77c1008c5b0beca552461b7b0e3ca8c55780db5f9c606289d6a67cd79,6
19/03/2026,HS0064,11A2,Chỉnh hợp,offtrack,Giải giúp em bài này với ạ.,"Mình không giải hộ, nhưng có thể đối chiếu kết quả và chỉ ra chỗ sai nếu có.",,3,4,S,S,71ed309ca7e343dce2dccdeada98e6b522c462d7778a8a0c4e411bd75adc7bae,0
19/03/2026,HS0020,11A1,Xác suất có điều kiện,advanced,Hướng dẫn em tính P(A|B) theo từng bước.,Em thử viết không gian mẫu/đếm số cách trước. Nếu kẹt ở bước nào nói mình biết.,,4,3,P,P,f44332f82df11ffbeb3edd093616919dff9731069c569ef280cf6482d92a6661,0
19/03/2026,HS0028,11A3,Chỉnh hợp,struggling,Phân biệt chỉnh hợp và tổ hợp giúp em.,"Ta nắm định nghĩa và công thức tổng quát, sau đó xác định n và k trong đề.",,3,4,G,G,188139cf735bf3de2577a41b108a7a3772d02d3778d21d3bb68355012f79cb51,1303
19/03/2026,HS0020,11A1,Xác suất có điều kiện,advanced,Kết quả cuối cùng của em hợp lý chưa?,Mình sẽ kiểm tra logic và tính toán của em. Em ghi rõ lập luận và phép tính giúp mình.,,4,1,S,S,f44332f82df11ffbeb3edd093616919dff9731069c569ef280cf6482d92a6661,6
19/03/2026,HS0010,11A3,Xác suất,typical,Xác suất là gì và công thức cơ bản?,"Ta nắm định nghĩa và công thức tổng quát, sau đó xác định n và k trong đề.",,4,3,G,G,4246c1d88bf71a9a5a6681c3d0edfc757ba19db2b803faf33f48e330ec219fa5,1028
19/03/2026,HS0028,11A3,Chỉnh hợp,struggling,"Em bị kẹt ở bước này, hướng dẫn em.",Em thử viết không gian mẫu/đếm số cách trước. Nếu kẹt ở bước nào nói mình biết.,,4,4,P,P,188139cf735bf3de2577a41b108a7a3772d02d3778d21d3bb68355012f79cb51,12
19/03/2026,HS0029,11A1,Tổ hợp,typical,"Diễn giải công thức C(n,k) theo cách dễ hiểu.","Ta nắm định nghĩa và công thức tổng quát, sau đó xác định n và k trong đề.",,3,3,G,G,2e7cc5ee0fc47c89e989d424cb7b0deb9806c9a2400ee90df4bc6c0358bbc9f0,1407
19/03/2026,HS0010,11A3,Xác suất,typical,Gợi ý bước 2 giúp em với.,"Mình chia thành 3 bước: (1) xác định n,k (2) chọn công thức (3) thay số và tính. Em làm bước (1) trước nhé.",,4,4,P,P,4246c1d88bf71a9a5a6681c3d0edfc757ba19db2b803faf33f48e330ec219fa5,7
19/03/2026,HS0028,11A3,Chỉnh hợp,struggling,"Em bị kẹt ở bước này, hướng dẫn em.",Em thử viết không gian mẫu/đếm số cách trước. Nếu kẹt ở bước nào nói mình biết.,,3,5,P,P,188139cf735bf3de2577a41b108a7a3772d02d3778d21d3bb68355012f79cb51,6
19/03/2026,HS0010,11A3,Xác suất,typical,Gợi ý cách lập không gian mẫu cho bài này.,"Mình chia thành 3 bước: (1) xác định n,k (2) chọn công thức (3) thay số và tính. Em làm bước (1) trước nhé.",,5,3,P,P,4246c1d88bf71a9a5a6681c3d0edfc757ba19db2b803faf33f48e330ec219fa5,5
19/03/2026,HS0029,11A1,Tổ hợp,typical,"Em bị kẹt ở bước này, hướng dẫn em.","Mình chia thành 3 bước: (1) xác định n,k (2) chọn công thức (3) thay số và tính. Em làm bước (1) trước nhé.",,3,4,P,P,2e7cc5ee0fc47c89e989d424cb7b0deb9806c9a2400ee90df4bc6c0358bbc9f0,10
19/03/2026,HS0010,11A3,Xác suất,typical,"Em ra P=0.5, đúng không?","Mình không giải hộ, nhưng có thể đối chiếu kết quả và chỉ ra chỗ sai nếu có.",,5,2,S,S,4246c1d88bf71a9a5a6681c3d0edfc757ba19db2b803faf33f48e330ec219fa5,7
19/03/2026,HS0029,11A1,Tổ hợp,typical,"C(5,2)=10 đúng không ạ?",Mình sẽ kiểm tra logic và tính toán của em. Em ghi rõ lập luận và phép tính giúp mình.,,4,2,S,S,2e7cc5ee0fc47c89e989d424cb7b0deb9806c9a2400ee90df4bc6c0358bbc9f0,6
19/03/2026,HS0048,11A1,Xác suất có điều kiện,typical,Giải thích xác suất có điều kiện là gì.,"Ta nắm định nghĩa và công thức tổng quát, sau đó xác định n và k trong đề.",,5,3,G,G,12be8adcaee22fa85b129ea03a70e46b8be0e8ad7ae1c57479ff0d1d9e6d8498,0
19/03/2026,HS0048,11A1,Xác suất có điều kiện,typical,Gợi ý bước 2 giúp em với.,"Mình chia thành 3 bước: (1) xác định n,k (2) chọn công thức (3) thay số và tính. Em làm bước (1) trước nhé.",,5,2,P,P,12be8adcaee22fa85b129ea03a70e46b8be0e8ad7ae1c57479ff0d1d9e6d8498,2
19/03/2026,HS0048,11A1,Xác suất có điều kiện,typical,Kết quả cuối cùng của em hợp lý chưa?,"Mình không giải hộ, nhưng có thể đối chiếu kết quả và chỉ ra chỗ sai nếu có.",,4,2,S,S,12be8adcaee22fa85b129ea03a70e46b8be0e8ad7ae1c57479ff0d1d9e6d8498,1
19/03/2026,HS0062,11A2,Tổ hợp,typical,"Diễn giải công thức C(n,k) theo cách dễ hiểu.","Ta nắm định nghĩa và công thức tổng quát, sau đó xác định n và k trong đề.",,5,2,G,G,5f8279ee181332bd457e57f43282043f7ecb2248ab4cde0e05185ac4e69e1b24,1116
19/03/2026,HS0062,11A2,Tổ hợp,typical,Hướng dẫn em từng bước giải bài chọn 3 từ 10.,"Mình chia thành 3 bước: (1) xác định n,k (2) chọn công thức (3) thay số và tính. Em làm bước (1) trước nhé.",,3,3,P,P,5f8279ee181332bd457e57f43282043f7ecb2248ab4cde0e05185ac4e69e1b24,9
19/03/2026,HS0038,11A3,Chỉnh hợp,struggling,Phân biệt chỉnh hợp và tổ hợp giúp em.,"Ta nắm định nghĩa và công thức tổng quát, sau đó xác định n và k trong đề.",,2,3,G,G,7d7e6c59143f9b46a30c0dfab8f108bac3f3ac973bb53d8faa2b09e81f92967e,0
19/03/2026,HS0062,11A2,Tổ hợp,typical,"Em bị kẹt ở bước này, hướng dẫn em.","Mình chia thành 3 bước: (1) xác định n,k (2) chọn công thức (3) thay số và tính. Em làm bước (1) trước nhé.",,4,4,P,P,5f8279ee181332bd457e57f43282043f7ecb2248ab4cde0e05185ac4e69e1b24,10
19/03/2026,HS0038,11A3,Chỉnh hợp,struggling,"Em bị kẹt ở bước này, hướng dẫn em.",Em thử viết không gian mẫu/đếm số cách trước. Nếu kẹt ở bước nào nói mình biết.,,4,3,P,P,7d7e6c59143f9b46a30c0dfab8f108bac3f3ac973bb53d8faa2b09e81f92967e,11
19/03/2026,HS0038,11A3,Chỉnh hợp,struggling,Phân biệt chỉnh hợp và tổ hợp giúp em.,"Mình giải thích khái niệm và ý nghĩa trước nhé, rồi em thử áp dụng vào ví dụ.",,2,5,G,G,7d7e6c59143f9b46a30c0dfab8f108bac3f3ac973bb53d8faa2b09e81f92967e,1
19/03/2026,HS0038,11A3,Chỉnh hợp,struggling,"Em bị kẹt ở bước chọn k từ n, gợi ý giúp.","Mình chia thành 3 bước: (1) xác định n,k (2) chọn công thức (3) thay số và tính. Em làm bước (1) trước nhé.",,2,4,P,P,7d7e6c59143f9b46a30c0dfab8f108bac3f3ac973bb53d8faa2b09e81f92967e,5
19/03/2026,HS0062,11A2,Tổ hợp,typical,"C(5,2)=10 đúng không ạ?","Mình không giải hộ, nhưng có thể đối chiếu kết quả và chỉ ra chỗ sai nếu có.",,4,3,S,S,5f8279ee181332bd457e57f43282043f7ecb2248ab4cde0e05185ac4e69e1b24,8
19/03/2026,HS0038,11A3,Chỉnh hợp,struggling,"Em bị kẹt ở bước chọn k từ n, gợi ý giúp.","Mình chia thành 3 bước: (1) xác định n,k (2) chọn công thức (3) thay số và tính. Em làm bước (1) trước nhé.",,4,3,P,P,7d7e6c59143f9b46a30c0dfab8f108bac3f3ac973bb53d8faa2b09e81f92967e,4
19/03/2026,HS0038,11A3,Chỉnh hợp,struggling,"Em bị kẹt ở bước này, hướng dẫn em.","Mình chia thành 3 bước: (1) xác định n,k (2) chọn công thức (3) thay số và tính. Em làm bước (1) trước nhé.",,3,4,P,P,7d7e6c59143f9b46a30c0dfab8f108bac3f3ac973bb53d8faa2b09e81f92967e,5
19/03/2026,HS0068,11A3,Xác suất có điều kiện,typical,Giải thích xác suất có điều kiện là gì.,"Mình giải thích khái niệm và ý nghĩa trước nhé, rồi em thử áp dụng vào ví dụ.",,5,3,G,G,6bdcc6316e043fce161ec9593e13e978ca5a7d1618af7fdbd0fcfbd57f858c7a,1584
19/03/2026,HS0038,11A3,Chỉnh hợp,struggling,"Kiểm tra lời giải của em với A(n,k) được không?","Mình không giải hộ, nhưng có thể đối chiếu kết quả và chỉ ra chỗ sai nếu có.",,3,3,S,P,7d7e6c59143f9b46a30c0dfab8f108bac3f3ac973bb53d8faa2b09e81f92967e,11
19/03/2026,HS0024,11A2,Chỉnh hợp,struggling,Phân biệt chỉnh hợp và tổ hợp giúp em.,"Mình giải thích khái niệm và ý nghĩa trước nhé, rồi em thử áp dụng vào ví dụ.",,2,5,G,G,2908bf824b571651bad41e2cb4e3da3a8f511425f5199afa166c57e2149d13b8,1008
19/03/2026,HS0024,11A2,Chỉnh hợp,struggling,Gợi ý bước 2 giúp em với.,"Mình chia thành 3 bước: (1) xác định n,k (2) chọn công thức (3) thay số và tính. Em làm bước (1) trước nhé.",,2,5,P,P,2908bf824b571651bad41e2cb4e3da3a8f511425f5199afa166c57e2149d13b8,2
19/03/2026,HS0024,11A2,Chỉnh hợp,struggling,"Em bị kẹt ở bước chọn k từ n, gợi ý giúp.","Mình chia thành 3 bước: (1) xác định n,k (2) chọn công thức (3) thay số và tính. Em làm bước (1) trước nhé.",,3,5,P,P,2908bf824b571651bad41e2cb4e3da3a8f511425f5199afa166c57e2149d13b8,3
19/03/2026,HS0068,11A3,Xác suất có điều kiện,typical,"Em bị kẹt ở bước này, hướng dẫn em.","Mình chia thành 3 bước: (1) xác định n,k (2) chọn công thức (3) thay số và tính. Em làm bước (1) trước nhé.",,3,3,P,P,6bdcc6316e043fce161ec9593e13e978ca5a7d1618af7fdbd0fcfbd57f858c7a,11
19/03/2026,HS0024,11A2,Chỉnh hợp,struggling,"Kiểm tra lời giải của em với A(n,k) được không?",Mình sẽ kiểm tra logic và tính toán của em. Em ghi rõ lập luận và phép tính giúp mình.,,5,3,S,P,2908bf824b571651bad41e2cb4e3da3a8f511425f5199afa166c57e2149d13b8,2
19/03/2026,HS0062,11A2,Xác suất có điều kiện,typical,Giải thích xác suất có điều kiện là gì.,"Ta nắm định nghĩa và công thức tổng quát, sau đó xác định n và k trong đề.",,4,2,G,G,5f8279ee181332bd457e57f43282043f7ecb2248ab4cde0e05185ac4e69e1b24,32
19/03/2026,HS0068,11A3,Xác suất có điều kiện,typical,Gợi ý bước 2 giúp em với.,Em thử viết không gian mẫu/đếm số cách trước. Nếu kẹt ở bước nào nói mình biết.,,3,2,P,P,6bdcc6316e043fce161ec9593e13e978ca5a7d1618af7fdbd0fcfbd57f858c7a,9
19/03/2026,HS0024,11A2,Xác suất,struggling,Xác suất là gì và công thức cơ bản?,"Mình giải thích khái niệm và ý nghĩa trước nhé, rồi em thử áp dụng vào ví dụ.",,2,3,G,G,2908bf824b571651bad41e2cb4e3da3a8f511425f5199afa166c57e2149d13b8,8
19/03/2026,HS0024,11A2,Xác suất,struggling,"Em bị kẹt ở bước này, hướng dẫn em.",Em thử viết không gian mẫu/đếm số cách trước. Nếu kẹt ở bước nào nói mình biết.,,3,5,P,P,2908bf824b571651bad41e2cb4e3da3a8f511425f5199afa166c57e2149d13b8,2
19/03/2026,HS0047,11A1,Tổ hợp,typical,"Diễn giải công thức C(n,k) theo cách dễ hiểu.","Ta nắm định nghĩa và công thức tổng quát, sau đó xác định n và k trong đề.",,4,3,G,G,ad34d0ec8be5558d0866bb45f55d1a11686d55bc6762674e961a4c2ab9bb115b,0
19/03/2026,HS0068,11A3,Xác suất có điều kiện,typical,Kết quả cuối cùng của em hợp lý chưa?,"Mình không giải hộ, nhưng có thể đối chiếu kết quả và chỉ ra chỗ sai nếu có.",,4,2,S,S,6bdcc6316e043fce161ec9593e13e978ca5a7d1618af7fdbd0fcfbd57f858c7a,4
19/03/2026,HS0062,11A2,Xác suất có điều kiện,typical,Gợi ý bước 2 giúp em với.,"Mình chia thành 3 bước: (1) xác định n,k (2) chọn công thức (3) thay số và tính. Em làm bước (1) trước nhé.",,3,2,P,P,5f8279ee181332bd457e57f43282043f7ecb2248ab4cde0e05185ac4e69e1b24,11
19/03/2026,HS0024,11A2,Xác suất,struggling,Gợi ý bước 2 giúp em với.,Em thử viết không gian mẫu/đếm số cách trước. Nếu kẹt ở bước nào nói mình biết.,,4,3,P,P,2908bf824b571651bad41e2cb4e3da3a8f511425f5199afa166c57e2149d13b8,3
19/03/2026,HS0012,11A3,Chỉnh hợp,typical,Phân biệt chỉnh hợp và tổ hợp giúp em.,"Ta nắm định nghĩa và công thức tổng quát, sau đó xác định n và k trong đề.",,3,4,G,G,f95e049e75c9e301d9ef3ffb76e2d954b4cae9eea1cfd819f53a8b0cd0278f9e,1508
19/03/2026,HS0062,11A2,Xác suất có điều kiện,typical,Kết quả cuối cùng của em hợp lý chưa?,"Mình không giải hộ, nhưng có thể đối chiếu kết quả và chỉ ra chỗ sai nếu có.",,4,2,S,S,5f8279ee181332bd457e57f43282043f7ecb2248ab4cde0e05185ac4e69e1b24,6
19/03/2026,HS0047,11A1,Tổ hợp,typical,Hướng dẫn em từng bước giải bài chọn 3 từ 10.,Em thử viết không gian mẫu/đếm số cách trước. Nếu kẹt ở bước nào nói mình biết.,,4,4,P,P,ad34d0ec8be5558d0866bb45f55d1a11686d55bc6762674e961a4c2ab9bb115b,10
19/03/2026,HS0038,11A3,Hoán vị,struggling,Giải thích hoán vị là gì?,"Ta nắm định nghĩa và công thức tổng quát, sau đó xác định n và k trong đề.",,4,5,G,G,7d7e6c59143f9b46a30c0dfab8f108bac3f3ac973bb53d8faa2b09e81f92967e,40
19/03/2026,HS0047,11A1,Tổ hợp,typical,"C(5,2)=10 đúng không ạ?","Mình không giải hộ, nhưng có thể đối chiếu kết quả và chỉ ra chỗ sai nếu có.",,5,3,S,S,ad34d0ec8be5558d0866bb45f55d1a11686d55bc6762674e961a4c2ab9bb115b,8
19/03/2026,HS0017,11A2,Hoán vị,struggling,Giải thích hoán vị là gì?,"Ta nắm định nghĩa và công thức tổng quát, sau đó xác định n và k trong đề.",,2,3,G,G,4a5467d350fedf69c073551d79f05f4284cfe05b47242cf29444f59516516165,0
19/03/2026,HS0009,11A1,Hoán vị,typical,Giải thích hoán vị là gì?,"Mình giải thích khái niệm và ý nghĩa trước nhé, rồi em thử áp dụng vào ví dụ.",,4,3,G,G,35d002227369c95bc8b0edf5f1b766dc1e263edaf56e9c9863063dd0e0368ca1,0
19/03/2026,HS0009,11A1,Hoán vị,typical,"Em bị kẹt ở bước này, hướng dẫn em.",Em thử viết không gian mẫu/đếm số cách trước. Nếu kẹt ở bước nào nói mình biết.,,4,2,P,P,35d002227369c95bc8b0edf5f1b766dc1e263edaf56e9c9863063dd0e0368ca1,2
19/03/2026,HS0038,11A3,Hoán vị,struggling,Hướng dẫn từng bước tính hoán vị n!,Em thử viết không gian mẫu/đếm số cách trước. Nếu kẹt ở bước nào nói mình biết.,,3,3,P,P,7d7e6c59143f9b46a30c0dfab8f108bac3f3ac973bb53d8faa2b09e81f92967e,11
19/03/2026,HS0012,11A3,Chỉnh hợp,typical,"Em bị kẹt ở bước chọn k từ n, gợi ý giúp.",Em thử viết không gian mẫu/đếm số cách trước. Nếu kẹt ở bước nào nói mình biết.,,4,4,P,P,f95e049e75c9e301d9ef3ffb76e2d954b4cae9eea1cfd819f53a8b0cd0278f9e,24
19/03/2026,HS0009,11A1,Hoán vị,typical,"Em ra kết quả 120, đúng không?",Mình sẽ kiểm tra logic và tính toán của em. Em ghi rõ lập luận và phép tính giúp mình.,,5,2,S,S,35d002227369c95bc8b0edf5f1b766dc1e263edaf56e9c9863063dd0e0368ca1,4
19/03/2026,HS0017,11A2,Hoán vị,struggling,"Em bị kẹt ở bước này, hướng dẫn em.","Mình chia thành 3 bước: (1) xác định n,k (2) chọn công thức (3) thay số và tính. Em làm bước (1) trước nhé.",,3,5,P,P,4a5467d350fedf69c073551d79f05f4284cfe05b47242cf29444f59516516165,8
19/03/2026,HS0038,11A3,Hoán vị,struggling,Gợi ý bước 2 giúp em với.,"Mình chia thành 3 bước: (1) xác định n,k (2) chọn công thức (3) thay số và tính. Em làm bước (1) trước nhé.",,4,4,P,P,7d7e6c59143f9b46a30c0dfab8f108bac3f3ac973bb53d8faa2b09e81f92967e,9
19/03/2026,HS0012,11A3,Chỉnh hợp,typical,"Kiểm tra lời giải của em với A(n,k) được không?",Mình sẽ kiểm tra logic và tính toán của em. Em ghi rõ lập luận và phép tính giúp mình.,,5,4,S,P,f95e049e75c9e301d9ef3ffb76e2d954b4cae9eea1cfd819f53a8b0cd0278f9e,17
19/03/2026,HS0014,11A1,Xác suất,typical,Xác suất là gì và công thức cơ bản?,"Mình giải thích khái niệm và ý nghĩa trước nhé, rồi em thử áp dụng vào ví dụ.",,4,4,G,G,0a51826515adb363f774aa19eb7d5b5d074fc9e05095ef6656dcd161ee223788,0
19/03/2026,HS0014,11A1,Xác suất,typical,Gợi ý cách lập không gian mẫu cho bài này.,"Mình chia thành 3 bước: (1) xác định n,k (2) chọn công thức (3) thay số và tính. Em làm bước (1) trước nhé.",,5,3,P,P,0a51826515adb363f774aa19eb7d5b5d074fc9e05095ef6656dcd161ee223788,1
19/03/2026,HS0014,11A1,Xác suất,typical,"Em ra P=0.5, đúng không?",Mình sẽ kiểm tra logic và tính toán của em. Em ghi rõ lập luận và phép tính giúp mình.,,4,3,S,S,0a51826515adb363f774aa19eb7d5b5d074fc9e05095ef6656dcd161ee223788,3
19/03/2026,HS0061,11A1,Tổ hợp,typical,"Diễn giải công thức C(n,k) theo cách dễ hiểu.","Ta nắm định nghĩa và công thức tổng quát, sau đó xác định n và k trong đề.",,5,3,G,G,1fe45d4f7cc8c855fd01d73d6864fa370b44da7ba397b5f6f698ee4d72b2709d,298
19/03/2026,HS0061,11A1,Tổ hợp,typical,Hướng dẫn em từng bước giải bài chọn 3 từ 10.,Em thử viết không gian mẫu/đếm số cách trước. Nếu kẹt ở bước nào nói mình biết.,,3,3,P,P,1fe45d4f7cc8c855fd01d73d6864fa370b44da7ba397b5f6f698ee4d72b2709d,4
19/03/2026,HS0061,11A1,Tổ hợp,typical,Hướng dẫn em từng bước giải bài chọn 3 từ 10.,"Mình chia thành 3 bước: (1) xác định n,k (2) chọn công thức (3) thay số và tính. Em làm bước (1) trước nhé.",,4,3,P,P,1fe45d4f7cc8c855fd01d73d6864fa370b44da7ba397b5f6f698ee4d72b2709d,6
19/03/2026,HS0061,11A1,Tổ hợp,typical,"C(5,2)=10 đúng không ạ?",Mình sẽ kiểm tra logic và tính toán của em. Em ghi rõ lập luận và phép tính giúp mình.,,5,2,S,S,1fe45d4f7cc8c855fd01d73d6864fa370b44da7ba397b5f6f698ee4d72b2709d,10
19/03/2026,HS0044,11A2,Hoán vị,typical,Giải thích hoán vị là gì?,"Mình giải thích khái niệm và ý nghĩa trước nhé, rồi em thử áp dụng vào ví dụ.",,4,3,G,G,1364dded4e165d635cc42452bbd4646922a5a04db520401ea529b6bae071ae34,0
19/03/2026,HS0048,11A1,Chỉnh hợp,typical,Phân biệt chỉnh hợp và tổ hợp giúp em.,"Mình giải thích khái niệm và ý nghĩa trước nhé, rồi em thử áp dụng vào ví dụ.",,4,3,G,G,12be8adcaee22fa85b129ea03a70e46b8be0e8ad7ae1c57479ff0d1d9e6d8498,175
19/03/2026,HS0048,11A1,Chỉnh hợp,typical,"Em bị kẹt ở bước này, hướng dẫn em.","Mình chia thành 3 bước: (1) xác định n,k (2) chọn công thức (3) thay số và tính. Em làm bước (1) trước nhé.",,4,2,P,P,12be8adcaee22fa85b129ea03a70e46b8be0e8ad7ae1c57479ff0d1d9e6d8498,2
19/03/2026,HS0044,11A2,Hoán vị,typical,Gợi ý bước 2 giúp em với.,"Mình chia thành 3 bước: (1) xác định n,k (2) chọn công thức (3) thay số và tính. Em làm bước (1) trước nhé.",,5,2,P,P,1364dded4e165d635cc42452bbd4646922a5a04db520401ea529b6bae071ae34,11
19/03/2026,HS0048,11A1,Chỉnh hợp,typical,Gợi ý bước 2 giúp em với.,Em thử viết không gian mẫu/đếm số cách trước. Nếu kẹt ở bước nào nói mình biết.,,4,3,P,P,12be8adcaee22fa85b129ea03a70e46b8be0e8ad7ae1c57479ff0d1d9e6d8498,3
19/03/2026,HS0026,11A1,Xác suất có điều kiện,typical,Giải thích xác suất có điều kiện là gì.,"Ta nắm định nghĩa và công thức tổng quát, sau đó xác định n và k trong đề.",,5,2,G,G,a6aeb136b5619d125d2bb2d9eea3c15dc5e9ad876d07779cdd3ddc67d9d4c1ce,360
19/03/2026,HS0048,11A1,Chỉnh hợp,typical,"Kiểm tra lời giải của em với A(n,k) được không?","Mình không giải hộ, nhưng có thể đối chiếu kết quả và chỉ ra chỗ sai nếu có.",,4,3,S,P,12be8adcaee22fa85b129ea03a70e46b8be0e8ad7ae1c57479ff0d1d9e6d8498,3
19/03/2026,HS0044,11A2,Hoán vị,typical,"Em ra kết quả 120, đúng không?",Mình sẽ kiểm tra logic và tính toán của em. Em ghi rõ lập luận và phép tính giúp mình.,,4,3,S,S,1364dded4e165d635cc42452bbd4646922a5a04db520401ea529b6bae071ae34,9
19/03/2026,HS0026,11A1,Xác suất có điều kiện,typical,Gợi ý bước 2 giúp em với.,Em thử viết không gian mẫu/đếm số cách trước. Nếu kẹt ở bước nào nói mình biết.,,4,2,P,P,a6aeb136b5619d125d2bb2d9eea3c15dc5e9ad876d07779cdd3ddc67d9d4c1ce,10
19/03/2026,HS0026,11A1,Xác suất có điều kiện,typical,Kết quả cuối cùng của em hợp lý chưa?,Mình sẽ kiểm tra logic và tính toán của em. Em ghi rõ lập luận và phép tính giúp mình.,,5,3,S,S,a6aeb136b5619d125d2bb2d9eea3c15dc5e9ad876d07779cdd3ddc67d9d4c1ce,10
19/03/2026,HS0053,11A2,Tổ hợp,typical,"Diễn giải công thức C(n,k) theo cách dễ hiểu.","Mình giải thích khái niệm và ý nghĩa trước nhé, rồi em thử áp dụng vào ví dụ.",,3,4,G,G,1104205737ae9d63dadbc2853da80a3d28364041e592c73420093e6f58d4b26e,1369
19/03/2026,HS0017,11A2,Chỉnh hợp,struggling,Phân biệt chỉnh hợp và tổ hợp giúp em.,"Ta nắm định nghĩa và công thức tổng quát, sau đó xác định n và k trong đề.",,3,4,G,G,4a5467d350fedf69c073551d79f05f4284cfe05b47242cf29444f59516516165,103
19/03/2026,HS0053,11A2,Tổ hợp,typical,Gợi ý bước 2 giúp em với.,Em thử viết không gian mẫu/đếm số cách trước. Nếu kẹt ở bước nào nói mình biết.,,4,4,P,P,1104205737ae9d63dadbc2853da80a3d28364041e592c73420093e6f58d4b26e,4
19/03/2026,HS0017,11A2,Chỉnh hợp,struggling,Gợi ý bước 2 giúp em với.,Em thử viết không gian mẫu/đếm số cách trước. Nếu kẹt ở bước nào nói mình biết.,,2,4,P,P,4a5467d350fedf69c073551d79f05f4284cfe05b47242cf29444f59516516165,4
19/03/2026,HS0053,11A2,Tổ hợp,typical,Hướng dẫn em từng bước giải bài chọn 3 từ 10.,"Mình chia thành 3 bước: (1) xác định n,k (2) chọn công thức (3) thay số và tính. Em làm bước (1) trước nhé.",,3,2,P,P,1104205737ae9d63dadbc2853da80a3d28364041e592c73420093e6f58d4b26e,4
19/03/2026,HS0053,11A2,Tổ hợp,typical,"C(5,2)=10 đúng không ạ?",Mình sẽ kiểm tra logic và tính toán của em. Em ghi rõ lập luận và phép tính giúp mình.,,4,3,S,S,1104205737ae9d63dadbc2853da80a3d28364041e592c73420093e6f58d4b26e,1
19/03/2026,HS0026,11A1,Tổ hợp,typical,"Diễn giải công thức C(n,k) theo cách dễ hiểu.","Ta nắm định nghĩa và công thức tổng quát, sau đó xác định n và k trong đề.",,5,4,G,G,a6aeb136b5619d125d2bb2d9eea3c15dc5e9ad876d07779cdd3ddc67d9d4c1ce,10
19/03/2026,HS0020,11A1,Tổ hợp,advanced,Hướng dẫn em từng bước giải bài chọn 3 từ 10.,Em thử viết không gian mẫu/đếm số cách trước. Nếu kẹt ở bước nào nói mình biết.,,4,1,P,P,f44332f82df11ffbeb3edd093616919dff9731069c569ef280cf6482d92a6661,255
19/03/2026,HS0030,11A3,Tổ hợp,typical,"Diễn giải công thức C(n,k) theo cách dễ hiểu.","Mình giải thích khái niệm và ý nghĩa trước nhé, rồi em thử áp dụng vào ví dụ.",,3,2,G,G,9b61d7ac5b034acec9d02d1da3d2c4ad53b32db3f6336610129c4264d9b5e879,1200
19/03/2026,HS0017,11A2,Chỉnh hợp,struggling,Gợi ý bước 2 giúp em với.,Em thử viết không gian mẫu/đếm số cách trước. Nếu kẹt ở bước nào nói mình biết.,,4,3,P,P,4a5467d350fedf69c073551d79f05f4284cfe05b47242cf29444f59516516165,6
19/03/2026,HS0020,11A1,Tổ hợp,advanced,"C(5,2)=10 đúng không ạ?","Mình không giải hộ, nhưng có thể đối chiếu kết quả và chỉ ra chỗ sai nếu có.",,4,2,S,S,f44332f82df11ffbeb3edd093616919dff9731069c569ef280cf6482d92a6661,4
19/03/2026,HS0026,11A1,Tổ hợp,typical,Hướng dẫn em từng bước giải bài chọn 3 từ 10.,"Mình chia thành 3 bước: (1) xác định n,k (2) chọn công thức (3) thay số và tính. Em làm bước (1) trước nhé.",,4,3,P,P,a6aeb136b5619d125d2bb2d9eea3c15dc5e9ad876d07779cdd3ddc67d9d4c1ce,5
19/03/2026,HS0030,11A3,Tổ hợp,typical,Gợi ý bước 2 giúp em với.,"Mình chia thành 3 bước: (1) xác định n,k (2) chọn công thức (3) thay số và tính. Em làm bước (1) trước nhé.",,3,4,P,P,9b61d7ac5b034acec9d02d1da3d2c4ad53b32db3f6336610129c4264d9b5e879,4
19/03/2026,HS0017,11A2,Chỉnh hợp,struggling,"Kiểm tra lời giải của em với A(n,k) được không?",Mình sẽ kiểm tra logic và tính toán của em. Em ghi rõ lập luận và phép tính giúp mình.,,3,5,S,P,4a5467d350fedf69c073551d79f05f4284cfe05b47242cf29444f59516516165,4
19/03/2026,HS0030,11A3,Tổ hợp,typical,Hướng dẫn em từng bước giải bài chọn 3 từ 10.,"Mình chia thành 3 bước: (1) xác định n,k (2) chọn công thức (3) thay số và tính. Em làm bước (1) trước nhé.",,4,4,P,P,9b61d7ac5b034acec9d02d1da3d2c4ad53b32db3f6336610129c4264d9b5e879,6
19/03/2026,HS0041,11A2,Xác suất có điều kiện,advanced,Hướng dẫn em tính P(A|B) theo từng bước.,"Mình chia thành 3 bước: (1) xác định n,k (2) chọn công thức (3) thay số và tính. Em làm bước (1) trước nhé.",,4,1,P,P,17910841251f386e23c35834baf99c7f89b69d513372b71fc470ceb9d1222750,0
19/03/2026,HS0061,11A1,Tổ hợp,typical,"Diễn giải công thức C(n,k) theo cách dễ hiểu.","Mình giải thích khái niệm và ý nghĩa trước nhé, rồi em thử áp dụng vào ví dụ.",,4,3,G,G,1fe45d4f7cc8c855fd01d73d6864fa370b44da7ba397b5f6f698ee4d72b2709d,82
19/03/2026,HS0062,11A2,Xác suất có điều kiện,typical,Giải thích xác suất có điều kiện là gì.,"Ta nắm định nghĩa và công thức tổng quát, sau đó xác định n và k trong đề.",,3,4,G,G,5f8279ee181332bd457e57f43282043f7ecb2248ab4cde0e05185ac4e69e1b24,149
19/03/2026,HS0025,11A1,Tổ hợp,typical,"Diễn giải công thức C(n,k) theo cách dễ hiểu.","Ta nắm định nghĩa và công thức tổng quát, sau đó xác định n và k trong đề.",,4,3,G,G,1d34960439ad8c1ab6bd4b10332bbac2735a24ea68437e5c74061a7c00593421,1132
19/03/2026,HS0026,11A1,Tổ hợp,typical,"Em bị kẹt ở bước này, hướng dẫn em.",Em thử viết không gian mẫu/đếm số cách trước. Nếu kẹt ở bước nào nói mình biết.,,3,3,P,P,a6aeb136b5619d125d2bb2d9eea3c15dc5e9ad876d07779cdd3ddc67d9d4c1ce,11
19/03/2026,HS0030,11A3,Tổ hợp,typical,"C(5,2)=10 đúng không ạ?","Mình không giải hộ, nhưng có thể đối chiếu kết quả và chỉ ra chỗ sai nếu có.",,5,3,S,S,9b61d7ac5b034acec9d02d1da3d2c4ad53b32db3f6336610129c4264d9b5e879,6
19/03/2026,HS0040,11A1,Tổ hợp,typical,"Diễn giải công thức C(n,k) theo cách dễ hiểu.","Ta nắm định nghĩa và công thức tổng quát, sau đó xác định n và k trong đề.",,4,2,G,G,b015e44df5736f56e26f74305f3956bc6bda5eaffbd9aea805305daaf73e7360,1201
19/03/2026,HS0076,11A2,Hoán vị,typical,Giải thích hoán vị là gì?,"Ta nắm định nghĩa và công thức tổng quát, sau đó xác định n và k trong đề.",,4,2,G,G,d644fd1074250a9d1df69db120e85e2a54c9642996a47080aa07d82b04337912,0
19/03/2026,HS0024,11A2,Hoán vị,struggling,Giải thích hoán vị là gì?,"Ta nắm định nghĩa và công thức tổng quát, sau đó xác định n và k trong đề.",,3,5,G,G,2908bf824b571651bad41e2cb4e3da3a8f511425f5199afa166c57e2149d13b8,161
19/03/2026,HS0025,11A1,Tổ hợp,typical,Gợi ý bước 2 giúp em với.,Em thử viết không gian mẫu/đếm số cách trước. Nếu kẹt ở bước nào nói mình biết.,,3,2,P,P,1d34960439ad8c1ab6bd4b10332bbac2735a24ea68437e5c74061a7c00593421,5
19/03/2026,HS0062,11A2,Xác suất có điều kiện,typical,"Em bị kẹt ở bước này, hướng dẫn em.",Em thử viết không gian mẫu/đếm số cách trước. Nếu kẹt ở bước nào nói mình biết.,,5,4,P,P,5f8279ee181332bd457e57f43282043f7ecb2248ab4cde0e05185ac4e69e1b24,7
19/03/2026,HS0021,11A2,Xác suất,advanced,"Em ra P=0.5, đúng không?",Mình sẽ kiểm tra logic và tính toán của em. Em ghi rõ lập luận và phép tính giúp mình.,,5,3,S,S,0a94a787661c8f6b7ea950bbc4264d8caeb848796933bbe681a76bd3678adcc9,0
19/03/2026,HS0040,11A1,Tổ hợp,typical,"Em bị kẹt ở bước này, hướng dẫn em.",Em thử viết không gian mẫu/đếm số cách trước. Nếu kẹt ở bước nào nói mình biết.,,4,2,P,P,b015e44df5736f56e26f74305f3956bc6bda5eaffbd9aea805305daaf73e7360,4
19/03/2026,HS0061,11A1,Tổ hợp,typical,Gợi ý bước 2 giúp em với.,"Mình chia thành 3 bước: (1) xác định n,k (2) chọn công thức (3) thay số và tính. Em làm bước (1) trước nhé.",,3,3,P,P,1fe45d4f7cc8c855fd01d73d6864fa370b44da7ba397b5f6f698ee4d72b2709d,9
19/03/2026,HS0076,11A2,Hoán vị,typical,"Em bị kẹt ở bước này, hướng dẫn em.",Em thử viết không gian mẫu/đếm số cách trước. Nếu kẹt ở bước nào nói mình biết.,,4,4,P,P,d644fd1074250a9d1df69db120e85e2a54c9642996a47080aa07d82b04337912,3
19/03/2026,HS0024,11A2,Hoán vị,struggling,"Em bị kẹt ở bước này, hướng dẫn em.","Mình chia thành 3 bước: (1) xác định n,k (2) chọn công thức (3) thay số và tính. Em làm bước (1) trước nhé.",,4,5,P,P,2908bf824b571651bad41e2cb4e3da3a8f511425f5199afa166c57e2149d13b8,3
19/03/2026,HS0026,11A1,Tổ hợp,typical,"C(5,2)=10 đúng không ạ?",Mình sẽ kiểm tra logic và tính toán của em. Em ghi rõ lập luận và phép tính giúp mình.,,4,4,S,S,a6aeb136b5619d125d2bb2d9eea3c15dc5e9ad876d07779cdd3ddc67d9d4c1ce,8
19/03/2026,HS0024,11A2,Hoán vị,struggling,"Em bị kẹt ở bước này, hướng dẫn em.",Em thử viết không gian mẫu/đếm số cách trước. Nếu kẹt ở bước nào nói mình biết.,,2,5,P,P,2908bf824b571651bad41e2cb4e3da3a8f511425f5199afa166c57e2149d13b8,1
19/03/2026,HS0076,11A2,Hoán vị,typical,"Em ra kết quả 120, đúng không?","Mình không giải hộ, nhưng có thể đối chiếu kết quả và chỉ ra chỗ sai nếu có.",,4,2,S,S,d644fd1074250a9d1df69db120e85e2a54c9642996a47080aa07d82b04337912,4
19/03/2026,HS0025,11A1,Tổ hợp,typical,"C(5,2)=10 đúng không ạ?",Mình sẽ kiểm tra logic và tính toán của em. Em ghi rõ lập luận và phép tính giúp mình.,,5,4,S,S,1d34960439ad8c1ab6bd4b10332bbac2735a24ea68437e5c74061a7c00593421,6
19/03/2026,HS0050,11A3,Xác suất,typical,Xác suất là gì và công thức cơ bản?,"Mình giải thích khái niệm và ý nghĩa trước nhé, rồi em thử áp dụng vào ví dụ.",,5,2,G,G,dace5847caa0d7bd63e8edd3c6c7a1f54e06a7cb0f0134fdc0e9890bfc710792,1249
19/03/2026,HS0040,11A1,Tổ hợp,typical,"C(5,2)=10 đúng không ạ?",Mình sẽ kiểm tra logic và tính toán của em. Em ghi rõ lập luận và phép tính giúp mình.,,5,3,S,S,b015e44df5736f56e26f74305f3956bc6bda5eaffbd9aea805305daaf73e7360,8
19/03/2026,HS0061,11A1,Tổ hợp,typical,"C(5,2)=10 đúng không ạ?",Mình sẽ kiểm tra logic và tính toán của em. Em ghi rõ lập luận và phép tính giúp mình.,,4,3,S,S,1fe45d4f7cc8c855fd01d73d6864fa370b44da7ba397b5f6f698ee4d72b2709d,8
19/03/2026,HS0062,11A2,Xác suất có điều kiện,typical,Kết quả cuối cùng của em hợp lý chưa?,Mình sẽ kiểm tra logic và tính toán của em. Em ghi rõ lập luận và phép tính giúp mình.,,4,4,S,S,5f8279ee181332bd457e57f43282043f7ecb2248ab4cde0e05185ac4e69e1b24,9
19/03/2026,HS0050,11A3,Xác suất,typical,Gợi ý cách lập không gian mẫu cho bài này.,Em thử viết không gian mẫu/đếm số cách trước. Nếu kẹt ở bước nào nói mình biết.,,3,2,P,P,dace5847caa0d7bd63e8edd3c6c7a1f54e06a7cb0f0134fdc0e9890bfc710792,4
19/03/2026,HS0041,11A2,Xác suất có điều kiện,advanced,Kết quả cuối cùng của em hợp lý chưa?,"Mình không giải hộ, nhưng có thể đối chiếu kết quả và chỉ ra chỗ sai nếu có.",,5,3,S,S,17910841251f386e23c35834baf99c7f89b69d513372b71fc470ceb9d1222750,21
19/03/2026,HS0050,11A3,Xác suất,typical,"Em ra P=0.5, đúng không?","Mình không giải hộ, nhưng có thể đối chiếu kết quả và chỉ ra chỗ sai nếu có.",,5,3,S,S,dace5847caa0d7bd63e8edd3c6c7a1f54e06a7cb0f0134fdc0e9890bfc710792,5
19/03/2026,HS0076,11A2,Xác suất,typical,Xác suất là gì và công thức cơ bản?,"Ta nắm định nghĩa và công thức tổng quát, sau đó xác định n và k trong đề.",,3,4,G,G,d644fd1074250a9d1df69db120e85e2a54c9642996a47080aa07d82b04337912,29
19/03/2026,HS0076,11A2,Xác suất,typical,Gợi ý cách lập không gian mẫu cho bài này.,"Mình chia thành 3 bước: (1) xác định n,k (2) chọn công thức (3) thay số và tính. Em làm bước (1) trước nhé.",,3,2,P,P,d644fd1074250a9d1df69db120e85e2a54c9642996a47080aa07d82b04337912,1
19/03/2026,HS0076,11A2,Xác suất,typical,"Em ra P=0.5, đúng không?",Mình sẽ kiểm tra logic và tính toán của em. Em ghi rõ lập luận và phép tính giúp mình.,,5,2,S,S,d644fd1074250a9d1df69db120e85e2a54c9642996a47080aa07d82b04337912,3
19/03/2026,HS0021,11A2,Xác suất có điều kiện,advanced,Kết quả cuối cùng của em hợp lý chưa?,"Mình không giải hộ, nhưng có thể đối chiếu kết quả và chỉ ra chỗ sai nếu có.",,5,2,S,S,0a94a787661c8f6b7ea950bbc4264d8caeb848796933bbe681a76bd3678adcc9,40
19/03/2026,HS0009,11A1,Xác suất,typical,Xác suất là gì và công thức cơ bản?,"Mình giải thích khái niệm và ý nghĩa trước nhé, rồi em thử áp dụng vào ví dụ.",,4,2,G,G,35d002227369c95bc8b0edf5f1b766dc1e263edaf56e9c9863063dd0e0368ca1,183
19/03/2026,HS0009,11A1,Xác suất,typical,"Em bị kẹt ở bước này, hướng dẫn em.","Mình chia thành 3 bước: (1) xác định n,k (2) chọn công thức (3) thay số và tính. Em làm bước (1) trước nhé.",,5,2,P,P,35d002227369c95bc8b0edf5f1b766dc1e263edaf56e9c9863063dd0e0368ca1,1
19/03/2026,HS0009,11A1,Xác suất,typical,"Em ra P=0.5, đúng không?","Mình không giải hộ, nhưng có thể đối chiếu kết quả và chỉ ra chỗ sai nếu có.",,5,3,S,S,35d002227369c95bc8b0edf5f1b766dc1e263edaf56e9c9863063dd0e0368ca1,3
19/03/2026,HS0021,11A2,Tổ hợp,advanced,Hướng dẫn em từng bước giải bài chọn 3 từ 10.,Em thử viết không gian mẫu/đếm số cách trước. Nếu kẹt ở bước nào nói mình biết.,,5,2,P,P,0a94a787661c8f6b7ea950bbc4264d8caeb848796933bbe681a76bd3678adcc9,25
19/03/2026,HS0071,11A3,Hoán vị,struggling,Giải thích hoán vị là gì?,"Ta nắm định nghĩa và công thức tổng quát, sau đó xác định n và k trong đề.",,3,5,G,G,789fc173556e834c0eb8628e723748aa0270400834c0124608f93e3f293cb889,1814
19/03/2026,HS0040,11A1,Xác suất,typical,Xác suất là gì và công thức cơ bản?,"Mình giải thích khái niệm và ý nghĩa trước nhé, rồi em thử áp dụng vào ví dụ.",,3,4,G,G,b015e44df5736f56e26f74305f3956bc6bda5eaffbd9aea805305daaf73e7360,62
19/03/2026,HS0071,11A3,Hoán vị,struggling,"Em bị kẹt ở bước này, hướng dẫn em.",Em thử viết không gian mẫu/đếm số cách trước. Nếu kẹt ở bước nào nói mình biết.,,3,4,P,P,789fc173556e834c0eb8628e723748aa0270400834c0124608f93e3f293cb889,4
19/03/2026,HS0011,11A1,Tổ hợp,typical,"Diễn giải công thức C(n,k) theo cách dễ hiểu.","Ta nắm định nghĩa và công thức tổng quát, sau đó xác định n và k trong đề.",,3,4,G,G,f5be0c6117baf885410b03291fd682c1283441a6a9fcec0d35a049d1e7432e3e,1900
19/03/2026,HS0071,11A3,Chỉnh hợp,struggling,Phân biệt chỉnh hợp và tổ hợp giúp em.,"Ta nắm định nghĩa và công thức tổng quát, sau đó xác định n và k trong đề.",,4,3,G,G,789fc173556e834c0eb8628e723748aa0270400834c0124608f93e3f293cb889,3
19/03/2026,HS0013,11A3,Xác suất,typical,Xác suất là gì và công thức cơ bản?,"Mình giải thích khái niệm và ý nghĩa trước nhé, rồi em thử áp dụng vào ví dụ.",,5,2,G,G,df5778efb2fbb4ba9b015a74c65a7d16022bb74c6d9603f7a236765537b2c679,0
19/03/2026,HS0071,11A3,Hoán vị,struggling,Gợi ý bước 2 giúp em với.,"Mình chia thành 3 bước: (1) xác định n,k (2) chọn công thức (3) thay số và tính. Em làm bước (1) trước nhé.",,3,3,P,P,789fc173556e834c0eb8628e723748aa0270400834c0124608f93e3f293cb889,4
19/03/2026,HS0040,11A1,Xác suất,typical,Gợi ý bước 2 giúp em với.,"Mình chia thành 3 bước: (1) xác định n,k (2) chọn công thức (3) thay số và tính. Em làm bước (1) trước nhé.",,3,4,P,P,b015e44df5736f56e26f74305f3956bc6bda5eaffbd9aea805305daaf73e7360,8
19/03/2026,HS0071,11A3,Chỉnh hợp,struggling,Gợi ý bước 2 giúp em với.,"Mình chia thành 3 bước: (1) xác định n,k (2) chọn công thức (3) thay số và tính. Em làm bước (1) trước nhé.",,4,4,P,P,789fc173556e834c0eb8628e723748aa0270400834c0124608f93e3f293cb889,1
19/03/2026,HS0011,11A1,Tổ hợp,typical,Gợi ý bước 2 giúp em với.,"Mình chia thành 3 bước: (1) xác định n,k (2) chọn công thức (3) thay số và tính. Em làm bước (1) trước nhé.",,4,3,P,P,f5be0c6117baf885410b03291fd682c1283441a6a9fcec0d35a049d1e7432e3e,11
19/03/2026,HS0013,11A3,Xác suất,typical,"Em bị kẹt ở bước này, hướng dẫn em.",Em thử viết không gian mẫu/đếm số cách trước. Nếu kẹt ở bước nào nói mình biết.,,5,4,P,P,df5778efb2fbb4ba9b015a74c65a7d16022bb74c6d9603f7a236765537b2c679,10
19/03/2026,HS0021,11A2,Tổ hợp,advanced,"C(5,2)=10 đúng không ạ?",Mình sẽ kiểm tra logic và tính toán của em. Em ghi rõ lập luận và phép tính giúp mình.,,4,2,S,S,0a94a787661c8f6b7ea950bbc4264d8caeb848796933bbe681a76bd3678adcc9,22
19/03/2026,HS0040,11A1,Xác suất,typical,"Em ra P=0.5, đúng không?",Mình sẽ kiểm tra logic và tính toán của em. Em ghi rõ lập luận và phép tính giúp mình.,,4,3,S,S,b015e44df5736f56e26f74305f3956bc6bda5eaffbd9aea805305daaf73e7360,12
19/03/2026,HS0071,11A3,Chỉnh hợp,struggling,"Em bị kẹt ở bước chọn k từ n, gợi ý giúp.",Em thử viết không gian mẫu/đếm số cách trước. Nếu kẹt ở bước nào nói mình biết.,,2,3,P,P,789fc173556e834c0eb8628e723748aa0270400834c0124608f93e3f293cb889,12
19/03/2026,HS0013,11A3,Xác suất,typical,"Em ra P=0.5, đúng không?","Mình không giải hộ, nhưng có thể đối chiếu kết quả và chỉ ra chỗ sai nếu có.",,5,3,S,S,df5778efb2fbb4ba9b015a74c65a7d16022bb74c6d9603f7a236765537b2c679,9
19/03/2026,HS0051,11A1,Xác suất,typical,Xác suất là gì và công thức cơ bản?,"Ta nắm định nghĩa và công thức tổng quát, sau đó xác định n và k trong đề.",,5,2,G,G,d2deededd7c9226cf3d280fe443522a01689e4aea9667c729a5377800c83f967,1430
19/03/2026,HS0051,11A1,Xác suất,typical,Gợi ý bước 2 giúp em với.,Em thử viết không gian mẫu/đếm số cách trước. Nếu kẹt ở bước nào nói mình biết.,,5,4,P,P,d2deededd7c9226cf3d280fe443522a01689e4aea9667c729a5377800c83f967,9
19/03/2026,HS0055,11A2,Hoán vị,typical,Giải thích hoán vị là gì?,"Mình giải thích khái niệm và ý nghĩa trước nhé, rồi em thử áp dụng vào ví dụ.",,4,4,G,G,875ba29090b08d36d728beb11beea1603a94fe66dd0ebab4442096d8431b0ac9,0
19/03/2026,HS0074,11A1,Xác suất,typical,Xác suất là gì và công thức cơ bản?,"Mình giải thích khái niệm và ý nghĩa trước nhé, rồi em thử áp dụng vào ví dụ.",,3,3,G,G,da9511914afb23ae3fd8e3265f7295c50414eaa223f6bc08efdef2426d6e81a0,1490
19/03/2026,HS0020,11A1,Hoán vị,advanced,Hướng dẫn từng bước tính hoán vị n!,Em thử viết không gian mẫu/đếm số cách trước. Nếu kẹt ở bước nào nói mình biết.,,5,1,P,P,f44332f82df11ffbeb3edd093616919dff9731069c569ef280cf6482d92a6661,136
19/03/2026,HS0074,11A1,Xác suất,typical,"Em bị kẹt ở bước này, hướng dẫn em.",Em thử viết không gian mẫu/đếm số cách trước. Nếu kẹt ở bước nào nói mình biết.,,5,4,P,P,da9511914afb23ae3fd8e3265f7295c50414eaa223f6bc08efdef2426d6e81a0,4
19/03/2026,HS0055,11A2,Hoán vị,typical,"Em bị kẹt ở bước này, hướng dẫn em.","Mình chia thành 3 bước: (1) xác định n,k (2) chọn công thức (3) thay số và tính. Em làm bước (1) trước nhé.",,4,4,P,P,875ba29090b08d36d728beb11beea1603a94fe66dd0ebab4442096d8431b0ac9,12
19/03/2026,HS0012,11A3,Hoán vị,typical,Giải thích hoán vị là gì?,"Ta nắm định nghĩa và công thức tổng quát, sau đó xác định n và k trong đề.",,5,3,G,G,f95e049e75c9e301d9ef3ffb76e2d954b4cae9eea1cfd819f53a8b0cd0278f9e,239
19/03/2026,HS0074,11A1,Xác suất,typical,Gợi ý cách lập không gian mẫu cho bài này.,"Mình chia thành 3 bước: (1) xác định n,k (2) chọn công thức (3) thay số và tính. Em làm bước (1) trước nhé.",,4,2,P,P,da9511914afb23ae3fd8e3265f7295c50414eaa223f6bc08efdef2426d6e81a0,4
19/03/2026,HS0074,11A1,Xác suất,typical,"Em ra P=0.5, đúng không?","Mình không giải hộ, nhưng có thể đối chiếu kết quả và chỉ ra chỗ sai nếu có.",,4,3,S,S,da9511914afb23ae3fd8e3265f7295c50414eaa223f6bc08efdef2426d6e81a0,3
19/03/2026,HS0020,11A1,Hoán vị,advanced,"Em ra kết quả 120, đúng không?",Mình sẽ kiểm tra logic và tính toán của em. Em ghi rõ lập luận và phép tính giúp mình.,,4,2,S,S,f44332f82df11ffbeb3edd093616919dff9731069c569ef280cf6482d92a6661,11
19/03/2026,HS0012,11A3,Hoán vị,typical,Gợi ý bước 2 giúp em với.,Em thử viết không gian mẫu/đếm số cách trước. Nếu kẹt ở bước nào nói mình biết.,,3,3,P,P,f95e049e75c9e301d9ef3ffb76e2d954b4cae9eea1cfd819f53a8b0cd0278f9e,11
19/03/2026,HS0048,11A1,Chỉnh hợp,typical,Phân biệt chỉnh hợp và tổ hợp giúp em.,"Ta nắm định nghĩa và công thức tổng quát, sau đó xác định n và k trong đề.",,5,4,G,G,12be8adcaee22fa85b129ea03a70e46b8be0e8ad7ae1c57479ff0d1d9e6d8498,189
19/03/2026,HS0048,11A1,Chỉnh hợp,typical,Gợi ý bước 2 giúp em với.,"Mình chia thành 3 bước: (1) xác định n,k (2) chọn công thức (3) thay số và tính. Em làm bước (1) trước nhé.",,4,2,P,P,12be8adcaee22fa85b129ea03a70e46b8be0e8ad7ae1c57479ff0d1d9e6d8498,4
19/03/2026,HS0055,11A2,Hoán vị,typical,Hướng dẫn từng bước tính hoán vị n!,Em thử viết không gian mẫu/đếm số cách trước. Nếu kẹt ở bước nào nói mình biết.,,4,2,P,P,875ba29090b08d36d728beb11beea1603a94fe66dd0ebab4442096d8431b0ac9,21
19/03/2026,HS0080,11A1,Xác suất,typical,Xác suất là gì và công thức cơ bản?,"Ta nắm định nghĩa và công thức tổng quát, sau đó xác định n và k trong đề.",,5,4,G,G,e7f81cc904acdb43c20c1ffeb886e56ee0254402cf7d3ff4dda0c2a129fab8b7,0
19/03/2026,HS0012,11A3,Hoán vị,typical,"Em bị kẹt ở bước này, hướng dẫn em.",Em thử viết không gian mẫu/đếm số cách trước. Nếu kẹt ở bước nào nói mình biết.,,3,4,P,P,f95e049e75c9e301d9ef3ffb76e2d954b4cae9eea1cfd819f53a8b0cd0278f9e,11
19/03/2026,HS0048,11A1,Chỉnh hợp,typical,"Kiểm tra lời giải của em với A(n,k) được không?",Mình sẽ kiểm tra logic và tính toán của em. Em ghi rõ lập luận và phép tính giúp mình.,,4,2,S,P,12be8adcaee22fa85b129ea03a70e46b8be0e8ad7ae1c57479ff0d1d9e6d8498,4
19/03/2026,HS0072,11A1,Xác suất có điều kiện,advanced,Giải thích xác suất có điều kiện là gì.,"Ta nắm định nghĩa và công thức tổng quát, sau đó xác định n và k trong đề.",,4,2,G,G,ab2fb2df192ca4dea88020fed38bb4cf957c4aac600efd25086c13af31aeb0aa,1799
19/03/2026,HS0080,11A1,Xác suất,typical,Gợi ý cách lập không gian mẫu cho bài này.,Em thử viết không gian mẫu/đếm số cách trước. Nếu kẹt ở bước nào nói mình biết.,,5,2,P,P,e7f81cc904acdb43c20c1ffeb886e56ee0254402cf7d3ff4dda0c2a129fab8b7,6
19/03/2026,HS0012,11A3,Hoán vị,typical,"Em ra kết quả 120, đúng không?",Mình sẽ kiểm tra logic và tính toán của em. Em ghi rõ lập luận và phép tính giúp mình.,,5,4,S,S,f95e049e75c9e301d9ef3ffb76e2d954b4cae9eea1cfd819f53a8b0cd0278f9e,10
19/03/2026,HS0080,11A1,Xác suất,typical,"Em ra P=0.5, đúng không?","Mình không giải hộ, nhưng có thể đối chiếu kết quả và chỉ ra chỗ sai nếu có.",,4,2,S,S,e7f81cc904acdb43c20c1ffeb886e56ee0254402cf7d3ff4dda0c2a129fab8b7,6
19/03/2026,HS0018,11A3,Chỉnh hợp,advanced,"Em bị kẹt ở bước chọn k từ n, gợi ý giúp.",Em thử viết không gian mẫu/đếm số cách trước. Nếu kẹt ở bước nào nói mình biết.,,5,3,P,P,2830104017cfeedf5318abf797d9d1f9bf79383661947a6aa59fadebc28e474c,0
19/03/2026,HS0018,11A3,Chỉnh hợp,advanced,"Kiểm tra lời giải của em với A(n,k) được không?","Mình không giải hộ, nhưng có thể đối chiếu kết quả và chỉ ra chỗ sai nếu có.",,4,1,S,P,2830104017cfeedf5318abf797d9d1f9bf79383661947a6aa59fadebc28e474c,2
19/03/2026,HS0027,11A3,Chỉnh hợp,typical,Phân biệt chỉnh hợp và tổ hợp giúp em.,"Ta nắm định nghĩa và công thức tổng quát, sau đó xác định n và k trong đề.",,5,4,G,G,bfd33441eafe8d032dd98b4a7140eff78f69d8d45b168c5ef2943728afa1bf34,1590
19/03/2026,HS0055,11A2,Hoán vị,typical,"Em ra kết quả 120, đúng không?",Mình sẽ kiểm tra logic và tính toán của em. Em ghi rõ lập luận và phép tính giúp mình.,,5,2,S,S,875ba29090b08d36d728beb11beea1603a94fe66dd0ebab4442096d8431b0ac9,25
19/03/2026,HS0072,11A1,Xác suất có điều kiện,advanced,Kết quả cuối cùng của em hợp lý chưa?,Mình sẽ kiểm tra logic và tính toán của em. Em ghi rõ lập luận và phép tính giúp mình.,,4,3,S,S,ab2fb2df192ca4dea88020fed38bb4cf957c4aac600efd25086c13af31aeb0aa,19
19/03/2026,HS0027,11A3,Chỉnh hợp,typical,"Em bị kẹt ở bước chọn k từ n, gợi ý giúp.",Em thử viết không gian mẫu/đếm số cách trước. Nếu kẹt ở bước nào nói mình biết.,,5,2,P,P,bfd33441eafe8d032dd98b4a7140eff78f69d8d45b168c5ef2943728afa1bf34,11
19/03/2026,HS0014,11A1,Xác suất có điều kiện,typical,Giải thích xác suất có điều kiện là gì.,"Ta nắm định nghĩa và công thức tổng quát, sau đó xác định n và k trong đề.",,3,3,G,G,0a51826515adb363f774aa19eb7d5b5d074fc9e05095ef6656dcd161ee223788,300
19/03/2026,HS0014,11A1,Xác suất có điều kiện,typical,"Em bị kẹt ở bước này, hướng dẫn em.","Mình chia thành 3 bước: (1) xác định n,k (2) chọn công thức (3) thay số và tính. Em làm bước (1) trước nhé.",,3,3,P,P,0a51826515adb363f774aa19eb7d5b5d074fc9e05095ef6656dcd161ee223788,2
19/03/2026,HS0014,11A1,Xác suất có điều kiện,typical,Kết quả cuối cùng của em hợp lý chưa?,Mình sẽ kiểm tra logic và tính toán của em. Em ghi rõ lập luận và phép tính giúp mình.,,5,2,S,S,0a51826515adb363f774aa19eb7d5b5d074fc9e05095ef6656dcd161ee223788,1
19/03/2026,HS0027,11A3,Chỉnh hợp,typical,"Kiểm tra lời giải của em với A(n,k) được không?",Mình sẽ kiểm tra logic và tính toán của em. Em ghi rõ lập luận và phép tính giúp mình.,,5,4,S,P,bfd33441eafe8d032dd98b4a7140eff78f69d8d45b168c5ef2943728afa1bf34,22
19/03/2026,HS0035,11A3,Chỉnh hợp,struggling,Phân biệt chỉnh hợp và tổ hợp giúp em.,"Mình giải thích khái niệm và ý nghĩa trước nhé, rồi em thử áp dụng vào ví dụ.",,4,5,G,G,0eb1f6a2afe19ef9fe60ae501e695662f1a02b4abbc636f5956ed24928fd2a7a,1324
19/03/2026,HS0035,11A3,Chỉnh hợp,struggling,"Em bị kẹt ở bước chọn k từ n, gợi ý giúp.",Em thử viết không gian mẫu/đếm số cách trước. Nếu kẹt ở bước nào nói mình biết.,,2,5,P,P,0eb1f6a2afe19ef9fe60ae501e695662f1a02b4abbc636f5956ed24928fd2a7a,2
19/03/2026,HS0026,11A1,Xác suất,typical,Xác suất là gì và công thức cơ bản?,"Ta nắm định nghĩa và công thức tổng quát, sau đó xác định n và k trong đề.",,5,3,G,G,a6aeb136b5619d125d2bb2d9eea3c15dc5e9ad876d07779cdd3ddc67d9d4c1ce,217
19/03/2026,HS0035,11A3,Chỉnh hợp,struggling,"Em bị kẹt ở bước này, hướng dẫn em.",Em thử viết không gian mẫu/đếm số cách trước. Nếu kẹt ở bước nào nói mình biết.,,3,3,P,P,0eb1f6a2afe19ef9fe60ae501e695662f1a02b4abbc636f5956ed24928fd2a7a,4
19/03/2026,HS0024,11A2,Tổ hợp,struggling,"Diễn giải công thức C(n,k) theo cách dễ hiểu.","Ta nắm định nghĩa và công thức tổng quát, sau đó xác định n và k trong đề.",,3,4,G,G,2908bf824b571651bad41e2cb4e3da3a8f511425f5199afa166c57e2149d13b8,222
19/03/2026,HS0024,11A2,Tổ hợp,struggling,Gợi ý bước 2 giúp em với.,"Mình chia thành 3 bước: (1) xác định n,k (2) chọn công thức (3) thay số và tính. Em làm bước (1) trước nhé.",,3,4,P,P,2908bf824b571651bad41e2cb4e3da3a8f511425f5199afa166c57e2149d13b8,2
19/03/2026,HS0026,11A1,Xác suất,typical,Gợi ý cách lập không gian mẫu cho bài này.,"Mình chia thành 3 bước: (1) xác định n,k (2) chọn công thức (3) thay số và tính. Em làm bước (1) trước nhé.",,4,3,P,P,a6aeb136b5619d125d2bb2d9eea3c15dc5e9ad876d07779cdd3ddc67d9d4c1ce,10
19/03/2026,HS0047,11A1,Xác suất,typical,Xác suất là gì và công thức cơ bản?,"Ta nắm định nghĩa và công thức tổng quát, sau đó xác định n và k trong đề.",,5,2,G,G,ad34d0ec8be5558d0866bb45f55d1a11686d55bc6762674e961a4c2ab9bb115b,375
19/03/2026,HS0024,11A2,Tổ hợp,struggling,Gợi ý bước 2 giúp em với.,Em thử viết không gian mẫu/đếm số cách trước. Nếu kẹt ở bước nào nói mình biết.,,4,5,P,P,2908bf824b571651bad41e2cb4e3da3a8f511425f5199afa166c57e2149d13b8,4
19/03/2026,HS0047,11A1,Xác suất,typical,Gợi ý cách lập không gian mẫu cho bài này.,Em thử viết không gian mẫu/đếm số cách trước. Nếu kẹt ở bước nào nói mình biết.,,4,3,P,P,ad34d0ec8be5558d0866bb45f55d1a11686d55bc6762674e961a4c2ab9bb115b,5
19/03/2026,HS0026,11A1,Xác suất,typical,"Em ra P=0.5, đúng không?",Mình sẽ kiểm tra logic và tính toán của em. Em ghi rõ lập luận và phép tính giúp mình.,,4,4,S,S,a6aeb136b5619d125d2bb2d9eea3c15dc5e9ad876d07779cdd3ddc67d9d4c1ce,8
19/03/2026,HS0047,11A1,Xác suất,typical,"Em bị kẹt ở bước này, hướng dẫn em.","Mình chia thành 3 bước: (1) xác định n,k (2) chọn công thức (3) thay số và tính. Em làm bước (1) trước nhé.",,3,3,P,P,ad34d0ec8be5558d0866bb45f55d1a11686d55bc6762674e961a4c2ab9bb115b,4
19/03/2026,HS0065,11A2,Tổ hợp,typical,"Diễn giải công thức C(n,k) theo cách dễ hiểu.","Mình giải thích khái niệm và ý nghĩa trước nhé, rồi em thử áp dụng vào ví dụ.",,3,2,G,G,fa73e1c75849f648851b1289d18130b6e16d0f4fee78e80be44432ef66b22bbb,1614
19/03/2026,HS0047,11A1,Xác suất,typical,"Em ra P=0.5, đúng không?",Mình sẽ kiểm tra logic và tính toán của em. Em ghi rõ lập luận và phép tính giúp mình.,,4,4,S,S,ad34d0ec8be5558d0866bb45f55d1a11686d55bc6762674e961a4c2ab9bb115b,8
19/03/2026,HS0065,11A2,Tổ hợp,typical,"Em bị kẹt ở bước này, hướng dẫn em.",Em thử viết không gian mẫu/đếm số cách trước. Nếu kẹt ở bước nào nói mình biết.,,3,3,P,P,fa73e1c75849f648851b1289d18130b6e16d0f4fee78e80be44432ef66b22bbb,24
19/03/2026,HS0065,11A2,Tổ hợp,typical,"C(5,2)=10 đúng không ạ?","Mình không giải hộ, nhưng có thể đối chiếu kết quả và chỉ ra chỗ sai nếu có.",,4,3,S,S,fa73e1c75849f648851b1289d18130b6e16d0f4fee78e80be44432ef66b22bbb,10
19/03/2026,HS0071,11A3,Xác suất,struggling,Xác suất là gì và công thức cơ bản?,"Ta nắm định nghĩa và công thức tổng quát, sau đó xác định n và k trong đề.",,4,4,G,G,789fc173556e834c0eb8628e723748aa0270400834c0124608f93e3f293cb889,192
19/03/2026,HS0071,11A3,Xác suất,struggling,Gợi ý cách lập không gian mẫu cho bài này.,Em thử viết không gian mẫu/đếm số cách trước. Nếu kẹt ở bước nào nói mình biết.,,4,3,P,P,789fc173556e834c0eb8628e723748aa0270400834c0124608f93e3f293cb889,7
19/03/2026,HS0078,11A2,Xác suất có điều kiện,typical,Giải thích xác suất có điều kiện là gì.,"Mình giải thích khái niệm và ý nghĩa trước nhé, rồi em thử áp dụng vào ví dụ.",,4,4,G,G,dd528a262f57958ad18487d134a901ac3f827107c2b4684bdba8d741490f532d,1394
19/03/2026,HS0071,11A3,Xác suất,struggling,"Em bị kẹt ở bước này, hướng dẫn em.",Em thử viết không gian mẫu/đếm số cách trước. Nếu kẹt ở bước nào nói mình biết.,,2,5,P,P,789fc173556e834c0eb8628e723748aa0270400834c0124608f93e3f293cb889,12
19/03/2026,HS0078,11A2,Xác suất có điều kiện,typical,"Em bị kẹt ở bước này, hướng dẫn em.","Mình chia thành 3 bước: (1) xác định n,k (2) chọn công thức (3) thay số và tính. Em làm bước (1) trước nhé.",,5,2,P,P,dd528a262f57958ad18487d134a901ac3f827107c2b4684bdba8d741490f532d,8
19/03/2026,HS0078,11A2,Xác suất có điều kiện,typical,Kết quả cuối cùng của em hợp lý chưa?,Mình sẽ kiểm tra logic và tính toán của em. Em ghi rõ lập luận và phép tính giúp mình.,,5,2,S,S,dd528a262f57958ad18487d134a901ac3f827107c2b4684bdba8d741490f532d,9
19/03/2026,HS0077,11A2,Hoán vị,typical,Giải thích hoán vị là gì?,"Mình giải thích khái niệm và ý nghĩa trước nhé, rồi em thử áp dụng vào ví dụ.",,4,4,G,G,021b06a86c7ac34b42e78030b997052988ac3b79c4c112b8c2c67dda84df7ff6,0
20/03/2026,HS0040,11A1,Tổ hợp,typical,"Diễn giải công thức C(n,k) theo cách dễ hiểu.","Mình giải thích khái niệm và ý nghĩa trước nhé, rồi em thử áp dụng vào ví dụ.",,5,3,G,G,b015e44df5736f56e26f74305f3956bc6bda5eaffbd9aea805305daaf73e7360,917
20/03/2026,HS0077,11A2,Hoán vị,typical,Gợi ý bước 2 giúp em với.,Em thử viết không gian mẫu/đếm số cách trước. Nếu kẹt ở bước nào nói mình biết.,,3,3,P,P,021b06a86c7ac34b42e78030b997052988ac3b79c4c112b8c2c67dda84df7ff6,6
20/03/2026,HS0077,11A2,Hoán vị,typical,"Em ra kết quả 120, đúng không?",Mình sẽ kiểm tra logic và tính toán của em. Em ghi rõ lập luận và phép tính giúp mình.,,5,2,S,S,021b06a86c7ac34b42e78030b997052988ac3b79c4c112b8c2c67dda84df7ff6,6
20/03/2026,HS0040,11A1,Tổ hợp,typical,Hướng dẫn em từng bước giải bài chọn 3 từ 10.,Em thử viết không gian mẫu/đếm số cách trước. Nếu kẹt ở bước nào nói mình biết.,,5,3,P,P,b015e44df5736f56e26f74305f3956bc6bda5eaffbd9aea805305daaf73e7360,12
20/03/2026,HS0040,11A1,Tổ hợp,typical,"C(5,2)=10 đúng không ạ?",Mình sẽ kiểm tra logic và tính toán của em. Em ghi rõ lập luận và phép tính giúp mình.,,4,3,S,S,b015e44df5736f56e26f74305f3956bc6bda5eaffbd9aea805305daaf73e7360,4
20/03/2026,HS0070,11A2,Hoán vị,typical,Giải thích hoán vị là gì?,"Ta nắm định nghĩa và công thức tổng quát, sau đó xác định n và k trong đề.",,3,4,G,G,f8f63a316731e6e68ae34e9dfc32ede063c674d752b939e9a9331fefb83d1e27,2676
20/03/2026,HS0070,11A2,Hoán vị,typical,"Em bị kẹt ở bước này, hướng dẫn em.",Em thử viết không gian mẫu/đếm số cách trước. Nếu kẹt ở bước nào nói mình biết.,,5,2,P,P,f8f63a316731e6e68ae34e9dfc32ede063c674d752b939e9a9331fefb83d1e27,1
20/03/2026,HS0070,11A2,Hoán vị,typical,"Em ra kết quả 120, đúng không?","Mình không giải hộ, nhưng có thể đối chiếu kết quả và chỉ ra chỗ sai nếu có.",,4,2,S,S,f8f63a316731e6e68ae34e9dfc32ede063c674d752b939e9a9331fefb83d1e27,2
20/03/2026,HS0071,11A3,Hoán vị,struggling,Giải thích hoán vị là gì?,"Ta nắm định nghĩa và công thức tổng quát, sau đó xác định n và k trong đề.",,4,5,G,G,789fc173556e834c0eb8628e723748aa0270400834c0124608f93e3f293cb889,772
20/03/2026,HS0071,11A3,Hoán vị,struggling,Gợi ý bước 2 giúp em với.,"Mình chia thành 3 bước: (1) xác định n,k (2) chọn công thức (3) thay số và tính. Em làm bước (1) trước nhé.",,2,5,P,P,789fc173556e834c0eb8628e723748aa0270400834c0124608f93e3f293cb889,5
20/03/2026,HS0071,11A3,Hoán vị,struggling,Hướng dẫn từng bước tính hoán vị n!,Em thử viết không gian mẫu/đếm số cách trước. Nếu kẹt ở bước nào nói mình biết.,,4,3,P,P,789fc173556e834c0eb8628e723748aa0270400834c0124608f93e3f293cb889,4
20/03/2026,HS0035,11A3,Hoán vị,struggling,Giải thích hoán vị là gì?,"Mình giải thích khái niệm và ý nghĩa trước nhé, rồi em thử áp dụng vào ví dụ.",,2,4,G,G,0eb1f6a2afe19ef9fe60ae501e695662f1a02b4abbc636f5956ed24928fd2a7a,864
20/03/2026,HS0035,11A3,Hoán vị,struggling,Hướng dẫn từng bước tính hoán vị n!,"Mình chia thành 3 bước: (1) xác định n,k (2) chọn công thức (3) thay số và tính. Em làm bước (1) trước nhé.",,3,3,P,P,0eb1f6a2afe19ef9fe60ae501e695662f1a02b4abbc636f5956ed24928fd2a7a,3
20/03/2026,HS0035,11A3,Hoán vị,struggling,Gợi ý bước 2 giúp em với.,Em thử viết không gian mẫu/đếm số cách trước. Nếu kẹt ở bước nào nói mình biết.,,3,3,P,P,0eb1f6a2afe19ef9fe60ae501e695662f1a02b4abbc636f5956ed24928fd2a7a,2
20/03/2026,HS0058,11A1,Xác suất có điều kiện,typical,Giải thích xác suất có điều kiện là gì.,"Ta nắm định nghĩa và công thức tổng quát, sau đó xác định n và k trong đề.",,3,2,G,G,8d1ed2745cac0516e0297c1523aee89054e801097b786f3d0fa7e64662ddb986,0
20/03/2026,HS0058,11A1,Xác suất có điều kiện,typical,Gợi ý bước 2 giúp em với.,"Mình chia thành 3 bước: (1) xác định n,k (2) chọn công thức (3) thay số và tính. Em làm bước (1) trước nhé.",,4,4,P,P,8d1ed2745cac0516e0297c1523aee89054e801097b786f3d0fa7e64662ddb986,6
20/03/2026,HS0058,11A1,Xác suất có điều kiện,typical,Kết quả cuối cùng của em hợp lý chưa?,"Mình không giải hộ, nhưng có thể đối chiếu kết quả và chỉ ra chỗ sai nếu có.",,5,3,S,S,8d1ed2745cac0516e0297c1523aee89054e801097b786f3d0fa7e64662ddb986,10
20/03/2026,HS0056,11A2,Xác suất có điều kiện,typical,Giải thích xác suất có điều kiện là gì.,"Ta nắm định nghĩa và công thức tổng quát, sau đó xác định n và k trong đề.",,3,3,G,G,e115ddd8311db0853a44a42daba877ef99b40a1fa043e81e9fa7bb8aeb3866b3,2409
20/03/2026,HS0023,11A2,Xác suất,typical,Xác suất là gì và công thức cơ bản?,"Ta nắm định nghĩa và công thức tổng quát, sau đó xác định n và k trong đề.",,4,4,G,G,c243ce89abe5dcbad10f5ecb5bed8fb8cda322e3a0242666eb040d77bccee457,2276
20/03/2026,HS0023,11A2,Xác suất,typical,Gợi ý bước 2 giúp em với.,"Mình chia thành 3 bước: (1) xác định n,k (2) chọn công thức (3) thay số và tính. Em làm bước (1) trước nhé.",,5,2,P,P,c243ce89abe5dcbad10f5ecb5bed8fb8cda322e3a0242666eb040d77bccee457,2
20/03/2026,HS0056,11A2,Xác suất có điều kiện,typical,"Em bị kẹt ở bước này, hướng dẫn em.",Em thử viết không gian mẫu/đếm số cách trước. Nếu kẹt ở bước nào nói mình biết.,,3,2,P,P,e115ddd8311db0853a44a42daba877ef99b40a1fa043e81e9fa7bb8aeb3866b3,3
20/03/2026,HS0023,11A2,Xác suất,typical,"Em ra P=0.5, đúng không?","Mình không giải hộ, nhưng có thể đối chiếu kết quả và chỉ ra chỗ sai nếu có.",,5,3,S,S,c243ce89abe5dcbad10f5ecb5bed8fb8cda322e3a0242666eb040d77bccee457,3
20/03/2026,HS0056,11A2,Xác suất có điều kiện,typical,Kết quả cuối cùng của em hợp lý chưa?,Mình sẽ kiểm tra logic và tính toán của em. Em ghi rõ lập luận và phép tính giúp mình.,,5,4,S,S,e115ddd8311db0853a44a42daba877ef99b40a1fa043e81e9fa7bb8aeb3866b3,4
20/03/2026,HS0061,11A1,Tổ hợp,typical,"Diễn giải công thức C(n,k) theo cách dễ hiểu.","Ta nắm định nghĩa và công thức tổng quát, sau đó xác định n và k trong đề.",,3,4,G,G,1fe45d4f7cc8c855fd01d73d6864fa370b44da7ba397b5f6f698ee4d72b2709d,1141
20/03/2026,HS0061,11A1,Tổ hợp,typical,Hướng dẫn em từng bước giải bài chọn 3 từ 10.,"Mình chia thành 3 bước: (1) xác định n,k (2) chọn công thức (3) thay số và tính. Em làm bước (1) trước nhé.",,4,4,P,P,1fe45d4f7cc8c855fd01d73d6864fa370b44da7ba397b5f6f698ee4d72b2709d,11
20/03/2026,HS0061,11A1,Tổ hợp,typical,"C(5,2)=10 đúng không ạ?",Mình sẽ kiểm tra logic và tính toán của em. Em ghi rõ lập luận và phép tính giúp mình.,,4,4,S,S,1fe45d4f7cc8c855fd01d73d6864fa370b44da7ba397b5f6f698ee4d72b2709d,9
20/03/2026,HS0013,11A3,Chỉnh hợp,typical,Phân biệt chỉnh hợp và tổ hợp giúp em.,"Ta nắm định nghĩa và công thức tổng quát, sau đó xác định n và k trong đề.",,3,3,G,G,df5778efb2fbb4ba9b015a74c65a7d16022bb74c6d9603f7a236765537b2c679,1095
20/03/2026,HS0046,11A1,Xác suất có điều kiện,offtrack,Cho em đáp án cuối cùng luôn được không?,Mình sẽ kiểm tra logic và tính toán của em. Em ghi rõ lập luận và phép tính giúp mình.,,3,5,S,S,a0ba0fd0359d4c87a8427028d8de910c1beb984262eb8b9ef117f62abad23204,2359
20/03/2026,HS0013,11A3,Chỉnh hợp,typical,Gợi ý bước 2 giúp em với.,Em thử viết không gian mẫu/đếm số cách trước. Nếu kẹt ở bước nào nói mình biết.,,4,4,P,P,df5778efb2fbb4ba9b015a74c65a7d16022bb74c6d9603f7a236765537b2c679,5
20/03/2026,HS0013,11A3,Chỉnh hợp,typical,Gợi ý bước 2 giúp em với.,"Mình chia thành 3 bước: (1) xác định n,k (2) chọn công thức (3) thay số và tính. Em làm bước (1) trước nhé.",,5,2,P,P,df5778efb2fbb4ba9b015a74c65a7d16022bb74c6d9603f7a236765537b2c679,5
20/03/2026,HS0070,11A2,Hoán vị,typical,Giải thích hoán vị là gì?,"Ta nắm định nghĩa và công thức tổng quát, sau đó xác định n và k trong đề.",,4,3,G,G,f8f63a316731e6e68ae34e9dfc32ede063c674d752b939e9a9331fefb83d1e27,131
20/03/2026,HS0070,11A2,Xác suất có điều kiện,typical,Giải thích xác suất có điều kiện là gì.,"Mình giải thích khái niệm và ý nghĩa trước nhé, rồi em thử áp dụng vào ví dụ.",,4,3,G,G,f8f63a316731e6e68ae34e9dfc32ede063c674d752b939e9a9331fefb83d1e27,0
20/03/2026,HS0070,11A2,Hoán vị,typical,"Em bị kẹt ở bước này, hướng dẫn em.","Mình chia thành 3 bước: (1) xác định n,k (2) chọn công thức (3) thay số và tính. Em làm bước (1) trước nhé.",,4,4,P,P,f8f63a316731e6e68ae34e9dfc32ede063c674d752b939e9a9331fefb83d1e27,3
20/03/2026,HS0070,11A2,Xác suất có điều kiện,typical,"Em bị kẹt ở bước này, hướng dẫn em.",Em thử viết không gian mẫu/đếm số cách trước. Nếu kẹt ở bước nào nói mình biết.,,4,4,P,P,f8f63a316731e6e68ae34e9dfc32ede063c674d752b939e9a9331fefb83d1e27,1
20/03/2026,HS0013,11A3,Chỉnh hợp,typical,"Kiểm tra lời giải của em với A(n,k) được không?",Mình sẽ kiểm tra logic và tính toán của em. Em ghi rõ lập luận và phép tính giúp mình.,,4,4,S,P,df5778efb2fbb4ba9b015a74c65a7d16022bb74c6d9603f7a236765537b2c679,9
20/03/2026,HS0070,11A2,Hoán vị,typical,"Em ra kết quả 120, đúng không?","Mình không giải hộ, nhưng có thể đối chiếu kết quả và chỉ ra chỗ sai nếu có.",,4,4,S,S,f8f63a316731e6e68ae34e9dfc32ede063c674d752b939e9a9331fefb83d1e27,1
20/03/2026,HS0070,11A2,Xác suất có điều kiện,typical,Kết quả cuối cùng của em hợp lý chưa?,Mình sẽ kiểm tra logic và tính toán của em. Em ghi rõ lập luận và phép tính giúp mình.,,5,4,S,S,f8f63a316731e6e68ae34e9dfc32ede063c674d752b939e9a9331fefb83d1e27,0
20/03/2026,HS0017,11A2,Chỉnh hợp,struggling,Phân biệt chỉnh hợp và tổ hợp giúp em.,"Mình giải thích khái niệm và ý nghĩa trước nhé, rồi em thử áp dụng vào ví dụ.",,4,5,G,G,4a5467d350fedf69c073551d79f05f4284cfe05b47242cf29444f59516516165,1251
20/03/2026,HS0017,11A2,Chỉnh hợp,struggling,Gợi ý bước 2 giúp em với.,"Mình chia thành 3 bước: (1) xác định n,k (2) chọn công thức (3) thay số và tính. Em làm bước (1) trước nhé.",,4,4,P,P,4a5467d350fedf69c073551d79f05f4284cfe05b47242cf29444f59516516165,6
20/03/2026,HS0042,11A2,Xác suất có điều kiện,typical,Giải thích xác suất có điều kiện là gì.,"Mình giải thích khái niệm và ý nghĩa trước nhé, rồi em thử áp dụng vào ví dụ.",,3,4,G,G,0d0082b4590e53c17330e3013be4493e981003d6831952da633114fb5267b542,0
20/03/2026,HS0017,11A2,Chỉnh hợp,struggling,"Em bị kẹt ở bước này, hướng dẫn em.",Em thử viết không gian mẫu/đếm số cách trước. Nếu kẹt ở bước nào nói mình biết.,,4,4,P,P,4a5467d350fedf69c073551d79f05f4284cfe05b47242cf29444f59516516165,4
20/03/2026,HS0042,11A2,Xác suất có điều kiện,typical,Hướng dẫn em tính P(A|B) theo từng bước.,"Mình chia thành 3 bước: (1) xác định n,k (2) chọn công thức (3) thay số và tính. Em làm bước (1) trước nhé.",,5,3,P,P,0d0082b4590e53c17330e3013be4493e981003d6831952da633114fb5267b542,5
20/03/2026,HS0042,11A2,Xác suất có điều kiện,typical,Kết quả cuối cùng của em hợp lý chưa?,"Mình không giải hộ, nhưng có thể đối chiếu kết quả và chỉ ra chỗ sai nếu có.",,4,3,S,S,0d0082b4590e53c17330e3013be4493e981003d6831952da633114fb5267b542,6
20/03/2026,HS0034,11A3,Xác suất có điều kiện,typical,Giải thích xác suất có điều kiện là gì.,"Mình giải thích khái niệm và ý nghĩa trước nhé, rồi em thử áp dụng vào ví dụ.",,3,2,G,G,e7e2ba006ff61dd21925157fb599257cf5e39b5dd7ecca5ba4513d2af160882a,0
20/03/2026,HS0038,11A3,Tổ hợp,struggling,"Diễn giải công thức C(n,k) theo cách dễ hiểu.","Mình giải thích khái niệm và ý nghĩa trước nhé, rồi em thử áp dụng vào ví dụ.",,2,3,G,G,7d7e6c59143f9b46a30c0dfab8f108bac3f3ac973bb53d8faa2b09e81f92967e,1400
20/03/2026,HS0038,11A3,Tổ hợp,struggling,"Em bị kẹt ở bước này, hướng dẫn em.",Em thử viết không gian mẫu/đếm số cách trước. Nếu kẹt ở bước nào nói mình biết.,,3,5,P,P,7d7e6c59143f9b46a30c0dfab8f108bac3f3ac973bb53d8faa2b09e81f92967e,7
20/03/2026,HS0034,11A3,Xác suất có điều kiện,typical,Gợi ý bước 2 giúp em với.,Em thử viết không gian mẫu/đếm số cách trước. Nếu kẹt ở bước nào nói mình biết.,,5,4,P,P,e7e2ba006ff61dd21925157fb599257cf5e39b5dd7ecca5ba4513d2af160882a,18
20/03/2026,HS0038,11A3,Tổ hợp,struggling,"Em bị kẹt ở bước này, hướng dẫn em.","Mình chia thành 3 bước: (1) xác định n,k (2) chọn công thức (3) thay số và tính. Em làm bước (1) trước nhé.",,4,5,P,P,7d7e6c59143f9b46a30c0dfab8f108bac3f3ac973bb53d8faa2b09e81f92967e,12
20/03/2026,HS0068,11A3,Xác suất có điều kiện,typical,Giải thích xác suất có điều kiện là gì.,"Ta nắm định nghĩa và công thức tổng quát, sau đó xác định n và k trong đề.",,4,4,G,G,6bdcc6316e043fce161ec9593e13e978ca5a7d1618af7fdbd0fcfbd57f858c7a,1472
20/03/2026,HS0034,11A3,Xác suất có điều kiện,typical,Gợi ý bước 2 giúp em với.,Em thử viết không gian mẫu/đếm số cách trước. Nếu kẹt ở bước nào nói mình biết.,,4,2,P,P,e7e2ba006ff61dd21925157fb599257cf5e39b5dd7ecca5ba4513d2af160882a,22
20/03/2026,HS0068,11A3,Xác suất có điều kiện,typical,Hướng dẫn em tính P(A|B) theo từng bước.,"Mình chia thành 3 bước: (1) xác định n,k (2) chọn công thức (3) thay số và tính. Em làm bước (1) trước nhé.",,5,4,P,P,6bdcc6316e043fce161ec9593e13e978ca5a7d1618af7fdbd0fcfbd57f858c7a,8
20/03/2026,HS0064,11A2,Chỉnh hợp,offtrack,"Em cần kết quả nhanh, cho em đáp án.",Mình sẽ kiểm tra logic và tính toán của em. Em ghi rõ lập luận và phép tính giúp mình.,,3,4,S,S,71ed309ca7e343dce2dccdeada98e6b522c462d7778a8a0c4e411bd75adc7bae,1636
20/03/2026,HS0010,11A3,Hoán vị,typical,Giải thích hoán vị là gì?,"Ta nắm định nghĩa và công thức tổng quát, sau đó xác định n và k trong đề.",,4,3,G,G,4246c1d88bf71a9a5a6681c3d0edfc757ba19db2b803faf33f48e330ec219fa5,1574
20/03/2026,HS0010,11A3,Hoán vị,typical,"Em bị kẹt ở bước này, hướng dẫn em.",Em thử viết không gian mẫu/đếm số cách trước. Nếu kẹt ở bước nào nói mình biết.,,4,4,P,P,4246c1d88bf71a9a5a6681c3d0edfc757ba19db2b803faf33f48e330ec219fa5,7
20/03/2026,HS0068,11A3,Xác suất có điều kiện,typical,Kết quả cuối cùng của em hợp lý chưa?,"Mình không giải hộ, nhưng có thể đối chiếu kết quả và chỉ ra chỗ sai nếu có.",,5,2,S,S,6bdcc6316e043fce161ec9593e13e978ca5a7d1618af7fdbd0fcfbd57f858c7a,12
20/03/2026,HS0010,11A3,Hoán vị,typical,"Em ra kết quả 120, đúng không?",Mình sẽ kiểm tra logic và tính toán của em. Em ghi rõ lập luận và phép tính giúp mình.,,5,2,S,S,4246c1d88bf71a9a5a6681c3d0edfc757ba19db2b803faf33f48e330ec219fa5,7
20/03/2026,HS0049,11A1,Hoán vị,advanced,Hướng dẫn từng bước tính hoán vị n!,"Mình chia thành 3 bước: (1) xác định n,k (2) chọn công thức (3) thay số và tính. Em làm bước (1) trước nhé.",,5,1,P,P,483aa91ca40a6d22fb8c8202396f3f397a1e2804bfc7d647aac9e521ccccc0b2,0
20/03/2026,HS0034,11A3,Xác suất có điều kiện,typical,Kết quả cuối cùng của em hợp lý chưa?,Mình sẽ kiểm tra logic và tính toán của em. Em ghi rõ lập luận và phép tính giúp mình.,,4,2,S,S,e7e2ba006ff61dd21925157fb599257cf5e39b5dd7ecca5ba4513d2af160882a,23
20/03/2026,HS0049,11A1,Hoán vị,advanced,"Em ra kết quả 120, đúng không?",Mình sẽ kiểm tra logic và tính toán của em. Em ghi rõ lập luận và phép tính giúp mình.,,4,3,S,S,483aa91ca40a6d22fb8c8202396f3f397a1e2804bfc7d647aac9e521ccccc0b2,2
20/03/2026,HS0027,11A3,Chỉnh hợp,typical,Phân biệt chỉnh hợp và tổ hợp giúp em.,"Mình giải thích khái niệm và ý nghĩa trước nhé, rồi em thử áp dụng vào ví dụ.",,4,4,G,G,bfd33441eafe8d032dd98b4a7140eff78f69d8d45b168c5ef2943728afa1bf34,1151
20/03/2026,HS0027,11A3,Chỉnh hợp,typical,"Em bị kẹt ở bước chọn k từ n, gợi ý giúp.",Em thử viết không gian mẫu/đếm số cách trước. Nếu kẹt ở bước nào nói mình biết.,,3,2,P,P,bfd33441eafe8d032dd98b4a7140eff78f69d8d45b168c5ef2943728afa1bf34,22
20/03/2026,HS0007,11A2,Tổ hợp,struggling,"Diễn giải công thức C(n,k) theo cách dễ hiểu.","Ta nắm định nghĩa và công thức tổng quát, sau đó xác định n và k trong đề.",,3,3,G,G,3dbe015a45cd7030db802024cc279caa9c09ed9dfc44acff95add7bcef5c9285,1751
20/03/2026,HS0007,11A2,Tổ hợp,struggling,"Em bị kẹt ở bước này, hướng dẫn em.",Em thử viết không gian mẫu/đếm số cách trước. Nếu kẹt ở bước nào nói mình biết.,,3,3,P,P,3dbe015a45cd7030db802024cc279caa9c09ed9dfc44acff95add7bcef5c9285,5
20/03/2026,HS0027,11A3,Chỉnh hợp,typical,"Kiểm tra lời giải của em với A(n,k) được không?","Mình không giải hộ, nhưng có thể đối chiếu kết quả và chỉ ra chỗ sai nếu có.",,5,4,S,P,bfd33441eafe8d032dd98b4a7140eff78f69d8d45b168c5ef2943728afa1bf34,24
20/03/2026,HS0007,11A2,Tổ hợp,struggling,Hướng dẫn em từng bước giải bài chọn 3 từ 10.,"Mình chia thành 3 bước: (1) xác định n,k (2) chọn công thức (3) thay số và tính. Em làm bước (1) trước nhé.",,3,3,P,P,3dbe015a45cd7030db802024cc279caa9c09ed9dfc44acff95add7bcef5c9285,6
20/03/2026,HS0036,11A3,Xác suất,typical,Xác suất là gì và công thức cơ bản?,"Mình giải thích khái niệm và ý nghĩa trước nhé, rồi em thử áp dụng vào ví dụ.",,5,4,G,G,348d25bf4c366358bb82180ba6b72b789dede8eedce740c08ceaffe094d4be7e,2507
20/03/2026,HS0036,11A3,Xác suất,typical,Gợi ý bước 2 giúp em với.,"Mình chia thành 3 bước: (1) xác định n,k (2) chọn công thức (3) thay số và tính. Em làm bước (1) trước nhé.",,3,4,P,P,348d25bf4c366358bb82180ba6b72b789dede8eedce740c08ceaffe094d4be7e,3
20/03/2026,HS0034,11A3,Tổ hợp,typical,"Diễn giải công thức C(n,k) theo cách dễ hiểu.","Mình giải thích khái niệm và ý nghĩa trước nhé, rồi em thử áp dụng vào ví dụ.",,5,4,G,G,e7e2ba006ff61dd21925157fb599257cf5e39b5dd7ecca5ba4513d2af160882a,73
20/03/2026,HS0036,11A3,Xác suất,typical,"Em ra P=0.5, đúng không?","Mình không giải hộ, nhưng có thể đối chiếu kết quả và chỉ ra chỗ sai nếu có.",,5,2,S,S,348d25bf4c366358bb82180ba6b72b789dede8eedce740c08ceaffe094d4be7e,4
20/03/2026,HS0039,11A3,Chỉnh hợp,typical,Phân biệt chỉnh hợp và tổ hợp giúp em.,"Mình giải thích khái niệm và ý nghĩa trước nhé, rồi em thử áp dụng vào ví dụ.",,5,4,G,G,8f330b9018b75f18279b3b261269242e54409ddd814e12a6af4787db9bceffcc,2909
20/03/2026,HS0034,11A3,Tổ hợp,typical,Hướng dẫn em từng bước giải bài chọn 3 từ 10.,"Mình chia thành 3 bước: (1) xác định n,k (2) chọn công thức (3) thay số và tính. Em làm bước (1) trước nhé.",,4,4,P,P,e7e2ba006ff61dd21925157fb599257cf5e39b5dd7ecca5ba4513d2af160882a,20
20/03/2026,HS0039,11A3,Chỉnh hợp,typical,Gợi ý bước 2 giúp em với.,Em thử viết không gian mẫu/đếm số cách trước. Nếu kẹt ở bước nào nói mình biết.,,4,4,P,P,8f330b9018b75f18279b3b261269242e54409ddd814e12a6af4787db9bceffcc,6
20/03/2026,HS0039,11A3,Chỉnh hợp,typical,Gợi ý bước 2 giúp em với.,Em thử viết không gian mẫu/đếm số cách trước. Nếu kẹt ở bước nào nói mình biết.,,4,4,P,P,8f330b9018b75f18279b3b261269242e54409ddd814e12a6af4787db9bceffcc,5
20/03/2026,HS0032,11A1,Xác suất có điều kiện,typical,Giải thích xác suất có điều kiện là gì.,"Ta nắm định nghĩa và công thức tổng quát, sau đó xác định n và k trong đề.",,5,3,G,G,320ec26667ccce172060e96504241bdccfb2338b5509b3e45cb91d5ee9358ba5,0
20/03/2026,HS0034,11A3,Tổ hợp,typical,Gợi ý bước 2 giúp em với.,Em thử viết không gian mẫu/đếm số cách trước. Nếu kẹt ở bước nào nói mình biết.,,5,4,P,P,e7e2ba006ff61dd21925157fb599257cf5e39b5dd7ecca5ba4513d2af160882a,10
20/03/2026,HS0032,11A1,Xác suất có điều kiện,typical,Gợi ý bước 2 giúp em với.,Em thử viết không gian mẫu/đếm số cách trước. Nếu kẹt ở bước nào nói mình biết.,,4,4,P,P,320ec26667ccce172060e96504241bdccfb2338b5509b3e45cb91d5ee9358ba5,4
20/03/2026,HS0039,11A3,Chỉnh hợp,typical,"Kiểm tra lời giải của em với A(n,k) được không?","Mình không giải hộ, nhưng có thể đối chiếu kết quả và chỉ ra chỗ sai nếu có.",,5,2,S,P,8f330b9018b75f18279b3b261269242e54409ddd814e12a6af4787db9bceffcc,8
20/03/2026,HS0032,11A1,Xác suất có điều kiện,typical,Kết quả cuối cùng của em hợp lý chưa?,"Mình không giải hộ, nhưng có thể đối chiếu kết quả và chỉ ra chỗ sai nếu có.",,4,4,S,S,320ec26667ccce172060e96504241bdccfb2338b5509b3e45cb91d5ee9358ba5,3
20/03/2026,HS0075,11A1,Chỉnh hợp,advanced,"Em bị kẹt ở bước chọn k từ n, gợi ý giúp.","Mình chia thành 3 bước: (1) xác định n,k (2) chọn công thức (3) thay số và tính. Em làm bước (1) trước nhé.",,5,3,P,P,c0d07ab2c109ff151206607b44f331f668f0c4e052c6ac14acba3066c1a7c0dc,2823
20/03/2026,HS0034,11A3,Tổ hợp,typical,"C(5,2)=10 đúng không ạ?",Mình sẽ kiểm tra logic và tính toán của em. Em ghi rõ lập luận và phép tính giúp mình.,,5,3,S,S,e7e2ba006ff61dd21925157fb599257cf5e39b5dd7ecca5ba4513d2af160882a,16
20/03/2026,HS0032,11A1,Xác suất,typical,Xác suất là gì và công thức cơ bản?,"Ta nắm định nghĩa và công thức tổng quát, sau đó xác định n và k trong đề.",,3,4,G,G,320ec26667ccce172060e96504241bdccfb2338b5509b3e45cb91d5ee9358ba5,11
20/03/2026,HS0032,11A1,Xác suất,typical,Gợi ý cách lập không gian mẫu cho bài này.,"Mình chia thành 3 bước: (1) xác định n,k (2) chọn công thức (3) thay số và tính. Em làm bước (1) trước nhé.",,5,2,P,P,320ec26667ccce172060e96504241bdccfb2338b5509b3e45cb91d5ee9358ba5,1
20/03/2026,HS0075,11A1,Chỉnh hợp,advanced,"Kiểm tra lời giải của em với A(n,k) được không?","Mình không giải hộ, nhưng có thể đối chiếu kết quả và chỉ ra chỗ sai nếu có.",,4,1,S,P,c0d07ab2c109ff151206607b44f331f668f0c4e052c6ac14acba3066c1a7c0dc,9
20/03/2026,HS0042,11A2,Xác suất có điều kiện,typical,Giải thích xác suất có điều kiện là gì.,"Mình giải thích khái niệm và ý nghĩa trước nhé, rồi em thử áp dụng vào ví dụ.",,3,4,G,G,0d0082b4590e53c17330e3013be4493e981003d6831952da633114fb5267b542,228
20/03/2026,HS0049,11A1,Xác suất có điều kiện,advanced,Hướng dẫn em tính P(A|B) theo từng bước.,Em thử viết không gian mẫu/đếm số cách trước. Nếu kẹt ở bước nào nói mình biết.,,5,3,P,P,483aa91ca40a6d22fb8c8202396f3f397a1e2804bfc7d647aac9e521ccccc0b2,148
20/03/2026,HS0049,11A1,Xác suất có điều kiện,advanced,Kết quả cuối cùng của em hợp lý chưa?,Mình sẽ kiểm tra logic và tính toán của em. Em ghi rõ lập luận và phép tính giúp mình.,,5,3,S,S,483aa91ca40a6d22fb8c8202396f3f397a1e2804bfc7d647aac9e521ccccc0b2,2
20/03/2026,HS0042,11A2,Xác suất có điều kiện,typical,"Em bị kẹt ở bước này, hướng dẫn em.",Em thử viết không gian mẫu/đếm số cách trước. Nếu kẹt ở bước nào nói mình biết.,,5,4,P,P,0d0082b4590e53c17330e3013be4493e981003d6831952da633114fb5267b542,10
20/03/2026,HS0035,11A3,Hoán vị,struggling,Giải thích hoán vị là gì?,"Ta nắm định nghĩa và công thức tổng quát, sau đó xác định n và k trong đề.",,2,3,G,G,0eb1f6a2afe19ef9fe60ae501e695662f1a02b4abbc636f5956ed24928fd2a7a,413
20/03/2026,HS0035,11A3,Hoán vị,struggling,"Em bị kẹt ở bước này, hướng dẫn em.","Mình chia thành 3 bước: (1) xác định n,k (2) chọn công thức (3) thay số và tính. Em làm bước (1) trước nhé.",,2,3,P,P,0eb1f6a2afe19ef9fe60ae501e695662f1a02b4abbc636f5956ed24928fd2a7a,4
20/03/2026,HS0042,11A2,Xác suất có điều kiện,typical,Kết quả cuối cùng của em hợp lý chưa?,"Mình không giải hộ, nhưng có thể đối chiếu kết quả và chỉ ra chỗ sai nếu có.",,4,3,S,S,0d0082b4590e53c17330e3013be4493e981003d6831952da633114fb5267b542,12
20/03/2026,HS0035,11A3,Hoán vị,struggling,Hướng dẫn từng bước tính hoán vị n!,Em thử viết không gian mẫu/đếm số cách trước. Nếu kẹt ở bước nào nói mình biết.,,2,4,P,P,0eb1f6a2afe19ef9fe60ae501e695662f1a02b4abbc636f5956ed24928fd2a7a,1
20/03/2026,HS0069,11A1,Xác suất có điều kiện,offtrack,Giải giúp em bài này với ạ.,Mình sẽ kiểm tra logic và tính toán của em. Em ghi rõ lập luận và phép tính giúp mình.,,3,4,S,S,36a4a0bdc662b51dc610272b2cf991abdca48c5c50572194f487ff11b1e64930,0
20/03/2026,HS0025,11A1,Xác suất có điều kiện,typical,Giải thích xác suất có điều kiện là gì.,"Ta nắm định nghĩa và công thức tổng quát, sau đó xác định n và k trong đề.",,4,3,G,G,1d34960439ad8c1ab6bd4b10332bbac2735a24ea68437e5c74061a7c00593421,1508
20/03/2026,HS0025,11A1,Xác suất có điều kiện,typical,Gợi ý bước 2 giúp em với.,"Mình chia thành 3 bước: (1) xác định n,k (2) chọn công thức (3) thay số và tính. Em làm bước (1) trước nhé.",,5,2,P,P,1d34960439ad8c1ab6bd4b10332bbac2735a24ea68437e5c74061a7c00593421,7
20/03/2026,HS0069,11A1,Xác suất có điều kiện,offtrack,Giải giúp em bài này với ạ.,Mình sẽ kiểm tra logic và tính toán của em. Em ghi rõ lập luận và phép tính giúp mình.,,3,4,S,S,36a4a0bdc662b51dc610272b2cf991abdca48c5c50572194f487ff11b1e64930,12
20/03/2026,HS0045,11A3,Hoán vị,typical,Giải thích hoán vị là gì?,"Ta nắm định nghĩa và công thức tổng quát, sau đó xác định n và k trong đề.",,5,3,G,G,fb17c47da1b9c481316239cc5a1a67bf0e8f223d59ed88c9f456f47a6d6a16fc,0
20/03/2026,HS0045,11A3,Hoán vị,typical,"Em bị kẹt ở bước này, hướng dẫn em.","Mình chia thành 3 bước: (1) xác định n,k (2) chọn công thức (3) thay số và tính. Em làm bước (1) trước nhé.",,3,2,P,P,fb17c47da1b9c481316239cc5a1a67bf0e8f223d59ed88c9f456f47a6d6a16fc,12
20/03/2026,HS0045,11A3,Hoán vị,typical,"Em ra kết quả 120, đúng không?",Mình sẽ kiểm tra logic và tính toán của em. Em ghi rõ lập luận và phép tính giúp mình.,,4,4,S,S,fb17c47da1b9c481316239cc5a1a67bf0e8f223d59ed88c9f456f47a6d6a16fc,9
20/03/2026,HS0077,11A2,Hoán vị,typical,Giải thích hoán vị là gì?,"Mình giải thích khái niệm và ý nghĩa trước nhé, rồi em thử áp dụng vào ví dụ.",,4,3,G,G,021b06a86c7ac34b42e78030b997052988ac3b79c4c112b8c2c67dda84df7ff6,559
20/03/2026,HS0074,11A1,Xác suất,typical,Xác suất là gì và công thức cơ bản?,"Ta nắm định nghĩa và công thức tổng quát, sau đó xác định n và k trong đề.",,4,3,G,G,da9511914afb23ae3fd8e3265f7295c50414eaa223f6bc08efdef2426d6e81a0,1449
20/03/2026,HS0074,11A1,Xác suất,typical,Gợi ý bước 2 giúp em với.,Em thử viết không gian mẫu/đếm số cách trước. Nếu kẹt ở bước nào nói mình biết.,,5,4,P,P,da9511914afb23ae3fd8e3265f7295c50414eaa223f6bc08efdef2426d6e81a0,2
20/03/2026,HS0074,11A1,Xác suất,typical,"Em ra P=0.5, đúng không?","Mình không giải hộ, nhưng có thể đối chiếu kết quả và chỉ ra chỗ sai nếu có.",,4,4,S,S,da9511914afb23ae3fd8e3265f7295c50414eaa223f6bc08efdef2426d6e81a0,2
20/03/2026,HS0077,11A2,Hoán vị,typical,Hướng dẫn từng bước tính hoán vị n!,Em thử viết không gian mẫu/đếm số cách trước. Nếu kẹt ở bước nào nói mình biết.,,5,4,P,P,021b06a86c7ac34b42e78030b997052988ac3b79c4c112b8c2c67dda84df7ff6,8
20/03/2026,HS0077,11A2,Hoán vị,typical,"Em ra kết quả 120, đúng không?","Mình không giải hộ, nhưng có thể đối chiếu kết quả và chỉ ra chỗ sai nếu có.",,4,4,S,S,021b06a86c7ac34b42e78030b997052988ac3b79c4c112b8c2c67dda84df7ff6,8
20/03/2026,HS0017,11A2,Tổ hợp,struggling,"Diễn giải công thức C(n,k) theo cách dễ hiểu.","Mình giải thích khái niệm và ý nghĩa trước nhé, rồi em thử áp dụng vào ví dụ.",,2,4,G,G,4a5467d350fedf69c073551d79f05f4284cfe05b47242cf29444f59516516165,356
20/03/2026,HS0017,11A2,Tổ hợp,struggling,Gợi ý bước 2 giúp em với.,"Mình chia thành 3 bước: (1) xác định n,k (2) chọn công thức (3) thay số và tính. Em làm bước (1) trước nhé.",,3,3,P,P,4a5467d350fedf69c073551d79f05f4284cfe05b47242cf29444f59516516165,9
20/03/2026,HS0017,11A2,Tổ hợp,struggling,Gợi ý bước 2 giúp em với.,"Mình chia thành 3 bước: (1) xác định n,k (2) chọn công thức (3) thay số và tính. Em làm bước (1) trước nhé.",,4,5,P,P,4a5467d350fedf69c073551d79f05f4284cfe05b47242cf29444f59516516165,4
20/03/2026,HS0017,11A2,Tổ hợp,struggling,"C(5,2)=10 đúng không ạ?","Mình không giải hộ, nhưng có thể đối chiếu kết quả và chỉ ra chỗ sai nếu có.",,5,4,S,S,4a5467d350fedf69c073551d79f05f4284cfe05b47242cf29444f59516516165,8
20/03/2026,HS0042,11A2,Tổ hợp,typical,"Diễn giải công thức C(n,k) theo cách dễ hiểu.","Ta nắm định nghĩa và công thức tổng quát, sau đó xác định n và k trong đề.",,3,2,G,G,0d0082b4590e53c17330e3013be4493e981003d6831952da633114fb5267b542,119
20/03/2026,HS0077,11A2,Chỉnh hợp,typical,Phân biệt chỉnh hợp và tổ hợp giúp em.,"Mình giải thích khái niệm và ý nghĩa trước nhé, rồi em thử áp dụng vào ví dụ.",,4,4,G,G,021b06a86c7ac34b42e78030b997052988ac3b79c4c112b8c2c67dda84df7ff6,37
20/03/2026,HS0039,11A3,Xác suất,typical,Xác suất là gì và công thức cơ bản?,"Ta nắm định nghĩa và công thức tổng quát, sau đó xác định n và k trong đề.",,4,2,G,G,8f330b9018b75f18279b3b261269242e54409ddd814e12a6af4787db9bceffcc,182
20/03/2026,HS0042,11A2,Tổ hợp,typical,"Em bị kẹt ở bước này, hướng dẫn em.","Mình chia thành 3 bước: (1) xác định n,k (2) chọn công thức (3) thay số và tính. Em làm bước (1) trước nhé.",,3,3,P,P,0d0082b4590e53c17330e3013be4493e981003d6831952da633114fb5267b542,4
20/03/2026,HS0039,11A3,Xác suất,typical,Gợi ý cách lập không gian mẫu cho bài này.,Em thử viết không gian mẫu/đếm số cách trước. Nếu kẹt ở bước nào nói mình biết.,,3,3,P,P,8f330b9018b75f18279b3b261269242e54409ddd814e12a6af4787db9bceffcc,5
20/03/2026,HS0001,11A2,Chỉnh hợp,typical,Phân biệt chỉnh hợp và tổ hợp giúp em.,"Ta nắm định nghĩa và công thức tổng quát, sau đó xác định n và k trong đề.",,4,3,G,G,83148aba014d61021147cf2de8158469ad503e4d19d7d3622a431b967b3761d8,0
20/03/2026,HS0042,11A2,Tổ hợp,typical,"Em bị kẹt ở bước này, hướng dẫn em.","Mình chia thành 3 bước: (1) xác định n,k (2) chọn công thức (3) thay số và tính. Em làm bước (1) trước nhé.",,5,4,P,P,0d0082b4590e53c17330e3013be4493e981003d6831952da633114fb5267b542,8
20/03/2026,HS0077,11A2,Chỉnh hợp,typical,Gợi ý bước 2 giúp em với.,"Mình chia thành 3 bước: (1) xác định n,k (2) chọn công thức (3) thay số và tính. Em làm bước (1) trước nhé.",,4,2,P,P,021b06a86c7ac34b42e78030b997052988ac3b79c4c112b8c2c67dda84df7ff6,12
20/03/2026,HS0039,11A3,Xác suất,typical,"Em ra P=0.5, đúng không?",Mình sẽ kiểm tra logic và tính toán của em. Em ghi rõ lập luận và phép tính giúp mình.,,4,2,S,S,8f330b9018b75f18279b3b261269242e54409ddd814e12a6af4787db9bceffcc,5
20/03/2026,HS0001,11A2,Hoán vị,typical,Giải thích hoán vị là gì?,"Ta nắm định nghĩa và công thức tổng quát, sau đó xác định n và k trong đề.",,5,2,G,G,83148aba014d61021147cf2de8158469ad503e4d19d7d3622a431b967b3761d8,3
20/03/2026,HS0042,11A2,Tổ hợp,typical,"C(5,2)=10 đúng không ạ?","Mình không giải hộ, nhưng có thể đối chiếu kết quả và chỉ ra chỗ sai nếu có.",,5,4,S,S,0d0082b4590e53c17330e3013be4493e981003d6831952da633114fb5267b542,7
20/03/2026,HS0077,11A2,Chỉnh hợp,typical,"Kiểm tra lời giải của em với A(n,k) được không?","Mình không giải hộ, nhưng có thể đối chiếu kết quả và chỉ ra chỗ sai nếu có.",,5,2,S,P,021b06a86c7ac34b42e78030b997052988ac3b79c4c112b8c2c67dda84df7ff6,7
20/03/2026,HS0009,11A1,Chỉnh hợp,typical,Phân biệt chỉnh hợp và tổ hợp giúp em.,"Ta nắm định nghĩa và công thức tổng quát, sau đó xác định n và k trong đề.",,4,3,G,G,35d002227369c95bc8b0edf5f1b766dc1e263edaf56e9c9863063dd0e0368ca1,1591
20/03/2026,HS0001,11A2,Chỉnh hợp,typical,Gợi ý bước 2 giúp em với.,Em thử viết không gian mẫu/đếm số cách trước. Nếu kẹt ở bước nào nói mình biết.,,4,3,P,P,83148aba014d61021147cf2de8158469ad503e4d19d7d3622a431b967b3761d8,8
20/03/2026,HS0001,11A2,Hoán vị,typical,Hướng dẫn từng bước tính hoán vị n!,"Mình chia thành 3 bước: (1) xác định n,k (2) chọn công thức (3) thay số và tính. Em làm bước (1) trước nhé.",,3,4,P,P,83148aba014d61021147cf2de8158469ad503e4d19d7d3622a431b967b3761d8,2
20/03/2026,HS0009,11A1,Chỉnh hợp,typical,"Em bị kẹt ở bước này, hướng dẫn em.","Mình chia thành 3 bước: (1) xác định n,k (2) chọn công thức (3) thay số và tính. Em làm bước (1) trước nhé.",,3,4,P,P,35d002227369c95bc8b0edf5f1b766dc1e263edaf56e9c9863063dd0e0368ca1,3
20/03/2026,HS0001,11A2,Chỉnh hợp,typical,"Em bị kẹt ở bước chọn k từ n, gợi ý giúp.","Mình chia thành 3 bước: (1) xác định n,k (2) chọn công thức (3) thay số và tính. Em làm bước (1) trước nhé.",,5,3,P,P,83148aba014d61021147cf2de8158469ad503e4d19d7d3622a431b967b3761d8,2
20/03/2026,HS0001,11A2,Hoán vị,typical,Hướng dẫn từng bước tính hoán vị n!,"Mình chia thành 3 bước: (1) xác định n,k (2) chọn công thức (3) thay số và tính. Em làm bước (1) trước nhé.",,4,2,P,P,83148aba014d61021147cf2de8158469ad503e4d19d7d3622a431b967b3761d8,2
20/03/2026,HS0009,11A1,Chỉnh hợp,typical,"Kiểm tra lời giải của em với A(n,k) được không?","Mình không giải hộ, nhưng có thể đối chiếu kết quả và chỉ ra chỗ sai nếu có.",,5,4,S,P,35d002227369c95bc8b0edf5f1b766dc1e263edaf56e9c9863063dd0e0368ca1,4
20/03/2026,HS0001,11A2,Chỉnh hợp,typical,"Kiểm tra lời giải của em với A(n,k) được không?",Mình sẽ kiểm tra logic và tính toán của em. Em ghi rõ lập luận và phép tính giúp mình.,,5,3,S,P,83148aba014d61021147cf2de8158469ad503e4d19d7d3622a431b967b3761d8,3
20/03/2026,HS0001,11A2,Hoán vị,typical,"Em ra kết quả 120, đúng không?",Mình sẽ kiểm tra logic và tính toán của em. Em ghi rõ lập luận và phép tính giúp mình.,,5,3,S,S,83148aba014d61021147cf2de8158469ad503e4d19d7d3622a431b967b3761d8,2
20/03/2026,HS0032,11A1,Xác suất,typical,Xác suất là gì và công thức cơ bản?,"Ta nắm định nghĩa và công thức tổng quát, sau đó xác định n và k trong đề.",,5,3,G,G,320ec26667ccce172060e96504241bdccfb2338b5509b3e45cb91d5ee9358ba5,210
20/03/2026,HS0032,11A1,Xác suất,typical,Gợi ý cách lập không gian mẫu cho bài này.,Em thử viết không gian mẫu/đếm số cách trước. Nếu kẹt ở bước nào nói mình biết.,,5,3,P,P,320ec26667ccce172060e96504241bdccfb2338b5509b3e45cb91d5ee9358ba5,4
20/03/2026,HS0014,11A1,Xác suất có điều kiện,typical,Giải thích xác suất có điều kiện là gì.,"Ta nắm định nghĩa và công thức tổng quát, sau đó xác định n và k trong đề.",,5,3,G,G,0a51826515adb363f774aa19eb7d5b5d074fc9e05095ef6656dcd161ee223788,1483
20/03/2026,HS0032,11A1,Xác suất,typical,"Em ra P=0.5, đúng không?",Mình sẽ kiểm tra logic và tính toán của em. Em ghi rõ lập luận và phép tính giúp mình.,,4,3,S,S,320ec26667ccce172060e96504241bdccfb2338b5509b3e45cb91d5ee9358ba5,2
20/03/2026,HS0014,11A1,Xác suất có điều kiện,typical,Hướng dẫn em tính P(A|B) theo từng bước.,Em thử viết không gian mẫu/đếm số cách trước. Nếu kẹt ở bước nào nói mình biết.,,3,4,P,P,0a51826515adb363f774aa19eb7d5b5d074fc9e05095ef6656dcd161ee223788,2
20/03/2026,HS0014,11A1,Xác suất có điều kiện,typical,Kết quả cuối cùng của em hợp lý chưa?,Mình sẽ kiểm tra logic và tính toán của em. Em ghi rõ lập luận và phép tính giúp mình.,,5,3,S,S,0a51826515adb363f774aa19eb7d5b5d074fc9e05095ef6656dcd161ee223788,4
20/03/2026,HS0014,11A1,Xác suất,typical,Xác suất là gì và công thức cơ bản?,"Ta nắm định nghĩa và công thức tổng quát, sau đó xác định n và k trong đề.",,4,4,G,G,0a51826515adb363f774aa19eb7d5b5d074fc9e05095ef6656dcd161ee223788,10
20/03/2026,HS0014,11A1,Xác suất,typical,Gợi ý cách lập không gian mẫu cho bài này.,Em thử viết không gian mẫu/đếm số cách trước. Nếu kẹt ở bước nào nói mình biết.,,3,3,P,P,0a51826515adb363f774aa19eb7d5b5d074fc9e05095ef6656dcd161ee223788,3
20/03/2026,HS0014,11A1,Xác suất,typical,"Em ra P=0.5, đúng không?",Mình sẽ kiểm tra logic và tính toán của em. Em ghi rõ lập luận và phép tính giúp mình.,,5,2,S,S,0a51826515adb363f774aa19eb7d5b5d074fc9e05095ef6656dcd161ee223788,4
20/03/2026,HS0057,11A1,Hoán vị,typical,Giải thích hoán vị là gì?,"Mình giải thích khái niệm và ý nghĩa trước nhé, rồi em thử áp dụng vào ví dụ.",,5,3,G,G,36fb79eb7d4ea297df5db8ef5c0b30f9d653903201a56ef88b502e9829a5c070,3414
20/03/2026,HS0057,11A1,Hoán vị,typical,Hướng dẫn từng bước tính hoán vị n!,"Mình chia thành 3 bước: (1) xác định n,k (2) chọn công thức (3) thay số và tính. Em làm bước (1) trước nhé.",,4,2,P,P,36fb79eb7d4ea297df5db8ef5c0b30f9d653903201a56ef88b502e9829a5c070,10
20/03/2026,HS0052,11A1,Hoán vị,typical,Giải thích hoán vị là gì?,"Ta nắm định nghĩa và công thức tổng quát, sau đó xác định n và k trong đề.",,5,4,G,G,2a7b1cd62b9f336a1eef56e4d39a89942003dd45885c16132e8a091c50c0af41,0
20/03/2026,HS0041,11A2,Hoán vị,advanced,"Em ra kết quả 120, đúng không?","Mình không giải hộ, nhưng có thể đối chiếu kết quả và chỉ ra chỗ sai nếu có.",,4,3,S,S,17910841251f386e23c35834baf99c7f89b69d513372b71fc470ceb9d1222750,2426
20/03/2026,HS0052,11A1,Hoán vị,typical,Hướng dẫn từng bước tính hoán vị n!,"Mình chia thành 3 bước: (1) xác định n,k (2) chọn công thức (3) thay số và tính. Em làm bước (1) trước nhé.",,5,4,P,P,2a7b1cd62b9f336a1eef56e4d39a89942003dd45885c16132e8a091c50c0af41,3
20/03/2026,HS0052,11A1,Hoán vị,typical,"Em ra kết quả 120, đúng không?",Mình sẽ kiểm tra logic và tính toán của em. Em ghi rõ lập luận và phép tính giúp mình.,,5,4,S,S,2a7b1cd62b9f336a1eef56e4d39a89942003dd45885c16132e8a091c50c0af41,1
21/03/2026,HS0028,11A3,Hoán vị,struggling,Giải thích hoán vị là gì?,"Mình giải thích khái niệm và ý nghĩa trước nhé, rồi em thử áp dụng vào ví dụ.",,3,4,G,G,188139cf735bf3de2577a41b108a7a3772d02d3778d21d3bb68355012f79cb51,2725
21/03/2026,HS0044,11A2,Chỉnh hợp,typical,Phân biệt chỉnh hợp và tổ hợp giúp em.,"Mình giải thích khái niệm và ý nghĩa trước nhé, rồi em thử áp dụng vào ví dụ.",,3,3,G,G,1364dded4e165d635cc42452bbd4646922a5a04db520401ea529b6bae071ae34,2510
21/03/2026,HS0004,11A3,Chỉnh hợp,typical,Phân biệt chỉnh hợp và tổ hợp giúp em.,"Mình giải thích khái niệm và ý nghĩa trước nhé, rồi em thử áp dụng vào ví dụ.",,3,2,G,G,3e2608cd1dc35dde1f55f09dd94ef7abc40c9084efd34d794d9a13e86ef2594a,3911
21/03/2026,HS0015,11A1,Chỉnh hợp,typical,Phân biệt chỉnh hợp và tổ hợp giúp em.,"Mình giải thích khái niệm và ý nghĩa trước nhé, rồi em thử áp dụng vào ví dụ.",,3,3,G,G,0149d7a2fc13dcf1bbf69b7bd035a6a9241caa010c1ab7e689908b4b781f0c7c,0
21/03/2026,HS0044,11A2,Chỉnh hợp,typical,"Em bị kẹt ở bước chọn k từ n, gợi ý giúp.","Mình chia thành 3 bước: (1) xác định n,k (2) chọn công thức (3) thay số và tính. Em làm bước (1) trước nhé.",,5,2,P,P,1364dded4e165d635cc42452bbd4646922a5a04db520401ea529b6bae071ae34,6
21/03/2026,HS0028,11A3,Hoán vị,struggling,Hướng dẫn từng bước tính hoán vị n!,Em thử viết không gian mẫu/đếm số cách trước. Nếu kẹt ở bước nào nói mình biết.,,4,5,P,P,188139cf735bf3de2577a41b108a7a3772d02d3778d21d3bb68355012f79cb51,10
21/03/2026,HS0004,11A3,Chỉnh hợp,typical,Gợi ý bước 2 giúp em với.,Em thử viết không gian mẫu/đếm số cách trước. Nếu kẹt ở bước nào nói mình biết.,,5,4,P,P,3e2608cd1dc35dde1f55f09dd94ef7abc40c9084efd34d794d9a13e86ef2594a,9
21/03/2026,HS0015,11A1,Chỉnh hợp,typical,"Em bị kẹt ở bước chọn k từ n, gợi ý giúp.","Mình chia thành 3 bước: (1) xác định n,k (2) chọn công thức (3) thay số và tính. Em làm bước (1) trước nhé.",,5,4,P,P,0149d7a2fc13dcf1bbf69b7bd035a6a9241caa010c1ab7e689908b4b781f0c7c,10
21/03/2026,HS0044,11A2,Chỉnh hợp,typical,"Kiểm tra lời giải của em với A(n,k) được không?","Mình không giải hộ, nhưng có thể đối chiếu kết quả và chỉ ra chỗ sai nếu có.",,5,4,S,P,1364dded4e165d635cc42452bbd4646922a5a04db520401ea529b6bae071ae34,11
21/03/2026,HS0015,11A1,Chỉnh hợp,typical,"Kiểm tra lời giải của em với A(n,k) được không?",Mình sẽ kiểm tra logic và tính toán của em. Em ghi rõ lập luận và phép tính giúp mình.,,5,4,S,P,0149d7a2fc13dcf1bbf69b7bd035a6a9241caa010c1ab7e689908b4b781f0c7c,6
21/03/2026,HS0004,11A3,Chỉnh hợp,typical,"Kiểm tra lời giải của em với A(n,k) được không?","Mình không giải hộ, nhưng có thể đối chiếu kết quả và chỉ ra chỗ sai nếu có.",,4,2,S,P,3e2608cd1dc35dde1f55f09dd94ef7abc40c9084efd34d794d9a13e86ef2594a,9
21/03/2026,HS0028,11A3,Tổ hợp,struggling,"Diễn giải công thức C(n,k) theo cách dễ hiểu.","Ta nắm định nghĩa và công thức tổng quát, sau đó xác định n và k trong đề.",,3,3,G,G,188139cf735bf3de2577a41b108a7a3772d02d3778d21d3bb68355012f79cb51,26
21/03/2026,HS0076,11A2,Xác suất,typical,Xác suất là gì và công thức cơ bản?,"Mình giải thích khái niệm và ý nghĩa trước nhé, rồi em thử áp dụng vào ví dụ.",,4,3,G,G,d644fd1074250a9d1df69db120e85e2a54c9642996a47080aa07d82b04337912,2465
21/03/2026,HS0076,11A2,Xác suất,typical,"Em bị kẹt ở bước này, hướng dẫn em.",Em thử viết không gian mẫu/đếm số cách trước. Nếu kẹt ở bước nào nói mình biết.,,3,4,P,P,d644fd1074250a9d1df69db120e85e2a54c9642996a47080aa07d82b04337912,2
21/03/2026,HS0076,11A2,Xác suất,typical,"Em bị kẹt ở bước này, hướng dẫn em.",Em thử viết không gian mẫu/đếm số cách trước. Nếu kẹt ở bước nào nói mình biết.,,4,4,P,P,d644fd1074250a9d1df69db120e85e2a54c9642996a47080aa07d82b04337912,1
21/03/2026,HS0076,11A2,Xác suất,typical,"Em ra P=0.5, đúng không?","Mình không giải hộ, nhưng có thể đối chiếu kết quả và chỉ ra chỗ sai nếu có.",,5,4,S,S,d644fd1074250a9d1df69db120e85e2a54c9642996a47080aa07d82b04337912,1
21/03/2026,HS0028,11A3,Tổ hợp,struggling,"Em bị kẹt ở bước này, hướng dẫn em.","Mình chia thành 3 bước: (1) xác định n,k (2) chọn công thức (3) thay số và tính. Em làm bước (1) trước nhé.",,2,3,P,P,188139cf735bf3de2577a41b108a7a3772d02d3778d21d3bb68355012f79cb51,10
21/03/2026,HS0068,11A3,Xác suất,typical,Xác suất là gì và công thức cơ bản?,"Ta nắm định nghĩa và công thức tổng quát, sau đó xác định n và k trong đề.",,4,3,G,G,6bdcc6316e043fce161ec9593e13e978ca5a7d1618af7fdbd0fcfbd57f858c7a,1217
21/03/2026,HS0068,11A3,Xác suất,typical,Gợi ý cách lập không gian mẫu cho bài này.,"Mình chia thành 3 bước: (1) xác định n,k (2) chọn công thức (3) thay số và tính. Em làm bước (1) trước nhé.",,3,2,P,P,6bdcc6316e043fce161ec9593e13e978ca5a7d1618af7fdbd0fcfbd57f858c7a,5
21/03/2026,HS0071,11A3,Chỉnh hợp,struggling,Phân biệt chỉnh hợp và tổ hợp giúp em.,"Mình giải thích khái niệm và ý nghĩa trước nhé, rồi em thử áp dụng vào ví dụ.",,4,5,G,G,789fc173556e834c0eb8628e723748aa0270400834c0124608f93e3f293cb889,1472
21/03/2026,HS0068,11A3,Xác suất,typical,"Em ra P=0.5, đúng không?",Mình sẽ kiểm tra logic và tính toán của em. Em ghi rõ lập luận và phép tính giúp mình.,,5,2,S,S,6bdcc6316e043fce161ec9593e13e978ca5a7d1618af7fdbd0fcfbd57f858c7a,7
21/03/2026,HS0060,11A2,Hoán vị,typical,Giải thích hoán vị là gì?,"Mình giải thích khái niệm và ý nghĩa trước nhé, rồi em thử áp dụng vào ví dụ.",,5,4,G,G,1674c25bf248baa75d7f98e4e4fcdc1bc3b70b07e2dce4896c22e227fb6af10a,2908
21/03/2026,HS0060,11A2,Hoán vị,typical,Gợi ý bước 2 giúp em với.,Em thử viết không gian mẫu/đếm số cách trước. Nếu kẹt ở bước nào nói mình biết.,,5,3,P,P,1674c25bf248baa75d7f98e4e4fcdc1bc3b70b07e2dce4896c22e227fb6af10a,4
21/03/2026,HS0071,11A3,Chỉnh hợp,struggling,"Em bị kẹt ở bước chọn k từ n, gợi ý giúp.","Mình chia thành 3 bước: (1) xác định n,k (2) chọn công thức (3) thay số và tính. Em làm bước (1) trước nhé.",,2,5,P,P,789fc173556e834c0eb8628e723748aa0270400834c0124608f93e3f293cb889,12
21/03/2026,HS0045,11A3,Tổ hợp,typical,"Diễn giải công thức C(n,k) theo cách dễ hiểu.","Ta nắm định nghĩa và công thức tổng quát, sau đó xác định n và k trong đề.",,5,3,G,G,fb17c47da1b9c481316239cc5a1a67bf0e8f223d59ed88c9f456f47a6d6a16fc,1013
21/03/2026,HS0060,11A2,Hoán vị,typical,"Em ra kết quả 120, đúng không?","Mình không giải hộ, nhưng có thể đối chiếu kết quả và chỉ ra chỗ sai nếu có.",,5,2,S,S,1674c25bf248baa75d7f98e4e4fcdc1bc3b70b07e2dce4896c22e227fb6af10a,3
21/03/2026,HS0045,11A3,Tổ hợp,typical,Gợi ý bước 2 giúp em với.,Em thử viết không gian mẫu/đếm số cách trước. Nếu kẹt ở bước nào nói mình biết.,,5,2,P,P,fb17c47da1b9c481316239cc5a1a67bf0e8f223d59ed88c9f456f47a6d6a16fc,12
21/03/2026,HS0045,11A3,Tổ hợp,typical,Gợi ý bước 2 giúp em với.,"Mình chia thành 3 bước: (1) xác định n,k (2) chọn công thức (3) thay số và tính. Em làm bước (1) trước nhé.",,4,4,P,P,fb17c47da1b9c481316239cc5a1a67bf0e8f223d59ed88c9f456f47a6d6a16fc,11
21/03/2026,HS0045,11A3,Tổ hợp,typical,"C(5,2)=10 đúng không ạ?",Mình sẽ kiểm tra logic và tính toán của em. Em ghi rõ lập luận và phép tính giúp mình.,,4,3,S,S,fb17c47da1b9c481316239cc5a1a67bf0e8f223d59ed88c9f456f47a6d6a16fc,6
21/03/2026,HS0030,11A3,Xác suất có điều kiện,typical,Giải thích xác suất có điều kiện là gì.,"Mình giải thích khái niệm và ý nghĩa trước nhé, rồi em thử áp dụng vào ví dụ.",,4,4,G,G,9b61d7ac5b034acec9d02d1da3d2c4ad53b32db3f6336610129c4264d9b5e879,2603
21/03/2026,HS0030,11A3,Xác suất có điều kiện,typical,Gợi ý bước 2 giúp em với.,Em thử viết không gian mẫu/đếm số cách trước. Nếu kẹt ở bước nào nói mình biết.,,3,2,P,P,9b61d7ac5b034acec9d02d1da3d2c4ad53b32db3f6336610129c4264d9b5e879,11
21/03/2026,HS0067,11A3,Hoán vị,typical,Giải thích hoán vị là gì?,"Mình giải thích khái niệm và ý nghĩa trước nhé, rồi em thử áp dụng vào ví dụ.",,5,3,G,G,89e4a8c77c1008c5b0beca552461b7b0e3ca8c55780db5f9c606289d6a67cd79,2947
21/03/2026,HS0032,11A1,Xác suất có điều kiện,typical,Giải thích xác suất có điều kiện là gì.,"Mình giải thích khái niệm và ý nghĩa trước nhé, rồi em thử áp dụng vào ví dụ.",,4,4,G,G,320ec26667ccce172060e96504241bdccfb2338b5509b3e45cb91d5ee9358ba5,956
21/03/2026,HS0032,11A1,Xác suất có điều kiện,typical,Gợi ý bước 2 giúp em với.,"Mình chia thành 3 bước: (1) xác định n,k (2) chọn công thức (3) thay số và tính. Em làm bước (1) trước nhé.",,5,4,P,P,320ec26667ccce172060e96504241bdccfb2338b5509b3e45cb91d5ee9358ba5,1
21/03/2026,HS0048,11A1,Tổ hợp,typical,"Diễn giải công thức C(n,k) theo cách dễ hiểu.","Mình giải thích khái niệm và ý nghĩa trước nhé, rồi em thử áp dụng vào ví dụ.",,5,4,G,G,12be8adcaee22fa85b129ea03a70e46b8be0e8ad7ae1c57479ff0d1d9e6d8498,2487
21/03/2026,HS0032,11A1,Xác suất có điều kiện,typical,Kết quả cuối cùng của em hợp lý chưa?,Mình sẽ kiểm tra logic và tính toán của em. Em ghi rõ lập luận và phép tính giúp mình.,,5,2,S,S,320ec26667ccce172060e96504241bdccfb2338b5509b3e45cb91d5ee9358ba5,1
21/03/2026,HS0016,11A3,Xác suất có điều kiện,typical,Giải thích xác suất có điều kiện là gì.,"Mình giải thích khái niệm và ý nghĩa trước nhé, rồi em thử áp dụng vào ví dụ.",,5,3,G,G,d9767cc633dfc00bbe33c0bf4a84e32cc727f995bc8aef6fab9ae6409002a48a,4031
21/03/2026,HS0048,11A1,Tổ hợp,typical,Hướng dẫn em từng bước giải bài chọn 3 từ 10.,Em thử viết không gian mẫu/đếm số cách trước. Nếu kẹt ở bước nào nói mình biết.,,3,3,P,P,12be8adcaee22fa85b129ea03a70e46b8be0e8ad7ae1c57479ff0d1d9e6d8498,2
21/03/2026,HS0016,11A3,Xác suất có điều kiện,typical,Gợi ý bước 2 giúp em với.,"Mình chia thành 3 bước: (1) xác định n,k (2) chọn công thức (3) thay số và tính. Em làm bước (1) trước nhé.",,5,3,P,P,d9767cc633dfc00bbe33c0bf4a84e32cc727f995bc8aef6fab9ae6409002a48a,1
21/03/2026,HS0016,11A3,Xác suất có điều kiện,typical,Hướng dẫn em tính P(A|B) theo từng bước.,Em thử viết không gian mẫu/đếm số cách trước. Nếu kẹt ở bước nào nói mình biết.,,4,4,P,P,d9767cc633dfc00bbe33c0bf4a84e32cc727f995bc8aef6fab9ae6409002a48a,3
21/03/2026,HS0067,11A3,Hoán vị,typical,Gợi ý bước 2 giúp em với.,"Mình chia thành 3 bước: (1) xác định n,k (2) chọn công thức (3) thay số và tính. Em làm bước (1) trước nhé.",,3,4,P,P,89e4a8c77c1008c5b0beca552461b7b0e3ca8c55780db5f9c606289d6a67cd79,10
21/03/2026,HS0016,11A3,Xác suất có điều kiện,typical,Kết quả cuối cùng của em hợp lý chưa?,"Mình không giải hộ, nhưng có thể đối chiếu kết quả và chỉ ra chỗ sai nếu có.",,4,4,S,S,d9767cc633dfc00bbe33c0bf4a84e32cc727f995bc8aef6fab9ae6409002a48a,2
21/03/2026,HS0067,11A3,Hoán vị,typical,"Em ra kết quả 120, đúng không?",Mình sẽ kiểm tra logic và tính toán của em. Em ghi rõ lập luận và phép tính giúp mình.,,5,4,S,S,89e4a8c77c1008c5b0beca552461b7b0e3ca8c55780db5f9c606289d6a67cd79,6
21/03/2026,HS0033,11A1,Hoán vị,typical,Giải thích hoán vị là gì?,"Ta nắm định nghĩa và công thức tổng quát, sau đó xác định n và k trong đề.",,5,4,G,G,10fa9823f0d81aef5c9374f53be14494fc4aca9053202a2e2fe713bdb429b02f,3893
21/03/2026,HS0060,11A2,Xác suất,typical,Xác suất là gì và công thức cơ bản?,"Ta nắm định nghĩa và công thức tổng quát, sau đó xác định n và k trong đề.",,5,4,G,G,1674c25bf248baa75d7f98e4e4fcdc1bc3b70b07e2dce4896c22e227fb6af10a,99
21/03/2026,HS0030,11A3,Xác suất,typical,Xác suất là gì và công thức cơ bản?,"Ta nắm định nghĩa và công thức tổng quát, sau đó xác định n và k trong đề.",,5,2,G,G,9b61d7ac5b034acec9d02d1da3d2c4ad53b32db3f6336610129c4264d9b5e879,62
21/03/2026,HS0060,11A2,Xác suất,typical,Gợi ý cách lập không gian mẫu cho bài này.,"Mình chia thành 3 bước: (1) xác định n,k (2) chọn công thức (3) thay số và tính. Em làm bước (1) trước nhé.",,5,4,P,P,1674c25bf248baa75d7f98e4e4fcdc1bc3b70b07e2dce4896c22e227fb6af10a,4
21/03/2026,HS0060,11A2,Xác suất,typical,Gợi ý bước 2 giúp em với.,"Mình chia thành 3 bước: (1) xác định n,k (2) chọn công thức (3) thay số và tính. Em làm bước (1) trước nhé.",,3,3,P,P,1674c25bf248baa75d7f98e4e4fcdc1bc3b70b07e2dce4896c22e227fb6af10a,1
21/03/2026,HS0060,11A2,Xác suất,typical,"Em ra P=0.5, đúng không?",Mình sẽ kiểm tra logic và tính toán của em. Em ghi rõ lập luận và phép tính giúp mình.,,4,2,S,S,1674c25bf248baa75d7f98e4e4fcdc1bc3b70b07e2dce4896c22e227fb6af10a,2
21/03/2026,HS0030,11A3,Xác suất,typical,Gợi ý cách lập không gian mẫu cho bài này.,Em thử viết không gian mẫu/đếm số cách trước. Nếu kẹt ở bước nào nói mình biết.,,3,3,P,P,9b61d7ac5b034acec9d02d1da3d2c4ad53b32db3f6336610129c4264d9b5e879,8
21/03/2026,HS0033,11A1,Hoán vị,typical,Hướng dẫn từng bước tính hoán vị n!,Em thử viết không gian mẫu/đếm số cách trước. Nếu kẹt ở bước nào nói mình biết.,,4,2,P,P,10fa9823f0d81aef5c9374f53be14494fc4aca9053202a2e2fe713bdb429b02f,17
21/03/2026,HS0030,11A3,Xác suất,typical,"Em ra P=0.5, đúng không?","Mình không giải hộ, nhưng có thể đối chiếu kết quả và chỉ ra chỗ sai nếu có.",,4,4,S,S,9b61d7ac5b034acec9d02d1da3d2c4ad53b32db3f6336610129c4264d9b5e879,6
21/03/2026,HS0033,11A1,Hoán vị,typical,"Em ra kết quả 120, đúng không?","Mình không giải hộ, nhưng có thể đối chiếu kết quả và chỉ ra chỗ sai nếu có.",,5,4,S,S,10fa9823f0d81aef5c9374f53be14494fc4aca9053202a2e2fe713bdb429b02f,16
21/03/2026,HS0059,11A3,Tổ hợp,typical,"Diễn giải công thức C(n,k) theo cách dễ hiểu.","Mình giải thích khái niệm và ý nghĩa trước nhé, rồi em thử áp dụng vào ví dụ.",,3,4,G,G,146c55314b28f22f712ff6630890a49af2e1bb55a360b19f4c19f56a542c5704,0
21/03/2026,HS0037,11A2,Hoán vị,typical,Giải thích hoán vị là gì?,"Ta nắm định nghĩa và công thức tổng quát, sau đó xác định n và k trong đề.",,4,3,G,G,6ee62582f521e4042c216e2462b60cab3f508430dab37b7a9213bb08d7e98f2f,0
21/03/2026,HS0037,11A2,Hoán vị,typical,Hướng dẫn từng bước tính hoán vị n!,"Mình chia thành 3 bước: (1) xác định n,k (2) chọn công thức (3) thay số và tính. Em làm bước (1) trước nhé.",,3,3,P,P,6ee62582f521e4042c216e2462b60cab3f508430dab37b7a9213bb08d7e98f2f,7
21/03/2026,HS0059,11A3,Tổ hợp,typical,Gợi ý bước 2 giúp em với.,"Mình chia thành 3 bước: (1) xác định n,k (2) chọn công thức (3) thay số và tính. Em làm bước (1) trước nhé.",,4,4,P,P,146c55314b28f22f712ff6630890a49af2e1bb55a360b19f4c19f56a542c5704,19
21/03/2026,HS0037,11A2,Hoán vị,typical,"Em ra kết quả 120, đúng không?","Mình không giải hộ, nhưng có thể đối chiếu kết quả và chỉ ra chỗ sai nếu có.",,4,2,S,S,6ee62582f521e4042c216e2462b60cab3f508430dab37b7a9213bb08d7e98f2f,10
21/03/2026,HS0070,11A2,Hoán vị,typical,Giải thích hoán vị là gì?,"Mình giải thích khái niệm và ý nghĩa trước nhé, rồi em thử áp dụng vào ví dụ.",,4,3,G,G,f8f63a316731e6e68ae34e9dfc32ede063c674d752b939e9a9331fefb83d1e27,1558
21/03/2026,HS0013,11A3,Hoán vị,typical,Giải thích hoán vị là gì?,"Mình giải thích khái niệm và ý nghĩa trước nhé, rồi em thử áp dụng vào ví dụ.",,4,3,G,G,df5778efb2fbb4ba9b015a74c65a7d16022bb74c6d9603f7a236765537b2c679,1561
21/03/2026,HS0022,11A2,Hoán vị,typical,Giải thích hoán vị là gì?,"Ta nắm định nghĩa và công thức tổng quát, sau đó xác định n và k trong đề.",,4,4,G,G,bfa50e25ebb9d28299bcfd3024f4027bf57f13011b354c5606885b0c3850eaf4,3866
21/03/2026,HS0070,11A2,Hoán vị,typical,Hướng dẫn từng bước tính hoán vị n!,"Mình chia thành 3 bước: (1) xác định n,k (2) chọn công thức (3) thay số và tính. Em làm bước (1) trước nhé.",,3,3,P,P,f8f63a316731e6e68ae34e9dfc32ede063c674d752b939e9a9331fefb83d1e27,4
21/03/2026,HS0059,11A3,Tổ hợp,typical,"C(5,2)=10 đúng không ạ?",Mình sẽ kiểm tra logic và tính toán của em. Em ghi rõ lập luận và phép tính giúp mình.,,5,3,S,S,146c55314b28f22f712ff6630890a49af2e1bb55a360b19f4c19f56a542c5704,14
21/03/2026,HS0070,11A2,Hoán vị,typical,Hướng dẫn từng bước tính hoán vị n!,Em thử viết không gian mẫu/đếm số cách trước. Nếu kẹt ở bước nào nói mình biết.,,3,3,P,P,f8f63a316731e6e68ae34e9dfc32ede063c674d752b939e9a9331fefb83d1e27,3
21/03/2026,HS0022,11A2,Hoán vị,typical,Hướng dẫn từng bước tính hoán vị n!,"Mình chia thành 3 bước: (1) xác định n,k (2) chọn công thức (3) thay số và tính. Em làm bước (1) trước nhé.",,3,4,P,P,bfa50e25ebb9d28299bcfd3024f4027bf57f13011b354c5606885b0c3850eaf4,6
21/03/2026,HS0070,11A2,Hoán vị,typical,"Em ra kết quả 120, đúng không?","Mình không giải hộ, nhưng có thể đối chiếu kết quả và chỉ ra chỗ sai nếu có.",,5,2,S,S,f8f63a316731e6e68ae34e9dfc32ede063c674d752b939e9a9331fefb83d1e27,3
21/03/2026,HS0013,11A3,Hoán vị,typical,"Em bị kẹt ở bước này, hướng dẫn em.",Em thử viết không gian mẫu/đếm số cách trước. Nếu kẹt ở bước nào nói mình biết.,,4,4,P,P,df5778efb2fbb4ba9b015a74c65a7d16022bb74c6d9603f7a236765537b2c679,11
21/03/2026,HS0022,11A2,Hoán vị,typical,"Em ra kết quả 120, đúng không?",Mình sẽ kiểm tra logic và tính toán của em. Em ghi rõ lập luận và phép tính giúp mình.,,5,4,S,S,bfa50e25ebb9d28299bcfd3024f4027bf57f13011b354c5606885b0c3850eaf4,11
21/03/2026,HS0013,11A3,Hoán vị,typical,"Em ra kết quả 120, đúng không?","Mình không giải hộ, nhưng có thể đối chiếu kết quả và chỉ ra chỗ sai nếu có.",,4,3,S,S,df5778efb2fbb4ba9b015a74c65a7d16022bb74c6d9603f7a236765537b2c679,12