system,session_id,question_id,question,level,trace,n_turns,tutor_turns,student_turns,parsed_turn_ratio,student_tokens,tutor_tokens,token_balance_student_share,tutor_student_token_ratio,student_math,tutor_math,total_math,vai,math_density,student_reasoning_turns,student_reasoning_rate,direct_answer_leakage,non_vietnamese_leakage,reflection_required,reflection_completed,reflection_completion,phase_valid,solve_reached,gps_complete,premature_solve,skipped_guide,skipped_practice,stall,guide_loop,practice_pressure,max_same_phase_run,n_guide,n_practice,n_solve,phase_balance_entropy,degeneracy_flag,answer_dependency_index,autonomy_process_score
Human Pilot (GPS),HUMAN_SES_49b001_HS_AN,1,1,Giỏi,G-P-S,6,3,3,0.8571428571428571,67,69,0.49264705882352944,1.0298507462686568,0,0,0,0.0,0.0,2,0.6666666666666666,0,0,1,0,0,1,1,1,0,0,0,0,0,0,1,1,1,1,1.0,0,0.0,0.6666666666666666
Human Pilot (GPS),HUMAN_SES_836afe_HS_AN,2,2,Giỏi,G-P-S,6,3,3,0.75,66,69,0.4888888888888889,1.0454545454545454,0,0,0,0.0,0.0,3,1.0,0,0,1,0,0,1,1,1,0,0,0,0,0,0,1,1,1,1,1.0,0,0.0,0.75
Human Pilot (GPS),HUMAN_SES_2fde01_HS_AN,3,3,Giỏi,G-P-S,6,3,3,0.75,66,69,0.4888888888888889,1.0454545454545454,0,0,0,0.0,0.0,2,0.6666666666666666,0,0,1,0,0,1,1,1,0,0,0,0,0,0,1,1,1,1,1.0,0,0.0,0.6666666666666666
Human Pilot (GPS),HUMAN_SES_98bf33_HS_AN,4,4,Giỏi,G-P-S,6,3,3,0.75,66,69,0.4888888888888889,1.0454545454545454,0,0,0,0.0,0.0,2,0.6666666666666666,0,0,1,0,0,1,1,1,0,0,0,0,0,0,1,1,1,1,1.0,0,0.0,0.6666666666666666
Human Pilot (GPS),HUMAN_SES_a2a129_HS_AN,5,5,Giỏi,G-P-S,6,3,3,0.8571428571428571,66,69,0.4888888888888889,1.0454545454545454,0,0,0,0.0,0.0,3,1.0,0,0,1,0,0,1,1,1,0,0,0,0,0,0,1,1,1,1,1.0,0,0.0,0.75
Human Pilot (GPS),HUMAN_SES_e05448_HS_AN,6,6,Giỏi,G-P-S,6,3,3,1.0,68,69,0.49635036496350365,1.0147058823529411,0,0,0,0.0,0.0,2,0.6666666666666666,0,0,1,0,0,1,1,1,0,0,0,0,0,0,1,1,1,1,1.0,0,0.0,0.6666666666666666
Human Pilot (GPS),HUMAN_SES_d6f638_HS_AN,7,7,Giỏi,G-P-S,6,3,3,1.0,68,69,0.49635036496350365,1.0147058823529411,0,0,0,0.0,0.0,3,1.0,0,0,1,0,0,1,1,1,0,0,0,0,0,0,1,1,1,1,1.0,0,0.0,0.75
Human Pilot (GPS),HUMAN_SES_58e37f_HS_AN,8,8,Giỏi,G-P-S,6,3,3,1.0,68,69,0.49635036496350365,1.0147058823529411,0,0,0,0.0,0.0,3,1.0,0,0,1,0,0,1,1,1,0,0,0,0,0,0,1,1,1,1,1.0,0,0.0,0.75
Human Pilot (GPS),HUMAN_SES_28f2b8_HS_AN,9,9,Giỏi,G-P-S,6,3,3,1.0,68,69,0.49635036496350365,1.0147058823529411,0,0,0,0.0,0.0,2,0.6666666666666666,0,0,1,0,0,1,1,1,0,0,0,0,0,0,1,1,1,1,1.0,0,0.0,0.6666666666666666
Human Pilot (GPS),HUMAN_SES_255be2_HS_AN,10,10,Giỏi,G-P-S,6,3,3,1.0,66,69,0.4888888888888889,1.0454545454545454,0,0,0,0.0,0.0,2,0.6666666666666666,0,0,1,0,0,1,1,1,0,0,0,0,0,0,1,1,1,1,1.0,0,0.0,0.6666666666666666
Human Pilot (GPS),HUMAN_SES_ea8f4c_HS_AN,11,11,Giỏi,G-P-S,6,3,3,1.0,67,69,0.49264705882352944,1.0298507462686568,0,0,0,0.0,0.0,3,1.0,0,0,1,0,0,1,1,1,0,0,0,0,0,0,1,1,1,1,1.0,0,0.0,0.75
Human Pilot (GPS),HUMAN_SES_45a508_HS_AN,12,12,Giỏi,G-P-S,6,3,3,1.0,66,69,0.4888888888888889,1.0454545454545454,0,0,0,0.0,0.0,2,0.6666666666666666,0,0,1,0,0,1,1,1,0,0,0,0,0,0,1,1,1,1,1.0,0,0.0,0.6666666666666666
Human Pilot (GPS),HUMAN_SES_870555_HS_AN,13,13,Giỏi,G-P-S,6,3,3,1.0,66,69,0.4888888888888889,1.0454545454545454,0,0,0,0.0,0.0,3,1.0,0,0,1,0,0,1,1,1,0,0,0,0,0,0,1,1,1,1,1.0,0,0.0,0.75
Human Pilot (GPS),HUMAN_SES_058aa5_HS_AN,14,14,Giỏi,G-P-S,6,3,3,1.0,68,69,0.49635036496350365,1.0147058823529411,0,0,0,0.0,0.0,3,1.0,0,0,1,0,0,1,1,1,0,0,0,0,0,0,1,1,1,1,1.0,0,0.0,0.75
Human Pilot (GPS),HUMAN_SES_86fb07_HS_AN,15,15,Giỏi,G-P-S,6,3,3,1.0,67,69,0.49264705882352944,1.0298507462686568,0,0,0,0.0,0.0,3,1.0,0,0,1,0,0,1,1,1,0,0,0,0,0,0,1,1,1,1,1.0,0,0.0,0.75
Human Pilot (GPS),HUMAN_SES_549146_HS_AN,16,16,Giỏi,G-P-S,6,3,3,0.75,67,69,0.49264705882352944,1.0298507462686568,0,0,0,0.0,0.0,1,0.3333333333333333,0,0,1,0,0,1,1,1,0,0,0,0,0,0,1,1,1,1,1.0,0,0.0,0.5833333333333333
Human Pilot (GPS),HUMAN_SES_5fd397_HS_AN,17,17,Giỏi,G-P-S,6,3,3,0.6,70,69,0.5035971223021583,0.9857142857142858,0,0,0,0.0,0.0,1,0.3333333333333333,0,0,1,0,0,1,1,1,0,0,0,0,0,0,1,1,1,1,1.0,0,0.0,0.5833333333333333
Human Pilot (GPS),HUMAN_SES_5f6ada_HS_AN,18,18,Giỏi,G-P-S,6,3,3,0.6,70,69,0.5035971223021583,0.9857142857142858,0,0,0,0.0,0.0,2,0.6666666666666666,0,0,1,0,0,1,1,1,0,0,0,0,0,0,1,1,1,1,1.0,0,0.0,0.6666666666666666
Human Pilot (GPS),HUMAN_SES_9bee93_HS_AN,19,19,Giỏi,G-P-S,6,3,3,0.75,67,69,0.49264705882352944,1.0298507462686568,0,0,0,0.0,0.0,1,0.3333333333333333,0,0,1,0,0,1,1,1,0,0,0,0,0,0,1,1,1,1,1.0,0,0.0,0.5833333333333333
Human Pilot (GPS),HUMAN_SES_f3a267_HS_AN,20,20,Giỏi,G-P-S,6,3,3,1.0,67,69,0.49264705882352944,1.0298507462686568,0,0,0,0.0,0.0,2,0.6666666666666666,0,0,1,0,0,1,1,1,0,0,0,0,0,0,1,1,1,1,1.0,0,0.0,0.6666666666666666
Human Pilot (GPS),HUMAN_SES_ef41ef_HS_AN,21,21,Giỏi,G-P-S,6,3,3,1.0,67,69,0.49264705882352944,1.0298507462686568,0,0,0,0.0,0.0,2,0.6666666666666666,0,0,1,0,0,1,1,1,0,0,0,0,0,0,1,1,1,1,1.0,0,0.0,0.6666666666666666
Human Pilot (GPS),HUMAN_SES_9b605e_HS_AN,22,22,Giỏi,G-P-S,6,3,3,0.6666666666666666,68,69,0.49635036496350365,1.0147058823529411,0,0,0,0.0,0.0,1,0.3333333333333333,0,0,1,0,0,1,1,1,0,0,0,0,0,0,1,1,1,1,1.0,0,0.0,0.5833333333333333
Human Pilot (GPS),HUMAN_SES_e71d2f_HS_AN,23,23,Giỏi,G-P-S,6,3,3,0.6,69,69,0.5,1.0,0,0,0,0.0,0.0,1,0.3333333333333333,0,0,1,0,0,1,1,1,0,0,0,0,0,0,1,1,1,1,1.0,0,0.0,0.5833333333333333
Human Pilot (GPS),HUMAN_SES_8e5d68_HS_AN,24,24,Giỏi,G-P-S,6,3,3,1.0,67,69,0.49264705882352944,1.0298507462686568,0,0,0,0.0,0.0,2,0.6666666666666666,0,0,1,0,0,1,1,1,0,0,0,0,0,0,1,1,1,1,1.0,0,0.0,0.6666666666666666
Human Pilot (GPS),HUMAN_SES_7778bd_HS_AN,25,25,Giỏi,G-P-S,6,3,3,1.0,64,69,0.48120300751879697,1.078125,0,0,0,0.0,0.0,2,0.6666666666666666,0,0,1,0,0,1,1,1,0,0,0,0,0,0,1,1,1,1,1.0,0,0.0,0.6666666666666666
Human Pilot (GPS),HUMAN_SES_9dc4da_HS_AN,26,26,Giỏi,G-P-S,6,3,3,0.75,67,69,0.49264705882352944,1.0298507462686568,0,0,0,0.0,0.0,2,0.6666666666666666,0,0,1,0,0,1,1,1,0,0,0,0,0,0,1,1,1,1,1.0,0,0.0,0.6666666666666666
Human Pilot (GPS),HUMAN_SES_740379_HS_AN,27,27,Giỏi,G-P-S,6,3,3,1.0,67,69,0.49264705882352944,1.0298507462686568,0,0,0,0.0,0.0,2,0.6666666666666666,0,0,1,0,0,1,1,1,0,0,0,0,0,0,1,1,1,1,1.0,0,0.0,0.6666666666666666
Human Pilot (GPS),HUMAN_SES_0a3f6a_HS_AN,28,28,Giỏi,G-P-S,6,3,3,0.75,67,69,0.49264705882352944,1.0298507462686568,0,0,0,0.0,0.0,2,0.6666666666666666,0,0,1,0,0,1,1,1,0,0,0,0,0,0,1,1,1,1,1.0,0,0.0,0.6666666666666666
Human Pilot (GPS),HUMAN_SES_2aab23_HS_AN,29,29,Giỏi,G-P-S,6,3,3,1.0,69,69,0.5,1.0,0,0,0,0.0,0.0,2,0.6666666666666666,0,0,1,0,0,1,1,1,0,0,0,0,0,0,1,1,1,1,1.0,0,0.0,0.6666666666666666
Human Pilot (GPS),HUMAN_SES_40d06e_HS_AN,30,30,Giỏi,G-P-S,6,3,3,1.0,67,69,0.49264705882352944,1.0298507462686568,0,0,0,0.0,0.0,2,0.6666666666666666,0,0,1,0,0,1,1,1,0,0,0,0,0,0,1,1,1,1,1.0,0,0.0,0.6666666666666666
Human Pilot (GPS),HUMAN_SES_af38b1_HS_AN,31,31,Giỏi,G-P-S,6,3,3,1.0,68,69,0.49635036496350365,1.0147058823529411,0,0,0,0.0,0.0,2,0.6666666666666666,0,0,1,0,0,1,1,1,0,0,0,0,0,0,1,1,1,1,1.0,0,0.0,0.6666666666666666
Human Pilot (GPS),HUMAN_SES_770694_HS_AN,32,32,Giỏi,G-P-S,6,3,3,1.0,66,69,0.4888888888888889,1.0454545454545454,0,0,0,0.0,0.0,2,0.6666666666666666,0,0,1,0,0,1,1,1,0,0,0,0,0,0,1,1,1,1,1.0,0,0.0,0.6666666666666666
Human Pilot (GPS),HUMAN_SES_18e746_HS_AN,33,33,Giỏi,G-P-S,6,3,3,1.0,69,69,0.5,1.0,0,0,0,0.0,0.0,1,0.3333333333333333,0,0,1,0,0,1,1,1,0,0,0,0,0,0,1,1,1,1,1.0,0,0.0,0.5833333333333333
Human Pilot (GPS),HUMAN_SES_d697e1_HS_AN,34,34,Giỏi,G-P-S,6,3,3,1.0,67,69,0.49264705882352944,1.0298507462686568,0,0,0,0.0,0.0,3,1.0,0,0,1,0,0,1,1,1,0,0,0,0,0,0,1,1,1,1,1.0,0,0.0,0.75
Human Pilot (GPS),HUMAN_SES_d14fc8_HS_AN,35,35,Giỏi,G-P-S,6,3,3,1.0,65,69,0.48507462686567165,1.0615384615384615,0,0,0,0.0,0.0,3,1.0,0,0,1,0,0,1,1,1,0,0,0,0,0,0,1,1,1,1,1.0,0,0.0,0.75
Human Pilot (GPS),HUMAN_SES_5f6f90_HS_AN,36,36,Giỏi,G-P-S,6,3,3,1.0,65,69,0.48507462686567165,1.0615384615384615,0,0,0,0.0,0.0,2,0.6666666666666666,0,0,1,0,0,1,1,1,0,0,0,0,0,0,1,1,1,1,1.0,0,0.0,0.6666666666666666
Human Pilot (GPS),HUMAN_SES_7fe921_HS_AN,37,37,Giỏi,G-P-S,6,3,3,1.0,68,69,0.49635036496350365,1.0147058823529411,0,0,0,0.0,0.0,2,0.6666666666666666,0,0,1,0,0,1,1,1,0,0,0,0,0,0,1,1,1,1,1.0,0,0.0,0.6666666666666666
Human Pilot (GPS),HUMAN_SES_9c1467_HS_AN,38,38,Giỏi,G-P-S,6,3,3,1.0,65,69,0.48507462686567165,1.0615384615384615,0,0,0,0.0,0.0,2,0.6666666666666666,0,0,1,0,0,1,1,1,0,0,0,0,0,0,1,1,1,1,1.0,0,0.0,0.6666666666666666
Human Pilot (GPS),HUMAN_SES_ef0e8a_HS_AN,39,39,Giỏi,G-P-S,6,3,3,1.0,70,69,0.5035971223021583,0.9857142857142858,0,0,0,0.0,0.0,2,0.6666666666666666,0,0,1,0,0,1,1,1,0,0,0,0,0,0,1,1,1,1,1.0,0,0.0,0.6666666666666666
Human Pilot (GPS),HUMAN_SES_8c3667_HS_AN,40,40,Giỏi,G-P-S,6,3,3,1.0,70,69,0.5035971223021583,0.9857142857142858,0,0,0,0.0,0.0,2,0.6666666666666666,0,0,1,0,0,1,1,1,0,0,0,0,0,0,1,1,1,1,1.0,0,0.0,0.6666666666666666
Human Pilot (GPS),HUMAN_SES_3d57fc_HS_AN,41,41,Giỏi,G-P-S,6,3,3,1.0,66,69,0.4888888888888889,1.0454545454545454,0,0,0,0.0,0.0,2,0.6666666666666666,0,0,1,0,0,1,1,1,0,0,0,0,0,0,1,1,1,1,1.0,0,0.0,0.6666666666666666
Human Pilot (GPS),HUMAN_SES_e6f4a4_HS_AN,42,42,Giỏi,G-P-S,6,3,3,0.6,66,69,0.4888888888888889,1.0454545454545454,0,0,0,0.0,0.0,1,0.3333333333333333,0,0,1,0,0,1,1,1,0,0,0,0,0,0,1,1,1,1,1.0,0,0.0,0.5833333333333333
Human Pilot (GPS),HUMAN_SES_d080e3_HS_AN,43,43,Giỏi,G-P-S,6,3,3,0.6666666666666666,66,69,0.4888888888888889,1.0454545454545454,0,0,0,0.0,0.0,3,1.0,0,0,1,0,0,1,1,1,0,0,0,0,0,0,1,1,1,1,1.0,0,0.0,0.75
Human Pilot (GPS),HUMAN_SES_cffde5_HS_AN,44,44,Giỏi,G-P-S,6,3,3,1.0,65,69,0.48507462686567165,1.0615384615384615,0,0,0,0.0,0.0,2,0.6666666666666666,0,0,1,0,0,1,1,1,0,0,0,0,0,0,1,1,1,1,1.0,0,0.0,0.6666666666666666
Human Pilot (GPS),HUMAN_SES_ea08c1_HS_AN,45,45,Giỏi,G-P-S,6,3,3,1.0,65,69,0.48507462686567165,1.0615384615384615,0,0,0,0.0,0.0,2,0.6666666666666666,0,0,1,0,0,1,1,1,0,0,0,0,0,0,1,1,1,1,1.0,0,0.0,0.6666666666666666
Human Pilot (GPS),HUMAN_SES_cffcf5_HS_BINH,1,1,Yếu,G-G-P-P-S,10,5,5,0.7692307692307693,89,114,0.43842364532019706,1.2808988764044944,0,0,0,0.0,0.0,3,0.6,0,0,1,0,0,1,1,1,0,0,0,0,0,0,2,2,2,1,0.9602297178607612,0,0.0,0.65
Human Pilot (GPS),HUMAN_SES_a1a26b_HS_BINH,2,2,Yếu,G-G-P-P-S,10,5,5,0.7142857142857143,88,114,0.43564356435643564,1.2954545454545454,0,0,0,0.0,0.0,3,0.6,0,0,1,0,0,1,1,1,0,0,0,0,0,0,2,2,2,1,0.9602297178607612,0,0.0,0.65
Human Pilot (GPS),HUMAN_SES_025217_HS_BINH,3,3,Yếu,G-G-P-P-S,10,5,5,0.7142857142857143,90,114,0.4411764705882353,1.2666666666666666,0,0,0,0.0,0.0,3,0.6,0,0,1,0,0,1,1,1,0,0,0,0,0,0,2,2,2,1,0.9602297178607612,0,0.0,0.65
Human Pilot (GPS),HUMAN_SES_13c43a_HS_BINH,4,4,Yếu,G-G-P-P-S,10,5,5,0.7142857142857143,90,114,0.4411764705882353,1.2666666666666666,0,0,0,0.0,0.0,3,0.6,0,0,1,0,0,1,1,1,0,0,0,0,0,0,2,2,2,1,0.9602297178607612,0,0.0,0.65
Human Pilot (GPS),HUMAN_SES_746162_HS_BINH,5,5,Yếu,G-G-P-P-S,10,5,5,0.7692307692307693,88,114,0.43564356435643564,1.2954545454545454,0,0,0,0.0,0.0,5,1.0,0,0,1,0,0,1,1,1,0,0,0,0,0,0,2,2,2,1,0.9602297178607612,0,0.0,0.75
Human Pilot (GPS),HUMAN_SES_e693b1_HS_BINH,6,6,Yếu,G-G-P-P-S,10,5,5,1.0,92,120,0.4339622641509434,1.3043478260869565,0,0,0,0.0,0.0,3,0.6,0,0,1,0,0,1,1,1,0,0,0,0,0,0,2,2,2,1,0.9602297178607612,0,0.0,0.65
Human Pilot (GPS),HUMAN_SES_d9a3e1_HS_BINH,7,7,Yếu,G-G-P-P-S,10,5,5,0.8333333333333334,92,132,0.4107142857142857,1.434782608695652,0,0,0,0.0,0.0,5,1.0,0,0,1,0,0,1,1,1,0,0,0,0,0,0,2,2,2,1,0.9602297178607612,0,0.0,0.75
Human Pilot (GPS),HUMAN_SES_523be8_HS_BINH,8,8,Yếu,G-G-P-P-S,10,5,5,0.8333333333333334,92,132,0.4107142857142857,1.434782608695652,0,0,0,0.0,0.0,5,1.0,0,0,1,0,0,1,1,1,0,0,0,0,0,0,2,2,2,1,0.9602297178607612,0,0.0,0.75
Human Pilot (GPS),HUMAN_SES_1160e2_HS_BINH,9,9,Yếu,G-G-P-P-S,10,5,5,1.0,92,132,0.4107142857142857,1.434782608695652,0,0,0,0.0,0.0,3,0.6,0,0,1,0,0,1,1,1,0,0,0,0,0,0,2,2,2,1,0.9602297178607612,0,0.0,0.65
Human Pilot (GPS),HUMAN_SES_07974f_HS_BINH,10,10,Yếu,G-G-P-P-S,10,5,5,1.0,88,128,0.4074074074074074,1.4545454545454546,0,0,0,0.0,0.0,3,0.6,0,0,1,0,0,1,1,1,0,0,0,0,0,0,2,2,2,1,0.9602297178607612,0,0.0,0.65
Human Pilot (GPS),HUMAN_SES_f4be78_HS_BINH,11,11,Yếu,G-G-P-P-S,10,5,5,1.0,90,132,0.40540540540540543,1.4666666666666666,0,0,0,0.0,0.0,5,1.0,0,0,1,0,0,1,1,1,0,0,0,0,0,0,2,2,2,1,0.9602297178607612,0,0.0,0.75
Human Pilot (GPS),HUMAN_SES_ebcbb9_HS_BINH,12,12,Yếu,G-G-P-P-S,10,5,5,1.0,88,128,0.4074074074074074,1.4545454545454546,0,0,0,0.0,0.0,3,0.6,0,0,1,0,0,1,1,1,0,0,0,0,0,0,2,2,2,1,0.9602297178607612,0,0.0,0.65
Human Pilot (GPS),HUMAN_SES_01fab1_HS_BINH,13,13,Yếu,G-G-P-P-S,10,5,5,1.0,91,130,0.4117647058823529,1.4285714285714286,0,0,0,0.0,0.0,5,1.0,0,0,1,0,0,1,1,1,0,0,0,0,0,0,2,2,2,1,0.9602297178607612,0,0.0,0.75
Human Pilot (GPS),HUMAN_SES_c40516_HS_BINH,14,14,Yếu,G-G-P-P-S,10,5,5,0.8333333333333334,90,132,0.40540540540540543,1.4666666666666666,0,0,0,0.0,0.0,5,1.0,0,0,1,0,0,1,1,1,0,0,0,0,0,0,2,2,2,1,0.9602297178607612,0,0.0,0.75
Human Pilot (GPS),HUMAN_SES_f38316_HS_BINH,15,15,Yếu,G-G-P-P-S,10,5,5,0.8333333333333334,90,132,0.40540540540540543,1.4666666666666666,0,0,0,0.0,0.0,5,1.0,0,0,1,0,0,1,1,1,0,0,0,0,0,0,2,2,2,1,0.9602297178607612,0,0.0,0.75
Human Pilot (GPS),HUMAN_SES_bb7cce_HS_BINH,16,16,Yếu,G-G-P-P-S,10,5,5,0.625,90,116,0.4368932038834951,1.288888888888889,0,0,0,0.0,0.0,2,0.4,0,0,1,0,0,1,1,1,0,0,0,0,0,0,2,2,2,1,0.9602297178607612,0,0.0,0.6
Human Pilot (GPS),HUMAN_SES_0ef33b_HS_BINH,17,17,Yếu,G-G-P-P-S,10,5,5,0.5,95,116,0.45023696682464454,1.2210526315789474,0,0,0,0.0,0.0,2,0.4,0,0,1,0,0,1,1,1,0,0,0,0,0,0,2,2,2,1,0.9602297178607612,0,0.0,0.6
Human Pilot (GPS),HUMAN_SES_d31218_HS_BINH,18,18,Yếu,G-G-P-P-S,10,5,5,0.5,93,114,0.4492753623188406,1.2258064516129032,0,0,0,0.0,0.0,3,0.6,0,0,1,0,0,1,1,1,0,0,0,0,0,0,2,2,2,1,0.9602297178607612,0,0.0,0.65
Human Pilot (GPS),HUMAN_SES_783ae3_HS_BINH,19,19,Yếu,G-G-P-P-S,10,5,5,0.45454545454545453,90,140,0.391304347826087,1.5555555555555556,0,0,0,0.0,0.0,2,0.4,0,0,1,0,0,1,1,1,0,0,0,0,0,0,2,2,2,1,0.9602297178607612,0,0.0,0.6
Human Pilot (GPS),HUMAN_SES_0ff40a_HS_BINH,20,20,Yếu,G-G-P-P-S,10,5,5,1.0,88,128,0.4074074074074074,1.4545454545454546,0,0,0,0.0,0.0,3,0.6,0,0,1,0,0,1,1,1,0,0,0,0,0,0,2,2,2,1,0.9602297178607612,0,0.0,0.65
Human Pilot (GPS),HUMAN_SES_104528_HS_BINH,21,21,Yếu,G-G-P-P-S,10,5,5,1.0,90,122,0.42452830188679247,1.3555555555555556,0,0,0,0.0,0.0,3,0.6,0,0,1,0,0,1,1,1,0,0,0,0,0,0,2,2,2,1,0.9602297178607612,0,0.0,0.65
Human Pilot (GPS),HUMAN_SES_9556d2_HS_BINH,22,22,Yếu,G-G-P-P-S,10,5,5,0.5882352941176471,92,112,0.45098039215686275,1.2173913043478262,0,0,0,0.0,0.0,2,0.4,0,0,1,0,0,1,1,1,0,0,0,0,0,0,2,2,2,1,0.9602297178607612,0,0.0,0.6
Human Pilot (GPS),HUMAN_SES_956139_HS_BINH,23,23,Yếu,G-G-P-P-S,10,5,5,0.5,93,114,0.4492753623188406,1.2258064516129032,0,0,0,0.0,0.0,2,0.4,0,0,1,0,0,1,1,1,0,0,0,0,0,0,2,2,2,1,0.9602297178607612,0,0.0,0.6
Human Pilot (GPS),HUMAN_SES_39a469_HS_BINH,24,24,Yếu,G-G-P-P-S,10,5,5,1.0,89,124,0.41784037558685444,1.3932584269662922,0,0,0,0.0,0.0,3,0.6,0,0,1,0,0,1,1,1,0,0,0,0,0,0,2,2,2,1,0.9602297178607612,0,0.0,0.65
Human Pilot (GPS),HUMAN_SES_0b4def_HS_BINH,25,25,Yếu,G-G-P-P-S,10,5,5,1.0,88,124,0.41509433962264153,1.4090909090909092,0,0,0,0.0,0.0,3,0.6,0,0,1,0,0,1,1,1,0,0,0,0,0,0,2,2,2,1,0.9602297178607612,0,0.0,0.65
Human Pilot (GPS),HUMAN_SES_aee95e_HS_BINH,26,26,Yếu,G-G-P-P-S,10,5,5,0.625,90,118,0.4326923076923077,1.3111111111111111,0,0,0,0.0,0.0,3,0.6,0,0,1,0,0,1,1,1,0,0,0,0,0,0,2,2,2,1,0.9602297178607612,0,0.0,0.65
Human Pilot (GPS),HUMAN_SES_beaf4b_HS_BINH,27,27,Yếu,G-G-P-P-S,10,5,5,1.0,91,132,0.4080717488789238,1.4505494505494505,0,0,0,0.0,0.0,3,0.6,0,0,1,0,0,1,1,1,0,0,0,0,0,0,2,2,2,1,0.9602297178607612,0,0.0,0.65
Human Pilot (GPS),HUMAN_SES_75aa25_HS_BINH,28,28,Yếu,G-G-P-P-S,10,5,5,0.625,89,132,0.40271493212669685,1.4831460674157304,0,0,0,0.0,0.0,3,0.6,0,0,1,0,0,1,1,1,0,0,0,0,0,0,2,2,2,1,0.9602297178607612,0,0.0,0.65
Human Pilot (GPS),HUMAN_SES_2b1781_HS_BINH,29,29,Yếu,G-G-P-P-S,10,5,5,1.0,93,130,0.4170403587443946,1.3978494623655915,0,0,0,0.0,0.0,3,0.6,0,0,1,0,0,1,1,1,0,0,0,0,0,0,2,2,2,1,0.9602297178607612,0,0.0,0.65
Human Pilot (GPS),HUMAN_SES_f91cfe_HS_BINH,30,30,Yếu,G-G-P-P-S,10,5,5,0.8333333333333334,89,130,0.4063926940639269,1.4606741573033708,0,0,0,0.0,0.0,3,0.6,0,0,1,0,0,1,1,1,0,0,0,0,0,0,2,2,2,1,0.9602297178607612,0,0.0,0.65
Human Pilot (GPS),HUMAN_SES_1800b4_HS_BINH,31,31,Yếu,G-G-P-P-S,10,5,5,0.8333333333333334,93,148,0.38589211618257263,1.5913978494623655,0,0,0,0.0,0.0,3,0.6,0,0,1,0,0,1,1,1,0,0,0,0,0,0,2,2,2,1,0.9602297178607612,0,0.0,0.65
Human Pilot (GPS),HUMAN_SES_eedbe8_HS_BINH,32,32,Yếu,G-G-P-P-S,10,5,5,1.0,88,110,0.4444444444444444,1.25,0,0,0,0.0,0.0,4,0.8,0,0,1,0,0,1,1,1,0,0,0,0,0,0,2,2,2,1,0.9602297178607612,0,0.0,0.7
Human Pilot (GPS),HUMAN_SES_516774_HS_BINH,33,33,Yếu,G-G-P-P-S,10,5,5,0.8333333333333334,93,140,0.39914163090128757,1.5053763440860215,0,0,0,0.0,0.0,2,0.4,0,0,1,0,0,1,1,1,0,0,0,0,0,0,2,2,2,1,0.9602297178607612,0,0.0,0.6
Human Pilot (GPS),HUMAN_SES_8e9cc6_HS_BINH,34,34,Yếu,G-G-P-P-S,10,5,5,1.0,90,126,0.4166666666666667,1.4,0,0,0,0.0,0.0,5,1.0,0,0,1,0,0,1,1,1,0,0,0,0,0,0,2,2,2,1,0.9602297178607612,0,0.0,0.75
Human Pilot (GPS),HUMAN_SES_1f6926_HS_BINH,35,35,Yếu,G-G-P-P-S,10,5,5,1.0,88,124,0.41509433962264153,1.4090909090909092,0,0,0,0.0,0.0,5,1.0,0,0,1,0,0,1,1,1,0,0,0,0,0,0,2,2,2,1,0.9602297178607612,0,0.0,0.75
Human Pilot (GPS),HUMAN_SES_b85479_HS_BINH,36,36,Yếu,G-G-P-P-S,10,5,5,1.0,87,124,0.41232227488151657,1.4252873563218391,0,0,0,0.0,0.0,3,0.6,0,0,1,0,0,1,1,1,0,0,0,0,0,0,2,2,2,1,0.9602297178607612,0,0.0,0.65
Human Pilot (GPS),HUMAN_SES_7a2d0d_HS_BINH,37,37,Yếu,G-G-P-P-S,10,5,5,1.0,90,128,0.41284403669724773,1.4222222222222223,0,0,0,0.0,0.0,3,0.6,0,0,1,0,0,1,1,1,0,0,0,0,0,0,2,2,2,1,0.9602297178607612,0,0.0,0.65
Human Pilot (GPS),HUMAN_SES_2d495c_HS_BINH,38,38,Yếu,G-G-P-P-S,10,5,5,1.0,87,128,0.4046511627906977,1.471264367816092,0,0,0,0.0,0.0,3,0.6,0,0,1,0,0,1,1,1,0,0,0,0,0,0,2,2,2,1,0.9602297178607612,0,0.0,0.65
Human Pilot (GPS),HUMAN_SES_7c3099_HS_BINH,39,39,Yếu,G-G-P-P-S,10,5,5,1.0,91,126,0.41935483870967744,1.3846153846153846,0,0,0,0.0,0.0,3,0.6,0,0,1,0,0,1,1,1,0,0,0,0,0,0,2,2,2,1,0.9602297178607612,0,0.0,0.65
Human Pilot (GPS),HUMAN_SES_4b47a5_HS_BINH,40,40,Yếu,G-G-P-P-S,10,5,5,1.0,91,124,0.4232558139534884,1.3626373626373627,0,0,0,0.0,0.0,3,0.6,0,0,1,0,0,1,1,1,0,0,0,0,0,0,2,2,2,1,0.9602297178607612,0,0.0,0.65
Human Pilot (GPS),HUMAN_SES_33b675_HS_BINH,41,41,Yếu,G-G-P-P-S,10,5,5,1.0,88,128,0.4074074074074074,1.4545454545454546,0,0,0,0.0,0.0,3,0.6,0,0,1,0,0,1,1,1,0,0,0,0,0,0,2,2,2,1,0.9602297178607612,0,0.0,0.65
Human Pilot (GPS),HUMAN_SES_4b4660_HS_BINH,42,42,Yếu,G-G-P-P-S,10,5,5,0.45454545454545453,88,116,0.43137254901960786,1.3181818181818181,0,0,0,0.0,0.0,2,0.4,0,0,1,0,0,1,1,1,0,0,0,0,0,0,2,2,2,1,0.9602297178607612,0,0.0,0.6
Human Pilot (GPS),HUMAN_SES_1defa3_HS_BINH,43,43,Yếu,G-G-P-P-S,10,5,5,0.47619047619047616,89,120,0.4258373205741627,1.348314606741573,0,0,0,0.0,0.0,5,1.0,0,0,1,0,0,1,1,1,0,0,0,0,0,0,2,2,2,1,0.9602297178607612,0,0.0,0.75
Human Pilot (GPS),HUMAN_SES_34fac8_HS_BINH,44,44,Yếu,G-G-P-P-S,10,5,5,1.0,87,118,0.424390243902439,1.3563218390804597,0,0,0,0.0,0.0,3,0.6,0,0,1,0,0,1,1,1,0,0,0,0,0,0,2,2,2,1,0.9602297178607612,0,0.0,0.65
Human Pilot (GPS),HUMAN_SES_1f8714_HS_BINH,45,45,Yếu,G-G-P-P-S,10,5,5,1.0,87,128,0.4046511627906977,1.471264367816092,0,0,0,0.0,0.0,3,0.6,0,0,1,0,0,1,1,1,0,0,0,0,0,0,2,2,2,1,0.9602297178607612,0,0.0,0.65
Human Pilot (GPS),HUMAN_SES_2ae769_HS_CHI,1,1,Mất tập trung,G-G-P-S,8,4,4,0.8888888888888888,73,94,0.437125748502994,1.2876712328767124,0,0,0,0.0,0.0,2,0.5,0,0,1,0,0,1,1,1,0,0,0,0,0,0,2,2,1,1,0.9463946303571862,0,0.0,0.625
Human Pilot (GPS),HUMAN_SES_726444_HS_CHI,2,2,Mất tập trung,G-G-P-S,8,4,4,0.8,72,94,0.43373493975903615,1.3055555555555556,0,0,0,0.0,0.0,2,0.5,0,0,1,0,0,1,1,1,0,0,0,0,0,0,2,2,1,1,0.9463946303571862,0,0.0,0.625
Human Pilot (GPS),HUMAN_SES_8feeed_HS_CHI,3,3,Mất tập trung,G-G-P-S,8,4,4,0.8,74,94,0.44047619047619047,1.2702702702702702,0,0,0,0.0,0.0,2,0.5,0,0,1,0,0,1,1,1,0,0,0,0,0,0,2,2,1,1,0.9463946303571862,0,0.0,0.625
Human Pilot (GPS),HUMAN_SES_405410_HS_CHI,4,4,Mất tập trung,G-G-P-S,8,4,4,0.8,74,94,0.44047619047619047,1.2702702702702702,0,0,0,0.0,0.0,2,0.5,0,0,1,0,0,1,1,1,0,0,0,0,0,0,2,2,1,1,0.9463946303571862,0,0.0,0.625
Human Pilot (GPS),HUMAN_SES_00c861_HS_CHI,5,5,Mất tập trung,G-G-P-S,8,4,4,0.8888888888888888,72,94,0.43373493975903615,1.3055555555555556,0,0,0,0.0,0.0,4,1.0,0,0,1,0,0,1,1,1,0,0,0,0,0,0,2,2,1,1,0.9463946303571862,0,0.0,0.75
Human Pilot (GPS),HUMAN_SES_28c3ac_HS_CHI,6,6,Mất tập trung,G-G-P-S,8,4,4,1.0,76,94,0.4470588235294118,1.236842105263158,0,0,0,0.0,0.0,2,0.5,0,0,1,0,0,1,1,1,0,0,0,0,0,0,2,2,1,1,0.9463946303571862,0,0.0,0.625
Human Pilot (GPS),HUMAN_SES_d5709e_HS_CHI,7,7,Mất tập trung,G-G-P-S,8,4,4,1.0,76,94,0.4470588235294118,1.236842105263158,0,0,0,0.0,0.0,4,1.0,0,0,1,0,0,1,1,1,0,0,0,0,0,0,2,2,1,1,0.9463946303571862,0,0.0,0.75
Human Pilot (GPS),HUMAN_SES_bbd47b_HS_CHI,8,8,Mất tập trung,G-G-P-S,8,4,4,1.0,76,94,0.4470588235294118,1.236842105263158,0,0,0,0.0,0.0,4,1.0,0,0,1,0,0,1,1,1,0,0,0,0,0,0,2,2,1,1,0.9463946303571862,0,0.0,0.75
Human Pilot (GPS),HUMAN_SES_7639fe_HS_CHI,9,9,Mất tập trung,G-G-P-S,8,4,4,1.0,76,94,0.4470588235294118,1.236842105263158,0,0,0,0.0,0.0,2,0.5,0,0,1,0,0,1,1,1,0,0,0,0,0,0,2,2,1,1,0.9463946303571862,0,0.0,0.625
Human Pilot (GPS),HUMAN_SES_0ce360_HS_CHI,10,10,Mất tập trung,G-G-P-S,8,4,4,1.0,72,94,0.43373493975903615,1.3055555555555556,0,0,0,0.0,0.0,2,0.5,0,0,1,0,0,1,1,1,0,0,0,0,0,0,2,2,1,1,0.9463946303571862,0,0.0,0.625
Human Pilot (GPS),HUMAN_SES_cce706_HS_CHI,11,11,Mất tập trung,G-G-P-S,8,4,4,1.0,74,94,0.44047619047619047,1.2702702702702702,0,0,0,0.0,0.0,4,1.0,0,0,1,0,0,1,1,1,0,0,0,0,0,0,2,2,1,1,0.9463946303571862,0,0.0,0.75
Human Pilot (GPS),HUMAN_SES_c3bc43_HS_CHI,12,12,Mất tập trung,G-G-P-S,8,4,4,1.0,72,94,0.43373493975903615,1.3055555555555556,0,0,0,0.0,0.0,2,0.5,0,0,1,0,0,1,1,1,0,0,0,0,0,0,2,2,1,1,0.9463946303571862,0,0.0,0.625
Human Pilot (GPS),HUMAN_SES_6608fc_HS_CHI,13,13,Mất tập trung,G-G-P-S,8,4,4,1.0,75,94,0.4437869822485207,1.2533333333333334,0,0,0,0.0,0.0,4,1.0,0,0,1,0,0,1,1,1,0,0,0,0,0,0,2,2,1,1,0.9463946303571862,0,0.0,0.75
Human Pilot (GPS),HUMAN_SES_779c59_HS_CHI,14,14,Mất tập trung,G-G-P-S,8,4,4,1.0,74,94,0.44047619047619047,1.2702702702702702,0,0,0,0.0,0.0,4,1.0,0,0,1,0,0,1,1,1,0,0,0,0,0,0,2,2,1,1,0.9463946303571862,0,0.0,0.75
Human Pilot (GPS),HUMAN_SES_db3781_HS_CHI,15,15,Mất tập trung,G-G-P-S,8,4,4,1.0,74,94,0.44047619047619047,1.2702702702702702,0,0,0,0.0,0.0,4,1.0,0,0,1,0,0,1,1,1,0,0,0,0,0,0,2,2,1,1,0.9463946303571862,0,0.0,0.75
Human Pilot (GPS),HUMAN_SES_348e8d_HS_CHI,16,16,Mất tập trung,G-G-P-S,8,4,4,0.8,74,94,0.44047619047619047,1.2702702702702702,0,0,0,0.0,0.0,1,0.25,0,0,1,0,0,1,1,1,0,0,0,0,0,0,2,2,1,1,0.9463946303571862,0,0.0,0.5625
Human Pilot (GPS),HUMAN_SES_f090f4_HS_CHI,17,17,Mất tập trung,G-G-P-S,8,4,4,0.6666666666666666,79,94,0.45664739884393063,1.1898734177215189,0,0,0,0.0,0.0,1,0.25,0,0,1,0,0,1,1,1,0,0,0,0,0,0,2,2,1,1,0.9463946303571862,0,0.0,0.5625
Human Pilot (GPS),HUMAN_SES_725f07_HS_CHI,18,18,Mất tập trung,G-G-P-S,8,4,4,0.6666666666666666,77,94,0.4502923976608187,1.2207792207792207,0,0,0,0.0,0.0,2,0.5,0,0,1,0,0,1,1,1,0,0,0,0,0,0,2,2,1,1,0.9463946303571862,0,0.0,0.625
Human Pilot (GPS),HUMAN_SES_f3cdd4_HS_CHI,19,19,Mất tập trung,G-G-P-S,8,4,4,0.8,74,94,0.44047619047619047,1.2702702702702702,0,0,0,0.0,0.0,1,0.25,0,0,1,0,0,1,1,1,0,0,0,0,0,0,2,2,1,1,0.9463946303571862,0,0.0,0.5625
Human Pilot (GPS),HUMAN_SES_775f5e_HS_CHI,20,20,Mất tập trung,G-G-P-S,8,4,4,1.0,72,94,0.43373493975903615,1.3055555555555556,0,0,0,0.0,0.0,2,0.5,0,0,1,0,0,1,1,1,0,0,0,0,0,0,2,2,1,1,0.9463946303571862,0,0.0,0.625
Human Pilot (GPS),HUMAN_SES_abe16b_HS_CHI,21,21,Mất tập trung,G-G-P-S,8,4,4,1.0,74,94,0.44047619047619047,1.2702702702702702,0,0,0,0.0,0.0,2,0.5,0,0,1,0,0,1,1,1,0,0,0,0,0,0,2,2,1,1,0.9463946303571862,0,0.0,0.625
Human Pilot (GPS),HUMAN_SES_654ce8_HS_CHI,22,22,Mất tập trung,G-G-P-S,8,4,4,0.7272727272727273,76,94,0.4470588235294118,1.236842105263158,0,0,0,0.0,0.0,1,0.25,0,0,1,0,0,1,1,1,0,0,0,0,0,0,2,2,1,1,0.9463946303571862,0,0.0,0.5625
Human Pilot (GPS),HUMAN_SES_4e6f5d_HS_CHI,23,23,Mất tập trung,G-G-P-S,8,4,4,0.6666666666666666,77,94,0.4502923976608187,1.2207792207792207,0,0,0,0.0,0.0,1,0.25,0,0,1,0,0,1,1,1,0,0,0,0,0,0,2,2,1,1,0.9463946303571862,0,0.0,0.5625
Human Pilot (GPS),HUMAN_SES_e3b24c_HS_CHI,24,24,Mất tập trung,G-G-P-S,8,4,4,1.0,73,94,0.437125748502994,1.2876712328767124,0,0,0,0.0,0.0,2,0.5,0,0,1,0,0,1,1,1,0,0,0,0,0,0,2,2,1,1,0.9463946303571862,0,0.0,0.625
Human Pilot (GPS),HUMAN_SES_5a2b96_HS_CHI,25,25,Mất tập trung,G-G-P-S,8,4,4,1.0,72,94,0.43373493975903615,1.3055555555555556,0,0,0,0.0,0.0,2,0.5,0,0,1,0,0,1,1,1,0,0,0,0,0,0,2,2,1,1,0.9463946303571862,0,0.0,0.625
Human Pilot (GPS),HUMAN_SES_d9e57f_HS_CHI,26,26,Mất tập trung,G-G-P-S,8,4,4,0.8,74,94,0.44047619047619047,1.2702702702702702,0,0,0,0.0,0.0,2,0.5,0,0,1,0,0,1,1,1,0,0,0,0,0,0,2,2,1,1,0.9463946303571862,0,0.0,0.625
Human Pilot (GPS),HUMAN_SES_b35b06_HS_CHI,27,27,Mất tập trung,G-G-P-S,8,4,4,1.0,75,94,0.4437869822485207,1.2533333333333334,0,0,0,0.0,0.0,2,0.5,0,0,1,0,0,1,1,1,0,0,0,0,0,0,2,2,1,1,0.9463946303571862,0,0.0,0.625
Human Pilot (GPS),HUMAN_SES_b4c639_HS_CHI,28,28,Mất tập trung,G-G-P-S,8,4,4,0.8,73,94,0.437125748502994,1.2876712328767124,0,0,0,0.0,0.0,2,0.5,0,0,1,0,0,1,1,1,0,0,0,0,0,0,2,2,1,1,0.9463946303571862,0,0.0,0.625
Human Pilot (GPS),HUMAN_SES_44ce56_HS_CHI,29,29,Mất tập trung,G-G-P-S,8,4,4,1.0,77,94,0.4502923976608187,1.2207792207792207,0,0,0,0.0,0.0,2,0.5,0,0,1,0,0,1,1,1,0,0,0,0,0,0,2,2,1,1,0.9463946303571862,0,0.0,0.625
Human Pilot (GPS),HUMAN_SES_26a637_HS_CHI,30,30,Mất tập trung,G-G-P-S,8,4,4,1.0,73,94,0.437125748502994,1.2876712328767124,0,0,0,0.0,0.0,2,0.5,0,0,1,0,0,1,1,1,0,0,0,0,0,0,2,2,1,1,0.9463946303571862,0,0.0,0.625
Human Pilot (GPS),HUMAN_SES_007039_HS_CHI,31,31,Mất tập trung,G-G-P-S,8,4,4,1.0,77,94,0.4502923976608187,1.2207792207792207,0,0,0,0.0,0.0,2,0.5,0,0,1,0,0,1,1,1,0,0,0,0,0,0,2,2,1,1,0.9463946303571862,0,0.0,0.625
Human Pilot (GPS),HUMAN_SES_7dffe6_HS_CHI,32,32,Mất tập trung,G-G-P-S,8,4,4,1.0,72,94,0.43373493975903615,1.3055555555555556,0,0,0,0.0,0.0,3,0.75,0,0,1,0,0,1,1,1,0,0,0,0,0,0,2,2,1,1,0.9463946303571862,0,0.0,0.6875
Human Pilot (GPS),HUMAN_SES_587d49_HS_CHI,33,33,Mất tập trung,G-G-P-S,8,4,4,1.0,77,94,0.4502923976608187,1.2207792207792207,0,0,0,0.0,0.0,1,0.25,0,0,1,0,0,1,1,1,0,0,0,0,0,0,2,2,1,1,0.9463946303571862,0,0.0,0.5625
Human Pilot (GPS),HUMAN_SES_3f4037_HS_CHI,34,34,Mất tập trung,G-G-P-S,8,4,4,1.0,74,94,0.44047619047619047,1.2702702702702702,0,0,0,0.0,0.0,4,1.0,0,0,1,0,0,1,1,1,0,0,0,0,0,0,2,2,1,1,0.9463946303571862,0,0.0,0.75
Human Pilot (GPS),HUMAN_SES_1f7ca8_HS_CHI,35,35,Mất tập trung,G-G-P-S,8,4,4,1.0,72,94,0.43373493975903615,1.3055555555555556,0,0,0,0.0,0.0,4,1.0,0,0,1,0,0,1,1,1,0,0,0,0,0,0,2,2,1,1,0.9463946303571862,0,0.0,0.75
Human Pilot (GPS),HUMAN_SES_12d4d3_HS_CHI,36,36,Mất tập trung,G-G-P-S,8,4,4,1.0,71,94,0.4303030303030303,1.323943661971831,0,0,0,0.0,0.0,2,0.5,0,0,1,0,0,1,1,1,0,0,0,0,0,0,2,2,1,1,0.9463946303571862,0,0.0,0.625
Human Pilot (GPS),HUMAN_SES_46055b_HS_CHI,37,37,Mất tập trung,G-G-P-S,8,4,4,1.0,74,94,0.44047619047619047,1.2702702702702702,0,0,0,0.0,0.0,2,0.5,0,0,1,0,0,1,1,1,0,0,0,0,0,0,2,2,1,1,0.9463946303571862,0,0.0,0.625
Human Pilot (GPS),HUMAN_SES_cdf7b5_HS_CHI,38,38,Mất tập trung,G-G-P-S,8,4,4,1.0,71,94,0.4303030303030303,1.323943661971831,0,0,0,0.0,0.0,2,0.5,0,0,1,0,0,1,1,1,0,0,0,0,0,0,2,2,1,1,0.9463946303571862,0,0.0,0.625
Human Pilot (GPS),HUMAN_SES_c9273a_HS_CHI,39,39,Mất tập trung,G-G-P-S,8,4,4,1.0,75,94,0.4437869822485207,1.2533333333333334,0,0,0,0.0,0.0,2,0.5,0,0,1,0,0,1,1,1,0,0,0,0,0,0,2,2,1,1,0.9463946303571862,0,0.0,0.625
Human Pilot (GPS),HUMAN_SES_a7d17e_HS_CHI,40,40,Mất tập trung,G-G-P-S,8,4,4,1.0,75,94,0.4437869822485207,1.2533333333333334,0,0,0,0.0,0.0,2,0.5,0,0,1,0,0,1,1,1,0,0,0,0,0,0,2,2,1,1,0.9463946303571862,0,0.0,0.625
Human Pilot (GPS),HUMAN_SES_23c83a_HS_CHI,41,41,Mất tập trung,G-G-P-S,8,4,4,1.0,72,94,0.43373493975903615,1.3055555555555556,0,0,0,0.0,0.0,2,0.5,0,0,1,0,0,1,1,1,0,0,0,0,0,0,2,2,1,1,0.9463946303571862,0,0.0,0.625
Human Pilot (GPS),HUMAN_SES_36039c_HS_CHI,42,42,Mất tập trung,G-G-P-S,8,4,4,0.6666666666666666,72,94,0.43373493975903615,1.3055555555555556,0,0,0,0.0,0.0,1,0.25,0,0,1,0,0,1,1,1,0,0,0,0,0,0,2,2,1,1,0.9463946303571862,0,0.0,0.5625
Human Pilot (GPS),HUMAN_SES_cdb5fd_HS_CHI,43,43,Mất tập trung,G-G-P-S,8,4,4,0.7272727272727273,73,94,0.437125748502994,1.2876712328767124,0,0,0,0.0,0.0,4,1.0,0,0,1,0,0,1,1,1,0,0,0,0,0,0,2,2,1,1,0.9463946303571862,0,0.0,0.75
Human Pilot (GPS),HUMAN_SES_d54281_HS_CHI,44,44,Mất tập trung,G-G-P-S,8,4,4,1.0,71,94,0.4303030303030303,1.323943661971831,0,0,0,0.0,0.0,2,0.5,0,0,1,0,0,1,1,1,0,0,0,0,0,0,2,2,1,1,0.9463946303571862,0,0.0,0.625
Human Pilot (GPS),HUMAN_SES_3c061d_HS_CHI,45,45,Mất tập trung,G-G-P-S,8,4,4,1.0,71,94,0.4303030303030303,1.323943661971831,0,0,0,0.0,0.0,2,0.5,0,0,1,0,0,1,1,1,0,0,0,0,0,0,2,2,1,1,0.9463946303571862,0,0.0,0.625
Human Pilot (GPS),HUMAN_SES_98bb0e_HS_DUONG,1,1,Trung bình,G-P-S,6,3,3,0.8571428571428571,66,77,0.46153846153846156,1.1666666666666667,0,0,0,0.0,0.0,2,0.6666666666666666,0,0,1,0,0,1,1,1,0,0,0,0,0,0,1,1,1,1,1.0,0,0.0,0.6666666666666666
Human Pilot (GPS),HUMAN_SES_a8dc0c_HS_DUONG,2,2,Trung bình,G-P-S,6,3,3,0.75,65,77,0.45774647887323944,1.1846153846153846,0,0,0,0.0,0.0,3,1.0,0,0,1,0,0,1,1,1,0,0,0,0,0,0,1,1,1,1,1.0,0,0.0,0.75
Human Pilot (GPS),HUMAN_SES_7edeae_HS_DUONG,3,3,Trung bình,G-P-S,6,3,3,0.75,65,77,0.45774647887323944,1.1846153846153846,0,0,0,0.0,0.0,2,0.6666666666666666,0,0,1,0,0,1,1,1,0,0,0,0,0,0,1,1,1,1,1.0,0,0.0,0.6666666666666666
Human Pilot (GPS),HUMAN_SES_55849d_HS_DUONG,4,4,Trung bình,G-P-S,6,3,3,0.75,65,77,0.45774647887323944,1.1846153846153846,0,0,0,0.0,0.0,2,0.6666666666666666,0,0,1,0,0,1,1,1,0,0,0,0,0,0,1,1,1,1,1.0,0,0.0,0.6666666666666666
Human Pilot (GPS),HUMAN_SES_c5a3c4_HS_DUONG,5,5,Trung bình,G-P-S,6,3,3,0.8571428571428571,65,77,0.45774647887323944,1.1846153846153846,0,0,0,0.0,0.0,3,1.0,0,0,1,0,0,1,1,1,0,0,0,0,0,0,1,1,1,1,1.0,0,0.0,0.75
Human Pilot (GPS),HUMAN_SES_4e8736_HS_DUONG,6,6,Trung bình,G-P-S,6,3,3,1.0,67,77,0.4652777777777778,1.1492537313432836,0,0,0,0.0,0.0,2,0.6666666666666666,0,0,1,0,0,1,1,1,0,0,0,0,0,0,1,1,1,1,1.0,0,0.0,0.6666666666666666
Human Pilot (GPS),HUMAN_SES_1dee27_HS_DUONG,7,7,Trung bình,G-P-S,6,3,3,1.0,67,77,0.4652777777777778,1.1492537313432836,0,0,0,0.0,0.0,3,1.0,0,0,1,0,0,1,1,1,0,0,0,0,0,0,1,1,1,1,1.0,0,0.0,0.75
Human Pilot (GPS),HUMAN_SES_167b1f_HS_DUONG,8,8,Trung bình,G-P-S,6,3,3,1.0,67,77,0.4652777777777778,1.1492537313432836,0,0,0,0.0,0.0,3,1.0,0,0,1,0,0,1,1,1,0,0,0,0,0,0,1,1,1,1,1.0,0,0.0,0.75
Human Pilot (GPS),HUMAN_SES_de6d56_HS_DUONG,9,9,Trung bình,G-P-S,6,3,3,1.0,67,77,0.4652777777777778,1.1492537313432836,0,0,0,0.0,0.0,2,0.6666666666666666,0,0,1,0,0,1,1,1,0,0,0,0,0,0,1,1,1,1,1.0,0,0.0,0.6666666666666666
Human Pilot (GPS),HUMAN_SES_bc86b2_HS_DUONG,10,10,Trung bình,G-P-S,6,3,3,1.0,65,77,0.45774647887323944,1.1846153846153846,0,0,0,0.0,0.0,2,0.6666666666666666,0,0,1,0,0,1,1,1,0,0,0,0,0,0,1,1,1,1,1.0,0,0.0,0.6666666666666666
Human Pilot (GPS),HUMAN_SES_61f2b8_HS_DUONG,11,11,Trung bình,G-P-S,6,3,3,1.0,66,77,0.46153846153846156,1.1666666666666667,0,0,0,0.0,0.0,3,1.0,0,0,1,0,0,1,1,1,0,0,0,0,0,0,1,1,1,1,1.0,0,0.0,0.75
Human Pilot (GPS),HUMAN_SES_48319e_HS_DUONG,12,12,Trung bình,G-P-S,6,3,3,1.0,65,77,0.45774647887323944,1.1846153846153846,0,0,0,0.0,0.0,2,0.6666666666666666,0,0,1,0,0,1,1,1,0,0,0,0,0,0,1,1,1,1,1.0,0,0.0,0.6666666666666666
Human Pilot (GPS),HUMAN_SES_6ca178_HS_DUONG,13,13,Trung bình,G-P-S,6,3,3,1.0,65,77,0.45774647887323944,1.1846153846153846,0,0,0,0.0,0.0,3,1.0,0,0,1,0,0,1,1,1,0,0,0,0,0,0,1,1,1,1,1.0,0,0.0,0.75
Human Pilot (GPS),HUMAN_SES_1098cc_HS_DUONG,14,14,Trung bình,G-P-S,6,3,3,1.0,67,77,0.4652777777777778,1.1492537313432836,0,0,0,0.0,0.0,3,1.0,0,0,1,0,0,1,1,1,0,0,0,0,0,0,1,1,1,1,1.0,0,0.0,0.75
Human Pilot (GPS),HUMAN_SES_14669e_HS_DUONG,15,15,Trung bình,G-P-S,6,3,3,1.0,66,77,0.46153846153846156,1.1666666666666667,0,0,0,0.0,0.0,3,1.0,0,0,1,0,0,1,1,1,0,0,0,0,0,0,1,1,1,1,1.0,0,0.0,0.75
Human Pilot (GPS),HUMAN_SES_a83d6b_HS_DUONG,16,16,Trung bình,G-P-S,6,3,3,0.75,66,77,0.46153846153846156,1.1666666666666667,0,0,0,0.0,0.0,1,0.3333333333333333,0,0,1,0,0,1,1,1,0,0,0,0,0,0,1,1,1,1,1.0,0,0.0,0.5833333333333333
Human Pilot (GPS),HUMAN_SES_17dcea_HS_DUONG,17,17,Trung bình,G-P-S,6,3,3,0.6,69,77,0.4726027397260274,1.1159420289855073,0,0,0,0.0,0.0,1,0.3333333333333333,0,0,1,0,0,1,1,1,0,0,0,0,0,0,1,1,1,1,1.0,0,0.0,0.5833333333333333
Human Pilot (GPS),HUMAN_SES_01e091_HS_DUONG,18,18,Trung bình,G-P-S,6,3,3,0.6,69,77,0.4726027397260274,1.1159420289855073,0,0,0,0.0,0.0,2,0.6666666666666666,0,0,1,0,0,1,1,1,0,0,0,0,0,0,1,1,1,1,1.0,0,0.0,0.6666666666666666
Human Pilot (GPS),HUMAN_SES_8e2019_HS_DUONG,19,19,Trung bình,G-P-S,6,3,3,0.75,66,77,0.46153846153846156,1.1666666666666667,0,0,0,0.0,0.0,1,0.3333333333333333,0,0,1,0,0,1,1,1,0,0,0,0,0,0,1,1,1,1,1.0,0,0.0,0.5833333333333333
Human Pilot (GPS),HUMAN_SES_0c8f49_HS_DUONG,20,20,Trung bình,G-P-S,6,3,3,1.0,66,77,0.46153846153846156,1.1666666666666667,0,0,0,0.0,0.0,2,0.6666666666666666,0,0,1,0,0,1,1,1,0,0,0,0,0,0,1,1,1,1,1.0,0,0.0,0.6666666666666666
Human Pilot (GPS),HUMAN_SES_2803dd_HS_DUONG,21,21,Trung bình,G-P-S,6,3,3,1.0,66,77,0.46153846153846156,1.1666666666666667,0,0,0,0.0,0.0,2,0.6666666666666666,0,0,1,0,0,1,1,1,0,0,0,0,0,0,1,1,1,1,1.0,0,0.0,0.6666666666666666
Human Pilot (GPS),HUMAN_SES_44d412_HS_DUONG,22,22,Trung bình,G-P-S,6,3,3,0.6666666666666666,67,77,0.4652777777777778,1.1492537313432836,0,0,0,0.0,0.0,1,0.3333333333333333,0,0,1,0,0,1,1,1,0,0,0,0,0,0,1,1,1,1,1.0,0,0.0,0.5833333333333333
Human Pilot (GPS),HUMAN_SES_7e75fd_HS_DUONG,23,23,Trung bình,G-P-S,6,3,3,0.6,68,77,0.4689655172413793,1.1323529411764706,0,0,0,0.0,0.0,1,0.3333333333333333,0,0,1,0,0,1,1,1,0,0,0,0,0,0,1,1,1,1,1.0,0,0.0,0.5833333333333333
Human Pilot (GPS),HUMAN_SES_11280d_HS_DUONG,24,24,Trung bình,G-P-S,6,3,3,1.0,66,77,0.46153846153846156,1.1666666666666667,0,0,0,0.0,0.0,2,0.6666666666666666,0,0,1,0,0,1,1,1,0,0,0,0,0,0,1,1,1,1,1.0,0,0.0,0.6666666666666666
Human Pilot (GPS),HUMAN_SES_783b58_HS_DUONG,25,25,Trung bình,G-P-S,6,3,3,1.0,63,77,0.45,1.2222222222222223,0,0,0,0.0,0.0,2,0.6666666666666666,0,0,1,0,0,1,1,1,0,0,0,0,0,0,1,1,1,1,1.0,0,0.0,0.6666666666666666
Human Pilot (GPS),HUMAN_SES_f2e72c_HS_DUONG,26,26,Trung bình,G-P-S,6,3,3,0.75,66,77,0.46153846153846156,1.1666666666666667,0,0,0,0.0,0.0,2,0.6666666666666666,0,0,1,0,0,1,1,1,0,0,0,0,0,0,1,1,1,1,1.0,0,0.0,0.6666666666666666
Human Pilot (GPS),HUMAN_SES_c6bd34_HS_DUONG,27,27,Trung bình,G-P-S,6,3,3,1.0,66,77,0.46153846153846156,1.1666666666666667,0,0,0,0.0,0.0,2,0.6666666666666666,0,0,1,0,0,1,1,1,0,0,0,0,0,0,1,1,1,1,1.0,0,0.0,0.6666666666666666
Human Pilot (GPS),HUMAN_SES_d7d443_HS_DUONG,28,28,Trung bình,G-P-S,6,3,3,0.75,66,77,0.46153846153846156,1.1666666666666667,0,0,0,0.0,0.0,2,0.6666666666666666,0,0,1,0,0,1,1,1,0,0,0,0,0,0,1,1,1,1,1.0,0,0.0,0.6666666666666666
Human Pilot (GPS),HUMAN_SES_17929d_HS_DUONG,29,29,Trung bình,G-P-S,6,3,3,1.0,68,77,0.4689655172413793,1.1323529411764706,0,0,0,0.0,0.0,2,0.6666666666666666,0,0,1,0,0,1,1,1,0,0,0,0,0,0,1,1,1,1,1.0,0,0.0,0.6666666666666666
Human Pilot (GPS),HUMAN_SES_ed5019_HS_DUONG,30,30,Trung bình,G-P-S,6,3,3,1.0,66,77,0.46153846153846156,1.1666666666666667,0,0,0,0.0,0.0,2,0.6666666666666666,0,0,1,0,0,1,1,1,0,0,0,0,0,0,1,1,1,1,1.0,0,0.0,0.6666666666666666
Human Pilot (GPS),HUMAN_SES_6c6b1b_HS_DUONG,31,31,Trung bình,G-P-S,6,3,3,1.0,67,77,0.4652777777777778,1.1492537313432836,0,0,0,0.0,0.0,2,0.6666666666666666,0,0,1,0,0,1,1,1,0,0,0,0,0,0,1,1,1,1,1.0,0,0.0,0.6666666666666666
Human Pilot (GPS),HUMAN_SES_ae78b2_HS_DUONG,32,32,Trung bình,G-P-S,6,3,3,1.0,65,77,0.45774647887323944,1.1846153846153846,0,0,0,0.0,0.0,2,0.6666666666666666,0,0,1,0,0,1,1,1,0,0,0,0,0,0,1,1,1,1,1.0,0,0.0,0.6666666666666666
Human Pilot (GPS),HUMAN_SES_26c8f4_HS_DUONG,33,33,Trung bình,G-P-S,6,3,3,1.0,68,77,0.4689655172413793,1.1323529411764706,0,0,0,0.0,0.0,1,0.3333333333333333,0,0,1,0,0,1,1,1,0,0,0,0,0,0,1,1,1,1,1.0,0,0.0,0.5833333333333333
Human Pilot (GPS),HUMAN_SES_4adf27_HS_DUONG,34,34,Trung bình,G-P-S,6,3,3,1.0,66,77,0.46153846153846156,1.1666666666666667,0,0,0,0.0,0.0,3,1.0,0,0,1,0,0,1,1,1,0,0,0,0,0,0,1,1,1,1,1.0,0,0.0,0.75
Human Pilot (GPS),HUMAN_SES_339f93_HS_DUONG,35,35,Trung bình,G-P-S,6,3,3,1.0,64,77,0.45390070921985815,1.203125,0,0,0,0.0,0.0,3,1.0,0,0,1,0,0,1,1,1,0,0,0,0,0,0,1,1,1,1,1.0,0,0.0,0.75
Human Pilot (GPS),HUMAN_SES_4ed330_HS_DUONG,36,36,Trung bình,G-P-S,6,3,3,1.0,64,77,0.45390070921985815,1.203125,0,0,0,0.0,0.0,2,0.6666666666666666,0,0,1,0,0,1,1,1,0,0,0,0,0,0,1,1,1,1,1.0,0,0.0,0.6666666666666666
Human Pilot (GPS),HUMAN_SES_81d20a_HS_DUONG,37,37,Trung bình,G-P-S,6,3,3,1.0,67,77,0.4652777777777778,1.1492537313432836,0,0,0,0.0,0.0,2,0.6666666666666666,0,0,1,0,0,1,1,1,0,0,0,0,0,0,1,1,1,1,1.0,0,0.0,0.6666666666666666
Human Pilot (GPS),HUMAN_SES_d74ae2_HS_DUONG,38,38,Trung bình,G-P-S,6,3,3,1.0,64,77,0.45390070921985815,1.203125,0,0,0,0.0,0.0,2,0.6666666666666666,0,0,1,0,0,1,1,1,0,0,0,0,0,0,1,1,1,1,1.0,0,0.0,0.6666666666666666
Human Pilot (GPS),HUMAN_SES_127314_HS_DUONG,39,39,Trung bình,G-P-S,6,3,3,1.0,69,77,0.4726027397260274,1.1159420289855073,0,0,0,0.0,0.0,2,0.6666666666666666,0,0,1,0,0,1,1,1,0,0,0,0,0,0,1,1,1,1,1.0,0,0.0,0.6666666666666666
Human Pilot (GPS),HUMAN_SES_b52730_HS_DUONG,40,40,Trung bình,G-P-S,6,3,3,1.0,69,77,0.4726027397260274,1.1159420289855073,0,0,0,0.0,0.0,2,0.6666666666666666,0,0,1,0,0,1,1,1,0,0,0,0,0,0,1,1,1,1,1.0,0,0.0,0.6666666666666666
Human Pilot (GPS),HUMAN_SES_378734_HS_DUONG,41,41,Trung bình,G-P-S,6,3,3,1.0,65,77,0.45774647887323944,1.1846153846153846,0,0,0,0.0,0.0,2,0.6666666666666666,0,0,1,0,0,1,1,1,0,0,0,0,0,0,1,1,1,1,1.0,0,0.0,0.6666666666666666
Human Pilot (GPS),HUMAN_SES_6e0a6e_HS_DUONG,42,42,Trung bình,G-P-S,6,3,3,0.6,65,77,0.45774647887323944,1.1846153846153846,0,0,0,0.0,0.0,1,0.3333333333333333,0,0,1,0,0,1,1,1,0,0,0,0,0,0,1,1,1,1,1.0,0,0.0,0.5833333333333333
Human Pilot (GPS),HUMAN_SES_72dce2_HS_DUONG,43,43,Trung bình,G-P-S,6,3,3,0.6666666666666666,65,77,0.45774647887323944,1.1846153846153846,0,0,0,0.0,0.0,3,1.0,0,0,1,0,0,1,1,1,0,0,0,0,0,0,1,1,1,1,1.0,0,0.0,0.75
Human Pilot (GPS),HUMAN_SES_3c94a5_HS_DUONG,44,44,Trung bình,G-P-S,6,3,3,1.0,64,77,0.45390070921985815,1.203125,0,0,0,0.0,0.0,2,0.6666666666666666,0,0,1,0,0,1,1,1,0,0,0,0,0,0,1,1,1,1,1.0,0,0.0,0.6666666666666666
Human Pilot (GPS),HUMAN_SES_923b28_HS_DUONG,45,45,Trung bình,G-P-S,6,3,3,1.0,64,77,0.45390070921985815,1.203125,0,0,0,0.0,0.0,2,0.6666666666666666,0,0,1,0,0,1,1,1,0,0,0,0,0,0,1,1,1,1,1.0,0,0.0,0.6666666666666666
Human Pilot (GPS),HUMAN_SES_47aa95_HS_MAI,1,1,Trung bình,G-P-S,6,3,3,0.8571428571428571,66,77,0.46153846153846156,1.1666666666666667,0,0,0,0.0,0.0,2,0.6666666666666666,0,0,1,0,0,1,1,1,0,0,0,0,0,0,1,1,1,1,1.0,0,0.0,0.6666666666666666
Human Pilot (GPS),HUMAN_SES_a857ea_HS_MAI,2,2,Trung bình,G-P-S,6,3,3,0.75,65,77,0.45774647887323944,1.1846153846153846,0,0,0,0.0,0.0,3,1.0,0,0,1,0,0,1,1,1,0,0,0,0,0,0,1,1,1,1,1.0,0,0.0,0.75
Human Pilot (GPS),HUMAN_SES_475059_HS_MAI,3,3,Trung bình,G-P-S,6,3,3,0.75,65,77,0.45774647887323944,1.1846153846153846,0,0,0,0.0,0.0,2,0.6666666666666666,0,0,1,0,0,1,1,1,0,0,0,0,0,0,1,1,1,1,1.0,0,0.0,0.6666666666666666
Human Pilot (GPS),HUMAN_SES_d68136_HS_MAI,4,4,Trung bình,G-P-S,6,3,3,0.75,65,77,0.45774647887323944,1.1846153846153846,0,0,0,0.0,0.0,2,0.6666666666666666,0,0,1,0,0,1,1,1,0,0,0,0,0,0,1,1,1,1,1.0,0,0.0,0.6666666666666666
Human Pilot (GPS),HUMAN_SES_72a2e6_HS_MAI,5,5,Trung bình,G-P-S,6,3,3,0.8571428571428571,65,77,0.45774647887323944,1.1846153846153846,0,0,0,0.0,0.0,3,1.0,0,0,1,0,0,1,1,1,0,0,0,0,0,0,1,1,1,1,1.0,0,0.0,0.75
Human Pilot (GPS),HUMAN_SES_e0bd78_HS_MAI,6,6,Trung bình,G-P-S,6,3,3,1.0,67,77,0.4652777777777778,1.1492537313432836,0,0,0,0.0,0.0,2,0.6666666666666666,0,0,1,0,0,1,1,1,0,0,0,0,0,0,1,1,1,1,1.0,0,0.0,0.6666666666666666
Human Pilot (GPS),HUMAN_SES_dc01b9_HS_MAI,7,7,Trung bình,G-P-S,6,3,3,1.0,67,77,0.4652777777777778,1.1492537313432836,0,0,0,0.0,0.0,3,1.0,0,0,1,0,0,1,1,1,0,0,0,0,0,0,1,1,1,1,1.0,0,0.0,0.75
Human Pilot (GPS),HUMAN_SES_8be81a_HS_MAI,8,8,Trung bình,G-P-S,6,3,3,1.0,67,77,0.4652777777777778,1.1492537313432836,0,0,0,0.0,0.0,3,1.0,0,0,1,0,0,1,1,1,0,0,0,0,0,0,1,1,1,1,1.0,0,0.0,0.75
Human Pilot (GPS),HUMAN_SES_526e5b_HS_MAI,9,9,Trung bình,G-P-S,6,3,3,1.0,67,77,0.4652777777777778,1.1492537313432836,0,0,0,0.0,0.0,2,0.6666666666666666,0,0,1,0,0,1,1,1,0,0,0,0,0,0,1,1,1,1,1.0,0,0.0,0.6666666666666666
Human Pilot (GPS),HUMAN_SES_3d7237_HS_MAI,10,10,Trung bình,G-P-S,6,3,3,1.0,65,77,0.45774647887323944,1.1846153846153846,0,0,0,0.0,0.0,2,0.6666666666666666,0,0,1,0,0,1,1,1,0,0,0,0,0,0,1,1,1,1,1.0,0,0.0,0.6666666666666666
Human Pilot (GPS),HUMAN_SES_a3f8d6_HS_MAI,11,11,Trung bình,G-P-S,6,3,3,1.0,66,77,0.46153846153846156,1.1666666666666667,0,0,0,0.0,0.0,3,1.0,0,0,1,0,0,1,1,1,0,0,0,0,0,0,1,1,1,1,1.0,0,0.0,0.75
Human Pilot (GPS),HUMAN_SES_15afe6_HS_MAI,12,12,Trung bình,G-P-S,6,3,3,1.0,65,77,0.45774647887323944,1.1846153846153846,0,0,0,0.0,0.0,2,0.6666666666666666,0,0,1,0,0,1,1,1,0,0,0,0,0,0,1,1,1,1,1.0,0,0.0,0.6666666666666666
Human Pilot (GPS),HUMAN_SES_d61aad_HS_MAI,13,13,Trung bình,G-P-S,6,3,3,1.0,65,77,0.45774647887323944,1.1846153846153846,0,0,0,0.0,0.0,3,1.0,0,0,1,0,0,1,1,1,0,0,0,0,0,0,1,1,1,1,1.0,0,0.0,0.75
Human Pilot (GPS),HUMAN_SES_ca9fe9_HS_MAI,14,14,Trung bình,G-P-S,6,3,3,1.0,67,77,0.4652777777777778,1.1492537313432836,0,0,0,0.0,0.0,3,1.0,0,0,1,0,0,1,1,1,0,0,0,0,0,0,1,1,1,1,1.0,0,0.0,0.75
Human Pilot (GPS),HUMAN_SES_d1d3ed_HS_MAI,15,15,Trung bình,G-P-S,6,3,3,1.0,66,77,0.46153846153846156,1.1666666666666667,0,0,0,0.0,0.0,3,1.0,0,0,1,0,0,1,1,1,0,0,0,0,0,0,1,1,1,1,1.0,0,0.0,0.75
Human Pilot (GPS),HUMAN_SES_a33964_HS_MAI,16,16,Trung bình,G-P-S,6,3,3,0.75,66,77,0.46153846153846156,1.1666666666666667,0,0,0,0.0,0.0,1,0.3333333333333333,0,0,1,0,0,1,1,1,0,0,0,0,0,0,1,1,1,1,1.0,0,0.0,0.5833333333333333
Human Pilot (GPS),HUMAN_SES_2e6b8a_HS_MAI,17,17,Trung bình,G-P-S,6,3,3,0.6,69,77,0.4726027397260274,1.1159420289855073,0,0,0,0.0,0.0,1,0.3333333333333333,0,0,1,0,0,1,1,1,0,0,0,0,0,0,1,1,1,1,1.0,0,0.0,0.5833333333333333
Human Pilot (GPS),HUMAN_SES_585096_HS_MAI,18,18,Trung bình,G-P-S,6,3,3,0.6,69,77,0.4726027397260274,1.1159420289855073,0,0,0,0.0,0.0,2,0.6666666666666666,0,0,1,0,0,1,1,1,0,0,0,0,0,0,1,1,1,1,1.0,0,0.0,0.6666666666666666
Human Pilot (GPS),HUMAN_SES_b4f2eb_HS_MAI,19,19,Trung bình,G-P-S,6,3,3,0.75,66,77,0.46153846153846156,1.1666666666666667,0,0,0,0.0,0.0,1,0.3333333333333333,0,0,1,0,0,1,1,1,0,0,0,0,0,0,1,1,1,1,1.0,0,0.0,0.5833333333333333
Human Pilot (GPS),HUMAN_SES_37068b_HS_MAI,20,20,Trung bình,G-P-S,6,3,3,1.0,66,77,0.46153846153846156,1.1666666666666667,0,0,0,0.0,0.0,2,0.6666666666666666,0,0,1,0,0,1,1,1,0,0,0,0,0,0,1,1,1,1,1.0,0,0.0,0.6666666666666666
Human Pilot (GPS),HUMAN_SES_21fcb7_HS_MAI,21,21,Trung bình,G-P-S,6,3,3,1.0,66,77,0.46153846153846156,1.1666666666666667,0,0,0,0.0,0.0,2,0.6666666666666666,0,0,1,0,0,1,1,1,0,0,0,0,0,0,1,1,1,1,1.0,0,0.0,0.6666666666666666
Human Pilot (GPS),HUMAN_SES_e2fc68_HS_MAI,22,22,Trung bình,G-P-S,6,3,3,0.6666666666666666,67,77,0.4652777777777778,1.1492537313432836,0,0,0,0.0,0.0,1,0.3333333333333333,0,0,1,0,0,1,1,1,0,0,0,0,0,0,1,1,1,1,1.0,0,0.0,0.5833333333333333
Human Pilot (GPS),HUMAN_SES_6c97ff_HS_MAI,23,23,Trung bình,G-P-S,6,3,3,0.6,68,77,0.4689655172413793,1.1323529411764706,0,0,0,0.0,0.0,1,0.3333333333333333,0,0,1,0,0,1,1,1,0,0,0,0,0,0,1,1,1,1,1.0,0,0.0,0.5833333333333333
Human Pilot (GPS),HUMAN_SES_fa9486_HS_MAI,24,24,Trung bình,G-P-S,6,3,3,1.0,66,77,0.46153846153846156,1.1666666666666667,0,0,0,0.0,0.0,2,0.6666666666666666,0,0,1,0,0,1,1,1,0,0,0,0,0,0,1,1,1,1,1.0,0,0.0,0.6666666666666666
Human Pilot (GPS),HUMAN_SES_800887_HS_MAI,25,25,Trung bình,G-P-S,6,3,3,1.0,63,77,0.45,1.2222222222222223,0,0,0,0.0,0.0,2,0.6666666666666666,0,0,1,0,0,1,1,1,0,0,0,0,0,0,1,1,1,1,1.0,0,0.0,0.6666666666666666
Human Pilot (GPS),HUMAN_SES_fd8ab5_HS_MAI,26,26,Trung bình,G-P-S,6,3,3,0.75,66,77,0.46153846153846156,1.1666666666666667,0,0,0,0.0,0.0,2,0.6666666666666666,0,0,1,0,0,1,1,1,0,0,0,0,0,0,1,1,1,1,1.0,0,0.0,0.6666666666666666
Human Pilot (GPS),HUMAN_SES_050d6f_HS_MAI,27,27,Trung bình,G-P-S,6,3,3,1.0,66,77,0.46153846153846156,1.1666666666666667,0,0,0,0.0,0.0,2,0.6666666666666666,0,0,1,0,0,1,1,1,0,0,0,0,0,0,1,1,1,1,1.0,0,0.0,0.6666666666666666
Human Pilot (GPS),HUMAN_SES_4ead67_HS_MAI,28,28,Trung bình,G-P-S,6,3,3,0.75,66,77,0.46153846153846156,1.1666666666666667,0,0,0,0.0,0.0,2,0.6666666666666666,0,0,1,0,0,1,1,1,0,0,0,0,0,0,1,1,1,1,1.0,0,0.0,0.6666666666666666
Human Pilot (GPS),HUMAN_SES_927453_HS_MAI,29,29,Trung bình,G-P-S,6,3,3,1.0,68,77,0.4689655172413793,1.1323529411764706,0,0,0,0.0,0.0,2,0.6666666666666666,0,0,1,0,0,1,1,1,0,0,0,0,0,0,1,1,1,1,1.0,0,0.0,0.6666666666666666
Human Pilot (GPS),HUMAN_SES_444453_HS_MAI,30,30,Trung bình,G-P-S,6,3,3,1.0,66,77,0.46153846153846156,1.1666666666666667,0,0,0,0.0,0.0,2,0.6666666666666666,0,0,1,0,0,1,1,1,0,0,0,0,0,0,1,1,1,1,1.0,0,0.0,0.6666666666666666
Human Pilot (GPS),HUMAN_SES_383e30_HS_MAI,31,31,Trung bình,G-P-S,6,3,3,1.0,67,77,0.4652777777777778,1.1492537313432836,0,0,0,0.0,0.0,2,0.6666666666666666,0,0,1,0,0,1,1,1,0,0,0,0,0,0,1,1,1,1,1.0,0,0.0,0.6666666666666666
Human Pilot (GPS),HUMAN_SES_273988_HS_MAI,32,32,Trung bình,G-P-S,6,3,3,1.0,65,77,0.45774647887323944,1.1846153846153846,0,0,0,0.0,0.0,2,0.6666666666666666,0,0,1,0,0,1,1,1,0,0,0,0,0,0,1,1,1,1,1.0,0,0.0,0.6666666666666666
Human Pilot (GPS),HUMAN_SES_0f5884_HS_MAI,33,33,Trung bình,G-P-S,6,3,3,1.0,68,77,0.4689655172413793,1.1323529411764706,0,0,0,0.0,0.0,1,0.3333333333333333,0,0,1,0,0,1,1,1,0,0,0,0,0,0,1,1,1,1,1.0,0,0.0,0.5833333333333333
Human Pilot (GPS),HUMAN_SES_9e52f3_HS_MAI,34,34,Trung bình,G-P-S,6,3,3,1.0,66,77,0.46153846153846156,1.1666666666666667,0,0,0,0.0,0.0,3,1.0,0,0,1,0,0,1,1,1,0,0,0,0,0,0,1,1,1,1,1.0,0,0.0,0.75
Human Pilot (GPS),HUMAN_SES_f20919_HS_MAI,35,35,Trung bình,G-P-S,6,3,3,1.0,64,77,0.45390070921985815,1.203125,0,0,0,0.0,0.0,3,1.0,0,0,1,0,0,1,1,1,0,0,0,0,0,0,1,1,1,1,1.0,0,0.0,0.75
Human Pilot (GPS),HUMAN_SES_af9eed_HS_MAI,36,36,Trung bình,G-P-S,6,3,3,1.0,64,77,0.45390070921985815,1.203125,0,0,0,0.0,0.0,2,0.6666666666666666,0,0,1,0,0,1,1,1,0,0,0,0,0,0,1,1,1,1,1.0,0,0.0,0.6666666666666666
Human Pilot (GPS),HUMAN_SES_f78ea2_HS_MAI,37,37,Trung bình,G-P-S,6,3,3,1.0,67,77,0.4652777777777778,1.1492537313432836,0,0,0,0.0,0.0,2,0.6666666666666666,0,0,1,0,0,1,1,1,0,0,0,0,0,0,1,1,1,1,1.0,0,0.0,0.6666666666666666
Human Pilot (GPS),HUMAN_SES_b39351_HS_MAI,38,38,Trung bình,G-P-S,6,3,3,1.0,64,77,0.45390070921985815,1.203125,0,0,0,0.0,0.0,2,0.6666666666666666,0,0,1,0,0,1,1,1,0,0,0,0,0,0,1,1,1,1,1.0,0,0.0,0.6666666666666666
Human Pilot (GPS),HUMAN_SES_20663c_HS_MAI,39,39,Trung bình,G-P-S,6,3,3,1.0,69,77,0.4726027397260274,1.1159420289855073,0,0,0,0.0,0.0,2,0.6666666666666666,0,0,1,0,0,1,1,1,0,0,0,0,0,0,1,1,1,1,1.0,0,0.0,0.6666666666666666
Human Pilot (GPS),HUMAN_SES_edb038_HS_MAI,40,40,Trung bình,G-P-S,6,3,3,1.0,69,77,0.4726027397260274,1.1159420289855073,0,0,0,0.0,0.0,2,0.6666666666666666,0,0,1,0,0,1,1,1,0,0,0,0,0,0,1,1,1,1,1.0,0,0.0,0.6666666666666666
Human Pilot (GPS),HUMAN_SES_e3c9f1_HS_MAI,41,41,Trung bình,G-P-S,6,3,3,1.0,65,77,0.45774647887323944,1.1846153846153846,0,0,0,0.0,0.0,2,0.6666666666666666,0,0,1,0,0,1,1,1,0,0,0,0,0,0,1,1,1,1,1.0,0,0.0,0.6666666666666666
Human Pilot (GPS),HUMAN_SES_4015ec_HS_MAI,42,42,Trung bình,G-P-S,6,3,3,0.6,65,77,0.45774647887323944,1.1846153846153846,0,0,0,0.0,0.0,1,0.3333333333333333,0,0,1,0,0,1,1,1,0,0,0,0,0,0,1,1,1,1,1.0,0,0.0,0.5833333333333333
Human Pilot (GPS),HUMAN_SES_00aba6_HS_MAI,43,43,Trung bình,G-P-S,6,3,3,0.6666666666666666,65,77,0.45774647887323944,1.1846153846153846,0,0,0,0.0,0.0,3,1.0,0,0,1,0,0,1,1,1,0,0,0,0,0,0,1,1,1,1,1.0,0,0.0,0.75
Human Pilot (GPS),HUMAN_SES_e9037b_HS_MAI,44,44,Trung bình,G-P-S,6,3,3,1.0,64,77,0.45390070921985815,1.203125,0,0,0,0.0,0.0,2,0.6666666666666666,0,0,1,0,0,1,1,1,0,0,0,0,0,0,1,1,1,1,1.0,0,0.0,0.6666666666666666
Human Pilot (GPS),HUMAN_SES_d48cad_HS_MAI,45,45,Trung bình,G-P-S,6,3,3,1.0,64,77,0.45390070921985815,1.203125,0,0,0,0.0,0.0,2,0.6666666666666666,0,0,1,0,0,1,1,1,0,0,0,0,0,0,1,1,1,1,1.0,0,0.0,0.6666666666666666
GPS-Agent,SIM_Giỏi_0,Gieo một đồng tiền cân đối và đồng chất bốn lần. Xác suất để cả bốn lần xuất hiện mặt sấp là?,Gieo một đồng tiền cân đối và đồng chất bốn lần. Xác suất để cả bốn lần xuất hiện mặt sấp là?,Giỏi,G-P1-P2-P3-P4-P5-S,14,7,7,0.4375,138,581,0.19193324061196107,4.2101449275362315,4,12,16,0.25,0.5714285714285714,5,0.7142857142857143,0,0,1,0,0,1,1,1,0,0,0,1,0,1,5,1,5,1,0.72483409150576,0,3.0,0.7410714285714286
GPS-Agent,SIM_Khá_1,Gieo một đồng tiền cân đối và đồng chất bốn lần. Xác suất để cả bốn lần xuất hiện mặt sấp là?,Gieo một đồng tiền cân đối và đồng chất bốn lần. Xác suất để cả bốn lần xuất hiện mặt sấp là?,Khá,G-P1-P2-P3-P4-P5-P6-P7-S,18,9,9,0.32727272727272727,185,745,0.1989247311827957,4.027027027027027,15,36,51,0.29411764705882354,1.6666666666666667,8,0.8888888888888888,0,0,1,0,0,1,1,1,0,0,0,1,0,1,7,1,7,1,0.6223659728744493,0,2.4,0.7957516339869282
GPS-Agent,SIM_Trung bình_2,Gieo một đồng tiền cân đối và đồng chất bốn lần. Xác suất để cả bốn lần xuất hiện mặt sấp là?,Gieo một đồng tiền cân đối và đồng chất bốn lần. Xác suất để cả bốn lần xuất hiện mặt sấp là?,Trung bình,G-P1-P2-P3-P4-P5-S,14,7,7,0.3684210526315789,100,597,0.14347202295552366,5.97,4,16,20,0.2,0.5714285714285714,4,0.5714285714285714,0,0,1,0,0,1,1,1,0,0,0,1,0,1,5,1,5,1,0.72483409150576,0,4.0,0.6928571428571428
GPS-Agent,SIM_Yêu_3,Gieo một đồng tiền cân đối và đồng chất bốn lần. Xác suất để cả bốn lần xuất hiện mặt sấp là?,Gieo một đồng tiền cân đối và đồng chất bốn lần. Xác suất để cả bốn lần xuất hiện mặt sấp là?,Yếu,G-P1-P2-P3-P4-S,12,6,6,0.631578947368421,80,434,0.1556420233463035,5.425,3,12,15,0.2,0.5,4,0.6666666666666666,0,0,1,1,1,1,1,1,0,0,0,1,0,1,4,1,4,1,0.7896900821428475,0,4.0,0.7166666666666667
GPS-Agent,SIM_Giỏi_4,Gieo một con súc sắc hai lần. Xác suất để ít nhất một lần xuất hiện mặt sáu chấm là?,Gieo một con súc sắc hai lần. Xác suất để ít nhất một lần xuất hiện mặt sáu chấm là?,Giỏi,G-G-P1-P2-P3-P4-P5-P6-P7-S,20,10,10,0.7407407407407407,171,560,0.23392612859097128,3.2748538011695905,4,28,32,0.125,0.4,9,0.9,0,0,1,0,0,1,1,1,0,0,0,1,0,1,7,2,7,1,0.7298466991620975,0,7.0,0.75625
GPS-Agent,SIM_Khá_5,Gieo một con súc sắc hai lần. Xác suất để ít nhất một lần xuất hiện mặt sáu chấm là?,Gieo một con súc sắc hai lần. Xác suất để ít nhất một lần xuất hiện mặt sáu chấm là?,Khá,G-P1-P2-P3-P4-P5-P6-P7-P8-P9,72,35,37,0.9863013698630136,660,1631,0.28808380619816676,2.471212121212121,48,39,87,0.5517241379310345,1.2972972972972974,37,1.0,0,0,0,0,0,1,0,0,0,0,0,1,0,1,9,1,9,0,0.2959032742893846,0,0.8125,0.8879310344827587
GPS-Agent,SIM_Trung bình_6,Gieo một con súc sắc hai lần. Xác suất để ít nhất một lần xuất hiện mặt sáu chấm là?,Gieo một con súc sắc hai lần. Xác suất để ít nhất một lần xuất hiện mặt sáu chấm là?,Trung bình,G-G-P1-P2-P3-S,12,6,6,0.6666666666666666,122,463,0.20854700854700856,3.7950819672131146,4,22,26,0.15384615384615385,0.6666666666666666,6,1.0,0,0,1,0,0,1,1,1,0,0,0,0,0,0,3,2,3,1,0.9206198357143051,0,5.5,0.7884615384615384
GPS-Agent,SIM_Yêu_7,Gieo một con súc sắc hai lần. Xác suất để ít nhất một lần xuất hiện mặt sáu chấm là?,Gieo một con súc sắc hai lần. Xác suất để ít nhất một lần xuất hiện mặt sáu chấm là?,Yếu,G-P1-P2-P3-P4-S,12,6,6,0.36363636363636365,78,662,0.10540540540540541,8.487179487179487,3,28,31,0.0967741935483871,0.5,5,0.8333333333333334,0,0,1,0,0,1,1,1,0,0,0,1,0,1,4,1,4,1,0.7896900821428475,0,9.333333333333334,0.7325268817204301
GPS-Agent,SIM_Giỏi_8,Gieo một con xúc xắc cân đối đồng chất 2 lần. Tính xác suất để biến cố có tổng hai mặt bằng 8.,Gieo một con xúc xắc cân đối đồng chất 2 lần. Tính xác suất để biến cố có tổng hai mặt bằng 8.,Giỏi,G-S,11,5,6,0.6111111111111112,91,347,0.20776255707762556,3.8131868131868134,8,5,13,0.6153846153846154,1.3333333333333333,5,0.8333333333333334,0,0,1,0,0,0,1,0,1,0,1,0,0,0,1,1,0,1,0.6309297535714575,0,0.625,0.6121794871794872
GPS-Agent,SIM_Khá_9,Gieo một con xúc xắc cân đối đồng chất 2 lần. Tính xác suất để biến cố có tổng hai mặt bằng 8.,Gieo một con xúc xắc cân đối đồng chất 2 lần. Tính xác suất để biến cố có tổng hai mặt bằng 8.,Khá,G-P1-P2-S,20,10,10,0.6896551724137931,162,458,0.26129032258064516,2.8271604938271606,5,6,11,0.45454545454545453,0.5,6,0.6,0,0,1,0,0,1,1,1,0,0,0,0,0,0,2,1,2,1,0.9463946303571862,0,1.2,0.7636363636363637
GPS-Agent,SIM_Trung bình_10,Gieo một con xúc xắc cân đối đồng chất 2 lần. Tính xác suất để biến cố có tổng hai mặt bằng 8.,Gieo một con xúc xắc cân đối đồng chất 2 lần. Tính xác suất để biến cố có tổng hai mặt bằng 8.,Trung bình,G-P1-P2-P3-P4-P5-P6-P7-S,18,9,9,0.29508196721311475,165,831,0.16566265060240964,5.036363636363636,3,18,21,0.14285714285714285,0.3333333333333333,8,0.8888888888888888,0,0,1,0,0,1,1,1,0,0,0,1,0,1,7,1,7,1,0.6223659728744493,0,6.0,0.7579365079365079
GPS-Agent,SIM_Yêu_11,Gieo một con xúc xắc cân đối đồng chất 2 lần. Tính xác suất để biến cố có tổng hai mặt bằng 8.,Gieo một con xúc xắc cân đối đồng chất 2 lần. Tính xác suất để biến cố có tổng hai mặt bằng 8.,Yếu,G-S,10,5,5,0.6666666666666666,92,317,0.22493887530562348,3.4456521739130435,2,4,6,0.3333333333333333,0.4,3,0.6,0,0,1,1,1,0,1,0,1,0,1,0,0,0,1,1,0,1,0.6309297535714575,0,2.0,0.48333333333333334
GPS-Agent,SIM_Giỏi_12,"Gieo một con xúc xắc cân đối đồng chất 2 lần, tính xác suất để biến cố có tích 2 lần số chấm khi gieo xúc xắc là một số chẵn.","Gieo một con xúc xắc cân đối đồng chất 2 lần, tính xác suất để biến cố có tích 2 lần số chấm khi gieo xúc xắc là một số chẵn.",Giỏi,G-S,4,2,2,0.25,44,372,0.10576923076923077,8.454545454545455,1,4,5,0.2,0.5,2,1.0,0,0,1,0,0,0,1,0,1,0,1,0,0,0,1,1,0,1,0.6309297535714575,0,4.0,0.55
GPS-Agent,SIM_Khá_13,"Gieo một con xúc xắc cân đối đồng chất 2 lần, tính xác suất để biến cố có tích 2 lần số chấm khi gieo xúc xắc là một số chẵn.","Gieo một con xúc xắc cân đối đồng chất 2 lần, tính xác suất để biến cố có tích 2 lần số chấm khi gieo xúc xắc là một số chẵn.",Khá,G-P1-P2-P3-P4-P5-P6-P7-S,18,9,9,0.2647058823529412,236,896,0.20848056537102475,3.7966101694915255,2,18,20,0.1,0.2222222222222222,6,0.6666666666666666,0,0,1,0,0,1,1,1,0,0,0,1,0,1,7,1,7,1,0.6223659728744493,0,9.0,0.6916666666666667
GPS-Agent,SIM_Trung bình_14,"Gieo một con xúc xắc cân đối đồng chất 2 lần, tính xác suất để biến cố có tích 2 lần số chấm khi gieo xúc xắc là một số chẵn.","Gieo một con xúc xắc cân đối đồng chất 2 lần, tính xác suất để biến cố có tích 2 lần số chấm khi gieo xúc xắc là một số chẵn.",Trung bình,G-S,7,3,4,0.23333333333333334,338,373,0.47538677918424754,1.1035502958579881,1,7,8,0.125,0.25,3,0.75,0,0,1,0,0,0,1,0,1,0,1,0,0,0,1,1,0,1,0.6309297535714575,0,7.0,0.46875
GPS-Agent,SIM_Yêu_15,"Gieo một con xúc xắc cân đối đồng chất 2 lần, tính xác suất để biến cố có tích 2 lần số chấm khi gieo xúc xắc là một số chẵn.","Gieo một con xúc xắc cân đối đồng chất 2 lần, tính xác suất để biến cố có tích 2 lần số chấm khi gieo xúc xắc là một số chẵn.",Yếu,G-P1-P2-S,8,4,4,0.10526315789473684,64,676,0.08648648648648649,10.5625,1,8,9,0.1111111111111111,0.25,2,0.5,0,0,1,0,0,1,1,1,0,0,0,0,0,0,2,1,2,1,0.9463946303571862,0,8.0,0.6527777777777778
GPS-Agent,SIM_Giỏi_16,Gieo ba con súc sắc. Xác suất để số chấm xuất hiện trên ba con súc sắc như nhau là?,Gieo ba con súc sắc. Xác suất để số chấm xuất hiện trên ba con súc sắc như nhau là?,Giỏi,G-G-P1-P2-P3-P4-S,14,7,7,0.3888888888888889,109,657,0.1422976501305483,6.027522935779817,3,7,10,0.3,0.42857142857142855,5,0.7142857142857143,0,0,1,0,0,1,1,1,0,0,0,1,0,1,4,2,4,1,0.8699155297736259,0,2.3333333333333335,0.7535714285714286
GPS-Agent,SIM_Khá_17,Gieo ba con súc sắc. Xác suất để số chấm xuất hiện trên ba con súc sắc như nhau là?,Gieo ba con súc sắc. Xác suất để số chấm xuất hiện trên ba con súc sắc như nhau là?,Khá,G-S,9,5,4,0.6,92,335,0.2154566744730679,3.641304347826087,3,7,10,0.3,0.75,3,0.75,0,0,1,0,0,0,1,0,1,0,1,0,0,0,1,1,0,1,0.6309297535714575,0,2.3333333333333335,0.5125
GPS-Agent,SIM_Trung bình_18,Gieo ba con súc sắc. Xác suất để số chấm xuất hiện trên ba con súc sắc như nhau là?,Gieo ba con súc sắc. Xác suất để số chấm xuất hiện trên ba con súc sắc như nhau là?,Trung bình,G-S,10,5,5,0.625,137,301,0.3127853881278539,2.197080291970803,3,4,7,0.42857142857142855,0.6,3,0.6,0,0,1,0,0,0,1,0,1,0,1,0,0,0,1,1,0,1,0.6309297535714575,0,1.3333333333333333,0.5071428571428571
GPS-Agent,SIM_Yêu_19,Gieo ba con súc sắc. Xác suất để số chấm xuất hiện trên ba con súc sắc như nhau là?,Gieo ba con súc sắc. Xác suất để số chấm xuất hiện trên ba con súc sắc như nhau là?,Yếu,G-S,10,5,5,0.5882352941176471,93,290,0.24281984334203655,3.118279569892473,2,7,9,0.2222222222222222,0.4,2,0.4,0,0,1,0,0,0,1,0,1,0,1,0,0,0,1,1,0,1,0.6309297535714575,0,3.5,0.40555555555555556
GPS-Agent,SIM_Giỏi_20,"Một đội gồm 5 nam và 8 nữ. Lập một nhóm gồm 4 người hát tốp ca, tính xác suất để trong 4 người được chọn có ít nhất 3 nữ.","Một đội gồm 5 nam và 8 nữ. Lập một nhóm gồm 4 người hát tốp ca, tính xác suất để trong 4 người được chọn có ít nhất 3 nữ.",Giỏi,G-G-P1-P2-P3-P4-P5-P6-P7-P8,21,10,11,0.44680851063829785,147,551,0.21060171919770773,3.748299319727891,6,16,22,0.2727272727272727,0.5454545454545454,7,0.6363636363636364,1,0,0,0,0,1,0,0,0,0,0,1,0,1,8,2,8,0,0.45548591500359525,0,2.6666666666666665,0.4772727272727273
GPS-Agent,SIM_Khá_21,"Một đội gồm 5 nam và 8 nữ. Lập một nhóm gồm 4 người hát tốp ca, tính xác suất để trong 4 người được chọn có ít nhất 3 nữ.","Một đội gồm 5 nam và 8 nữ. Lập một nhóm gồm 4 người hát tốp ca, tính xác suất để trong 4 người được chọn có ít nhất 3 nữ.",Khá,G-P1-P2-P3-S,13,7,6,0.19117647058823528,173,775,0.18248945147679324,4.479768786127168,14,25,39,0.358974358974359,2.3333333333333335,6,1.0,0,0,1,1,1,1,1,1,0,0,0,0,0,0,3,1,3,1,0.8649735207179273,0,1.7857142857142858,0.8397435897435898
GPS-Agent,SIM_Trung bình_22,"Một đội gồm 5 nam và 8 nữ. Lập một nhóm gồm 4 người hát tốp ca, tính xác suất để trong 4 người được chọn có ít nhất 3 nữ.","Một đội gồm 5 nam và 8 nữ. Lập một nhóm gồm 4 người hát tốp ca, tính xác suất để trong 4 người được chọn có ít nhất 3 nữ.",Trung bình,G-P1-S,14,7,7,0.5185185185185185,113,528,0.17628705148205928,4.672566371681416,12,17,29,0.41379310344827586,1.7142857142857142,7,1.0,0,0,1,0,0,1,1,1,0,0,0,0,0,0,1,1,1,1,1.0,0,1.4166666666666667,0.853448275862069
GPS-Agent,SIM_Yêu_23,"Một đội gồm 5 nam và 8 nữ. Lập một nhóm gồm 4 người hát tốp ca, tính xác suất để trong 4 người được chọn có ít nhất 3 nữ.","Một đội gồm 5 nam và 8 nữ. Lập một nhóm gồm 4 người hát tốp ca, tính xác suất để trong 4 người được chọn có ít nhất 3 nữ.",Yếu,G-P1-S,24,12,12,0.7741935483870968,223,478,0.3181169757489301,2.1434977578475336,21,9,30,0.7,1.75,12,1.0,0,0,1,0,0,1,1,1,0,0,0,0,0,0,1,1,1,1,1.0,0,0.42857142857142855,0.925
GPS-Agent,SIM_Giỏi_24,"Một hộp có 5 viên bi xanh, 6 viên bi đỏ và 7 viên bi vàng. Chọn ngẫu nhiên 5 viên bi trong hộp, tính xác suất để 5 viên bi được chọn có đủ màu và số bi đỏ bằng số bi vàng.","Một hộp có 5 viên bi xanh, 6 viên bi đỏ và 7 viên bi vàng. Chọn ngẫu nhiên 5 viên bi trong hộp, tính xác suất để 5 viên bi được chọn có đủ màu và số bi đỏ bằng số bi vàng.",Giỏi,G-P1-S,8,4,4,0.2857142857142857,82,462,0.15073529411764705,5.634146341463414,1,15,16,0.0625,0.25,3,0.75,0,0,1,0,0,1,1,1,0,0,0,0,0,0,1,1,1,1,1.0,0,15.0,0.703125
GPS-Agent,SIM_Khá_25,"Một hộp có 5 viên bi xanh, 6 viên bi đỏ và 7 viên bi vàng. Chọn ngẫu nhiên 5 viên bi trong hộp, tính xác suất để 5 viên bi được chọn có đủ màu và số bi đỏ bằng số bi vàng.","Một hộp có 5 viên bi xanh, 6 viên bi đỏ và 7 viên bi vàng. Chọn ngẫu nhiên 5 viên bi trong hộp, tính xác suất để 5 viên bi được chọn có đủ màu và số bi đỏ bằng số bi vàng.",Khá,G-P1-P2-P3-P4-S,12,6,6,0.09448818897637795,273,970,0.21962992759452937,3.553113553113553,21,75,96,0.21875,3.5,6,1.0,0,0,1,0,0,1,1,1,0,0,0,1,0,1,4,1,4,1,0.7896900821428475,0,3.5714285714285716,0.8046875
GPS-Agent,SIM_Trung bình_26,"Một hộp có 5 viên bi xanh, 6 viên bi đỏ và 7 viên bi vàng. Chọn ngẫu nhiên 5 viên bi trong hộp, tính xác suất để 5 viên bi được chọn có đủ màu và số bi đỏ bằng số bi vàng.","Một hộp có 5 viên bi xanh, 6 viên bi đỏ và 7 viên bi vàng. Chọn ngẫu nhiên 5 viên bi trong hộp, tính xác suất để 5 viên bi được chọn có đủ màu và số bi đỏ bằng số bi vàng.",Trung bình,G-P1-S,12,6,6,0.25,136,619,0.18013245033112582,4.551470588235294,1,32,33,0.030303030303030304,0.16666666666666666,4,0.6666666666666666,0,0,1,0,0,1,1,1,0,0,0,0,0,0,1,1,1,1,1.0,0,32.0,0.6742424242424242
GPS-Agent,SIM_Yêu_27,"Một hộp có 5 viên bi xanh, 6 viên bi đỏ và 7 viên bi vàng. Chọn ngẫu nhiên 5 viên bi trong hộp, tính xác suất để 5 viên bi được chọn có đủ màu và số bi đỏ bằng số bi vàng.","Một hộp có 5 viên bi xanh, 6 viên bi đỏ và 7 viên bi vàng. Chọn ngẫu nhiên 5 viên bi trong hộp, tính xác suất để 5 viên bi được chọn có đủ màu và số bi đỏ bằng số bi vàng.",Yếu,G-S,16,8,8,0.6153846153846154,153,534,0.22270742358078602,3.4901960784313726,8,11,19,0.42105263157894735,1.0,8,1.0,0,0,1,0,0,0,1,0,1,0,1,0,0,0,1,1,0,1,0.6309297535714575,0,1.375,0.6052631578947368
GPS-Agent,SIM_Giỏi_28,"Một hộp có 5 viên bi đỏ, 3 viên bi vàng và 4 viên bi xanh. Chọn ngẫu nhiên từ hộp 4 viên bị, tính xác suất để 4 viên bi được chọn có số bi đỏ lớn hơn số bi vàng và nhất thiết phải có mặt bi xanh.","Một hộp có 5 viên bi đỏ, 3 viên bi vàng và 4 viên bi xanh. Chọn ngẫu nhiên từ hộp 4 viên bị, tính xác suất để 4 viên bi được chọn có số bi đỏ lớn hơn số bi vàng và nhất thiết phải có mặt bi xanh.",Giỏi,G-P1-P2-P3-P4-P5-P6-P7-P8-P9,21,10,11,0.375,187,899,0.1721915285451197,4.807486631016043,8,29,37,0.21621621621621623,0.7272727272727273,10,0.9090909090909091,1,0,0,0,0,1,0,0,0,0,0,1,0,1,9,1,9,0,0.2959032742893846,0,3.625,0.5313267813267813
GPS-Agent,SIM_Khá_29,"Một hộp có 5 viên bi đỏ, 3 viên bi vàng và 4 viên bi xanh. Chọn ngẫu nhiên từ hộp 4 viên bị, tính xác suất để 4 viên bi được chọn có số bi đỏ lớn hơn số bi vàng và nhất thiết phải có mặt bi xanh.","Một hộp có 5 viên bi đỏ, 3 viên bi vàng và 4 viên bi xanh. Chọn ngẫu nhiên từ hộp 4 viên bị, tính xác suất để 4 viên bi được chọn có số bi đỏ lớn hơn số bi vàng và nhất thiết phải có mặt bi xanh.",Khá,G-S,15,8,7,0.4166666666666667,170,587,0.22457067371202113,3.4529411764705884,7,24,31,0.22580645161290322,1.0,6,0.8571428571428571,0,0,1,0,0,0,1,0,1,0,1,0,0,0,1,1,0,1,0.6309297535714575,0,3.4285714285714284,0.5207373271889401
GPS-Agent,SIM_Trung bình_30,"Một hộp có 5 viên bi đỏ, 3 viên bi vàng và 4 viên bi xanh. Chọn ngẫu nhiên từ hộp 4 viên bị, tính xác suất để 4 viên bi được chọn có số bi đỏ lớn hơn số bi vàng và nhất thiết phải có mặt bi xanh.","Một hộp có 5 viên bi đỏ, 3 viên bi vàng và 4 viên bi xanh. Chọn ngẫu nhiên từ hộp 4 viên bị, tính xác suất để 4 viên bi được chọn có số bi đỏ lớn hơn số bi vàng và nhất thiết phải có mặt bi xanh.",Trung bình,G-P1-P2-P3-P4-P5-P6-P7-S,18,9,9,0.375,201,1087,0.15605590062111802,5.407960199004975,5,40,45,0.1111111111111111,0.5555555555555556,6,0.6666666666666666,0,0,1,0,0,1,1,1,0,0,0,1,0,1,7,1,7,1,0.6223659728744493,0,8.0,0.6944444444444444
GPS-Agent,SIM_Yêu_31,"Một hộp có 5 viên bi đỏ, 3 viên bi vàng và 4 viên bi xanh. Chọn ngẫu nhiên từ hộp 4 viên bị, tính xác suất để 4 viên bi được chọn có số bi đỏ lớn hơn số bi vàng và nhất thiết phải có mặt bi xanh.","Một hộp có 5 viên bi đỏ, 3 viên bi vàng và 4 viên bi xanh. Chọn ngẫu nhiên từ hộp 4 viên bị, tính xác suất để 4 viên bi được chọn có số bi đỏ lớn hơn số bi vàng và nhất thiết phải có mặt bi xanh.",Yếu,G-P1-P2-P3-P4-P5-P6-P7-S,18,9,9,0.19148936170212766,209,980,0.1757779646761985,4.688995215311005,11,37,48,0.22916666666666666,1.2222222222222223,6,0.6666666666666666,0,0,1,1,1,1,1,1,0,0,0,1,0,1,7,1,7,1,0.6223659728744493,0,3.3636363636363638,0.7239583333333333
GPS-Agent,SIM_Giỏi_32,"Có 3 bó hoa. Bó thứ nhất có 8 hoa hồng, bó thứ hai có 7 bông hoa ly, bó thứ ba có 6 bông hoa huệ. Chọn ngẫu nhiên 7 hoa từ ba bó hoa trên để cắm vào lọ hoa, tính xác suất để trong 7 hoa được chọn có số hoa hồng bằng số hoa ly.","Có 3 bó hoa. Bó thứ nhất có 8 hoa hồng, bó thứ hai có 7 bông hoa ly, bó thứ ba có 6 bông hoa huệ. Chọn ngẫu nhiên 7 hoa từ ba bó hoa trên để cắm vào lọ hoa, tính xác suất để trong 7 hoa được chọn có số hoa hồng bằng số hoa ly.",Giỏi,G-P1-P2-P3-P4-P5-P6-P7-P8-S,20,10,10,0.24691358024691357,250,999,0.200160128102482,3.996,9,41,50,0.18,0.9,5,0.5,0,0,1,0,0,1,1,1,0,0,0,1,0,1,8,1,8,1,0.5816718657178868,0,4.555555555555555,0.6699999999999999
GPS-Agent,SIM_Khá_33,"Có 3 bó hoa. Bó thứ nhất có 8 hoa hồng, bó thứ hai có 7 bông hoa ly, bó thứ ba có 6 bông hoa huệ. Chọn ngẫu nhiên 7 hoa từ ba bó hoa trên để cắm vào lọ hoa, tính xác suất để trong 7 hoa được chọn có số hoa hồng bằng số hoa ly.","Có 3 bó hoa. Bó thứ nhất có 8 hoa hồng, bó thứ hai có 7 bông hoa ly, bó thứ ba có 6 bông hoa huệ. Chọn ngẫu nhiên 7 hoa từ ba bó hoa trên để cắm vào lọ hoa, tính xác suất để trong 7 hoa được chọn có số hoa hồng bằng số hoa ly.",Khá,G-P1-S,24,12,12,0.75,221,500,0.3065187239944521,2.262443438914027,9,10,19,0.47368421052631576,0.75,9,0.75,0,0,1,0,0,1,1,1,0,0,0,0,0,0,1,1,1,1,1.0,0,1.1111111111111112,0.805921052631579
GPS-Agent,SIM_Trung bình_34,"Có 3 bó hoa. Bó thứ nhất có 8 hoa hồng, bó thứ hai có 7 bông hoa ly, bó thứ ba có 6 bông hoa huệ. Chọn ngẫu nhiên 7 hoa từ ba bó hoa trên để cắm vào lọ hoa, tính xác suất để trong 7 hoa được chọn có số hoa hồng bằng số hoa ly.","Có 3 bó hoa. Bó thứ nhất có 8 hoa hồng, bó thứ hai có 7 bông hoa ly, bó thứ ba có 6 bông hoa huệ. Chọn ngẫu nhiên 7 hoa từ ba bó hoa trên để cắm vào lọ hoa, tính xác suất để trong 7 hoa được chọn có số hoa hồng bằng số hoa ly.",Trung bình,G-P1-P2-P3-P4-P5-P6-S,63,31,32,0.7,451,952,0.32145402708481824,2.1108647450110865,35,15,50,0.7,1.09375,25,0.78125,0,0,1,0,0,1,1,1,0,0,0,1,0,1,6,1,6,1,0.6695919455357793,0,0.42857142857142855,0.8703125
GPS-Agent,SIM_Yêu_35,"Có 3 bó hoa. Bó thứ nhất có 8 hoa hồng, bó thứ hai có 7 bông hoa ly, bó thứ ba có 6 bông hoa huệ. Chọn ngẫu nhiên 7 hoa từ ba bó hoa trên để cắm vào lọ hoa, tính xác suất để trong 7 hoa được chọn có số hoa hồng bằng số hoa ly.","Có 3 bó hoa. Bó thứ nhất có 8 hoa hồng, bó thứ hai có 7 bông hoa ly, bó thứ ba có 6 bông hoa huệ. Chọn ngẫu nhiên 7 hoa từ ba bó hoa trên để cắm vào lọ hoa, tính xác suất để trong 7 hoa được chọn có số hoa hồng bằng số hoa ly.",Yếu,G-S,14,7,7,0.35,205,425,0.3253968253968254,2.073170731707317,20,15,35,0.5714285714285714,2.857142857142857,7,1.0,0,0,1,0,0,0,1,0,1,0,1,0,0,0,1,1,0,1,0.6309297535714575,0,0.75,0.6428571428571428
GPS-Agent,SIM_Giỏi_36,"Có 13 học sinh của một trường THPT đạt danh hiệu học sinh xuất sắc trongđó khối 12 có 8 học sinh nam và 3 học sinh nữ, khối 11 có 2 học sinh nam. Chọn ngẫu nhiên 3 học sinh bất kỳ để trao thưởng, tính xác suất để 3 học sinh được chọn có cả nam và nữ đồng thời có cả khối 11 và khối 12 .","Có 13 học sinh của một trường THPT đạt danh hiệu học sinh xuất sắc trongđó khối 12 có 8 học sinh nam và 3 học sinh nữ, khối 11 có 2 học sinh nam. Chọn ngẫu nhiên 3 học sinh bất kỳ để trao thưởng, tính xác suất để 3 học sinh được chọn có cả nam và nữ đồng thời có cả khối 11 và khối 12 .",Giỏi,G-P1-S,22,11,11,0.5365853658536586,301,640,0.3198724760892667,2.12624584717608,15,12,27,0.5555555555555556,1.3636363636363635,8,0.7272727272727273,0,0,1,0,0,1,1,1,0,0,0,0,0,0,1,1,1,1,1.0,0,0.8,0.8207070707070707
GPS-Agent,SIM_Khá_37,"Có 13 học sinh của một trường THPT đạt danh hiệu học sinh xuất sắc trongđó khối 12 có 8 học sinh nam và 3 học sinh nữ, khối 11 có 2 học sinh nam. Chọn ngẫu nhiên 3 học sinh bất kỳ để trao thưởng, tính xác suất để 3 học sinh được chọn có cả nam và nữ đồng thời có cả khối 11 và khối 12 .","Có 13 học sinh của một trường THPT đạt danh hiệu học sinh xuất sắc trongđó khối 12 có 8 học sinh nam và 3 học sinh nữ, khối 11 có 2 học sinh nam. Chọn ngẫu nhiên 3 học sinh bất kỳ để trao thưởng, tính xác suất để 3 học sinh được chọn có cả nam và nữ đồng thời có cả khối 11 và khối 12 .",Khá,G-S,13,7,6,0.48148148148148145,199,511,0.2802816901408451,2.5678391959798996,6,15,21,0.2857142857142857,1.0,5,0.8333333333333334,0,0,1,1,1,0,1,0,1,0,1,0,0,0,1,1,0,1,0.6309297535714575,0,2.5,0.5297619047619048
GPS-Agent,SIM_Trung bình_38,"Có 13 học sinh của một trường THPT đạt danh hiệu học sinh xuất sắc trongđó khối 12 có 8 học sinh nam và 3 học sinh nữ, khối 11 có 2 học sinh nam. Chọn ngẫu nhiên 3 học sinh bất kỳ để trao thưởng, tính xác suất để 3 học sinh được chọn có cả nam và nữ đồng thời có cả khối 11 và khối 12 .","Có 13 học sinh của một trường THPT đạt danh hiệu học sinh xuất sắc trongđó khối 12 có 8 học sinh nam và 3 học sinh nữ, khối 11 có 2 học sinh nam. Chọn ngẫu nhiên 3 học sinh bất kỳ để trao thưởng, tính xác suất để 3 học sinh được chọn có cả nam và nữ đồng thời có cả khối 11 và khối 12 .",Trung bình,G-S,23,12,11,0.6216216216216216,268,562,0.3228915662650602,2.0970149253731343,2,10,12,0.16666666666666666,0.18181818181818182,5,0.45454545454545453,0,0,1,1,1,0,1,0,1,0,1,0,0,0,1,1,0,1,0.6309297535714575,0,5.0,0.4053030303030303
GPS-Agent,SIM_Yêu_39,"Có 13 học sinh của một trường THPT đạt danh hiệu học sinh xuất sắc trongđó khối 12 có 8 học sinh nam và 3 học sinh nữ, khối 11 có 2 học sinh nam. Chọn ngẫu nhiên 3 học sinh bất kỳ để trao thưởng, tính xác suất để 3 học sinh được chọn có cả nam và nữ đồng thời có cả khối 11 và khối 12 .","Có 13 học sinh của một trường THPT đạt danh hiệu học sinh xuất sắc trongđó khối 12 có 8 học sinh nam và 3 học sinh nữ, khối 11 có 2 học sinh nam. Chọn ngẫu nhiên 3 học sinh bất kỳ để trao thưởng, tính xác suất để 3 học sinh được chọn có cả nam và nữ đồng thời có cả khối 11 và khối 12 .",Yếu,G-P1-G-P2-P3-P4-P5-P6-P7-P8,25,13,12,0.45454545454545453,200,687,0.2254791431792559,3.435,6,27,33,0.18181818181818182,0.5,7,0.5833333333333334,0,0,0,0,0,1,0,0,0,0,0,1,0,1,7,2,8,0,0.45548591500359525,0,4.5,0.6912878787878788
GPS-Agent,SIM_Giỏi_40,"Một chiếc hộp đựng 7 viên bi màu xanh, 6 viên bi màu đen, 5 viên bi màu đỏ, 4 viên bi màu trắng. Chọn ngẫu nhiên ra 4 viên bi, tính xác suất để lấy được ít nhất 2 viên bi cùng màu.","Một chiếc hộp đựng 7 viên bi màu xanh, 6 viên bi màu đen, 5 viên bi màu đỏ, 4 viên bi màu trắng. Chọn ngẫu nhiên ra 4 viên bi, tính xác suất để lấy được ít nhất 2 viên bi cùng màu.",Giỏi,G-P1-P2-P3-P4-P5-P6-P7-P8-P9,26,13,13,0.27956989247311825,410,1006,0.2895480225988701,2.453658536585366,25,46,71,0.352112676056338,1.9230769230769231,11,0.8461538461538461,1,0,0,0,0,1,0,0,0,0,0,1,0,1,9,1,9,0,0.2959032742893846,0,1.84,0.5495666305525461
GPS-Agent,SIM_Khá_41,"Một chiếc hộp đựng 7 viên bi màu xanh, 6 viên bi màu đen, 5 viên bi màu đỏ, 4 viên bi màu trắng. Chọn ngẫu nhiên ra 4 viên bi, tính xác suất để lấy được ít nhất 2 viên bi cùng màu.","Một chiếc hộp đựng 7 viên bi màu xanh, 6 viên bi màu đen, 5 viên bi màu đỏ, 4 viên bi màu trắng. Chọn ngẫu nhiên ra 4 viên bi, tính xác suất để lấy được ít nhất 2 viên bi cùng màu.",Khá,G-P1-P2-P3-P4-P5-P6-P7-S,18,9,9,0.11392405063291139,642,974,0.3972772277227723,1.517133956386293,51,52,103,0.49514563106796117,5.666666666666667,8,0.8888888888888888,0,0,1,0,0,1,1,1,0,0,0,1,0,1,7,1,7,1,0.6223659728744493,0,1.0196078431372548,0.8460086299892124
GPS-Agent,SIM_Trung bình_42,"Một chiếc hộp đựng 7 viên bi màu xanh, 6 viên bi màu đen, 5 viên bi màu đỏ, 4 viên bi màu trắng. Chọn ngẫu nhiên ra 4 viên bi, tính xác suất để lấy được ít nhất 2 viên bi cùng màu.","Một chiếc hộp đựng 7 viên bi màu xanh, 6 viên bi màu đen, 5 viên bi màu đỏ, 4 viên bi màu trắng. Chọn ngẫu nhiên ra 4 viên bi, tính xác suất để lấy được ít nhất 2 viên bi cùng màu.",Trung bình,G-P1-P2-P3-P4-P5-P6-P7-P8-P9,21,10,11,0.1926605504587156,221,1182,0.15751960085531005,5.34841628959276,8,46,54,0.14814814814814814,0.7272727272727273,11,1.0,1,0,0,0,0,1,0,0,0,0,0,1,0,1,9,1,9,0,0.2959032742893846,0,5.75,0.537037037037037
GPS-Agent,SIM_Yêu_43,"Một chiếc hộp đựng 7 viên bi màu xanh, 6 viên bi màu đen, 5 viên bi màu đỏ, 4 viên bi màu trắng. Chọn ngẫu nhiên ra 4 viên bi, tính xác suất để lấy được ít nhất 2 viên bi cùng màu.","Một chiếc hộp đựng 7 viên bi màu xanh, 6 viên bi màu đen, 5 viên bi màu đỏ, 4 viên bi màu trắng. Chọn ngẫu nhiên ra 4 viên bi, tính xác suất để lấy được ít nhất 2 viên bi cùng màu.",Yếu,G-P1-P2-P3-P4-P5-P6-P7-P8-P9,21,10,11,0.31343283582089554,242,655,0.2697881828316611,2.706611570247934,8,56,64,0.125,0.7272727272727273,8,0.7272727272727273,1,0,0,0,0,1,0,0,0,0,0,1,0,1,9,1,9,0,0.2959032742893846,0,7.0,0.4630681818181818
GPS-Agent,SIM_Giỏi_44,"Một hộp đựng 8 quả cầu trắng, 12 quả cầu đen. Lần thứ nhất lấy ngẫu nhiên 1 quả cầu trong hộp, lần thứ hai lấy ngẫu nhiên 1 quả cầu trong các quả cầu còn lại. Tính xác suất để kết quả của hai lần lấy được 2 quả cầu cùng màu. Không gian mẫu là lấy 2 quả cầu trong hộp một cách lần lượt ngẫu nhiên. Suy ra số phần tử của không gian mẫu là Gọi  biến cố ” 2 quả cầu được lấy cùng màu” . Ta có các trường hợp thuận lợi cho biến cố  như sau: ● TH1: Lần thứ nhất lấy quả màu trắng và lần thứ hai cũng màu trắng. Do đó trường hợp này có  cách. ● TH2: Lần thứ nhất lấy quả màu đen và lần thứ hai cũng màu đen. Do đó trường hợp này có  cách. Suy ra số phần tử của biến cố  là","Một hộp đựng 8 quả cầu trắng, 12 quả cầu đen. Lần thứ nhất lấy ngẫu nhiên 1 quả cầu trong hộp, lần thứ hai lấy ngẫu nhiên 1 quả cầu trong các quả cầu còn lại. Tính xác suất để kết quả của hai lần lấy được 2 quả cầu cùng màu. Không gian mẫu là lấy 2 quả cầu trong hộp một cách lần lượt ngẫu nhiên. Suy ra số phần tử của không gian mẫu là Gọi  biến cố ” 2 quả cầu được lấy cùng màu” . Ta có các trường hợp thuận lợi cho biến cố  như sau: ● TH1: Lần thứ nhất lấy quả màu trắng và lần thứ hai cũng màu trắng. Do đó trường hợp này có  cách. ● TH2: Lần thứ nhất lấy quả màu đen và lần thứ hai cũng màu đen. Do đó trường hợp này có  cách. Suy ra số phần tử của biến cố  là",Giỏi,G-S,12,6,6,0.631578947368421,259,376,0.4078740157480315,1.4517374517374517,6,5,11,0.5454545454545454,1.0,5,0.8333333333333334,0,0,1,0,0,0,1,0,1,0,1,0,0,0,1,1,0,1,0.6309297535714575,0,0.8333333333333334,0.5946969696969697
GPS-Agent,SIM_Khá_45,"Một hộp đựng 8 quả cầu trắng, 12 quả cầu đen. Lần thứ nhất lấy ngẫu nhiên 1 quả cầu trong hộp, lần thứ hai lấy ngẫu nhiên 1 quả cầu trong các quả cầu còn lại. Tính xác suất để kết quả của hai lần lấy được 2 quả cầu cùng màu. Không gian mẫu là lấy 2 quả cầu trong hộp một cách lần lượt ngẫu nhiên. Suy ra số phần tử của không gian mẫu là Gọi  biến cố ” 2 quả cầu được lấy cùng màu” . Ta có các trường hợp thuận lợi cho biến cố  như sau: ● TH1: Lần thứ nhất lấy quả màu trắng và lần thứ hai cũng màu trắng. Do đó trường hợp này có  cách. ● TH2: Lần thứ nhất lấy quả màu đen và lần thứ hai cũng màu đen. Do đó trường hợp này có  cách. Suy ra số phần tử của biến cố  là","Một hộp đựng 8 quả cầu trắng, 12 quả cầu đen. Lần thứ nhất lấy ngẫu nhiên 1 quả cầu trong hộp, lần thứ hai lấy ngẫu nhiên 1 quả cầu trong các quả cầu còn lại. Tính xác suất để kết quả của hai lần lấy được 2 quả cầu cùng màu. Không gian mẫu là lấy 2 quả cầu trong hộp một cách lần lượt ngẫu nhiên. Suy ra số phần tử của không gian mẫu là Gọi  biến cố ” 2 quả cầu được lấy cùng màu” . Ta có các trường hợp thuận lợi cho biến cố  như sau: ● TH1: Lần thứ nhất lấy quả màu trắng và lần thứ hai cũng màu trắng. Do đó trường hợp này có  cách. ● TH2: Lần thứ nhất lấy quả màu đen và lần thứ hai cũng màu đen. Do đó trường hợp này có  cách. Suy ra số phần tử của biến cố  là",Khá,G-P1-S,26,13,13,0.7027027027027027,377,597,0.3870636550308008,1.5835543766578248,13,12,25,0.52,1.0,11,0.8461538461538461,0,0,1,1,1,1,1,1,0,0,0,0,0,0,1,1,1,1,1.0,0,0.9230769230769231,0.8415384615384616
GPS-Agent,SIM_Trung bình_46,"Một hộp đựng 8 quả cầu trắng, 12 quả cầu đen. Lần thứ nhất lấy ngẫu nhiên 1 quả cầu trong hộp, lần thứ hai lấy ngẫu nhiên 1 quả cầu trong các quả cầu còn lại. Tính xác suất để kết quả của hai lần lấy được 2 quả cầu cùng màu. Không gian mẫu là lấy 2 quả cầu trong hộp một cách lần lượt ngẫu nhiên. Suy ra số phần tử của không gian mẫu là Gọi  biến cố ” 2 quả cầu được lấy cùng màu” . Ta có các trường hợp thuận lợi cho biến cố  như sau: ● TH1: Lần thứ nhất lấy quả màu trắng và lần thứ hai cũng màu trắng. Do đó trường hợp này có  cách. ● TH2: Lần thứ nhất lấy quả màu đen và lần thứ hai cũng màu đen. Do đó trường hợp này có  cách. Suy ra số phần tử của biến cố  là","Một hộp đựng 8 quả cầu trắng, 12 quả cầu đen. Lần thứ nhất lấy ngẫu nhiên 1 quả cầu trong hộp, lần thứ hai lấy ngẫu nhiên 1 quả cầu trong các quả cầu còn lại. Tính xác suất để kết quả của hai lần lấy được 2 quả cầu cùng màu. Không gian mẫu là lấy 2 quả cầu trong hộp một cách lần lượt ngẫu nhiên. Suy ra số phần tử của không gian mẫu là Gọi  biến cố ” 2 quả cầu được lấy cùng màu” . Ta có các trường hợp thuận lợi cho biến cố  như sau: ● TH1: Lần thứ nhất lấy quả màu trắng và lần thứ hai cũng màu trắng. Do đó trường hợp này có  cách. ● TH2: Lần thứ nhất lấy quả màu đen và lần thứ hai cũng màu đen. Do đó trường hợp này có  cách. Suy ra số phần tử của biến cố  là",Trung bình,G-P1-S,13,6,7,0.5909090909090909,278,380,0.42249240121580545,1.3669064748201438,8,6,14,0.5714285714285714,1.1428571428571428,7,1.0,0,0,1,0,0,1,1,1,0,0,0,0,0,0,1,1,1,1,1.0,0,0.75,0.8928571428571428
GPS-Agent,SIM_Yêu_47,"Một hộp đựng 8 quả cầu trắng, 12 quả cầu đen. Lần thứ nhất lấy ngẫu nhiên 1 quả cầu trong hộp, lần thứ hai lấy ngẫu nhiên 1 quả cầu trong các quả cầu còn lại. Tính xác suất để kết quả của hai lần lấy được 2 quả cầu cùng màu. Không gian mẫu là lấy 2 quả cầu trong hộp một cách lần lượt ngẫu nhiên. Suy ra số phần tử của không gian mẫu là Gọi  biến cố ” 2 quả cầu được lấy cùng màu” . Ta có các trường hợp thuận lợi cho biến cố  như sau: ● TH1: Lần thứ nhất lấy quả màu trắng và lần thứ hai cũng màu trắng. Do đó trường hợp này có  cách. ● TH2: Lần thứ nhất lấy quả màu đen và lần thứ hai cũng màu đen. Do đó trường hợp này có  cách. Suy ra số phần tử của biến cố  là","Một hộp đựng 8 quả cầu trắng, 12 quả cầu đen. Lần thứ nhất lấy ngẫu nhiên 1 quả cầu trong hộp, lần thứ hai lấy ngẫu nhiên 1 quả cầu trong các quả cầu còn lại. Tính xác suất để kết quả của hai lần lấy được 2 quả cầu cùng màu. Không gian mẫu là lấy 2 quả cầu trong hộp một cách lần lượt ngẫu nhiên. Suy ra số phần tử của không gian mẫu là Gọi  biến cố ” 2 quả cầu được lấy cùng màu” . Ta có các trường hợp thuận lợi cho biến cố  như sau: ● TH1: Lần thứ nhất lấy quả màu trắng và lần thứ hai cũng màu trắng. Do đó trường hợp này có  cách. ● TH2: Lần thứ nhất lấy quả màu đen và lần thứ hai cũng màu đen. Do đó trường hợp này có  cách. Suy ra số phần tử của biến cố  là",Yếu,G-G-P1-P2-P3-S,12,6,6,0.375,274,751,0.2673170731707317,2.740875912408759,3,12,15,0.2,0.5,5,0.8333333333333334,0,0,1,0,0,1,1,1,0,0,0,0,0,0,3,2,3,1,0.9206198357143051,0,4.0,0.7583333333333333
GPS-Agent,SIM_Giỏi_48,"Một hộp chứa 12 viên bi kích thước như nhau, trong đó có 5 viên bi màu xanh được đánh số từ 1 đến 5; có 4 viên bi màu đỏ được đánh số từ 1 đến 4 và 3 viên bi màu vàng được đánh số từ 1 đến 3. Lấy ngẫu nhiên 2 viên bi từ hộp, tính xác suất để 2 viên bi được lấy vừa khác màu vừa khác số. Không gian mẫu là số sách lấy tùy ý 2 viên từ hộp chứa 12 viên bi. Suy ra số phần tử của không gian mẫu là Gọi  là biến cố ” 2 viên bi được lấy vừa khác màu vừa khác số ” . ● Số cách lấy 2 viên bi gồm: 1 bi xanh và 1 bi đỏ là  cách (do số bi đỏ ít hơn nên ta lấy trước, có 4 cách lấy bi đỏ. Tiếp tục lấy bi xanh nhưng không lấy viên trùng với số của bi đỏ nên có 4 cách lấy bi xanh). ● Số cách lấy 2 viên bi gồm: 1 bi xanh và 1 bi vàng là  cách. ● Số cách lấy 2 viên bi gồm: 1 bi đỏ và 1 bi vàng là  cách. Suy ra số phần tử của biến cố  là","Một hộp chứa 12 viên bi kích thước như nhau, trong đó có 5 viên bi màu xanh được đánh số từ 1 đến 5; có 4 viên bi màu đỏ được đánh số từ 1 đến 4 và 3 viên bi màu vàng được đánh số từ 1 đến 3. Lấy ngẫu nhiên 2 viên bi từ hộp, tính xác suất để 2 viên bi được lấy vừa khác màu vừa khác số. Không gian mẫu là số sách lấy tùy ý 2 viên từ hộp chứa 12 viên bi. Suy ra số phần tử của không gian mẫu là Gọi  là biến cố ” 2 viên bi được lấy vừa khác màu vừa khác số ” . ● Số cách lấy 2 viên bi gồm: 1 bi xanh và 1 bi đỏ là  cách (do số bi đỏ ít hơn nên ta lấy trước, có 4 cách lấy bi đỏ. Tiếp tục lấy bi xanh nhưng không lấy viên trùng với số của bi đỏ nên có 4 cách lấy bi xanh). ● Số cách lấy 2 viên bi gồm: 1 bi xanh và 1 bi vàng là  cách. ● Số cách lấy 2 viên bi gồm: 1 bi đỏ và 1 bi vàng là  cách. Suy ra số phần tử của biến cố  là",Giỏi,G-P1-P2-S,40,22,18,0.7692307692307693,496,930,0.34782608695652173,1.875,20,29,49,0.40816326530612246,1.1111111111111112,17,0.9444444444444444,0,0,1,0,0,1,1,1,0,0,0,0,0,0,2,1,2,1,0.9463946303571862,0,1.45,0.8381519274376417
GPS-Agent,SIM_Khá_49,"Một hộp chứa 12 viên bi kích thước như nhau, trong đó có 5 viên bi màu xanh được đánh số từ 1 đến 5; có 4 viên bi màu đỏ được đánh số từ 1 đến 4 và 3 viên bi màu vàng được đánh số từ 1 đến 3. Lấy ngẫu nhiên 2 viên bi từ hộp, tính xác suất để 2 viên bi được lấy vừa khác màu vừa khác số. Không gian mẫu là số sách lấy tùy ý 2 viên từ hộp chứa 12 viên bi. Suy ra số phần tử của không gian mẫu là Gọi  là biến cố ” 2 viên bi được lấy vừa khác màu vừa khác số ” . ● Số cách lấy 2 viên bi gồm: 1 bi xanh và 1 bi đỏ là  cách (do số bi đỏ ít hơn nên ta lấy trước, có 4 cách lấy bi đỏ. Tiếp tục lấy bi xanh nhưng không lấy viên trùng với số của bi đỏ nên có 4 cách lấy bi xanh). ● Số cách lấy 2 viên bi gồm: 1 bi xanh và 1 bi vàng là  cách. ● Số cách lấy 2 viên bi gồm: 1 bi đỏ và 1 bi vàng là  cách. Suy ra số phần tử của biến cố  là","Một hộp chứa 12 viên bi kích thước như nhau, trong đó có 5 viên bi màu xanh được đánh số từ 1 đến 5; có 4 viên bi màu đỏ được đánh số từ 1 đến 4 và 3 viên bi màu vàng được đánh số từ 1 đến 3. Lấy ngẫu nhiên 2 viên bi từ hộp, tính xác suất để 2 viên bi được lấy vừa khác màu vừa khác số. Không gian mẫu là số sách lấy tùy ý 2 viên từ hộp chứa 12 viên bi. Suy ra số phần tử của không gian mẫu là Gọi  là biến cố ” 2 viên bi được lấy vừa khác màu vừa khác số ” . ● Số cách lấy 2 viên bi gồm: 1 bi xanh và 1 bi đỏ là  cách (do số bi đỏ ít hơn nên ta lấy trước, có 4 cách lấy bi đỏ. Tiếp tục lấy bi xanh nhưng không lấy viên trùng với số của bi đỏ nên có 4 cách lấy bi xanh). ● Số cách lấy 2 viên bi gồm: 1 bi xanh và 1 bi vàng là  cách. ● Số cách lấy 2 viên bi gồm: 1 bi đỏ và 1 bi vàng là  cách. Suy ra số phần tử của biến cố  là",Khá,G-S,4,2,2,0.12903225806451613,282,506,0.35786802030456855,1.7943262411347518,2,26,28,0.07142857142857142,1.0,2,1.0,0,0,1,0,0,0,1,0,1,0,1,0,0,0,1,1,0,1,0.6309297535714575,0,13.0,0.5178571428571428
GPS-Agent,SIM_Trung bình_50,"Một hộp chứa 12 viên bi kích thước như nhau, trong đó có 5 viên bi màu xanh được đánh số từ 1 đến 5; có 4 viên bi màu đỏ được đánh số từ 1 đến 4 và 3 viên bi màu vàng được đánh số từ 1 đến 3. Lấy ngẫu nhiên 2 viên bi từ hộp, tính xác suất để 2 viên bi được lấy vừa khác màu vừa khác số. Không gian mẫu là số sách lấy tùy ý 2 viên từ hộp chứa 12 viên bi. Suy ra số phần tử của không gian mẫu là Gọi  là biến cố ” 2 viên bi được lấy vừa khác màu vừa khác số ” . ● Số cách lấy 2 viên bi gồm: 1 bi xanh và 1 bi đỏ là  cách (do số bi đỏ ít hơn nên ta lấy trước, có 4 cách lấy bi đỏ. Tiếp tục lấy bi xanh nhưng không lấy viên trùng với số của bi đỏ nên có 4 cách lấy bi xanh). ● Số cách lấy 2 viên bi gồm: 1 bi xanh và 1 bi vàng là  cách. ● Số cách lấy 2 viên bi gồm: 1 bi đỏ và 1 bi vàng là  cách. Suy ra số phần tử của biến cố  là","Một hộp chứa 12 viên bi kích thước như nhau, trong đó có 5 viên bi màu xanh được đánh số từ 1 đến 5; có 4 viên bi màu đỏ được đánh số từ 1 đến 4 và 3 viên bi màu vàng được đánh số từ 1 đến 3. Lấy ngẫu nhiên 2 viên bi từ hộp, tính xác suất để 2 viên bi được lấy vừa khác màu vừa khác số. Không gian mẫu là số sách lấy tùy ý 2 viên từ hộp chứa 12 viên bi. Suy ra số phần tử của không gian mẫu là Gọi  là biến cố ” 2 viên bi được lấy vừa khác màu vừa khác số ” . ● Số cách lấy 2 viên bi gồm: 1 bi xanh và 1 bi đỏ là  cách (do số bi đỏ ít hơn nên ta lấy trước, có 4 cách lấy bi đỏ. Tiếp tục lấy bi xanh nhưng không lấy viên trùng với số của bi đỏ nên có 4 cách lấy bi xanh). ● Số cách lấy 2 viên bi gồm: 1 bi xanh và 1 bi vàng là  cách. ● Số cách lấy 2 viên bi gồm: 1 bi đỏ và 1 bi vàng là  cách. Suy ra số phần tử của biến cố  là",Trung bình,G-P1-P2-S,8,4,4,0.1568627450980392,246,730,0.2520491803278688,2.967479674796748,2,27,29,0.06896551724137931,0.5,3,0.75,0,0,1,1,1,1,1,1,0,0,0,0,0,0,2,1,2,1,0.9463946303571862,0,13.5,0.7047413793103449
GPS-Agent,SIM_Yêu_51,"Một hộp chứa 12 viên bi kích thước như nhau, trong đó có 5 viên bi màu xanh được đánh số từ 1 đến 5; có 4 viên bi màu đỏ được đánh số từ 1 đến 4 và 3 viên bi màu vàng được đánh số từ 1 đến 3. Lấy ngẫu nhiên 2 viên bi từ hộp, tính xác suất để 2 viên bi được lấy vừa khác màu vừa khác số. Không gian mẫu là số sách lấy tùy ý 2 viên từ hộp chứa 12 viên bi. Suy ra số phần tử của không gian mẫu là Gọi  là biến cố ” 2 viên bi được lấy vừa khác màu vừa khác số ” . ● Số cách lấy 2 viên bi gồm: 1 bi xanh và 1 bi đỏ là  cách (do số bi đỏ ít hơn nên ta lấy trước, có 4 cách lấy bi đỏ. Tiếp tục lấy bi xanh nhưng không lấy viên trùng với số của bi đỏ nên có 4 cách lấy bi xanh). ● Số cách lấy 2 viên bi gồm: 1 bi xanh và 1 bi vàng là  cách. ● Số cách lấy 2 viên bi gồm: 1 bi đỏ và 1 bi vàng là  cách. Suy ra số phần tử của biến cố  là","Một hộp chứa 12 viên bi kích thước như nhau, trong đó có 5 viên bi màu xanh được đánh số từ 1 đến 5; có 4 viên bi màu đỏ được đánh số từ 1 đến 4 và 3 viên bi màu vàng được đánh số từ 1 đến 3. Lấy ngẫu nhiên 2 viên bi từ hộp, tính xác suất để 2 viên bi được lấy vừa khác màu vừa khác số. Không gian mẫu là số sách lấy tùy ý 2 viên từ hộp chứa 12 viên bi. Suy ra số phần tử của không gian mẫu là Gọi  là biến cố ” 2 viên bi được lấy vừa khác màu vừa khác số ” . ● Số cách lấy 2 viên bi gồm: 1 bi xanh và 1 bi đỏ là  cách (do số bi đỏ ít hơn nên ta lấy trước, có 4 cách lấy bi đỏ. Tiếp tục lấy bi xanh nhưng không lấy viên trùng với số của bi đỏ nên có 4 cách lấy bi xanh). ● Số cách lấy 2 viên bi gồm: 1 bi xanh và 1 bi vàng là  cách. ● Số cách lấy 2 viên bi gồm: 1 bi đỏ và 1 bi vàng là  cách. Suy ra số phần tử của biến cố  là",Yếu,G-S,4,2,2,0.2,223,320,0.4106813996316759,1.4349775784753362,1,18,19,0.05263157894736842,0.5,2,1.0,0,0,1,1,1,0,1,0,1,0,1,0,0,0,1,1,0,1,0.6309297535714575,0,18.0,0.513157894736842
GPS-Agent,SIM_Giỏi_52,"Một hộp chứa 3 viên bi xanh, 5 viên bi đỏ và 6 viên bi vàng. Lấy ngẫu nhiên 6 viên bi từ hộp, tính xác suất để 6 viên bi được lấy ra có đủ cả ba màu.","Một hộp chứa 3 viên bi xanh, 5 viên bi đỏ và 6 viên bi vàng. Lấy ngẫu nhiên 6 viên bi từ hộp, tính xác suất để 6 viên bi được lấy ra có đủ cả ba màu.",Giỏi,G-P1-P2-S,8,4,4,0.09195402298850575,182,789,0.1874356333676622,4.335164835164835,1,42,43,0.023255813953488372,0.25,4,1.0,0,0,1,0,0,1,1,1,0,0,0,0,0,0,2,1,2,1,0.9463946303571862,0,42.0,0.7558139534883721
GPS-Agent,SIM_Khá_53,"Một hộp chứa 3 viên bi xanh, 5 viên bi đỏ và 6 viên bi vàng. Lấy ngẫu nhiên 6 viên bi từ hộp, tính xác suất để 6 viên bi được lấy ra có đủ cả ba màu.","Một hộp chứa 3 viên bi xanh, 5 viên bi đỏ và 6 viên bi vàng. Lấy ngẫu nhiên 6 viên bi từ hộp, tính xác suất để 6 viên bi được lấy ra có đủ cả ba màu.",Khá,G-G-P1-P2-S,10,5,5,0.18181818181818182,169,843,0.16699604743083005,4.988165680473373,19,47,66,0.2878787878787879,3.8,5,1.0,0,0,1,0,0,1,1,1,0,0,0,0,0,0,2,2,2,1,0.9602297178607612,0,2.473684210526316,0.821969696969697
GPS-Agent,SIM_Trung bình_54,"Một hộp chứa 3 viên bi xanh, 5 viên bi đỏ và 6 viên bi vàng. Lấy ngẫu nhiên 6 viên bi từ hộp, tính xác suất để 6 viên bi được lấy ra có đủ cả ba màu.","Một hộp chứa 3 viên bi xanh, 5 viên bi đỏ và 6 viên bi vàng. Lấy ngẫu nhiên 6 viên bi từ hộp, tính xác suất để 6 viên bi được lấy ra có đủ cả ba màu.",Trung bình,G-P1-P2-P3-P4-P5-P6-P7-P8-P9,21,10,11,0.21212121212121213,276,816,0.25274725274725274,2.9565217391304346,18,37,55,0.32727272727272727,1.6363636363636365,7,0.6363636363636364,1,0,0,0,0,1,0,0,0,0,0,1,0,1,9,1,9,0,0.2959032742893846,0,2.0555555555555554,0.4909090909090909
GPS-Agent,SIM_Yêu_55,"Một hộp chứa 3 viên bi xanh, 5 viên bi đỏ và 6 viên bi vàng. Lấy ngẫu nhiên 6 viên bi từ hộp, tính xác suất để 6 viên bi được lấy ra có đủ cả ba màu.","Một hộp chứa 3 viên bi xanh, 5 viên bi đỏ và 6 viên bi vàng. Lấy ngẫu nhiên 6 viên bi từ hộp, tính xác suất để 6 viên bi được lấy ra có đủ cả ba màu.",Yếu,G-P1-S,7,4,3,0.08860759493670886,180,545,0.2482758620689655,3.0277777777777777,13,45,58,0.22413793103448276,4.333333333333333,3,1.0,0,0,1,0,0,1,1,1,0,0,0,0,0,0,1,1,1,1,1.0,0,3.4615384615384617,0.8060344827586207
GPS-Agent,SIM_Giỏi_56,"Trong một hộp có 50 viên bi được đánh số từ 1 đến 50. Chọn ngẫu nhiên 3 viên bi trong hộp, tính xác suất để tổng ba số trên 3 viên bi được chọn là một số chia hết cho 3.","Trong một hộp có 50 viên bi được đánh số từ 1 đến 50. Chọn ngẫu nhiên 3 viên bi trong hộp, tính xác suất để tổng ba số trên 3 viên bi được chọn là một số chia hết cho 3.",Giỏi,G-P1-P2-P3-P4-S,61,30,31,0.9838709677419355,488,866,0.3604135893648449,1.7745901639344261,40,11,51,0.7843137254901961,1.2903225806451613,20,0.6451612903225806,0,0,1,0,0,1,1,1,0,0,0,1,0,1,4,1,4,1,0.7896900821428475,0,0.275,0.8573687539531942
GPS-Agent,SIM_Khá_57,"Trong một hộp có 50 viên bi được đánh số từ 1 đến 50. Chọn ngẫu nhiên 3 viên bi trong hộp, tính xác suất để tổng ba số trên 3 viên bi được chọn là một số chia hết cho 3.","Trong một hộp có 50 viên bi được đánh số từ 1 đến 50. Chọn ngẫu nhiên 3 viên bi trong hộp, tính xác suất để tổng ba số trên 3 viên bi được chọn là một số chia hết cho 3.",Khá,G-S,15,8,7,0.6521739130434783,202,348,0.36727272727272725,1.7227722772277227,4,4,8,0.5,0.5714285714285714,4,0.5714285714285714,0,0,1,0,0,0,1,0,1,0,1,0,0,0,1,1,0,1,0.6309297535714575,0,1.0,0.5178571428571428
GPS-Agent,SIM_Trung bình_58,"Trong một hộp có 50 viên bi được đánh số từ 1 đến 50. Chọn ngẫu nhiên 3 viên bi trong hộp, tính xác suất để tổng ba số trên 3 viên bi được chọn là một số chia hết cho 3.","Trong một hộp có 50 viên bi được đánh số từ 1 đến 50. Chọn ngẫu nhiên 3 viên bi trong hộp, tính xác suất để tổng ba số trên 3 viên bi được chọn là một số chia hết cho 3.",Trung bình,G-P1-S,26,13,13,0.4482758620689655,358,680,0.3448940269749518,1.899441340782123,16,14,30,0.5333333333333333,1.2307692307692308,9,0.6923076923076923,0,0,1,0,0,1,1,1,0,0,0,0,0,0,1,1,1,1,1.0,0,0.875,0.8064102564102564
GPS-Agent,SIM_Yêu_59,"Trong một hộp có 50 viên bi được đánh số từ 1 đến 50. Chọn ngẫu nhiên 3 viên bi trong hộp, tính xác suất để tổng ba số trên 3 viên bi được chọn là một số chia hết cho 3.","Trong một hộp có 50 viên bi được đánh số từ 1 đến 50. Chọn ngẫu nhiên 3 viên bi trong hộp, tính xác suất để tổng ba số trên 3 viên bi được chọn là một số chia hết cho 3.",Yếu,G-S,21,10,11,0.6363636363636364,243,407,0.37384615384615383,1.6748971193415638,19,8,27,0.7037037037037037,1.7272727272727273,7,0.6363636363636364,0,0,1,0,0,0,1,0,1,0,1,0,0,0,1,1,0,1,0.6309297535714575,0,0.42105263157894735,0.585016835016835
GPS-Agent,SIM_Giỏi_60,"Cho tập hợp ; 1; 2; 3; 4; 5. Gọi  là tập hợp các số có 3 chữ số khác nhau được lập thành từ các chữ số của tập . Chọn ngẫu nhiên một số từ  ,tính xác suất để số được chọn có chữ số cuối gấp đôi chữ số đầu.","Cho tập hợp ; 1; 2; 3; 4; 5. Gọi  là tập hợp các số có 3 chữ số khác nhau được lập thành từ các chữ số của tập . Chọn ngẫu nhiên một số từ  ,tính xác suất để số được chọn có chữ số cuối gấp đôi chữ số đầu.",Giỏi,G-P1-P2-P3-S,12,6,6,0.3333333333333333,134,573,0.18953323903818953,4.276119402985074,0,12,12,0.0,0.0,3,0.5,0,0,1,0,0,1,1,1,0,0,0,0,0,0,3,1,3,1,0.8649735207179273,0,12.0,0.625
GPS-Agent,SIM_Khá_61,"Cho tập hợp ; 1; 2; 3; 4; 5. Gọi  là tập hợp các số có 3 chữ số khác nhau được lập thành từ các chữ số của tập . Chọn ngẫu nhiên một số từ  ,tính xác suất để số được chọn có chữ số cuối gấp đôi chữ số đầu.","Cho tập hợp ; 1; 2; 3; 4; 5. Gọi  là tập hợp các số có 3 chữ số khác nhau được lập thành từ các chữ số của tập . Chọn ngẫu nhiên một số từ  ,tính xác suất để số được chọn có chữ số cuối gấp đôi chữ số đầu.",Khá,G-P1-S,23,11,12,0.7666666666666667,260,419,0.38291605301914583,1.6115384615384616,13,7,20,0.65,1.0833333333333333,8,0.6666666666666666,0,0,1,0,0,1,1,1,0,0,0,0,0,0,1,1,1,1,1.0,0,0.5384615384615384,0.8291666666666666
GPS-Agent,SIM_Trung bình_62,"Cho tập hợp ; 1; 2; 3; 4; 5. Gọi  là tập hợp các số có 3 chữ số khác nhau được lập thành từ các chữ số của tập . Chọn ngẫu nhiên một số từ  ,tính xác suất để số được chọn có chữ số cuối gấp đôi chữ số đầu.","Cho tập hợp ; 1; 2; 3; 4; 5. Gọi  là tập hợp các số có 3 chữ số khác nhau được lập thành từ các chữ số của tập . Chọn ngẫu nhiên một số từ  ,tính xác suất để số được chọn có chữ số cuối gấp đôi chữ số đầu.",Trung bình,G-P1-P2-P3-P4-P5-S,14,7,7,0.1728395061728395,252,1111,0.18488628026412326,4.408730158730159,22,70,92,0.2391304347826087,3.142857142857143,5,0.7142857142857143,0,0,1,0,0,1,1,1,0,0,0,1,0,1,5,1,5,1,0.72483409150576,0,3.1818181818181817,0.7383540372670807
GPS-Agent,SIM_Yêu_63,"Cho tập hợp ; 1; 2; 3; 4; 5. Gọi  là tập hợp các số có 3 chữ số khác nhau được lập thành từ các chữ số của tập . Chọn ngẫu nhiên một số từ  ,tính xác suất để số được chọn có chữ số cuối gấp đôi chữ số đầu.","Cho tập hợp ; 1; 2; 3; 4; 5. Gọi  là tập hợp các số có 3 chữ số khác nhau được lập thành từ các chữ số của tập . Chọn ngẫu nhiên một số từ  ,tính xác suất để số được chọn có chữ số cuối gấp đôi chữ số đầu.",Yếu,G-P1-P2-P3-P4-P5-P6-P7-P8-P9,21,10,11,0.2625,318,1342,0.19156626506024096,4.220125786163522,8,38,46,0.17391304347826086,0.7272727272727273,10,0.9090909090909091,1,0,0,0,0,1,0,0,0,0,0,1,0,1,9,1,9,0,0.2959032742893846,0,4.75,0.5207509881422925
GPS-Agent,SIM_Giỏi_64,"Cho tập hợp . Gọi  là tập hợp các số tự nhiên có 4 chữ số đôi một khác nhau được lập thành từ các chữ số của tập . Chọn ngẫu nhiên một số từ , tính xác suất để số được chọn mà trong mỗi số luôn luôn có mặt hai chữ số chẵn và hai chữ số lẻ.","Cho tập hợp . Gọi  là tập hợp các số tự nhiên có 4 chữ số đôi một khác nhau được lập thành từ các chữ số của tập . Chọn ngẫu nhiên một số từ , tính xác suất để số được chọn mà trong mỗi số luôn luôn có mặt hai chữ số chẵn và hai chữ số lẻ.",Giỏi,G-P1-S,22,11,11,1.0,401,442,0.47568208778173193,1.1022443890274314,14,5,19,0.7368421052631579,1.2727272727272727,9,0.8181818181818182,0,0,1,0,0,1,1,1,0,0,0,0,0,0,1,1,1,1,1.0,0,0.35714285714285715,0.888755980861244
GPS-Agent,SIM_Khá_65,"Cho tập hợp . Gọi  là tập hợp các số tự nhiên có 4 chữ số đôi một khác nhau được lập thành từ các chữ số của tập . Chọn ngẫu nhiên một số từ , tính xác suất để số được chọn mà trong mỗi số luôn luôn có mặt hai chữ số chẵn và hai chữ số lẻ.","Cho tập hợp . Gọi  là tập hợp các số tự nhiên có 4 chữ số đôi một khác nhau được lập thành từ các chữ số của tập . Chọn ngẫu nhiên một số từ , tính xác suất để số được chọn mà trong mỗi số luôn luôn có mặt hai chữ số chẵn và hai chữ số lẻ.",Khá,G-S,18,9,9,0.33962264150943394,397,606,0.39581256231306083,1.526448362720403,14,11,25,0.56,1.5555555555555556,6,0.6666666666666666,0,0,1,0,0,0,1,0,1,0,1,0,0,0,1,1,0,1,0.6309297535714575,0,0.7857142857142857,0.5566666666666666
GPS-Agent,SIM_Trung bình_66,"Cho tập hợp . Gọi  là tập hợp các số tự nhiên có 4 chữ số đôi một khác nhau được lập thành từ các chữ số của tập . Chọn ngẫu nhiên một số từ , tính xác suất để số được chọn mà trong mỗi số luôn luôn có mặt hai chữ số chẵn và hai chữ số lẻ.","Cho tập hợp . Gọi  là tập hợp các số tự nhiên có 4 chữ số đôi một khác nhau được lập thành từ các chữ số của tập . Chọn ngẫu nhiên một số từ , tính xác suất để số được chọn mà trong mỗi số luôn luôn có mặt hai chữ số chẵn và hai chữ số lẻ.",Trung bình,G-S,24,12,12,0.39344262295081966,329,602,0.3533834586466165,1.8297872340425532,10,13,23,0.43478260869565216,0.8333333333333334,8,0.6666666666666666,0,0,1,0,0,0,1,0,1,0,1,0,0,0,1,1,0,1,0.6309297535714575,0,1.3,0.5253623188405797
GPS-Agent,SIM_Yêu_67,"Cho tập hợp . Gọi  là tập hợp các số tự nhiên có 4 chữ số đôi một khác nhau được lập thành từ các chữ số của tập . Chọn ngẫu nhiên một số từ , tính xác suất để số được chọn mà trong mỗi số luôn luôn có mặt hai chữ số chẵn và hai chữ số lẻ.","Cho tập hợp . Gọi  là tập hợp các số tự nhiên có 4 chữ số đôi một khác nhau được lập thành từ các chữ số của tập . Chọn ngẫu nhiên một số từ , tính xác suất để số được chọn mà trong mỗi số luôn luôn có mặt hai chữ số chẵn và hai chữ số lẻ.",Yếu,G-S,11,6,5,0.34375,355,472,0.42926239419588874,1.3295774647887324,9,9,18,0.5,1.8,4,0.8,0,0,1,0,0,0,1,0,1,0,1,0,0,0,1,1,0,1,0.6309297535714575,0,1.0,0.575
GPS-Agent,SIM_Giỏi_68,"Gọi  là tập hợp các số tự nhiên có 3 chữ số đôi một khác nhau được lập thành từ các chữ số 1; 2; 3; 4; 6 . Chọn ngẫu nhiên một số từ , tính xác xuất để số được chọn chia hết cho 3 .","Gọi  là tập hợp các số tự nhiên có 3 chữ số đôi một khác nhau được lập thành từ các chữ số 1; 2; 3; 4; 6 . Chọn ngẫu nhiên một số từ , tính xác xuất để số được chọn chia hết cho 3 .",Giỏi,G-P1-P2-P3-P4-P5-P6-P7-P8-P9,21,10,11,0.20588235294117646,209,1267,0.14159891598915988,6.062200956937799,5,24,29,0.1724137931034483,0.45454545454545453,6,0.5454545454545454,1,0,0,0,0,1,0,0,0,0,0,1,0,1,9,1,9,0,0.2959032742893846,0,4.8,0.42946708463949845
GPS-Agent,SIM_Khá_69,"Gọi  là tập hợp các số tự nhiên có 3 chữ số đôi một khác nhau được lập thành từ các chữ số 1; 2; 3; 4; 6 . Chọn ngẫu nhiên một số từ , tính xác xuất để số được chọn chia hết cho 3 .","Gọi  là tập hợp các số tự nhiên có 3 chữ số đôi một khác nhau được lập thành từ các chữ số 1; 2; 3; 4; 6 . Chọn ngẫu nhiên một số từ , tính xác xuất để số được chọn chia hết cho 3 .",Khá,G-P1-P2-P3-P4-P5-P6-P7-P8-S,20,10,10,0.17094017094017094,356,1471,0.19485495347564313,4.132022471910112,24,20,44,0.5454545454545454,2.4,6,0.6,0,0,1,0,0,1,1,1,0,0,0,1,0,1,8,1,8,1,0.5816718657178868,0,0.8333333333333334,0.7863636363636364
GPS-Agent,SIM_Trung bình_70,"Gọi  là tập hợp các số tự nhiên có 3 chữ số đôi một khác nhau được lập thành từ các chữ số 1; 2; 3; 4; 6 . Chọn ngẫu nhiên một số từ , tính xác xuất để số được chọn chia hết cho 3 .","Gọi  là tập hợp các số tự nhiên có 3 chữ số đôi một khác nhau được lập thành từ các chữ số 1; 2; 3; 4; 6 . Chọn ngẫu nhiên một số từ , tính xác xuất để số được chọn chia hết cho 3 .",Trung bình,G-P1-S,6,3,3,0.10909090909090909,348,457,0.4322981366459627,1.3132183908045978,9,5,14,0.6428571428571429,3.0,1,0.3333333333333333,0,0,1,0,0,1,1,1,0,0,0,0,0,0,1,1,1,1,1.0,0,0.5555555555555556,0.7440476190476191
GPS-Agent,SIM_Yêu_71,"Gọi  là tập hợp các số tự nhiên có 3 chữ số đôi một khác nhau được lập thành từ các chữ số 1; 2; 3; 4; 6 . Chọn ngẫu nhiên một số từ , tính xác xuất để số được chọn chia hết cho 3 .","Gọi  là tập hợp các số tự nhiên có 3 chữ số đôi một khác nhau được lập thành từ các chữ số 1; 2; 3; 4; 6 . Chọn ngẫu nhiên một số từ , tính xác xuất để số được chọn chia hết cho 3 .",Yếu,G-S,7,3,4,0.16279069767441862,280,463,0.3768506056527591,1.6535714285714285,4,5,9,0.4444444444444444,1.0,2,0.5,0,0,1,0,0,0,1,0,1,0,1,0,0,0,1,1,0,1,0.6309297535714575,0,1.25,0.4861111111111111
GPS-Agent,SIM_Giỏi_72,"Cho tập hợp ; 2; 3; 4; 5. Gọi  là tập hợp tất cả các số tự nhiên có ít nhất 3 chữ số, các chữ số đôi một khác nhau được lập thành từ các chữ số thuộc tập  . Chọn ngẫu nhiên một số từ , tính xác xuất để số được chọn có tổng các chữ số bằng 10 .","Cho tập hợp ; 2; 3; 4; 5. Gọi  là tập hợp tất cả các số tự nhiên có ít nhất 3 chữ số, các chữ số đôi một khác nhau được lập thành từ các chữ số thuộc tập  . Chọn ngẫu nhiên một số từ , tính xác xuất để số được chọn có tổng các chữ số bằng 10 .",Giỏi,G-P1-P2-P3-P4-P5-P6-P7-P8-P9,21,10,11,0.328125,172,1170,0.12816691505216096,6.8023255813953485,5,24,29,0.1724137931034483,0.45454545454545453,8,0.7272727272727273,1,0,0,0,0,1,0,0,0,0,0,1,0,1,9,1,9,0,0.2959032742893846,0,4.8,0.47492163009404387
GPS-Agent,SIM_Khá_73,"Cho tập hợp ; 2; 3; 4; 5. Gọi  là tập hợp tất cả các số tự nhiên có ít nhất 3 chữ số, các chữ số đôi một khác nhau được lập thành từ các chữ số thuộc tập  . Chọn ngẫu nhiên một số từ , tính xác xuất để số được chọn có tổng các chữ số bằng 10 .","Cho tập hợp ; 2; 3; 4; 5. Gọi  là tập hợp tất cả các số tự nhiên có ít nhất 3 chữ số, các chữ số đôi một khác nhau được lập thành từ các chữ số thuộc tập  . Chọn ngẫu nhiên một số từ , tính xác xuất để số được chọn có tổng các chữ số bằng 10 .",Khá,G-P1-P2-P3-P4-P5-P6-S,16,8,8,0.12213740458015267,138,1837,0.06987341772151899,13.31159420289855,4,58,62,0.06451612903225806,0.5,5,0.625,0,0,1,0,0,1,1,1,0,0,0,1,0,1,6,1,6,1,0.6695919455357793,0,14.5,0.6723790322580645
GPS-Agent,SIM_Trung bình_74,"Cho tập hợp ; 2; 3; 4; 5. Gọi  là tập hợp tất cả các số tự nhiên có ít nhất 3 chữ số, các chữ số đôi một khác nhau được lập thành từ các chữ số thuộc tập  . Chọn ngẫu nhiên một số từ , tính xác xuất để số được chọn có tổng các chữ số bằng 10 .","Cho tập hợp ; 2; 3; 4; 5. Gọi  là tập hợp tất cả các số tự nhiên có ít nhất 3 chữ số, các chữ số đôi một khác nhau được lập thành từ các chữ số thuộc tập  . Chọn ngẫu nhiên một số từ , tính xác xuất để số được chọn có tổng các chữ số bằng 10 .",Trung bình,G-P1-P2-P3-P4-P5-S,14,7,7,0.19444444444444445,145,972,0.12981199641897942,6.703448275862069,3,28,31,0.0967741935483871,0.42857142857142855,5,0.7142857142857143,0,0,1,0,0,1,1,1,0,0,0,1,0,1,5,1,5,1,0.72483409150576,0,9.333333333333334,0.7027649769585254
GPS-Agent,SIM_Yêu_75,"Cho tập hợp ; 2; 3; 4; 5. Gọi  là tập hợp tất cả các số tự nhiên có ít nhất 3 chữ số, các chữ số đôi một khác nhau được lập thành từ các chữ số thuộc tập  . Chọn ngẫu nhiên một số từ , tính xác xuất để số được chọn có tổng các chữ số bằng 10 .","Cho tập hợp ; 2; 3; 4; 5. Gọi  là tập hợp tất cả các số tự nhiên có ít nhất 3 chữ số, các chữ số đôi một khác nhau được lập thành từ các chữ số thuộc tập  . Chọn ngẫu nhiên một số từ , tính xác xuất để số được chọn có tổng các chữ số bằng 10 .",Yếu,G-P1-S,6,3,3,0.2222222222222222,82,480,0.14590747330960854,5.853658536585366,1,6,7,0.14285714285714285,0.3333333333333333,1,0.3333333333333333,0,0,1,0,0,1,1,1,0,0,0,0,0,0,1,1,1,1,1.0,0,6.0,0.6190476190476191
GPS-Agent,SIM_Giỏi_76,"Một hộp đựng 10 chiếc thẻ được đánh số từ  đến 9 . Lấy ngẫu nhiên ra 3 chiếc thẻ, tính xác suất để 3 chữ số trên 3 chiếc thẻ được lấy ra có thể ghép thành một số chia hết cho 5 .","Một hộp đựng 10 chiếc thẻ được đánh số từ  đến 9 . Lấy ngẫu nhiên ra 3 chiếc thẻ, tính xác suất để 3 chữ số trên 3 chiếc thẻ được lấy ra có thể ghép thành một số chia hết cho 5 .",Giỏi,G-S,26,12,14,0.4482758620689655,461,724,0.3890295358649789,1.5704989154013016,44,33,77,0.5714285714285714,3.142857142857143,12,0.8571428571428571,0,0,1,0,0,0,1,0,1,0,1,0,0,0,1,1,0,1,0.6309297535714575,0,0.75,0.6071428571428571
GPS-Agent,SIM_Khá_77,"Một hộp đựng 10 chiếc thẻ được đánh số từ  đến 9 . Lấy ngẫu nhiên ra 3 chiếc thẻ, tính xác suất để 3 chữ số trên 3 chiếc thẻ được lấy ra có thể ghép thành một số chia hết cho 5 .","Một hộp đựng 10 chiếc thẻ được đánh số từ  đến 9 . Lấy ngẫu nhiên ra 3 chiếc thẻ, tính xác suất để 3 chữ số trên 3 chiếc thẻ được lấy ra có thể ghép thành một số chia hết cho 5 .",Khá,G-S,23,12,11,0.6388888888888888,248,528,0.31958762886597936,2.129032258064516,11,14,25,0.44,1.0,9,0.8181818181818182,0,0,1,0,0,0,1,0,1,0,1,0,0,0,1,1,0,1,0.6309297535714575,0,1.2727272727272727,0.5645454545454546
GPS-Agent,SIM_Trung bình_78,"Một hộp đựng 10 chiếc thẻ được đánh số từ  đến 9 . Lấy ngẫu nhiên ra 3 chiếc thẻ, tính xác suất để 3 chữ số trên 3 chiếc thẻ được lấy ra có thể ghép thành một số chia hết cho 5 .","Một hộp đựng 10 chiếc thẻ được đánh số từ  đến 9 . Lấy ngẫu nhiên ra 3 chiếc thẻ, tính xác suất để 3 chữ số trên 3 chiếc thẻ được lấy ra có thể ghép thành một số chia hết cho 5 .",Trung bình,G-P1-P2-P3-S,41,21,20,0.6029411764705882,296,911,0.2452361226180613,3.0777027027027026,27,35,62,0.43548387096774194,1.35,13,0.65,0,0,1,0,0,1,1,1,0,0,0,0,0,0,3,1,3,1,0.8649735207179273,0,1.2962962962962963,0.7713709677419355
GPS-Agent,SIM_Yêu_79,"Một hộp đựng 10 chiếc thẻ được đánh số từ  đến 9 . Lấy ngẫu nhiên ra 3 chiếc thẻ, tính xác suất để 3 chữ số trên 3 chiếc thẻ được lấy ra có thể ghép thành một số chia hết cho 5 .","Một hộp đựng 10 chiếc thẻ được đánh số từ  đến 9 . Lấy ngẫu nhiên ra 3 chiếc thẻ, tính xác suất để 3 chữ số trên 3 chiếc thẻ được lấy ra có thể ghép thành một số chia hết cho 5 .",Yếu,G-P1-P2-P3-P4-S,62,32,30,0.8051948051948052,325,1202,0.2128356254092993,3.6984615384615385,27,15,42,0.6428571428571429,0.9,24,0.8,0,0,1,0,0,1,1,1,0,0,0,1,0,1,4,1,4,1,0.7896900821428475,0,0.5555555555555556,0.8607142857142858
GPS-Agent,SIM_Giỏi_80,"Có 20 tấm thẻ được đánh số từ 1 đến 20 . Chọn ngẫu nhiên ra 8 tấm thẻ, tính xác suất để có 3 tấm thẻ mang số lẻ, 5 tấm thẻ mang số chẵn trong đó chỉ có đúng 1 tấm thẻ mang số chia hết cho 10 .","Có 20 tấm thẻ được đánh số từ 1 đến 20 . Chọn ngẫu nhiên ra 8 tấm thẻ, tính xác suất để có 3 tấm thẻ mang số lẻ, 5 tấm thẻ mang số chẵn trong đó chỉ có đúng 1 tấm thẻ mang số chia hết cho 10 .",Giỏi,G-P1-P2-P3-P4-P5-P6-P7-S,46,23,23,0.5168539325842697,546,976,0.3587385019710907,1.7875457875457876,31,44,75,0.41333333333333333,1.3478260869565217,19,0.8260869565217391,0,0,1,0,0,1,1,1,0,0,0,1,0,1,7,1,7,1,0.6223659728744493,0,1.4193548387096775,0.8098550724637681
GPS-Agent,SIM_Khá_81,"Có 20 tấm thẻ được đánh số từ 1 đến 20 . Chọn ngẫu nhiên ra 8 tấm thẻ, tính xác suất để có 3 tấm thẻ mang số lẻ, 5 tấm thẻ mang số chẵn trong đó chỉ có đúng 1 tấm thẻ mang số chia hết cho 10 .","Có 20 tấm thẻ được đánh số từ 1 đến 20 . Chọn ngẫu nhiên ra 8 tấm thẻ, tính xác suất để có 3 tấm thẻ mang số lẻ, 5 tấm thẻ mang số chẵn trong đó chỉ có đúng 1 tấm thẻ mang số chia hết cho 10 .",Khá,G-P1-P2-S,8,4,4,0.11594202898550725,128,935,0.12041392285983067,7.3046875,2,39,41,0.04878048780487805,0.5,3,0.75,0,0,1,0,0,1,1,1,0,0,0,0,0,0,2,1,2,1,0.9463946303571862,0,19.5,0.6996951219512195
GPS-Agent,SIM_Trung bình_82,"Có 20 tấm thẻ được đánh số từ 1 đến 20 . Chọn ngẫu nhiên ra 8 tấm thẻ, tính xác suất để có 3 tấm thẻ mang số lẻ, 5 tấm thẻ mang số chẵn trong đó chỉ có đúng 1 tấm thẻ mang số chia hết cho 10 .","Có 20 tấm thẻ được đánh số từ 1 đến 20 . Chọn ngẫu nhiên ra 8 tấm thẻ, tính xác suất để có 3 tấm thẻ mang số lẻ, 5 tấm thẻ mang số chẵn trong đó chỉ có đúng 1 tấm thẻ mang số chia hết cho 10 .",Trung bình,G-P1-P2-P3-P4-P5-S,14,7,7,0.1728395061728395,276,815,0.2529789184234647,2.9528985507246377,21,40,61,0.3442622950819672,3.0,4,0.5714285714285714,0,0,1,0,0,1,1,1,0,0,0,1,0,1,5,1,5,1,0.72483409150576,0,1.9047619047619047,0.7289227166276346
GPS-Agent,SIM_Yêu_83,"Có 20 tấm thẻ được đánh số từ 1 đến 20 . Chọn ngẫu nhiên ra 8 tấm thẻ, tính xác suất để có 3 tấm thẻ mang số lẻ, 5 tấm thẻ mang số chẵn trong đó chỉ có đúng 1 tấm thẻ mang số chia hết cho 10 .","Có 20 tấm thẻ được đánh số từ 1 đến 20 . Chọn ngẫu nhiên ra 8 tấm thẻ, tính xác suất để có 3 tấm thẻ mang số lẻ, 5 tấm thẻ mang số chẵn trong đó chỉ có đúng 1 tấm thẻ mang số chia hết cho 10 .",Yếu,G-P1-P2-P3-P4-P5-P6-P7-P8-P9,21,10,11,0.3559322033898305,278,722,0.278,2.597122302158273,7,0,7,1.0,0.6363636363636364,10,0.9090909090909091,0,0,0,0,0,1,0,0,0,0,0,1,0,1,9,1,9,0,0.2959032742893846,0,0.0,0.9772727272727273
GPS-Agent,SIM_Giỏi_84,Gọi  là tập hợp các số tự nhiên có hai chữ số. Chọn ngẫu nhiên đồng thời hai số từ tập hợp . Tính xác suất để hai số được chọn có chữ số hàng đơn vị giống nhau.,Gọi  là tập hợp các số tự nhiên có hai chữ số. Chọn ngẫu nhiên đồng thời hai số từ tập hợp . Tính xác suất để hai số được chọn có chữ số hàng đơn vị giống nhau.,Giỏi,G-G-P1-S,32,16,16,0.7804878048780488,250,768,0.2455795677799607,3.072,11,12,23,0.4782608695652174,0.6875,13,0.8125,0,0,1,0,0,1,1,1,0,0,0,0,0,0,2,2,1,1,0.9463946303571862,0,1.0909090909090908,0.8226902173913043
GPS-Agent,SIM_Khá_85,Gọi  là tập hợp các số tự nhiên có hai chữ số. Chọn ngẫu nhiên đồng thời hai số từ tập hợp . Tính xác suất để hai số được chọn có chữ số hàng đơn vị giống nhau.,Gọi  là tập hợp các số tự nhiên có hai chữ số. Chọn ngẫu nhiên đồng thời hai số từ tập hợp . Tính xác suất để hai số được chọn có chữ số hàng đơn vị giống nhau.,Khá,G-P1-P2-P3-P4-P5-P6-P7-P8-P9,21,10,11,0.45652173913043476,190,666,0.2219626168224299,3.5052631578947366,5,5,10,0.5,0.45454545454545453,9,0.8181818181818182,0,0,0,0,0,1,0,0,0,0,0,1,0,1,9,1,9,0,0.2959032742893846,0,1.0,0.8295454545454546
GPS-Agent,SIM_Trung bình_86,Gọi  là tập hợp các số tự nhiên có hai chữ số. Chọn ngẫu nhiên đồng thời hai số từ tập hợp . Tính xác suất để hai số được chọn có chữ số hàng đơn vị giống nhau.,Gọi  là tập hợp các số tự nhiên có hai chữ số. Chọn ngẫu nhiên đồng thời hai số từ tập hợp . Tính xác suất để hai số được chọn có chữ số hàng đơn vị giống nhau.,Trung bình,G-S,18,9,9,0.75,242,516,0.31926121372031663,2.1322314049586777,9,9,18,0.5,1.0,7,0.7777777777777778,0,0,1,0,0,0,1,0,1,0,1,0,0,0,1,1,0,1,0.6309297535714575,0,1.0,0.5694444444444444
GPS-Agent,SIM_Yêu_87,Gọi  là tập hợp các số tự nhiên có hai chữ số. Chọn ngẫu nhiên đồng thời hai số từ tập hợp . Tính xác suất để hai số được chọn có chữ số hàng đơn vị giống nhau.,Gọi  là tập hợp các số tự nhiên có hai chữ số. Chọn ngẫu nhiên đồng thời hai số từ tập hợp . Tính xác suất để hai số được chọn có chữ số hàng đơn vị giống nhau.,Yếu,G-S,21,10,11,0.6774193548387096,200,444,0.3105590062111801,2.22,14,9,23,0.6086956521739131,1.2727272727272727,11,1.0,0,0,1,0,0,0,1,0,1,0,1,0,0,0,1,1,0,1,0.6309297535714575,0,0.6428571428571429,0.6521739130434783
GPS-Agent,SIM_Giỏi_88,"Gọi  là tập hợp các số tự nhiên gồm 9 chữ số khác nhau. Chọn ngẫu nhiên một số từ, tính xác suất để chọn được một số gồm 4 chữ số lẻ và chữ số  luôn đứng giữa hai chữ số lẻ (hai số hai bên chữ số  là số lẻ).","Gọi  là tập hợp các số tự nhiên gồm 9 chữ số khác nhau. Chọn ngẫu nhiên một số từ, tính xác suất để chọn được một số gồm 4 chữ số lẻ và chữ số  luôn đứng giữa hai chữ số lẻ (hai số hai bên chữ số  là số lẻ).",Giỏi,G-P1-P2-P3-P4-S,15,9,6,0.22388059701492538,110,841,0.1156677181913775,7.6454545454545455,3,30,33,0.09090909090909091,0.5,4,0.6666666666666666,0,0,1,0,0,1,1,1,0,0,0,1,0,1,4,1,4,1,0.7896900821428475,0,10.0,0.6893939393939394
GPS-Agent,SIM_Khá_89,"Gọi  là tập hợp các số tự nhiên gồm 9 chữ số khác nhau. Chọn ngẫu nhiên một số từ, tính xác suất để chọn được một số gồm 4 chữ số lẻ và chữ số  luôn đứng giữa hai chữ số lẻ (hai số hai bên chữ số  là số lẻ).","Gọi  là tập hợp các số tự nhiên gồm 9 chữ số khác nhau. Chọn ngẫu nhiên một số từ, tính xác suất để chọn được một số gồm 4 chữ số lẻ và chữ số  luôn đứng giữa hai chữ số lẻ (hai số hai bên chữ số  là số lẻ).",Khá,G-P1-P2-P3-S,14,9,5,0.28,116,852,0.11983471074380166,7.344827586206897,3,29,32,0.09375,0.6,4,0.8,0,0,1,0,0,1,1,1,0,0,0,0,0,0,3,1,3,1,0.8649735207179273,0,9.666666666666666,0.7234375
GPS-Agent,SIM_Trung bình_90,"Gọi  là tập hợp các số tự nhiên gồm 9 chữ số khác nhau. Chọn ngẫu nhiên một số từ, tính xác suất để chọn được một số gồm 4 chữ số lẻ và chữ số  luôn đứng giữa hai chữ số lẻ (hai số hai bên chữ số  là số lẻ).","Gọi  là tập hợp các số tự nhiên gồm 9 chữ số khác nhau. Chọn ngẫu nhiên một số từ, tính xác suất để chọn được một số gồm 4 chữ số lẻ và chữ số  luôn đứng giữa hai chữ số lẻ (hai số hai bên chữ số  là số lẻ).",Trung bình,G-P1-P2-P3-P4-P5-S,15,8,7,0.22388059701492538,274,960,0.22204213938411668,3.5036496350364965,9,35,44,0.20454545454545456,1.2857142857142858,5,0.7142857142857143,0,0,1,0,0,1,1,1,0,0,0,1,0,1,5,1,5,1,0.72483409150576,0,3.888888888888889,0.7297077922077922
GPS-Agent,SIM_Yêu_91,"Gọi  là tập hợp các số tự nhiên gồm 9 chữ số khác nhau. Chọn ngẫu nhiên một số từ, tính xác suất để chọn được một số gồm 4 chữ số lẻ và chữ số  luôn đứng giữa hai chữ số lẻ (hai số hai bên chữ số  là số lẻ).","Gọi  là tập hợp các số tự nhiên gồm 9 chữ số khác nhau. Chọn ngẫu nhiên một số từ, tính xác suất để chọn được một số gồm 4 chữ số lẻ và chữ số  luôn đứng giữa hai chữ số lẻ (hai số hai bên chữ số  là số lẻ).",Yếu,G-P1-P2-P3-S,14,9,5,0.32558139534883723,235,698,0.25187566988210075,2.970212765957447,6,23,29,0.20689655172413793,1.2,4,0.8,0,0,1,0,0,1,1,1,0,0,0,0,0,0,3,1,3,1,0.8649735207179273,0,3.8333333333333335,0.7517241379310344
GPS-Agent,SIM_Giỏi_92,"Giải bóng chuyền VTV Cup gồm 9 đội bóng tham dự, trong đó có 6 đội nước ngoài và 3 đội của Việt Nam. Ban tổ chức cho bốc thăm ngẫu nhiên để chia thành 3 bảng  và mỗi bảng có 3đội. Tính xác suất để 3 đội bóng của Việt Nam ở 3 bảng khác nhau.","Giải bóng chuyền VTV Cup gồm 9 đội bóng tham dự, trong đó có 6 đội nước ngoài và 3 đội của Việt Nam. Ban tổ chức cho bốc thăm ngẫu nhiên để chia thành 3 bảng  và mỗi bảng có 3đội. Tính xác suất để 3 đội bóng của Việt Nam ở 3 bảng khác nhau.",Giỏi,G-P1-P2-P3-P4-P5-S,14,7,7,0.17073170731707318,272,1048,0.20606060606060606,3.8529411764705883,6,37,43,0.13953488372093023,0.8571428571428571,6,0.8571428571428571,0,0,1,1,1,1,1,1,0,0,0,1,0,1,5,1,5,1,0.72483409150576,0,6.166666666666667,0.7491694352159468
GPS-Agent,SIM_Khá_93,"Giải bóng chuyền VTV Cup gồm 9 đội bóng tham dự, trong đó có 6 đội nước ngoài và 3 đội của Việt Nam. Ban tổ chức cho bốc thăm ngẫu nhiên để chia thành 3 bảng  và mỗi bảng có 3đội. Tính xác suất để 3 đội bóng của Việt Nam ở 3 bảng khác nhau.","Giải bóng chuyền VTV Cup gồm 9 đội bóng tham dự, trong đó có 6 đội nước ngoài và 3 đội của Việt Nam. Ban tổ chức cho bốc thăm ngẫu nhiên để chia thành 3 bảng  và mỗi bảng có 3đội. Tính xác suất để 3 đội bóng của Việt Nam ở 3 bảng khác nhau.",Khá,G-P1-S,20,10,10,0.7142857142857143,249,433,0.3651026392961877,1.7389558232931728,22,10,32,0.6875,2.2,9,0.9,0,0,1,0,0,1,1,1,0,0,0,0,0,0,1,1,1,1,1.0,0,0.45454545454545453,0.896875
GPS-Agent,SIM_Trung bình_94,"Giải bóng chuyền VTV Cup gồm 9 đội bóng tham dự, trong đó có 6 đội nước ngoài và 3 đội của Việt Nam. Ban tổ chức cho bốc thăm ngẫu nhiên để chia thành 3 bảng  và mỗi bảng có 3đội. Tính xác suất để 3 đội bóng của Việt Nam ở 3 bảng khác nhau.","Giải bóng chuyền VTV Cup gồm 9 đội bóng tham dự, trong đó có 6 đội nước ngoài và 3 đội của Việt Nam. Ban tổ chức cho bốc thăm ngẫu nhiên để chia thành 3 bảng  và mỗi bảng có 3đội. Tính xác suất để 3 đội bóng của Việt Nam ở 3 bảng khác nhau.",Trung bình,G-P1-S,11,8,3,0.34375,134,664,0.16791979949874686,4.955223880597015,1,6,7,0.14285714285714285,0.3333333333333333,3,1.0,0,0,1,0,0,1,1,1,0,0,0,0,0,0,1,1,1,1,1.0,0,6.0,0.7857142857142857
GPS-Agent,SIM_Yêu_95,"Giải bóng chuyền VTV Cup gồm 9 đội bóng tham dự, trong đó có 6 đội nước ngoài và 3 đội của Việt Nam. Ban tổ chức cho bốc thăm ngẫu nhiên để chia thành 3 bảng  và mỗi bảng có 3đội. Tính xác suất để 3 đội bóng của Việt Nam ở 3 bảng khác nhau.","Giải bóng chuyền VTV Cup gồm 9 đội bóng tham dự, trong đó có 6 đội nước ngoài và 3 đội của Việt Nam. Ban tổ chức cho bốc thăm ngẫu nhiên để chia thành 3 bảng  và mỗi bảng có 3đội. Tính xác suất để 3 đội bóng của Việt Nam ở 3 bảng khác nhau.",Yếu,G-P1-P2-P3-P4-S,12,6,6,0.15584415584415584,192,777,0.19814241486068113,4.046875,13,27,40,0.325,2.1666666666666665,5,0.8333333333333334,0,0,1,0,0,1,1,1,0,0,0,1,0,1,4,1,4,1,0.7896900821428475,0,2.076923076923077,0.7895833333333333
GPS-Agent,SIM_Giỏi_96,"Trong giải cầu lông kỷ niệm ngày truyền thống học sinh sinh viên có 8 người tham gia trong đó có hai bạn Việt và Nam. Các vận động viên được chia làm hai bảng  và , mỗi bảng gồm 4 người. Giả sử việc chia bảng thực hiện bằng cách bốc thăm ngẫu nhiên, tính xác suất để cả 2 bạn Việt và Nam nằm chung 1 bảng đấu.","Trong giải cầu lông kỷ niệm ngày truyền thống học sinh sinh viên có 8 người tham gia trong đó có hai bạn Việt và Nam. Các vận động viên được chia làm hai bảng  và , mỗi bảng gồm 4 người. Giả sử việc chia bảng thực hiện bằng cách bốc thăm ngẫu nhiên, tính xác suất để cả 2 bạn Việt và Nam nằm chung 1 bảng đấu.",Giỏi,G-P1-S,6,3,3,0.20689655172413793,92,463,0.16576576576576577,5.032608695652174,1,9,10,0.1,0.3333333333333333,2,0.6666666666666666,0,0,1,0,0,1,1,1,0,0,0,0,0,0,1,1,1,1,1.0,0,9.0,0.6916666666666667
GPS-Agent,SIM_Khá_97,"Trong giải cầu lông kỷ niệm ngày truyền thống học sinh sinh viên có 8 người tham gia trong đó có hai bạn Việt và Nam. Các vận động viên được chia làm hai bảng  và , mỗi bảng gồm 4 người. Giả sử việc chia bảng thực hiện bằng cách bốc thăm ngẫu nhiên, tính xác suất để cả 2 bạn Việt và Nam nằm chung 1 bảng đấu.","Trong giải cầu lông kỷ niệm ngày truyền thống học sinh sinh viên có 8 người tham gia trong đó có hai bạn Việt và Nam. Các vận động viên được chia làm hai bảng  và , mỗi bảng gồm 4 người. Giả sử việc chia bảng thực hiện bằng cách bốc thăm ngẫu nhiên, tính xác suất để cả 2 bạn Việt và Nam nằm chung 1 bảng đấu.",Khá,G-P1-P2-P3-P4-P5-P6-P7-S,18,9,9,0.2535211267605634,243,902,0.21222707423580786,3.711934156378601,9,32,41,0.21951219512195122,1.0,8,0.8888888888888888,0,0,1,0,0,1,1,1,0,0,0,1,0,1,7,1,7,1,0.6223659728744493,0,3.5555555555555554,0.77710027100271
GPS-Agent,SIM_Trung bình_98,"Trong giải cầu lông kỷ niệm ngày truyền thống học sinh sinh viên có 8 người tham gia trong đó có hai bạn Việt và Nam. Các vận động viên được chia làm hai bảng  và , mỗi bảng gồm 4 người. Giả sử việc chia bảng thực hiện bằng cách bốc thăm ngẫu nhiên, tính xác suất để cả 2 bạn Việt và Nam nằm chung 1 bảng đấu.","Trong giải cầu lông kỷ niệm ngày truyền thống học sinh sinh viên có 8 người tham gia trong đó có hai bạn Việt và Nam. Các vận động viên được chia làm hai bảng  và , mỗi bảng gồm 4 người. Giả sử việc chia bảng thực hiện bằng cách bốc thăm ngẫu nhiên, tính xác suất để cả 2 bạn Việt và Nam nằm chung 1 bảng đấu.",Trung bình,G-P1-S,6,3,3,0.11320754716981132,265,448,0.37166900420757365,1.6905660377358491,4,22,26,0.15384615384615385,1.3333333333333333,3,1.0,0,0,1,0,0,1,1,1,0,0,0,0,0,0,1,1,1,1,1.0,0,5.5,0.7884615384615384
GPS-Agent,SIM_Yêu_99,"Trong giải cầu lông kỷ niệm ngày truyền thống học sinh sinh viên có 8 người tham gia trong đó có hai bạn Việt và Nam. Các vận động viên được chia làm hai bảng  và , mỗi bảng gồm 4 người. Giả sử việc chia bảng thực hiện bằng cách bốc thăm ngẫu nhiên, tính xác suất để cả 2 bạn Việt và Nam nằm chung 1 bảng đấu.","Trong giải cầu lông kỷ niệm ngày truyền thống học sinh sinh viên có 8 người tham gia trong đó có hai bạn Việt và Nam. Các vận động viên được chia làm hai bảng  và , mỗi bảng gồm 4 người. Giả sử việc chia bảng thực hiện bằng cách bốc thăm ngẫu nhiên, tính xác suất để cả 2 bạn Việt và Nam nằm chung 1 bảng đấu.",Yếu,G-P1-P2-S,8,4,4,0.25806451612903225,153,770,0.1657638136511376,5.032679738562091,1,8,9,0.1111111111111111,0.25,3,0.75,0,0,1,1,1,1,1,1,0,0,0,0,0,0,2,1,2,1,0.9463946303571862,0,8.0,0.7152777777777778
Single-Agent,SIM_BASE_Giỏi_1,Gieo một đồng tiền cân đối và đồng chất bốn lần. Xác suất để cả bốn lần xuất hiện mặt sấp là?,Gieo một đồng tiền cân đối và đồng chất bốn lần. Xác suất để cả bốn lần xuất hiện mặt sấp là?,Giỏi,SINGLE_AGENT,16,8,8,0.21333333333333335,135,741,0.1541095890410959,5.488888888888889,4,65,69,0.057971014492753624,0.5,7,0.875,1,0,0,0,0,0,0,0,0,0,0,0,0,0,0,0,0,0,0.0,0,16.25,0.23324275362318841
Single-Agent,SIM_BASE_Khá_2,Gieo một đồng tiền cân đối và đồng chất bốn lần. Xác suất để cả bốn lần xuất hiện mặt sấp là?,Gieo một đồng tiền cân đối và đồng chất bốn lần. Xác suất để cả bốn lần xuất hiện mặt sấp là?,Khá,SINGLE_AGENT,16,8,8,0.48484848484848486,118,466,0.20205479452054795,3.9491525423728815,6,11,17,0.35294117647058826,0.75,6,0.75,0,0,0,0,0,0,0,0,0,0,0,0,0,0,0,0,0,0,0.0,0,1.8333333333333333,0.5257352941176471
Single-Agent,SIM_BASE_Trung bình_3,Gieo một đồng tiền cân đối và đồng chất bốn lần. Xác suất để cả bốn lần xuất hiện mặt sấp là?,Gieo một đồng tiền cân đối và đồng chất bốn lần. Xác suất để cả bốn lần xuất hiện mặt sấp là?,Trung bình,SINGLE_AGENT,16,8,8,0.35555555555555557,206,631,0.24611708482676226,3.063106796116505,8,39,47,0.1702127659574468,1.0,5,0.625,1,0,0,0,0,0,0,0,0,0,0,0,0,0,0,0,0,0,0.0,0,4.875,0.1988031914893617
Single-Agent,SIM_BASE_Yếu_4,Gieo một đồng tiền cân đối và đồng chất bốn lần. Xác suất để cả bốn lần xuất hiện mặt sấp là?,Gieo một đồng tiền cân đối và đồng chất bốn lần. Xác suất để cả bốn lần xuất hiện mặt sấp là?,Yếu,SINGLE_AGENT,16,8,8,0.6153846153846154,145,470,0.23577235772357724,3.2413793103448274,10,5,15,0.6666666666666666,1.25,7,0.875,1,0,0,0,0,0,0,0,0,0,0,0,0,0,0,0,0,0,0.0,0,0.5,0.38541666666666663
Single-Agent,SIM_BASE_Giỏi_5,Gieo một con súc sắc hai lần. Xác suất để ít nhất một lần xuất hiện mặt sáu chấm là?,Gieo một con súc sắc hai lần. Xác suất để ít nhất một lần xuất hiện mặt sáu chấm là?,Giỏi,SINGLE_AGENT,16,8,8,0.5714285714285714,158,584,0.21293800539083557,3.6962025316455698,5,6,11,0.45454545454545453,0.625,6,0.75,0,0,0,0,0,0,0,0,0,0,0,0,0,0,0,0,0,0,0.0,0,1.2,0.5511363636363636
Single-Agent,SIM_BASE_Khá_6,Gieo một con súc sắc hai lần. Xác suất để ít nhất một lần xuất hiện mặt sáu chấm là?,Gieo một con súc sắc hai lần. Xác suất để ít nhất một lần xuất hiện mặt sáu chấm là?,Khá,SINGLE_AGENT,11,6,5,0.7333333333333333,97,356,0.2141280353200883,3.670103092783505,4,3,7,0.5714285714285714,0.8,2,0.4,0,0,0,0,0,0,0,0,0,0,0,0,0,0,0,0,0,0,0.0,0,0.75,0.4928571428571429
Single-Agent,SIM_BASE_Trung bình_7,Gieo một con súc sắc hai lần. Xác suất để ít nhất một lần xuất hiện mặt sáu chấm là?,Gieo một con súc sắc hai lần. Xác suất để ít nhất một lần xuất hiện mặt sáu chấm là?,Trung bình,SINGLE_AGENT,11,6,5,0.5,84,483,0.14814814814814814,5.75,8,8,16,0.5,1.6,4,0.8,1,0,0,0,0,0,0,0,0,0,0,0,0,0,0,0,0,0,0.0,0,1.0,0.325
Single-Agent,SIM_BASE_Yếu_8,Gieo một con súc sắc hai lần. Xác suất để ít nhất một lần xuất hiện mặt sáu chấm là?,Gieo một con súc sắc hai lần. Xác suất để ít nhất một lần xuất hiện mặt sáu chấm là?,Yếu,SINGLE_AGENT,16,8,8,0.48484848484848486,109,617,0.15013774104683195,5.660550458715596,5,13,18,0.2777777777777778,0.625,6,0.75,0,0,0,0,0,0,0,0,0,0,0,0,0,0,0,0,0,0,0.0,0,2.6,0.5069444444444444
Single-Agent,SIM_BASE_Giỏi_9,Gieo một con xúc xắc cân đối đồng chất 2 lần. Tính xác suất để biến cố có tổng hai mặt bằng 8.,Gieo một con xúc xắc cân đối đồng chất 2 lần. Tính xác suất để biến cố có tổng hai mặt bằng 8.,Giỏi,SINGLE_AGENT,5,3,2,0.18518518518518517,197,255,0.4358407079646018,1.2944162436548223,13,6,19,0.6842105263157895,6.5,2,1.0,1,0,0,0,0,0,0,0,0,0,0,0,0,0,0,0,0,0,0.0,0,0.46153846153846156,0.42105263157894735
Single-Agent,SIM_BASE_Khá_10,Gieo một con xúc xắc cân đối đồng chất 2 lần. Tính xác suất để biến cố có tổng hai mặt bằng 8.,Gieo một con xúc xắc cân đối đồng chất 2 lần. Tính xác suất để biến cố có tổng hai mặt bằng 8.,Khá,SINGLE_AGENT,5,3,2,0.3125,73,266,0.2153392330383481,3.643835616438356,1,0,1,1.0,0.5,1,0.5,0,0,0,0,0,0,0,0,0,0,0,0,0,0,0,0,0,0,0.0,0,0.0,0.625
Single-Agent,SIM_BASE_Trung bình_11,Gieo một con xúc xắc cân đối đồng chất 2 lần. Tính xác suất để biến cố có tổng hai mặt bằng 8.,Gieo một con xúc xắc cân đối đồng chất 2 lần. Tính xác suất để biến cố có tổng hai mặt bằng 8.,Trung bình,SINGLE_AGENT,16,8,8,0.2222222222222222,293,1200,0.19624916275954454,4.09556313993174,9,19,28,0.32142857142857145,1.125,8,1.0,1,0,0,0,0,0,0,0,0,0,0,0,0,0,0,0,0,0,0.0,0,2.111111111111111,0.33035714285714285
Single-Agent,SIM_BASE_Yếu_12,Gieo một con xúc xắc cân đối đồng chất 2 lần. Tính xác suất để biến cố có tổng hai mặt bằng 8.,Gieo một con xúc xắc cân đối đồng chất 2 lần. Tính xác suất để biến cố có tổng hai mặt bằng 8.,Yếu,SINGLE_AGENT,16,8,8,0.3076923076923077,252,722,0.2587268993839836,2.865079365079365,10,10,20,0.5,1.25,7,0.875,0,0,0,0,0,0,0,0,0,0,0,0,0,0,0,0,0,0,0.0,0,1.0,0.59375
Single-Agent,SIM_BASE_Giỏi_13,"Gieo một con xúc xắc cân đối đồng chất 2 lần, tính xác suất để biến cố có tích 2 lần số chấm khi gieo xúc xắc là một số chẵn.","Gieo một con xúc xắc cân đối đồng chất 2 lần, tính xác suất để biến cố có tích 2 lần số chấm khi gieo xúc xắc là một số chẵn.",Giỏi,SINGLE_AGENT,16,8,8,0.5333333333333333,129,529,0.196048632218845,4.10077519379845,2,2,4,0.5,0.25,5,0.625,0,0,0,0,0,0,0,0,0,0,0,0,0,0,0,0,0,0,0.0,0,1.0,0.53125
Single-Agent,SIM_BASE_Khá_14,"Gieo một con xúc xắc cân đối đồng chất 2 lần, tính xác suất để biến cố có tích 2 lần số chấm khi gieo xúc xắc là một số chẵn.","Gieo một con xúc xắc cân đối đồng chất 2 lần, tính xác suất để biến cố có tích 2 lần số chấm khi gieo xúc xắc là một số chẵn.",Khá,SINGLE_AGENT,16,8,8,0.45714285714285713,127,741,0.14631336405529954,5.834645669291339,2,4,6,0.3333333333333333,0.25,5,0.625,0,0,0,0,0,0,0,0,0,0,0,0,0,0,0,0,0,0,0.0,0,2.0,0.4895833333333333
Single-Agent,SIM_BASE_Trung bình_15,"Gieo một con xúc xắc cân đối đồng chất 2 lần, tính xác suất để biến cố có tích 2 lần số chấm khi gieo xúc xắc là một số chẵn.","Gieo một con xúc xắc cân đối đồng chất 2 lần, tính xác suất để biến cố có tích 2 lần số chấm khi gieo xúc xắc là một số chẵn.",Trung bình,SINGLE_AGENT,16,8,8,0.6153846153846154,122,546,0.18263473053892215,4.475409836065574,2,2,4,0.5,0.25,8,1.0,1,0,0,0,0,0,0,0,0,0,0,0,0,0,0,0,0,0,0.0,0,1.0,0.375
Single-Agent,SIM_BASE_Yếu_16,"Gieo một con xúc xắc cân đối đồng chất 2 lần, tính xác suất để biến cố có tích 2 lần số chấm khi gieo xúc xắc là một số chẵn.","Gieo một con xúc xắc cân đối đồng chất 2 lần, tính xác suất để biến cố có tích 2 lần số chấm khi gieo xúc xắc là một số chẵn.",Yếu,SINGLE_AGENT,16,8,8,0.1797752808988764,171,1014,0.14430379746835442,5.9298245614035086,7,15,22,0.3181818181818182,0.875,7,0.875,0,0,0,0,0,0,0,0,0,0,0,0,0,0,0,0,0,0,0.0,0,2.142857142857143,0.5482954545454546
Single-Agent,SIM_BASE_Giỏi_17,Gieo ba con súc sắc. Xác suất để số chấm xuất hiện trên ba con súc sắc như nhau là?,Gieo ba con súc sắc. Xác suất để số chấm xuất hiện trên ba con súc sắc như nhau là?,Giỏi,SINGLE_AGENT,16,8,8,0.5161290322580645,87,703,0.11012658227848102,8.080459770114942,3,5,8,0.375,0.375,5,0.625,0,0,0,0,0,0,0,0,0,0,0,0,0,0,0,0,0,0,0.0,0,1.6666666666666667,0.5
Single-Agent,SIM_BASE_Khá_18,Gieo ba con súc sắc. Xác suất để số chấm xuất hiện trên ba con súc sắc như nhau là?,Gieo ba con súc sắc. Xác suất để số chấm xuất hiện trên ba con súc sắc như nhau là?,Khá,SINGLE_AGENT,16,8,8,0.1951219512195122,174,872,0.16634799235181644,5.011494252873563,5,26,31,0.16129032258064516,0.625,7,0.875,1,0,0,0,0,0,0,0,0,0,0,0,0,0,0,0,0,0,0.0,0,5.2,0.2590725806451613
Single-Agent,SIM_BASE_Trung bình_19,Gieo ba con súc sắc. Xác suất để số chấm xuất hiện trên ba con súc sắc như nhau là?,Gieo ba con súc sắc. Xác suất để số chấm xuất hiện trên ba con súc sắc như nhau là?,Trung bình,SINGLE_AGENT,16,8,8,0.41025641025641024,258,346,0.4271523178807947,1.3410852713178294,6,6,12,0.5,0.75,5,0.625,1,0,0,0,0,0,0,0,0,0,0,0,0,0,0,0,0,0,0.0,0,1.0,0.28125
Single-Agent,SIM_BASE_Yếu_20,Gieo ba con súc sắc. Xác suất để số chấm xuất hiện trên ba con súc sắc như nhau là?,Gieo ba con súc sắc. Xác suất để số chấm xuất hiện trên ba con súc sắc như nhau là?,Yếu,SINGLE_AGENT,16,8,8,0.3018867924528302,251,803,0.2381404174573055,3.199203187250996,6,16,22,0.2727272727272727,0.75,7,0.875,1,0,0,0,0,0,0,0,0,0,0,0,0,0,0,0,0,0,0.0,0,2.6666666666666665,0.2869318181818182
Single-Agent,SIM_BASE_Giỏi_21,"Một đội gồm 5 nam và 8 nữ. Lập một nhóm gồm 4 người hát tốp ca, tính xác suất để trong 4 người được chọn có ít nhất 3 nữ.","Một đội gồm 5 nam và 8 nữ. Lập một nhóm gồm 4 người hát tốp ca, tính xác suất để trong 4 người được chọn có ít nhất 3 nữ.",Giỏi,SINGLE_AGENT,16,8,8,0.16666666666666666,94,742,0.11244019138755981,7.8936170212765955,5,31,36,0.1388888888888889,0.625,5,0.625,1,0,0,0,0,0,0,0,0,0,0,0,0,0,0,0,0,0,0.0,0,6.2,0.1909722222222222
Single-Agent,SIM_BASE_Khá_22,"Một đội gồm 5 nam và 8 nữ. Lập một nhóm gồm 4 người hát tốp ca, tính xác suất để trong 4 người được chọn có ít nhất 3 nữ.","Một đội gồm 5 nam và 8 nữ. Lập một nhóm gồm 4 người hát tốp ca, tính xác suất để trong 4 người được chọn có ít nhất 3 nữ.",Khá,SINGLE_AGENT,16,8,8,0.3018867924528302,204,744,0.21518987341772153,3.6470588235294117,6,17,23,0.2608695652173913,0.75,4,0.5,1,0,0,0,0,0,0,0,0,0,0,0,0,0,0,0,0,0,0.0,0,2.8333333333333335,0.19021739130434784
Single-Agent,SIM_BASE_Trung bình_23,"Một đội gồm 5 nam và 8 nữ. Lập một nhóm gồm 4 người hát tốp ca, tính xác suất để trong 4 người được chọn có ít nhất 3 nữ.","Một đội gồm 5 nam và 8 nữ. Lập một nhóm gồm 4 người hát tốp ca, tính xác suất để trong 4 người được chọn có ít nhất 3 nữ.",Trung bình,SINGLE_AGENT,9,5,4,0.16666666666666666,297,427,0.4102209944751381,1.4377104377104377,18,17,35,0.5142857142857142,4.5,4,1.0,1,0,0,0,0,0,0,0,0,0,0,0,0,0,0,0,0,0,0.0,0,0.9444444444444444,0.37857142857142856
Single-Agent,SIM_BASE_Yếu_24,"Một đội gồm 5 nam và 8 nữ. Lập một nhóm gồm 4 người hát tốp ca, tính xác suất để trong 4 người được chọn có ít nhất 3 nữ.","Một đội gồm 5 nam và 8 nữ. Lập một nhóm gồm 4 người hát tốp ca, tính xác suất để trong 4 người được chọn có ít nhất 3 nữ.",Yếu,SINGLE_AGENT,16,8,8,0.1951219512195122,102,799,0.11320754716981132,7.833333333333333,5,40,45,0.1111111111111111,0.625,5,0.625,1,0,0,0,0,0,0,0,0,0,0,0,0,0,0,0,0,0,0.0,0,8.0,0.1840277777777778
Single-Agent,SIM_BASE_Giỏi_25,"Một hộp có 5 viên bi xanh, 6 viên bi đỏ và 7 viên bi vàng. Chọn ngẫu nhiên 5 viên bi trong hộp, tính xác suất để 5 viên bi được chọn có đủ màu và số bi đỏ bằng số bi vàng.","Một hộp có 5 viên bi xanh, 6 viên bi đỏ và 7 viên bi vàng. Chọn ngẫu nhiên 5 viên bi trong hộp, tính xác suất để 5 viên bi được chọn có đủ màu và số bi đỏ bằng số bi vàng.",Giỏi,SINGLE_AGENT,5,3,2,0.08064516129032258,150,752,0.1662971175166297,5.013333333333334,0,20,20,0.0,0.0,2,1.0,1,0,0,0,0,0,0,0,0,0,0,0,0,0,0,0,0,0,0.0,0,20.0,0.25
Single-Agent,SIM_BASE_Khá_26,"Một hộp có 5 viên bi xanh, 6 viên bi đỏ và 7 viên bi vàng. Chọn ngẫu nhiên 5 viên bi trong hộp, tính xác suất để 5 viên bi được chọn có đủ màu và số bi đỏ bằng số bi vàng.","Một hộp có 5 viên bi xanh, 6 viên bi đỏ và 7 viên bi vàng. Chọn ngẫu nhiên 5 viên bi trong hộp, tính xác suất để 5 viên bi được chọn có đủ màu và số bi đỏ bằng số bi vàng.",Khá,SINGLE_AGENT,16,8,8,0.17777777777777778,114,1098,0.09405940594059406,9.631578947368421,6,25,31,0.1935483870967742,0.75,6,0.75,0,0,0,0,0,0,0,0,0,0,0,0,0,0,0,0,0,0,0.0,0,4.166666666666667,0.48588709677419356
Single-Agent,SIM_BASE_Trung bình_27,"Một hộp có 5 viên bi xanh, 6 viên bi đỏ và 7 viên bi vàng. Chọn ngẫu nhiên 5 viên bi trong hộp, tính xác suất để 5 viên bi được chọn có đủ màu và số bi đỏ bằng số bi vàng.","Một hộp có 5 viên bi xanh, 6 viên bi đỏ và 7 viên bi vàng. Chọn ngẫu nhiên 5 viên bi trong hộp, tính xác suất để 5 viên bi được chọn có đủ màu và số bi đỏ bằng số bi vàng.",Trung bình,SINGLE_AGENT,16,8,8,0.35555555555555557,147,775,0.1594360086767896,5.272108843537415,6,7,13,0.46153846153846156,0.75,8,1.0,0,0,0,0,0,0,0,0,0,0,0,0,0,0,0,0,0,0,0.0,0,1.1666666666666667,0.6153846153846154
Single-Agent,SIM_BASE_Yếu_28,"Một hộp có 5 viên bi xanh, 6 viên bi đỏ và 7 viên bi vàng. Chọn ngẫu nhiên 5 viên bi trong hộp, tính xác suất để 5 viên bi được chọn có đủ màu và số bi đỏ bằng số bi vàng.","Một hộp có 5 viên bi xanh, 6 viên bi đỏ và 7 viên bi vàng. Chọn ngẫu nhiên 5 viên bi trong hộp, tính xác suất để 5 viên bi được chọn có đủ màu và số bi đỏ bằng số bi vàng.",Yếu,SINGLE_AGENT,16,8,8,0.34782608695652173,90,531,0.14492753623188406,5.9,2,23,25,0.08,0.25,6,0.75,0,0,0,0,0,0,0,0,0,0,0,0,0,0,0,0,0,0,0.0,0,11.5,0.4575
Single-Agent,SIM_BASE_Giỏi_29,"Một hộp có 5 viên bi đỏ, 3 viên bi vàng và 4 viên bi xanh. Chọn ngẫu nhiên từ hộp 4 viên bị, tính xác suất để 4 viên bi được chọn có số bi đỏ lớn hơn số bi vàng và nhất thiết phải có mặt bi xanh.","Một hộp có 5 viên bi đỏ, 3 viên bi vàng và 4 viên bi xanh. Chọn ngẫu nhiên từ hộp 4 viên bị, tính xác suất để 4 viên bi được chọn có số bi đỏ lớn hơn số bi vàng và nhất thiết phải có mặt bi xanh.",Giỏi,SINGLE_AGENT,9,5,4,0.1956521739130435,273,664,0.2913553895410886,2.432234432234432,10,12,22,0.45454545454545453,2.5,4,1.0,1,0,0,0,0,0,0,0,0,0,0,0,0,0,0,0,0,0,0.0,0,1.2,0.36363636363636365
Single-Agent,SIM_BASE_Khá_30,"Một hộp có 5 viên bi đỏ, 3 viên bi vàng và 4 viên bi xanh. Chọn ngẫu nhiên từ hộp 4 viên bị, tính xác suất để 4 viên bi được chọn có số bi đỏ lớn hơn số bi vàng và nhất thiết phải có mặt bi xanh.","Một hộp có 5 viên bi đỏ, 3 viên bi vàng và 4 viên bi xanh. Chọn ngẫu nhiên từ hộp 4 viên bị, tính xác suất để 4 viên bi được chọn có số bi đỏ lớn hơn số bi vàng và nhất thiết phải có mặt bi xanh.",Khá,SINGLE_AGENT,16,8,8,0.2857142857142857,141,543,0.20614035087719298,3.851063829787234,5,22,27,0.18518518518518517,0.625,8,1.0,1,0,0,0,0,0,0,0,0,0,0,0,0,0,0,0,0,0,0.0,0,4.4,0.2962962962962963
Single-Agent,SIM_BASE_Trung bình_31,"Một hộp có 5 viên bi đỏ, 3 viên bi vàng và 4 viên bi xanh. Chọn ngẫu nhiên từ hộp 4 viên bị, tính xác suất để 4 viên bi được chọn có số bi đỏ lớn hơn số bi vàng và nhất thiết phải có mặt bi xanh.","Một hộp có 5 viên bi đỏ, 3 viên bi vàng và 4 viên bi xanh. Chọn ngẫu nhiên từ hộp 4 viên bị, tính xác suất để 4 viên bi được chọn có số bi đỏ lớn hơn số bi vàng và nhất thiết phải có mặt bi xanh.",Trung bình,SINGLE_AGENT,16,8,8,0.25396825396825395,359,888,0.28789093825180434,2.4735376044568245,12,28,40,0.3,1.5,5,0.625,1,0,0,0,0,0,0,0,0,0,0,0,0,0,0,0,0,0,0.0,0,2.3333333333333335,0.23125
Single-Agent,SIM_BASE_Yếu_32,"Một hộp có 5 viên bi đỏ, 3 viên bi vàng và 4 viên bi xanh. Chọn ngẫu nhiên từ hộp 4 viên bị, tính xác suất để 4 viên bi được chọn có số bi đỏ lớn hơn số bi vàng và nhất thiết phải có mặt bi xanh.","Một hộp có 5 viên bi đỏ, 3 viên bi vàng và 4 viên bi xanh. Chọn ngẫu nhiên từ hộp 4 viên bị, tính xác suất để 4 viên bi được chọn có số bi đỏ lớn hơn số bi vàng và nhất thiết phải có mặt bi xanh.",Yếu,SINGLE_AGENT,16,8,8,0.16842105263157894,88,1143,0.07148659626320066,12.988636363636363,4,37,41,0.0975609756097561,0.5,7,0.875,1,0,0,0,0,0,0,0,0,0,0,0,0,0,0,0,0,0,0.0,0,9.25,0.24314024390243902
Single-Agent,SIM_BASE_Giỏi_33,"Có 3 bó hoa. Bó thứ nhất có 8 hoa hồng, bó thứ hai có 7 bông hoa ly, bó thứ ba có 6 bông hoa huệ. Chọn ngẫu nhiên 7 hoa từ ba bó hoa trên để cắm vào lọ hoa, tính xác suất để trong 7 hoa được chọn có số hoa hồng bằng số hoa ly.","Có 3 bó hoa. Bó thứ nhất có 8 hoa hồng, bó thứ hai có 7 bông hoa ly, bó thứ ba có 6 bông hoa huệ. Chọn ngẫu nhiên 7 hoa từ ba bó hoa trên để cắm vào lọ hoa, tính xác suất để trong 7 hoa được chọn có số hoa hồng bằng số hoa ly.",Giỏi,SINGLE_AGENT,15,8,7,0.30612244897959184,201,914,0.18026905829596412,4.54726368159204,7,23,30,0.23333333333333334,1.0,6,0.8571428571428571,0,0,0,0,0,0,0,0,0,0,0,0,0,0,0,0,0,0,0.0,0,3.2857142857142856,0.5226190476190475
Single-Agent,SIM_BASE_Khá_34,"Có 3 bó hoa. Bó thứ nhất có 8 hoa hồng, bó thứ hai có 7 bông hoa ly, bó thứ ba có 6 bông hoa huệ. Chọn ngẫu nhiên 7 hoa từ ba bó hoa trên để cắm vào lọ hoa, tính xác suất để trong 7 hoa được chọn có số hoa hồng bằng số hoa ly.","Có 3 bó hoa. Bó thứ nhất có 8 hoa hồng, bó thứ hai có 7 bông hoa ly, bó thứ ba có 6 bông hoa huệ. Chọn ngẫu nhiên 7 hoa từ ba bó hoa trên để cắm vào lọ hoa, tính xác suất để trong 7 hoa được chọn có số hoa hồng bằng số hoa ly.",Khá,SINGLE_AGENT,16,8,8,0.1568627450980392,180,942,0.16042780748663102,5.233333333333333,11,48,59,0.1864406779661017,1.375,8,1.0,1,0,0,0,0,0,0,0,0,0,0,0,0,0,0,0,0,0,0.0,0,4.363636363636363,0.2966101694915254
Single-Agent,SIM_BASE_Trung bình_35,"Có 3 bó hoa. Bó thứ nhất có 8 hoa hồng, bó thứ hai có 7 bông hoa ly, bó thứ ba có 6 bông hoa huệ. Chọn ngẫu nhiên 7 hoa từ ba bó hoa trên để cắm vào lọ hoa, tính xác suất để trong 7 hoa được chọn có số hoa hồng bằng số hoa ly.","Có 3 bó hoa. Bó thứ nhất có 8 hoa hồng, bó thứ hai có 7 bông hoa ly, bó thứ ba có 6 bông hoa huệ. Chọn ngẫu nhiên 7 hoa từ ba bó hoa trên để cắm vào lọ hoa, tính xác suất để trong 7 hoa được chọn có số hoa hồng bằng số hoa ly.",Trung bình,SINGLE_AGENT,16,8,8,0.10666666666666667,249,1388,0.15210751374465487,5.57429718875502,16,96,112,0.14285714285714285,2.0,8,1.0,1,0,0,0,0,0,0,0,0,0,0,0,0,0,0,0,0,0,0.0,0,6.0,0.2857142857142857
Single-Agent,SIM_BASE_Yếu_36,"Có 3 bó hoa. Bó thứ nhất có 8 hoa hồng, bó thứ hai có 7 bông hoa ly, bó thứ ba có 6 bông hoa huệ. Chọn ngẫu nhiên 7 hoa từ ba bó hoa trên để cắm vào lọ hoa, tính xác suất để trong 7 hoa được chọn có số hoa hồng bằng số hoa ly.","Có 3 bó hoa. Bó thứ nhất có 8 hoa hồng, bó thứ hai có 7 bông hoa ly, bó thứ ba có 6 bông hoa huệ. Chọn ngẫu nhiên 7 hoa từ ba bó hoa trên để cắm vào lọ hoa, tính xác suất để trong 7 hoa được chọn có số hoa hồng bằng số hoa ly.",Yếu,SINGLE_AGENT,16,8,8,0.15841584158415842,149,1517,0.0894357743097239,10.181208053691275,10,60,70,0.14285714285714285,1.25,7,0.875,0,0,0,0,0,0,0,0,0,0,0,0,0,0,0,0,0,0,0.0,0,6.0,0.5044642857142857
Single-Agent,SIM_BASE_Giỏi_37,"Có 13 học sinh của một trường THPT đạt danh hiệu học sinh xuất sắc trongđó khối 12 có 8 học sinh nam và 3 học sinh nữ, khối 11 có 2 học sinh nam. Chọn ngẫu nhiên 3 học sinh bất kỳ để trao thưởng, tính xác suất để 3 học sinh được chọn có cả nam và nữ đồng thời có cả khối 11 và khối 12 .","Có 13 học sinh của một trường THPT đạt danh hiệu học sinh xuất sắc trongđó khối 12 có 8 học sinh nam và 3 học sinh nữ, khối 11 có 2 học sinh nam. Chọn ngẫu nhiên 3 học sinh bất kỳ để trao thưởng, tính xác suất để 3 học sinh được chọn có cả nam và nữ đồng thời có cả khối 11 và khối 12 .",Giỏi,SINGLE_AGENT,16,8,8,0.18181818181818182,94,1590,0.055819477434679333,16.914893617021278,5,28,33,0.15151515151515152,0.625,6,0.75,1,0,0,0,0,0,0,0,0,0,0,0,0,0,0,0,0,0,0.0,0,5.6,0.22537878787878787
Single-Agent,SIM_BASE_Khá_38,"Có 13 học sinh của một trường THPT đạt danh hiệu học sinh xuất sắc trongđó khối 12 có 8 học sinh nam và 3 học sinh nữ, khối 11 có 2 học sinh nam. Chọn ngẫu nhiên 3 học sinh bất kỳ để trao thưởng, tính xác suất để 3 học sinh được chọn có cả nam và nữ đồng thời có cả khối 11 và khối 12 .","Có 13 học sinh của một trường THPT đạt danh hiệu học sinh xuất sắc trongđó khối 12 có 8 học sinh nam và 3 học sinh nữ, khối 11 có 2 học sinh nam. Chọn ngẫu nhiên 3 học sinh bất kỳ để trao thưởng, tính xác suất để 3 học sinh được chọn có cả nam và nữ đồng thời có cả khối 11 và khối 12 .",Khá,SINGLE_AGENT,16,8,8,0.25396825396825395,139,692,0.16726835138387486,4.9784172661870505,7,13,20,0.35,0.875,7,0.875,0,0,0,0,0,0,0,0,0,0,0,0,0,0,0,0,0,0,0.0,0,1.8571428571428572,0.55625
Single-Agent,SIM_BASE_Trung bình_39,"Có 13 học sinh của một trường THPT đạt danh hiệu học sinh xuất sắc trongđó khối 12 có 8 học sinh nam và 3 học sinh nữ, khối 11 có 2 học sinh nam. Chọn ngẫu nhiên 3 học sinh bất kỳ để trao thưởng, tính xác suất để 3 học sinh được chọn có cả nam và nữ đồng thời có cả khối 11 và khối 12 .","Có 13 học sinh của một trường THPT đạt danh hiệu học sinh xuất sắc trongđó khối 12 có 8 học sinh nam và 3 học sinh nữ, khối 11 có 2 học sinh nam. Chọn ngẫu nhiên 3 học sinh bất kỳ để trao thưởng, tính xác suất để 3 học sinh được chọn có cả nam và nữ đồng thời có cả khối 11 và khối 12 .",Trung bình,SINGLE_AGENT,16,8,8,0.10884353741496598,181,1765,0.09301130524152107,9.751381215469614,9,55,64,0.140625,1.125,8,1.0,1,0,0,0,0,0,0,0,0,0,0,0,0,0,0,0,0,0,0.0,0,6.111111111111111,0.28515625
Single-Agent,SIM_BASE_Yếu_40,"Có 13 học sinh của một trường THPT đạt danh hiệu học sinh xuất sắc trongđó khối 12 có 8 học sinh nam và 3 học sinh nữ, khối 11 có 2 học sinh nam. Chọn ngẫu nhiên 3 học sinh bất kỳ để trao thưởng, tính xác suất để 3 học sinh được chọn có cả nam và nữ đồng thời có cả khối 11 và khối 12 .","Có 13 học sinh của một trường THPT đạt danh hiệu học sinh xuất sắc trongđó khối 12 có 8 học sinh nam và 3 học sinh nữ, khối 11 có 2 học sinh nam. Chọn ngẫu nhiên 3 học sinh bất kỳ để trao thưởng, tính xác suất để 3 học sinh được chọn có cả nam và nữ đồng thời có cả khối 11 và khối 12 .",Yếu,SINGLE_AGENT,16,8,8,0.42105263157894735,142,557,0.20314735336194564,3.9225352112676055,7,7,14,0.5,0.875,6,0.75,1,0,0,0,0,0,0,0,0,0,0,0,0,0,0,0,0,0,0.0,0,1.0,0.3125
Single-Agent,SIM_BASE_Giỏi_41,"Một chiếc hộp đựng 7 viên bi màu xanh, 6 viên bi màu đen, 5 viên bi màu đỏ, 4 viên bi màu trắng. Chọn ngẫu nhiên ra 4 viên bi, tính xác suất để lấy được ít nhất 2 viên bi cùng màu.","Một chiếc hộp đựng 7 viên bi màu xanh, 6 viên bi màu đen, 5 viên bi màu đỏ, 4 viên bi màu trắng. Chọn ngẫu nhiên ra 4 viên bi, tính xác suất để lấy được ít nhất 2 viên bi cùng màu.",Giỏi,SINGLE_AGENT,16,8,8,0.11188811188811189,196,1567,0.11117413499716393,7.994897959183674,6,46,52,0.11538461538461539,0.75,7,0.875,1,0,0,0,0,0,0,0,0,0,0,0,0,0,0,0,0,0,0.0,0,7.666666666666667,0.24759615384615385
Single-Agent,SIM_BASE_Khá_42,"Một chiếc hộp đựng 7 viên bi màu xanh, 6 viên bi màu đen, 5 viên bi màu đỏ, 4 viên bi màu trắng. Chọn ngẫu nhiên ra 4 viên bi, tính xác suất để lấy được ít nhất 2 viên bi cùng màu.","Một chiếc hộp đựng 7 viên bi màu xanh, 6 viên bi màu đen, 5 viên bi màu đỏ, 4 viên bi màu trắng. Chọn ngẫu nhiên ra 4 viên bi, tính xác suất để lấy được ít nhất 2 viên bi cùng màu.",Khá,SINGLE_AGENT,16,8,8,0.14678899082568808,597,936,0.38943248532289626,1.5678391959798994,31,42,73,0.4246575342465753,3.875,7,0.875,1,0,0,0,0,0,0,0,0,0,0,0,0,0,0,0,0,0,0.0,0,1.3548387096774193,0.3249143835616438
Single-Agent,SIM_BASE_Trung bình_43,"Một chiếc hộp đựng 7 viên bi màu xanh, 6 viên bi màu đen, 5 viên bi màu đỏ, 4 viên bi màu trắng. Chọn ngẫu nhiên ra 4 viên bi, tính xác suất để lấy được ít nhất 2 viên bi cùng màu.","Một chiếc hộp đựng 7 viên bi màu xanh, 6 viên bi màu đen, 5 viên bi màu đỏ, 4 viên bi màu trắng. Chọn ngẫu nhiên ra 4 viên bi, tính xác suất để lấy được ít nhất 2 viên bi cùng màu.",Trung bình,SINGLE_AGENT,16,8,8,0.12403100775193798,215,1375,0.13522012578616352,6.395348837209302,6,50,56,0.10714285714285714,0.75,4,0.5,1,0,0,0,0,0,0,0,0,0,0,0,0,0,0,0,0,0,0.0,0,8.333333333333334,0.15178571428571427
Single-Agent,SIM_BASE_Yếu_44,"Một chiếc hộp đựng 7 viên bi màu xanh, 6 viên bi màu đen, 5 viên bi màu đỏ, 4 viên bi màu trắng. Chọn ngẫu nhiên ra 4 viên bi, tính xác suất để lấy được ít nhất 2 viên bi cùng màu.","Một chiếc hộp đựng 7 viên bi màu xanh, 6 viên bi màu đen, 5 viên bi màu đỏ, 4 viên bi màu trắng. Chọn ngẫu nhiên ra 4 viên bi, tính xác suất để lấy được ít nhất 2 viên bi cùng màu.",Yếu,SINGLE_AGENT,16,8,8,0.5517241379310345,75,486,0.13368983957219252,6.48,2,14,16,0.125,0.25,3,0.375,0,0,0,0,0,0,0,0,0,0,0,0,0,0,0,0,0,0,0.0,0,7.0,0.375
Single-Agent,SIM_BASE_Giỏi_45,"Một hộp đựng 8 quả cầu trắng, 12 quả cầu đen. Lần thứ nhất lấy ngẫu nhiên 1 quả cầu trong hộp, lần thứ hai lấy ngẫu nhiên 1 quả cầu trong các quả cầu còn lại. Tính xác suất để kết quả của hai lần lấy được 2 quả cầu cùng màu. Không gian mẫu là lấy 2 quả cầu trong hộp một cách lần lượt ngẫu nhiên. Suy ra số phần tử của không gian mẫu là Gọi  biến cố ” 2 quả cầu được lấy cùng màu” . Ta có các trường hợp thuận lợi cho biến cố  như sau: ● TH1: Lần thứ nhất lấy quả màu trắng và lần thứ hai cũng màu trắng. Do đó trường hợp này có  cách. ● TH2: Lần thứ nhất lấy quả màu đen và lần thứ hai cũng màu đen. Do đó trường hợp này có  cách. Suy ra số phần tử của biến cố  là","Một hộp đựng 8 quả cầu trắng, 12 quả cầu đen. Lần thứ nhất lấy ngẫu nhiên 1 quả cầu trong hộp, lần thứ hai lấy ngẫu nhiên 1 quả cầu trong các quả cầu còn lại. Tính xác suất để kết quả của hai lần lấy được 2 quả cầu cùng màu. Không gian mẫu là lấy 2 quả cầu trong hộp một cách lần lượt ngẫu nhiên. Suy ra số phần tử của không gian mẫu là Gọi  biến cố ” 2 quả cầu được lấy cùng màu” . Ta có các trường hợp thuận lợi cho biến cố  như sau: ● TH1: Lần thứ nhất lấy quả màu trắng và lần thứ hai cũng màu trắng. Do đó trường hợp này có  cách. ● TH2: Lần thứ nhất lấy quả màu đen và lần thứ hai cũng màu đen. Do đó trường hợp này có  cách. Suy ra số phần tử của biến cố  là",Giỏi,SINGLE_AGENT,16,8,8,0.17204301075268819,111,1158,0.08747044917257683,10.432432432432432,7,36,43,0.16279069767441862,0.875,7,0.875,1,0,0,0,0,0,0,0,0,0,0,0,0,0,0,0,0,0,0.0,0,5.142857142857143,0.25944767441860467
Single-Agent,SIM_BASE_Khá_46,"Một hộp đựng 8 quả cầu trắng, 12 quả cầu đen. Lần thứ nhất lấy ngẫu nhiên 1 quả cầu trong hộp, lần thứ hai lấy ngẫu nhiên 1 quả cầu trong các quả cầu còn lại. Tính xác suất để kết quả của hai lần lấy được 2 quả cầu cùng màu. Không gian mẫu là lấy 2 quả cầu trong hộp một cách lần lượt ngẫu nhiên. Suy ra số phần tử của không gian mẫu là Gọi  biến cố ” 2 quả cầu được lấy cùng màu” . Ta có các trường hợp thuận lợi cho biến cố  như sau: ● TH1: Lần thứ nhất lấy quả màu trắng và lần thứ hai cũng màu trắng. Do đó trường hợp này có  cách. ● TH2: Lần thứ nhất lấy quả màu đen và lần thứ hai cũng màu đen. Do đó trường hợp này có  cách. Suy ra số phần tử của biến cố  là","Một hộp đựng 8 quả cầu trắng, 12 quả cầu đen. Lần thứ nhất lấy ngẫu nhiên 1 quả cầu trong hộp, lần thứ hai lấy ngẫu nhiên 1 quả cầu trong các quả cầu còn lại. Tính xác suất để kết quả của hai lần lấy được 2 quả cầu cùng màu. Không gian mẫu là lấy 2 quả cầu trong hộp một cách lần lượt ngẫu nhiên. Suy ra số phần tử của không gian mẫu là Gọi  biến cố ” 2 quả cầu được lấy cùng màu” . Ta có các trường hợp thuận lợi cho biến cố  như sau: ● TH1: Lần thứ nhất lấy quả màu trắng và lần thứ hai cũng màu trắng. Do đó trường hợp này có  cách. ● TH2: Lần thứ nhất lấy quả màu đen và lần thứ hai cũng màu đen. Do đó trường hợp này có  cách. Suy ra số phần tử của biến cố  là",Khá,SINGLE_AGENT,16,8,8,0.2077922077922078,88,915,0.08773678963110668,10.397727272727273,3,34,37,0.08108108108108109,0.375,5,0.625,1,0,0,0,0,0,0,0,0,0,0,0,0,0,0,0,0,0,0.0,0,11.333333333333334,0.17652027027027029
Single-Agent,SIM_BASE_Trung bình_47,"Một hộp đựng 8 quả cầu trắng, 12 quả cầu đen. Lần thứ nhất lấy ngẫu nhiên 1 quả cầu trong hộp, lần thứ hai lấy ngẫu nhiên 1 quả cầu trong các quả cầu còn lại. Tính xác suất để kết quả của hai lần lấy được 2 quả cầu cùng màu. Không gian mẫu là lấy 2 quả cầu trong hộp một cách lần lượt ngẫu nhiên. Suy ra số phần tử của không gian mẫu là Gọi  biến cố ” 2 quả cầu được lấy cùng màu” . Ta có các trường hợp thuận lợi cho biến cố  như sau: ● TH1: Lần thứ nhất lấy quả màu trắng và lần thứ hai cũng màu trắng. Do đó trường hợp này có  cách. ● TH2: Lần thứ nhất lấy quả màu đen và lần thứ hai cũng màu đen. Do đó trường hợp này có  cách. Suy ra số phần tử của biến cố  là","Một hộp đựng 8 quả cầu trắng, 12 quả cầu đen. Lần thứ nhất lấy ngẫu nhiên 1 quả cầu trong hộp, lần thứ hai lấy ngẫu nhiên 1 quả cầu trong các quả cầu còn lại. Tính xác suất để kết quả của hai lần lấy được 2 quả cầu cùng màu. Không gian mẫu là lấy 2 quả cầu trong hộp một cách lần lượt ngẫu nhiên. Suy ra số phần tử của không gian mẫu là Gọi  biến cố ” 2 quả cầu được lấy cùng màu” . Ta có các trường hợp thuận lợi cho biến cố  như sau: ● TH1: Lần thứ nhất lấy quả màu trắng và lần thứ hai cũng màu trắng. Do đó trường hợp này có  cách. ● TH2: Lần thứ nhất lấy quả màu đen và lần thứ hai cũng màu đen. Do đó trường hợp này có  cách. Suy ra số phần tử của biến cố  là",Trung bình,SINGLE_AGENT,16,8,8,0.17204301075268819,201,1205,0.14295874822190613,5.9950248756218905,6,49,55,0.10909090909090909,0.75,8,1.0,1,0,0,0,0,0,0,0,0,0,0,0,0,0,0,0,0,0,0.0,0,8.166666666666666,0.2772727272727273
Single-Agent,SIM_BASE_Yếu_48,"Một hộp đựng 8 quả cầu trắng, 12 quả cầu đen. Lần thứ nhất lấy ngẫu nhiên 1 quả cầu trong hộp, lần thứ hai lấy ngẫu nhiên 1 quả cầu trong các quả cầu còn lại. Tính xác suất để kết quả của hai lần lấy được 2 quả cầu cùng màu. Không gian mẫu là lấy 2 quả cầu trong hộp một cách lần lượt ngẫu nhiên. Suy ra số phần tử của không gian mẫu là Gọi  biến cố ” 2 quả cầu được lấy cùng màu” . Ta có các trường hợp thuận lợi cho biến cố  như sau: ● TH1: Lần thứ nhất lấy quả màu trắng và lần thứ hai cũng màu trắng. Do đó trường hợp này có  cách. ● TH2: Lần thứ nhất lấy quả màu đen và lần thứ hai cũng màu đen. Do đó trường hợp này có  cách. Suy ra số phần tử của biến cố  là","Một hộp đựng 8 quả cầu trắng, 12 quả cầu đen. Lần thứ nhất lấy ngẫu nhiên 1 quả cầu trong hộp, lần thứ hai lấy ngẫu nhiên 1 quả cầu trong các quả cầu còn lại. Tính xác suất để kết quả của hai lần lấy được 2 quả cầu cùng màu. Không gian mẫu là lấy 2 quả cầu trong hộp một cách lần lượt ngẫu nhiên. Suy ra số phần tử của không gian mẫu là Gọi  biến cố ” 2 quả cầu được lấy cùng màu” . Ta có các trường hợp thuận lợi cho biến cố  như sau: ● TH1: Lần thứ nhất lấy quả màu trắng và lần thứ hai cũng màu trắng. Do đó trường hợp này có  cách. ● TH2: Lần thứ nhất lấy quả màu đen và lần thứ hai cũng màu đen. Do đó trường hợp này có  cách. Suy ra số phần tử của biến cố  là",Yếu,SINGLE_AGENT,16,8,8,0.25396825396825395,154,1090,0.12379421221864952,7.077922077922078,3,25,28,0.10714285714285714,0.375,4,0.5,0,0,0,0,0,0,0,0,0,0,0,0,0,0,0,0,0,0,0.0,0,8.333333333333334,0.4017857142857143
Single-Agent,SIM_BASE_Giỏi_49,"Một hộp chứa 12 viên bi kích thước như nhau, trong đó có 5 viên bi màu xanh được đánh số từ 1 đến 5; có 4 viên bi màu đỏ được đánh số từ 1 đến 4 và 3 viên bi màu vàng được đánh số từ 1 đến 3. Lấy ngẫu nhiên 2 viên bi từ hộp, tính xác suất để 2 viên bi được lấy vừa khác màu vừa khác số. Không gian mẫu là số sách lấy tùy ý 2 viên từ hộp chứa 12 viên bi. Suy ra số phần tử của không gian mẫu là Gọi  là biến cố ” 2 viên bi được lấy vừa khác màu vừa khác số ” . ● Số cách lấy 2 viên bi gồm: 1 bi xanh và 1 bi đỏ là  cách (do số bi đỏ ít hơn nên ta lấy trước, có 4 cách lấy bi đỏ. Tiếp tục lấy bi xanh nhưng không lấy viên trùng với số của bi đỏ nên có 4 cách lấy bi xanh). ● Số cách lấy 2 viên bi gồm: 1 bi xanh và 1 bi vàng là  cách. ● Số cách lấy 2 viên bi gồm: 1 bi đỏ và 1 bi vàng là  cách. Suy ra số phần tử của biến cố  là","Một hộp chứa 12 viên bi kích thước như nhau, trong đó có 5 viên bi màu xanh được đánh số từ 1 đến 5; có 4 viên bi màu đỏ được đánh số từ 1 đến 4 và 3 viên bi màu vàng được đánh số từ 1 đến 3. Lấy ngẫu nhiên 2 viên bi từ hộp, tính xác suất để 2 viên bi được lấy vừa khác màu vừa khác số. Không gian mẫu là số sách lấy tùy ý 2 viên từ hộp chứa 12 viên bi. Suy ra số phần tử của không gian mẫu là Gọi  là biến cố ” 2 viên bi được lấy vừa khác màu vừa khác số ” . ● Số cách lấy 2 viên bi gồm: 1 bi xanh và 1 bi đỏ là  cách (do số bi đỏ ít hơn nên ta lấy trước, có 4 cách lấy bi đỏ. Tiếp tục lấy bi xanh nhưng không lấy viên trùng với số của bi đỏ nên có 4 cách lấy bi xanh). ● Số cách lấy 2 viên bi gồm: 1 bi xanh và 1 bi vàng là  cách. ● Số cách lấy 2 viên bi gồm: 1 bi đỏ và 1 bi vàng là  cách. Suy ra số phần tử của biến cố  là",Giỏi,SINGLE_AGENT,16,8,8,0.2318840579710145,208,842,0.1980952380952381,4.048076923076923,12,23,35,0.34285714285714286,1.5,7,0.875,0,0,0,0,0,0,0,0,0,0,0,0,0,0,0,0,0,0,0.0,0,1.9166666666666667,0.5544642857142857
Single-Agent,SIM_BASE_Khá_50,"Một hộp chứa 12 viên bi kích thước như nhau, trong đó có 5 viên bi màu xanh được đánh số từ 1 đến 5; có 4 viên bi màu đỏ được đánh số từ 1 đến 4 và 3 viên bi màu vàng được đánh số từ 1 đến 3. Lấy ngẫu nhiên 2 viên bi từ hộp, tính xác suất để 2 viên bi được lấy vừa khác màu vừa khác số. Không gian mẫu là số sách lấy tùy ý 2 viên từ hộp chứa 12 viên bi. Suy ra số phần tử của không gian mẫu là Gọi  là biến cố ” 2 viên bi được lấy vừa khác màu vừa khác số ” . ● Số cách lấy 2 viên bi gồm: 1 bi xanh và 1 bi đỏ là  cách (do số bi đỏ ít hơn nên ta lấy trước, có 4 cách lấy bi đỏ. Tiếp tục lấy bi xanh nhưng không lấy viên trùng với số của bi đỏ nên có 4 cách lấy bi xanh). ● Số cách lấy 2 viên bi gồm: 1 bi xanh và 1 bi vàng là  cách. ● Số cách lấy 2 viên bi gồm: 1 bi đỏ và 1 bi vàng là  cách. Suy ra số phần tử của biến cố  là","Một hộp chứa 12 viên bi kích thước như nhau, trong đó có 5 viên bi màu xanh được đánh số từ 1 đến 5; có 4 viên bi màu đỏ được đánh số từ 1 đến 4 và 3 viên bi màu vàng được đánh số từ 1 đến 3. Lấy ngẫu nhiên 2 viên bi từ hộp, tính xác suất để 2 viên bi được lấy vừa khác màu vừa khác số. Không gian mẫu là số sách lấy tùy ý 2 viên từ hộp chứa 12 viên bi. Suy ra số phần tử của không gian mẫu là Gọi  là biến cố ” 2 viên bi được lấy vừa khác màu vừa khác số ” . ● Số cách lấy 2 viên bi gồm: 1 bi xanh và 1 bi đỏ là  cách (do số bi đỏ ít hơn nên ta lấy trước, có 4 cách lấy bi đỏ. Tiếp tục lấy bi xanh nhưng không lấy viên trùng với số của bi đỏ nên có 4 cách lấy bi xanh). ● Số cách lấy 2 viên bi gồm: 1 bi xanh và 1 bi vàng là  cách. ● Số cách lấy 2 viên bi gồm: 1 bi đỏ và 1 bi vàng là  cách. Suy ra số phần tử của biến cố  là",Khá,SINGLE_AGENT,16,8,8,0.21333333333333335,95,1197,0.07352941176470588,12.6,6,14,20,0.3,0.75,8,1.0,1,0,0,0,0,0,0,0,0,0,0,0,0,0,0,0,0,0,0.0,0,2.3333333333333335,0.325
Single-Agent,SIM_BASE_Trung bình_51,"Một hộp chứa 12 viên bi kích thước như nhau, trong đó có 5 viên bi màu xanh được đánh số từ 1 đến 5; có 4 viên bi màu đỏ được đánh số từ 1 đến 4 và 3 viên bi màu vàng được đánh số từ 1 đến 3. Lấy ngẫu nhiên 2 viên bi từ hộp, tính xác suất để 2 viên bi được lấy vừa khác màu vừa khác số. Không gian mẫu là số sách lấy tùy ý 2 viên từ hộp chứa 12 viên bi. Suy ra số phần tử của không gian mẫu là Gọi  là biến cố ” 2 viên bi được lấy vừa khác màu vừa khác số ” . ● Số cách lấy 2 viên bi gồm: 1 bi xanh và 1 bi đỏ là  cách (do số bi đỏ ít hơn nên ta lấy trước, có 4 cách lấy bi đỏ. Tiếp tục lấy bi xanh nhưng không lấy viên trùng với số của bi đỏ nên có 4 cách lấy bi xanh). ● Số cách lấy 2 viên bi gồm: 1 bi xanh và 1 bi vàng là  cách. ● Số cách lấy 2 viên bi gồm: 1 bi đỏ và 1 bi vàng là  cách. Suy ra số phần tử của biến cố  là","Một hộp chứa 12 viên bi kích thước như nhau, trong đó có 5 viên bi màu xanh được đánh số từ 1 đến 5; có 4 viên bi màu đỏ được đánh số từ 1 đến 4 và 3 viên bi màu vàng được đánh số từ 1 đến 3. Lấy ngẫu nhiên 2 viên bi từ hộp, tính xác suất để 2 viên bi được lấy vừa khác màu vừa khác số. Không gian mẫu là số sách lấy tùy ý 2 viên từ hộp chứa 12 viên bi. Suy ra số phần tử của không gian mẫu là Gọi  là biến cố ” 2 viên bi được lấy vừa khác màu vừa khác số ” . ● Số cách lấy 2 viên bi gồm: 1 bi xanh và 1 bi đỏ là  cách (do số bi đỏ ít hơn nên ta lấy trước, có 4 cách lấy bi đỏ. Tiếp tục lấy bi xanh nhưng không lấy viên trùng với số của bi đỏ nên có 4 cách lấy bi xanh). ● Số cách lấy 2 viên bi gồm: 1 bi xanh và 1 bi vàng là  cách. ● Số cách lấy 2 viên bi gồm: 1 bi đỏ và 1 bi vàng là  cách. Suy ra số phần tử của biến cố  là",Trung bình,SINGLE_AGENT,16,8,8,0.4,95,788,0.10758776896942242,8.294736842105262,2,4,6,0.3333333333333333,0.25,4,0.5,0,0,0,0,0,0,0,0,0,0,0,0,0,0,0,0,0,0,0.0,0,2.0,0.4583333333333333
Single-Agent,SIM_BASE_Yếu_52,"Một hộp chứa 12 viên bi kích thước như nhau, trong đó có 5 viên bi màu xanh được đánh số từ 1 đến 5; có 4 viên bi màu đỏ được đánh số từ 1 đến 4 và 3 viên bi màu vàng được đánh số từ 1 đến 3. Lấy ngẫu nhiên 2 viên bi từ hộp, tính xác suất để 2 viên bi được lấy vừa khác màu vừa khác số. Không gian mẫu là số sách lấy tùy ý 2 viên từ hộp chứa 12 viên bi. Suy ra số phần tử của không gian mẫu là Gọi  là biến cố ” 2 viên bi được lấy vừa khác màu vừa khác số ” . ● Số cách lấy 2 viên bi gồm: 1 bi xanh và 1 bi đỏ là  cách (do số bi đỏ ít hơn nên ta lấy trước, có 4 cách lấy bi đỏ. Tiếp tục lấy bi xanh nhưng không lấy viên trùng với số của bi đỏ nên có 4 cách lấy bi xanh). ● Số cách lấy 2 viên bi gồm: 1 bi xanh và 1 bi vàng là  cách. ● Số cách lấy 2 viên bi gồm: 1 bi đỏ và 1 bi vàng là  cách. Suy ra số phần tử của biến cố  là","Một hộp chứa 12 viên bi kích thước như nhau, trong đó có 5 viên bi màu xanh được đánh số từ 1 đến 5; có 4 viên bi màu đỏ được đánh số từ 1 đến 4 và 3 viên bi màu vàng được đánh số từ 1 đến 3. Lấy ngẫu nhiên 2 viên bi từ hộp, tính xác suất để 2 viên bi được lấy vừa khác màu vừa khác số. Không gian mẫu là số sách lấy tùy ý 2 viên từ hộp chứa 12 viên bi. Suy ra số phần tử của không gian mẫu là Gọi  là biến cố ” 2 viên bi được lấy vừa khác màu vừa khác số ” . ● Số cách lấy 2 viên bi gồm: 1 bi xanh và 1 bi đỏ là  cách (do số bi đỏ ít hơn nên ta lấy trước, có 4 cách lấy bi đỏ. Tiếp tục lấy bi xanh nhưng không lấy viên trùng với số của bi đỏ nên có 4 cách lấy bi xanh). ● Số cách lấy 2 viên bi gồm: 1 bi xanh và 1 bi vàng là  cách. ● Số cách lấy 2 viên bi gồm: 1 bi đỏ và 1 bi vàng là  cách. Suy ra số phần tử của biến cố  là",Yếu,SINGLE_AGENT,16,8,8,0.3018867924528302,89,1124,0.07337180544105523,12.629213483146067,3,24,27,0.1111111111111111,0.375,5,0.625,1,0,0,0,0,0,0,0,0,0,0,0,0,0,0,0,0,0,0.0,0,8.0,0.1840277777777778
Single-Agent,SIM_BASE_Giỏi_53,"Một hộp chứa 3 viên bi xanh, 5 viên bi đỏ và 6 viên bi vàng. Lấy ngẫu nhiên 6 viên bi từ hộp, tính xác suất để 6 viên bi được lấy ra có đủ cả ba màu.","Một hộp chứa 3 viên bi xanh, 5 viên bi đỏ và 6 viên bi vàng. Lấy ngẫu nhiên 6 viên bi từ hộp, tính xác suất để 6 viên bi được lấy ra có đủ cả ba màu.",Giỏi,SINGLE_AGENT,16,8,8,0.27586206896551724,179,599,0.2300771208226221,3.346368715083799,8,26,34,0.23529411764705882,1.0,5,0.625,1,0,0,0,0,0,0,0,0,0,0,0,0,0,0,0,0,0,0.0,0,3.25,0.21507352941176472
Single-Agent,SIM_BASE_Khá_54,"Một hộp chứa 3 viên bi xanh, 5 viên bi đỏ và 6 viên bi vàng. Lấy ngẫu nhiên 6 viên bi từ hộp, tính xác suất để 6 viên bi được lấy ra có đủ cả ba màu.","Một hộp chứa 3 viên bi xanh, 5 viên bi đỏ và 6 viên bi vàng. Lấy ngẫu nhiên 6 viên bi từ hộp, tính xác suất để 6 viên bi được lấy ra có đủ cả ba màu.",Khá,SINGLE_AGENT,16,8,8,0.37209302325581395,160,542,0.22792022792022792,3.3875,10,26,36,0.2777777777777778,1.25,6,0.75,1,0,0,0,0,0,0,0,0,0,0,0,0,0,0,0,0,0,0.0,0,2.6,0.2569444444444444
Single-Agent,SIM_BASE_Trung bình_55,"Một hộp chứa 3 viên bi xanh, 5 viên bi đỏ và 6 viên bi vàng. Lấy ngẫu nhiên 6 viên bi từ hộp, tính xác suất để 6 viên bi được lấy ra có đủ cả ba màu.","Một hộp chứa 3 viên bi xanh, 5 viên bi đỏ và 6 viên bi vàng. Lấy ngẫu nhiên 6 viên bi từ hộp, tính xác suất để 6 viên bi được lấy ra có đủ cả ba màu.",Trung bình,SINGLE_AGENT,15,8,7,0.0949367088607595,307,1808,0.14515366430260046,5.8892508143322475,5,117,122,0.040983606557377046,0.7142857142857143,6,0.8571428571428571,1,0,0,0,0,0,0,0,0,0,0,0,0,0,0,0,0,0,0.0,0,23.4,0.22453161592505855
Single-Agent,SIM_BASE_Yếu_56,"Một hộp chứa 3 viên bi xanh, 5 viên bi đỏ và 6 viên bi vàng. Lấy ngẫu nhiên 6 viên bi từ hộp, tính xác suất để 6 viên bi được lấy ra có đủ cả ba màu.","Một hộp chứa 3 viên bi xanh, 5 viên bi đỏ và 6 viên bi vàng. Lấy ngẫu nhiên 6 viên bi từ hộp, tính xác suất để 6 viên bi được lấy ra có đủ cả ba màu.",Yếu,SINGLE_AGENT,16,8,8,0.2222222222222222,201,1059,0.1595238095238095,5.268656716417911,4,43,47,0.0851063829787234,0.5,6,0.75,1,0,0,0,0,0,0,0,0,0,0,0,0,0,0,0,0,0,0.0,0,10.75,0.20877659574468085
Single-Agent,SIM_BASE_Giỏi_57,"Trong một hộp có 50 viên bi được đánh số từ 1 đến 50. Chọn ngẫu nhiên 3 viên bi trong hộp, tính xác suất để tổng ba số trên 3 viên bi được chọn là một số chia hết cho 3.","Trong một hộp có 50 viên bi được đánh số từ 1 đến 50. Chọn ngẫu nhiên 3 viên bi trong hộp, tính xác suất để tổng ba số trên 3 viên bi được chọn là một số chia hết cho 3.",Giỏi,SINGLE_AGENT,16,8,8,0.41025641025641024,186,697,0.21064552661381652,3.747311827956989,8,16,24,0.3333333333333333,1.0,8,1.0,0,0,0,0,0,0,0,0,0,0,0,0,0,0,0,0,0,0,0.0,0,2.0,0.5833333333333333
Single-Agent,SIM_BASE_Khá_58,"Trong một hộp có 50 viên bi được đánh số từ 1 đến 50. Chọn ngẫu nhiên 3 viên bi trong hộp, tính xác suất để tổng ba số trên 3 viên bi được chọn là một số chia hết cho 3.","Trong một hộp có 50 viên bi được đánh số từ 1 đến 50. Chọn ngẫu nhiên 3 viên bi trong hộp, tính xác suất để tổng ba số trên 3 viên bi được chọn là một số chia hết cho 3.",Khá,SINGLE_AGENT,16,8,8,0.23880597014925373,487,828,0.3703422053231939,1.700205338809035,9,20,29,0.3103448275862069,1.125,8,1.0,0,0,0,0,0,0,0,0,0,0,0,0,0,0,0,0,0,0,0.0,0,2.2222222222222223,0.5775862068965517
Single-Agent,SIM_BASE_Trung bình_59,"Trong một hộp có 50 viên bi được đánh số từ 1 đến 50. Chọn ngẫu nhiên 3 viên bi trong hộp, tính xác suất để tổng ba số trên 3 viên bi được chọn là một số chia hết cho 3.","Trong một hộp có 50 viên bi được đánh số từ 1 đến 50. Chọn ngẫu nhiên 3 viên bi trong hộp, tính xác suất để tổng ba số trên 3 viên bi được chọn là một số chia hết cho 3.",Trung bình,SINGLE_AGENT,16,8,8,0.4,99,553,0.15184049079754602,5.585858585858586,4,15,19,0.21052631578947367,0.5,5,0.625,1,0,0,0,0,0,0,0,0,0,0,0,0,0,0,0,0,0,0.0,0,3.75,0.20888157894736842
Single-Agent,SIM_BASE_Yếu_60,"Trong một hộp có 50 viên bi được đánh số từ 1 đến 50. Chọn ngẫu nhiên 3 viên bi trong hộp, tính xác suất để tổng ba số trên 3 viên bi được chọn là một số chia hết cho 3.","Trong một hộp có 50 viên bi được đánh số từ 1 đến 50. Chọn ngẫu nhiên 3 viên bi trong hộp, tính xác suất để tổng ba số trên 3 viên bi được chọn là một số chia hết cho 3.",Yếu,SINGLE_AGENT,16,8,8,0.1415929203539823,295,1607,0.15509989484752892,5.447457627118644,6,49,55,0.10909090909090909,0.75,8,1.0,1,0,0,0,0,0,0,0,0,0,0,0,0,0,0,0,0,0,0.0,0,8.166666666666666,0.2772727272727273
Single-Agent,SIM_BASE_Giỏi_61,"Cho tập hợp ; 1; 2; 3; 4; 5. Gọi  là tập hợp các số có 3 chữ số khác nhau được lập thành từ các chữ số của tập . Chọn ngẫu nhiên một số từ  ,tính xác suất để số được chọn có chữ số cuối gấp đôi chữ số đầu.","Cho tập hợp ; 1; 2; 3; 4; 5. Gọi  là tập hợp các số có 3 chữ số khác nhau được lập thành từ các chữ số của tập . Chọn ngẫu nhiên một số từ  ,tính xác suất để số được chọn có chữ số cuối gấp đôi chữ số đầu.",Giỏi,SINGLE_AGENT,5,3,2,0.1724137931034483,318,289,0.5238879736408567,0.9088050314465409,10,4,14,0.7142857142857143,5.0,2,1.0,1,0,0,0,0,0,0,0,0,0,0,0,0,0,0,0,0,0,0.0,0,0.4,0.4285714285714286
Single-Agent,SIM_BASE_Khá_62,"Cho tập hợp ; 1; 2; 3; 4; 5. Gọi  là tập hợp các số có 3 chữ số khác nhau được lập thành từ các chữ số của tập . Chọn ngẫu nhiên một số từ  ,tính xác suất để số được chọn có chữ số cuối gấp đôi chữ số đầu.","Cho tập hợp ; 1; 2; 3; 4; 5. Gọi  là tập hợp các số có 3 chữ số khác nhau được lập thành từ các chữ số của tập . Chọn ngẫu nhiên một số từ  ,tính xác suất để số được chọn có chữ số cuối gấp đôi chữ số đầu.",Khá,SINGLE_AGENT,15,8,7,0.26785714285714285,286,775,0.2695570216776626,2.7097902097902096,5,11,16,0.3125,0.7142857142857143,5,0.7142857142857143,1,0,0,0,0,0,0,0,0,0,0,0,0,0,0,0,0,0,0.0,0,2.2,0.2566964285714286
Single-Agent,SIM_BASE_Trung bình_63,"Cho tập hợp ; 1; 2; 3; 4; 5. Gọi  là tập hợp các số có 3 chữ số khác nhau được lập thành từ các chữ số của tập . Chọn ngẫu nhiên một số từ  ,tính xác suất để số được chọn có chữ số cuối gấp đôi chữ số đầu.","Cho tập hợp ; 1; 2; 3; 4; 5. Gọi  là tập hợp các số có 3 chữ số khác nhau được lập thành từ các chữ số của tập . Chọn ngẫu nhiên một số từ  ,tính xác suất để số được chọn có chữ số cuối gấp đôi chữ số đầu.",Trung bình,SINGLE_AGENT,16,8,8,0.22857142857142856,283,1080,0.20763022743947177,3.8162544169611308,6,22,28,0.21428571428571427,0.75,7,0.875,1,0,0,0,0,0,0,0,0,0,0,0,0,0,0,0,0,0,0.0,0,3.6666666666666665,0.27232142857142855
Single-Agent,SIM_BASE_Yếu_64,"Cho tập hợp ; 1; 2; 3; 4; 5. Gọi  là tập hợp các số có 3 chữ số khác nhau được lập thành từ các chữ số của tập . Chọn ngẫu nhiên một số từ  ,tính xác suất để số được chọn có chữ số cuối gấp đôi chữ số đầu.","Cho tập hợp ; 1; 2; 3; 4; 5. Gọi  là tập hợp các số có 3 chữ số khác nhau được lập thành từ các chữ số của tập . Chọn ngẫu nhiên một số từ  ,tính xác suất để số được chọn có chữ số cuối gấp đôi chữ số đầu.",Yếu,SINGLE_AGENT,16,8,8,0.5517241379310345,106,545,0.16282642089093702,5.1415094339622645,4,3,7,0.5714285714285714,0.5,7,0.875,0,0,0,0,0,0,0,0,0,0,0,0,0,0,0,0,0,0,0.0,0,0.75,0.6116071428571428
Single-Agent,SIM_BASE_Giỏi_65,"Cho tập hợp . Gọi  là tập hợp các số tự nhiên có 4 chữ số đôi một khác nhau được lập thành từ các chữ số của tập . Chọn ngẫu nhiên một số từ , tính xác suất để số được chọn mà trong mỗi số luôn luôn có mặt hai chữ số chẵn và hai chữ số lẻ.","Cho tập hợp . Gọi  là tập hợp các số tự nhiên có 4 chữ số đôi một khác nhau được lập thành từ các chữ số của tập . Chọn ngẫu nhiên một số từ , tính xác suất để số được chọn mà trong mỗi số luôn luôn có mặt hai chữ số chẵn và hai chữ số lẻ.",Giỏi,SINGLE_AGENT,16,8,8,0.5333333333333333,116,933,0.11058150619637751,8.043103448275861,8,24,32,0.25,1.0,5,0.625,0,0,0,0,0,0,0,0,0,0,0,0,0,0,0,0,0,0,0.0,0,3.0,0.46875
Single-Agent,SIM_BASE_Khá_66,"Cho tập hợp . Gọi  là tập hợp các số tự nhiên có 4 chữ số đôi một khác nhau được lập thành từ các chữ số của tập . Chọn ngẫu nhiên một số từ , tính xác suất để số được chọn mà trong mỗi số luôn luôn có mặt hai chữ số chẵn và hai chữ số lẻ.","Cho tập hợp . Gọi  là tập hợp các số tự nhiên có 4 chữ số đôi một khác nhau được lập thành từ các chữ số của tập . Chọn ngẫu nhiên một số từ , tính xác suất để số được chọn mà trong mỗi số luôn luôn có mặt hai chữ số chẵn và hai chữ số lẻ.",Khá,SINGLE_AGENT,16,8,8,0.4,129,669,0.16165413533834586,5.186046511627907,11,4,15,0.7333333333333333,1.375,5,0.625,0,0,0,0,0,0,0,0,0,0,0,0,0,0,0,0,0,0,0.0,0,0.36363636363636365,0.5895833333333333
Single-Agent,SIM_BASE_Trung bình_67,"Cho tập hợp . Gọi  là tập hợp các số tự nhiên có 4 chữ số đôi một khác nhau được lập thành từ các chữ số của tập . Chọn ngẫu nhiên một số từ , tính xác suất để số được chọn mà trong mỗi số luôn luôn có mặt hai chữ số chẵn và hai chữ số lẻ.","Cho tập hợp . Gọi  là tập hợp các số tự nhiên có 4 chữ số đôi một khác nhau được lập thành từ các chữ số của tập . Chọn ngẫu nhiên một số từ , tính xác suất để số được chọn mà trong mỗi số luôn luôn có mặt hai chữ số chẵn và hai chữ số lẻ.",Trung bình,SINGLE_AGENT,16,8,8,0.35555555555555557,89,784,0.10194730813287514,8.808988764044944,3,7,10,0.3,0.375,5,0.625,0,0,0,0,0,0,0,0,0,0,0,0,0,0,0,0,0,0,0.0,0,2.3333333333333335,0.48125
Single-Agent,SIM_BASE_Yếu_68,"Cho tập hợp . Gọi  là tập hợp các số tự nhiên có 4 chữ số đôi một khác nhau được lập thành từ các chữ số của tập . Chọn ngẫu nhiên một số từ , tính xác suất để số được chọn mà trong mỗi số luôn luôn có mặt hai chữ số chẵn và hai chữ số lẻ.","Cho tập hợp . Gọi  là tập hợp các số tự nhiên có 4 chữ số đôi một khác nhau được lập thành từ các chữ số của tập . Chọn ngẫu nhiên một số từ , tính xác suất để số được chọn mà trong mỗi số luôn luôn có mặt hai chữ số chẵn và hai chữ số lẻ.",Yếu,SINGLE_AGENT,16,8,8,0.5517241379310345,94,825,0.10228509249183895,8.77659574468085,2,0,2,1.0,0.25,4,0.5,0,0,0,0,0,0,0,0,0,0,0,0,0,0,0,0,0,0,0.0,0,0.0,0.625
Single-Agent,SIM_BASE_Giỏi_69,"Gọi  là tập hợp các số tự nhiên có 3 chữ số đôi một khác nhau được lập thành từ các chữ số 1; 2; 3; 4; 6 . Chọn ngẫu nhiên một số từ , tính xác xuất để số được chọn chia hết cho 3 .","Gọi  là tập hợp các số tự nhiên có 3 chữ số đôi một khác nhau được lập thành từ các chữ số 1; 2; 3; 4; 6 . Chọn ngẫu nhiên một số từ , tính xác xuất để số được chọn chia hết cho 3 .",Giỏi,SINGLE_AGENT,16,8,8,0.5333333333333333,233,456,0.3381712626995646,1.9570815450643777,0,0,0,0.0,0.0,3,0.375,0,0,0,0,0,0,0,0,0,0,0,0,0,0,0,0,0,0,0.0,0,0.0,0.34375
Single-Agent,SIM_BASE_Khá_70,"Gọi  là tập hợp các số tự nhiên có 3 chữ số đôi một khác nhau được lập thành từ các chữ số 1; 2; 3; 4; 6 . Chọn ngẫu nhiên một số từ , tính xác xuất để số được chọn chia hết cho 3 .","Gọi  là tập hợp các số tự nhiên có 3 chữ số đôi một khác nhau được lập thành từ các chữ số 1; 2; 3; 4; 6 . Chọn ngẫu nhiên một số từ , tính xác xuất để số được chọn chia hết cho 3 .",Khá,SINGLE_AGENT,16,8,8,0.3333333333333333,86,902,0.08704453441295547,10.488372093023257,3,3,6,0.5,0.375,5,0.625,0,0,0,0,0,0,0,0,0,0,0,0,0,0,0,0,0,0,0.0,0,1.0,0.53125
Single-Agent,SIM_BASE_Trung bình_71,"Gọi  là tập hợp các số tự nhiên có 3 chữ số đôi một khác nhau được lập thành từ các chữ số 1; 2; 3; 4; 6 . Chọn ngẫu nhiên một số từ , tính xác xuất để số được chọn chia hết cho 3 .","Gọi  là tập hợp các số tự nhiên có 3 chữ số đôi một khác nhau được lập thành từ các chữ số 1; 2; 3; 4; 6 . Chọn ngẫu nhiên một số từ , tính xác xuất để số được chọn chia hết cho 3 .",Trung bình,SINGLE_AGENT,16,8,8,0.3404255319148936,230,865,0.2100456621004566,3.760869565217391,3,0,3,1.0,0.375,8,1.0,0,0,0,0,0,0,0,0,0,0,0,0,0,0,0,0,0,0,0.0,0,0.0,0.75
Single-Agent,SIM_BASE_Yếu_72,"Gọi  là tập hợp các số tự nhiên có 3 chữ số đôi một khác nhau được lập thành từ các chữ số 1; 2; 3; 4; 6 . Chọn ngẫu nhiên một số từ , tính xác xuất để số được chọn chia hết cho 3 .","Gọi  là tập hợp các số tự nhiên có 3 chữ số đôi một khác nhau được lập thành từ các chữ số 1; 2; 3; 4; 6 . Chọn ngẫu nhiên một số từ , tính xác xuất để số được chọn chia hết cho 3 .",Yếu,SINGLE_AGENT,16,8,8,0.41025641025641024,85,766,0.099882491186839,9.011764705882353,3,12,15,0.2,0.375,5,0.625,0,0,0,0,0,0,0,0,0,0,0,0,0,0,0,0,0,0,0.0,0,4.0,0.45625
Single-Agent,SIM_BASE_Giỏi_73,"Cho tập hợp ; 2; 3; 4; 5. Gọi  là tập hợp tất cả các số tự nhiên có ít nhất 3 chữ số, các chữ số đôi một khác nhau được lập thành từ các chữ số thuộc tập  . Chọn ngẫu nhiên một số từ , tính xác xuất để số được chọn có tổng các chữ số bằng 10 .","Cho tập hợp ; 2; 3; 4; 5. Gọi  là tập hợp tất cả các số tự nhiên có ít nhất 3 chữ số, các chữ số đôi một khác nhau được lập thành từ các chữ số thuộc tập  . Chọn ngẫu nhiên một số từ , tính xác xuất để số được chọn có tổng các chữ số bằng 10 .",Giỏi,SINGLE_AGENT,16,8,8,0.2962962962962963,88,986,0.08193668528864059,11.204545454545455,3,8,11,0.2727272727272727,0.375,5,0.625,0,0,0,0,0,0,0,0,0,0,0,0,0,0,0,0,0,0,0.0,0,2.6666666666666665,0.4744318181818182
Single-Agent,SIM_BASE_Khá_74,"Cho tập hợp ; 2; 3; 4; 5. Gọi  là tập hợp tất cả các số tự nhiên có ít nhất 3 chữ số, các chữ số đôi một khác nhau được lập thành từ các chữ số thuộc tập  . Chọn ngẫu nhiên một số từ , tính xác xuất để số được chọn có tổng các chữ số bằng 10 .","Cho tập hợp ; 2; 3; 4; 5. Gọi  là tập hợp tất cả các số tự nhiên có ít nhất 3 chữ số, các chữ số đôi một khác nhau được lập thành từ các chữ số thuộc tập  . Chọn ngẫu nhiên một số từ , tính xác xuất để số được chọn có tổng các chữ số bằng 10 .",Khá,SINGLE_AGENT,16,8,8,0.25396825396825395,95,986,0.08788159111933395,10.378947368421052,3,20,23,0.13043478260869565,0.375,5,0.625,1,0,0,0,0,0,0,0,0,0,0,0,0,0,0,0,0,0,0.0,0,6.666666666666667,0.18885869565217392
Single-Agent,SIM_BASE_Trung bình_75,"Cho tập hợp ; 2; 3; 4; 5. Gọi  là tập hợp tất cả các số tự nhiên có ít nhất 3 chữ số, các chữ số đôi một khác nhau được lập thành từ các chữ số thuộc tập  . Chọn ngẫu nhiên một số từ , tính xác xuất để số được chọn có tổng các chữ số bằng 10 .","Cho tập hợp ; 2; 3; 4; 5. Gọi  là tập hợp tất cả các số tự nhiên có ít nhất 3 chữ số, các chữ số đôi một khác nhau được lập thành từ các chữ số thuộc tập  . Chọn ngẫu nhiên một số từ , tính xác xuất để số được chọn có tổng các chữ số bằng 10 .",Trung bình,SINGLE_AGENT,9,5,4,0.19148936170212766,288,684,0.2962962962962963,2.375,8,4,12,0.6666666666666666,2.0,4,1.0,0,0,0,0,0,0,0,0,0,0,0,0,0,0,0,0,0,0,0.0,0,0.5,0.6666666666666666
Single-Agent,SIM_BASE_Yếu_76,"Cho tập hợp ; 2; 3; 4; 5. Gọi  là tập hợp tất cả các số tự nhiên có ít nhất 3 chữ số, các chữ số đôi một khác nhau được lập thành từ các chữ số thuộc tập  . Chọn ngẫu nhiên một số từ , tính xác xuất để số được chọn có tổng các chữ số bằng 10 .","Cho tập hợp ; 2; 3; 4; 5. Gọi  là tập hợp tất cả các số tự nhiên có ít nhất 3 chữ số, các chữ số đôi một khác nhau được lập thành từ các chữ số thuộc tập  . Chọn ngẫu nhiên một số từ , tính xác xuất để số được chọn có tổng các chữ số bằng 10 .",Yếu,SINGLE_AGENT,16,8,8,0.18823529411764706,149,920,0.13938260056127222,6.174496644295302,5,4,9,0.5555555555555556,0.625,6,0.75,0,0,0,0,0,0,0,0,0,0,0,0,0,0,0,0,0,0,0.0,0,0.8,0.5763888888888888
Single-Agent,SIM_BASE_Giỏi_77,"Một hộp đựng 10 chiếc thẻ được đánh số từ  đến 9 . Lấy ngẫu nhiên ra 3 chiếc thẻ, tính xác suất để 3 chữ số trên 3 chiếc thẻ được lấy ra có thể ghép thành một số chia hết cho 5 .","Một hộp đựng 10 chiếc thẻ được đánh số từ  đến 9 . Lấy ngẫu nhiên ra 3 chiếc thẻ, tính xác suất để 3 chữ số trên 3 chiếc thẻ được lấy ra có thể ghép thành một số chia hết cho 5 .",Giỏi,SINGLE_AGENT,16,8,8,0.08695652173913043,266,1610,0.1417910447761194,6.052631578947368,12,64,76,0.15789473684210525,1.5,8,1.0,1,0,0,0,0,0,0,0,0,0,0,0,0,0,0,0,0,0,0.0,0,5.333333333333333,0.2894736842105263
Single-Agent,SIM_BASE_Khá_78,"Một hộp đựng 10 chiếc thẻ được đánh số từ  đến 9 . Lấy ngẫu nhiên ra 3 chiếc thẻ, tính xác suất để 3 chữ số trên 3 chiếc thẻ được lấy ra có thể ghép thành một số chia hết cho 5 .","Một hộp đựng 10 chiếc thẻ được đánh số từ  đến 9 . Lấy ngẫu nhiên ra 3 chiếc thẻ, tính xác suất để 3 chữ số trên 3 chiếc thẻ được lấy ra có thể ghép thành một số chia hết cho 5 .",Khá,SINGLE_AGENT,16,8,8,0.3333333333333333,94,757,0.11045828437132785,8.053191489361701,4,6,10,0.4,0.5,6,0.75,0,0,0,0,0,0,0,0,0,0,0,0,0,0,0,0,0,0,0.0,0,1.5,0.5375
Single-Agent,SIM_BASE_Trung bình_79,"Một hộp đựng 10 chiếc thẻ được đánh số từ  đến 9 . Lấy ngẫu nhiên ra 3 chiếc thẻ, tính xác suất để 3 chữ số trên 3 chiếc thẻ được lấy ra có thể ghép thành một số chia hết cho 5 .","Một hộp đựng 10 chiếc thẻ được đánh số từ  đến 9 . Lấy ngẫu nhiên ra 3 chiếc thẻ, tính xác suất để 3 chữ số trên 3 chiếc thẻ được lấy ra có thể ghép thành một số chia hết cho 5 .",Trung bình,SINGLE_AGENT,16,8,8,0.25396825396825395,95,1532,0.05838967424708052,16.126315789473683,10,32,42,0.23809523809523808,1.25,8,1.0,1,0,0,0,0,0,0,0,0,0,0,0,0,0,0,0,0,0,0.0,0,3.2,0.30952380952380953
Single-Agent,SIM_BASE_Yếu_80,"Một hộp đựng 10 chiếc thẻ được đánh số từ  đến 9 . Lấy ngẫu nhiên ra 3 chiếc thẻ, tính xác suất để 3 chữ số trên 3 chiếc thẻ được lấy ra có thể ghép thành một số chia hết cho 5 .","Một hộp đựng 10 chiếc thẻ được đánh số từ  đến 9 . Lấy ngẫu nhiên ra 3 chiếc thẻ, tính xác suất để 3 chữ số trên 3 chiếc thẻ được lấy ra có thể ghép thành một số chia hết cho 5 .",Yếu,SINGLE_AGENT,16,8,8,0.3404255319148936,150,810,0.15625,5.4,7,23,30,0.23333333333333334,0.875,6,0.75,0,0,0,0,0,0,0,0,0,0,0,0,0,0,0,0,0,0,0.0,0,3.2857142857142856,0.49583333333333335
Single-Agent,SIM_BASE_Giỏi_81,"Có 20 tấm thẻ được đánh số từ 1 đến 20 . Chọn ngẫu nhiên ra 8 tấm thẻ, tính xác suất để có 3 tấm thẻ mang số lẻ, 5 tấm thẻ mang số chẵn trong đó chỉ có đúng 1 tấm thẻ mang số chia hết cho 10 .","Có 20 tấm thẻ được đánh số từ 1 đến 20 . Chọn ngẫu nhiên ra 8 tấm thẻ, tính xác suất để có 3 tấm thẻ mang số lẻ, 5 tấm thẻ mang số chẵn trong đó chỉ có đúng 1 tấm thẻ mang số chia hết cho 10 .",Giỏi,SINGLE_AGENT,7,4,3,0.0958904109589041,220,847,0.20618556701030927,3.85,2,35,37,0.05405405405405406,0.6666666666666666,3,1.0,1,0,0,0,0,0,0,0,0,0,0,0,0,0,0,0,0,0,0.0,0,17.5,0.2635135135135135
Single-Agent,SIM_BASE_Khá_82,"Có 20 tấm thẻ được đánh số từ 1 đến 20 . Chọn ngẫu nhiên ra 8 tấm thẻ, tính xác suất để có 3 tấm thẻ mang số lẻ, 5 tấm thẻ mang số chẵn trong đó chỉ có đúng 1 tấm thẻ mang số chia hết cho 10 .","Có 20 tấm thẻ được đánh số từ 1 đến 20 . Chọn ngẫu nhiên ra 8 tấm thẻ, tính xác suất để có 3 tấm thẻ mang số lẻ, 5 tấm thẻ mang số chẵn trong đó chỉ có đúng 1 tấm thẻ mang số chia hết cho 10 .",Khá,SINGLE_AGENT,9,5,4,0.2647058823529412,45,432,0.09433962264150944,9.6,1,12,13,0.07692307692307693,0.25,2,0.5,1,0,0,0,0,0,0,0,0,0,0,0,0,0,0,0,0,0,0.0,0,12.0,0.14423076923076922
Single-Agent,SIM_BASE_Trung bình_83,"Có 20 tấm thẻ được đánh số từ 1 đến 20 . Chọn ngẫu nhiên ra 8 tấm thẻ, tính xác suất để có 3 tấm thẻ mang số lẻ, 5 tấm thẻ mang số chẵn trong đó chỉ có đúng 1 tấm thẻ mang số chia hết cho 10 .","Có 20 tấm thẻ được đánh số từ 1 đến 20 . Chọn ngẫu nhiên ra 8 tấm thẻ, tính xác suất để có 3 tấm thẻ mang số lẻ, 5 tấm thẻ mang số chẵn trong đó chỉ có đúng 1 tấm thẻ mang số chia hết cho 10 .",Trung bình,SINGLE_AGENT,15,8,7,0.21428571428571427,135,985,0.12053571428571429,7.296296296296297,5,33,38,0.13157894736842105,0.7142857142857143,6,0.8571428571428571,1,0,0,0,0,0,0,0,0,0,0,0,0,0,0,0,0,0,0.0,0,6.6,0.24718045112781953
Single-Agent,SIM_BASE_Yếu_84,"Có 20 tấm thẻ được đánh số từ 1 đến 20 . Chọn ngẫu nhiên ra 8 tấm thẻ, tính xác suất để có 3 tấm thẻ mang số lẻ, 5 tấm thẻ mang số chẵn trong đó chỉ có đúng 1 tấm thẻ mang số chia hết cho 10 .","Có 20 tấm thẻ được đánh số từ 1 đến 20 . Chọn ngẫu nhiên ra 8 tấm thẻ, tính xác suất để có 3 tấm thẻ mang số lẻ, 5 tấm thẻ mang số chẵn trong đó chỉ có đúng 1 tấm thẻ mang số chia hết cho 10 .",Yếu,SINGLE_AGENT,5,3,2,0.14705882352941177,242,377,0.39095315024232635,1.5578512396694215,11,24,35,0.3142857142857143,5.5,1,0.5,1,0,0,0,0,0,0,0,0,0,0,0,0,0,0,0,0,0,0.0,0,2.1818181818181817,0.20357142857142857
Single-Agent,SIM_BASE_Giỏi_85,Gọi  là tập hợp các số tự nhiên có hai chữ số. Chọn ngẫu nhiên đồng thời hai số từ tập hợp . Tính xác suất để hai số được chọn có chữ số hàng đơn vị giống nhau.,Gọi  là tập hợp các số tự nhiên có hai chữ số. Chọn ngẫu nhiên đồng thời hai số từ tập hợp . Tính xác suất để hai số được chọn có chữ số hàng đơn vị giống nhau.,Giỏi,SINGLE_AGENT,13,7,6,0.22413793103448276,355,928,0.2766952455183164,2.6140845070422536,16,26,42,0.38095238095238093,2.6666666666666665,4,0.6666666666666666,1,0,0,0,0,0,0,0,0,0,0,0,0,0,0,0,0,0,0.0,0,1.625,0.26190476190476186
Single-Agent,SIM_BASE_Khá_86,Gọi  là tập hợp các số tự nhiên có hai chữ số. Chọn ngẫu nhiên đồng thời hai số từ tập hợp . Tính xác suất để hai số được chọn có chữ số hàng đơn vị giống nhau.,Gọi  là tập hợp các số tự nhiên có hai chữ số. Chọn ngẫu nhiên đồng thời hai số từ tập hợp . Tính xác suất để hai số được chọn có chữ số hàng đơn vị giống nhau.,Khá,SINGLE_AGENT,16,8,8,0.4,137,688,0.16606060606060605,5.021897810218978,4,5,9,0.4444444444444444,0.5,5,0.625,1,0,0,0,0,0,0,0,0,0,0,0,0,0,0,0,0,0,0.0,0,1.25,0.2673611111111111
Single-Agent,SIM_BASE_Trung bình_87,Gọi  là tập hợp các số tự nhiên có hai chữ số. Chọn ngẫu nhiên đồng thời hai số từ tập hợp . Tính xác suất để hai số được chọn có chữ số hàng đơn vị giống nhau.,Gọi  là tập hợp các số tự nhiên có hai chữ số. Chọn ngẫu nhiên đồng thời hai số từ tập hợp . Tính xác suất để hai số được chọn có chữ số hàng đơn vị giống nhau.,Trung bình,SINGLE_AGENT,16,8,8,0.32653061224489793,173,780,0.18153200419727178,4.508670520231214,5,3,8,0.625,0.625,6,0.75,0,0,0,0,0,0,0,0,0,0,0,0,0,0,0,0,0,0,0.0,0,0.6,0.59375
Single-Agent,SIM_BASE_Yếu_88,Gọi  là tập hợp các số tự nhiên có hai chữ số. Chọn ngẫu nhiên đồng thời hai số từ tập hợp . Tính xác suất để hai số được chọn có chữ số hàng đơn vị giống nhau.,Gọi  là tập hợp các số tự nhiên có hai chữ số. Chọn ngẫu nhiên đồng thời hai số từ tập hợp . Tính xác suất để hai số được chọn có chữ số hàng đơn vị giống nhau.,Yếu,SINGLE_AGENT,16,8,8,0.26229508196721313,90,804,0.10067114093959731,8.933333333333334,4,14,18,0.2222222222222222,0.5,5,0.625,0,0,0,0,0,0,0,0,0,0,0,0,0,0,0,0,0,0,0.0,0,3.5,0.4618055555555556
Single-Agent,SIM_BASE_Giỏi_89,"Gọi  là tập hợp các số tự nhiên gồm 9 chữ số khác nhau. Chọn ngẫu nhiên một số từ, tính xác suất để chọn được một số gồm 4 chữ số lẻ và chữ số  luôn đứng giữa hai chữ số lẻ (hai số hai bên chữ số  là số lẻ).","Gọi  là tập hợp các số tự nhiên gồm 9 chữ số khác nhau. Chọn ngẫu nhiên một số từ, tính xác suất để chọn được một số gồm 4 chữ số lẻ và chữ số  luôn đứng giữa hai chữ số lẻ (hai số hai bên chữ số  là số lẻ).",Giỏi,SINGLE_AGENT,16,8,8,0.19753086419753085,146,890,0.14092664092664092,6.095890410958904,10,27,37,0.2702702702702703,1.25,7,0.875,0,0,0,0,0,0,0,0,0,0,0,0,0,0,0,0,0,0,0.0,0,2.7,0.5363175675675675
Single-Agent,SIM_BASE_Khá_90,"Gọi  là tập hợp các số tự nhiên gồm 9 chữ số khác nhau. Chọn ngẫu nhiên một số từ, tính xác suất để chọn được một số gồm 4 chữ số lẻ và chữ số  luôn đứng giữa hai chữ số lẻ (hai số hai bên chữ số  là số lẻ).","Gọi  là tập hợp các số tự nhiên gồm 9 chữ số khác nhau. Chọn ngẫu nhiên một số từ, tính xác suất để chọn được một số gồm 4 chữ số lẻ và chữ số  luôn đứng giữa hai chữ số lẻ (hai số hai bên chữ số  là số lẻ).",Khá,SINGLE_AGENT,16,8,8,0.2909090909090909,88,1077,0.07553648068669527,12.238636363636363,3,16,19,0.15789473684210525,0.375,5,0.625,0,0,0,0,0,0,0,0,0,0,0,0,0,0,0,0,0,0,0.0,0,5.333333333333333,0.4457236842105263
Single-Agent,SIM_BASE_Trung bình_91,"Gọi  là tập hợp các số tự nhiên gồm 9 chữ số khác nhau. Chọn ngẫu nhiên một số từ, tính xác suất để chọn được một số gồm 4 chữ số lẻ và chữ số  luôn đứng giữa hai chữ số lẻ (hai số hai bên chữ số  là số lẻ).","Gọi  là tập hợp các số tự nhiên gồm 9 chữ số khác nhau. Chọn ngẫu nhiên một số từ, tính xác suất để chọn được một số gồm 4 chữ số lẻ và chữ số  luôn đứng giữa hai chữ số lẻ (hai số hai bên chữ số  là số lẻ).",Trung bình,SINGLE_AGENT,16,8,8,0.35555555555555557,88,932,0.08627450980392157,10.590909090909092,3,13,16,0.1875,0.375,5,0.625,0,0,0,0,0,0,0,0,0,0,0,0,0,0,0,0,0,0,0.0,0,4.333333333333333,0.453125
Single-Agent,SIM_BASE_Yếu_92,"Gọi  là tập hợp các số tự nhiên gồm 9 chữ số khác nhau. Chọn ngẫu nhiên một số từ, tính xác suất để chọn được một số gồm 4 chữ số lẻ và chữ số  luôn đứng giữa hai chữ số lẻ (hai số hai bên chữ số  là số lẻ).","Gọi  là tập hợp các số tự nhiên gồm 9 chữ số khác nhau. Chọn ngẫu nhiên một số từ, tính xác suất để chọn được một số gồm 4 chữ số lẻ và chữ số  luôn đứng giữa hai chữ số lẻ (hai số hai bên chữ số  là số lẻ).",Yếu,SINGLE_AGENT,16,8,8,0.11347517730496454,372,1229,0.23235477826358525,3.303763440860215,9,43,52,0.17307692307692307,1.125,6,0.75,1,0,0,0,0,0,0,0,0,0,0,0,0,0,0,0,0,0,0.0,0,4.777777777777778,0.23076923076923078
Single-Agent,SIM_BASE_Giỏi_93,"Giải bóng chuyền VTV Cup gồm 9 đội bóng tham dự, trong đó có 6 đội nước ngoài và 3 đội của Việt Nam. Ban tổ chức cho bốc thăm ngẫu nhiên để chia thành 3 bảng  và mỗi bảng có 3đội. Tính xác suất để 3 đội bóng của Việt Nam ở 3 bảng khác nhau.","Giải bóng chuyền VTV Cup gồm 9 đội bóng tham dự, trong đó có 6 đội nước ngoài và 3 đội của Việt Nam. Ban tổ chức cho bốc thăm ngẫu nhiên để chia thành 3 bảng  và mỗi bảng có 3đội. Tính xác suất để 3 đội bóng của Việt Nam ở 3 bảng khác nhau.",Giỏi,SINGLE_AGENT,15,8,7,0.17045454545454544,115,967,0.10628465804066543,8.408695652173913,3,45,48,0.0625,0.42857142857142855,6,0.8571428571428571,1,0,0,0,0,0,0,0,0,0,0,0,0,0,0,0,0,0,0.0,0,15.0,0.22991071428571427
Single-Agent,SIM_BASE_Khá_94,"Giải bóng chuyền VTV Cup gồm 9 đội bóng tham dự, trong đó có 6 đội nước ngoài và 3 đội của Việt Nam. Ban tổ chức cho bốc thăm ngẫu nhiên để chia thành 3 bảng  và mỗi bảng có 3đội. Tính xác suất để 3 đội bóng của Việt Nam ở 3 bảng khác nhau.","Giải bóng chuyền VTV Cup gồm 9 đội bóng tham dự, trong đó có 6 đội nước ngoài và 3 đội của Việt Nam. Ban tổ chức cho bốc thăm ngẫu nhiên để chia thành 3 bảng  và mỗi bảng có 3đội. Tính xác suất để 3 đội bóng của Việt Nam ở 3 bảng khác nhau.",Khá,SINGLE_AGENT,16,8,8,0.64,95,507,0.15780730897009967,5.336842105263158,3,0,3,1.0,0.375,5,0.625,0,0,0,0,0,0,0,0,0,0,0,0,0,0,0,0,0,0,0.0,0,0.0,0.65625
Single-Agent,SIM_BASE_Trung bình_95,"Giải bóng chuyền VTV Cup gồm 9 đội bóng tham dự, trong đó có 6 đội nước ngoài và 3 đội của Việt Nam. Ban tổ chức cho bốc thăm ngẫu nhiên để chia thành 3 bảng  và mỗi bảng có 3đội. Tính xác suất để 3 đội bóng của Việt Nam ở 3 bảng khác nhau.","Giải bóng chuyền VTV Cup gồm 9 đội bóng tham dự, trong đó có 6 đội nước ngoài và 3 đội của Việt Nam. Ban tổ chức cho bốc thăm ngẫu nhiên để chia thành 3 bảng  và mỗi bảng có 3đội. Tính xác suất để 3 đội bóng của Việt Nam ở 3 bảng khác nhau.",Trung bình,SINGLE_AGENT,16,8,8,0.3018867924528302,240,487,0.33012379642365886,2.029166666666667,10,11,21,0.47619047619047616,1.25,3,0.375,1,0,0,0,0,0,0,0,0,0,0,0,0,0,0,0,0,0,0.0,0,1.1,0.21279761904761904
Single-Agent,SIM_BASE_Yếu_96,"Giải bóng chuyền VTV Cup gồm 9 đội bóng tham dự, trong đó có 6 đội nước ngoài và 3 đội của Việt Nam. Ban tổ chức cho bốc thăm ngẫu nhiên để chia thành 3 bảng  và mỗi bảng có 3đội. Tính xác suất để 3 đội bóng của Việt Nam ở 3 bảng khác nhau.","Giải bóng chuyền VTV Cup gồm 9 đội bóng tham dự, trong đó có 6 đội nước ngoài và 3 đội của Việt Nam. Ban tổ chức cho bốc thăm ngẫu nhiên để chia thành 3 bảng  và mỗi bảng có 3đội. Tính xác suất để 3 đội bóng của Việt Nam ở 3 bảng khác nhau.",Yếu,SINGLE_AGENT,13,7,6,0.29545454545454547,198,717,0.21639344262295082,3.621212121212121,6,8,14,0.42857142857142855,1.0,5,0.8333333333333334,0,0,0,0,0,0,0,0,0,0,0,0,0,0,0,0,0,0,0.0,0,1.3333333333333333,0.5654761904761905
Single-Agent,SIM_BASE_Giỏi_97,"Trong giải cầu lông kỷ niệm ngày truyền thống học sinh sinh viên có 8 người tham gia trong đó có hai bạn Việt và Nam. Các vận động viên được chia làm hai bảng  và , mỗi bảng gồm 4 người. Giả sử việc chia bảng thực hiện bằng cách bốc thăm ngẫu nhiên, tính xác suất để cả 2 bạn Việt và Nam nằm chung 1 bảng đấu.","Trong giải cầu lông kỷ niệm ngày truyền thống học sinh sinh viên có 8 người tham gia trong đó có hai bạn Việt và Nam. Các vận động viên được chia làm hai bảng  và , mỗi bảng gồm 4 người. Giả sử việc chia bảng thực hiện bằng cách bốc thăm ngẫu nhiên, tính xác suất để cả 2 bạn Việt và Nam nằm chung 1 bảng đấu.",Giỏi,SINGLE_AGENT,16,8,8,0.45714285714285713,165,825,0.16666666666666666,5.0,8,1,9,0.8888888888888888,1.0,5,0.625,0,0,0,0,0,0,0,0,0,0,0,0,0,0,0,0,0,0,0.0,0,0.125,0.6284722222222222
Single-Agent,SIM_BASE_Khá_98,"Trong giải cầu lông kỷ niệm ngày truyền thống học sinh sinh viên có 8 người tham gia trong đó có hai bạn Việt và Nam. Các vận động viên được chia làm hai bảng  và , mỗi bảng gồm 4 người. Giả sử việc chia bảng thực hiện bằng cách bốc thăm ngẫu nhiên, tính xác suất để cả 2 bạn Việt và Nam nằm chung 1 bảng đấu.","Trong giải cầu lông kỷ niệm ngày truyền thống học sinh sinh viên có 8 người tham gia trong đó có hai bạn Việt và Nam. Các vận động viên được chia làm hai bảng  và , mỗi bảng gồm 4 người. Giả sử việc chia bảng thực hiện bằng cách bốc thăm ngẫu nhiên, tính xác suất để cả 2 bạn Việt và Nam nằm chung 1 bảng đấu.",Khá,SINGLE_AGENT,16,8,8,0.24615384615384617,89,902,0.08980827447023208,10.134831460674157,3,31,34,0.08823529411764706,0.375,6,0.75,1,0,0,0,0,0,0,0,0,0,0,0,0,0,0,0,0,0,0.0,0,10.333333333333334,0.20955882352941177
Single-Agent,SIM_BASE_Trung bình_99,"Trong giải cầu lông kỷ niệm ngày truyền thống học sinh sinh viên có 8 người tham gia trong đó có hai bạn Việt và Nam. Các vận động viên được chia làm hai bảng  và , mỗi bảng gồm 4 người. Giả sử việc chia bảng thực hiện bằng cách bốc thăm ngẫu nhiên, tính xác suất để cả 2 bạn Việt và Nam nằm chung 1 bảng đấu.","Trong giải cầu lông kỷ niệm ngày truyền thống học sinh sinh viên có 8 người tham gia trong đó có hai bạn Việt và Nam. Các vận động viên được chia làm hai bảng  và , mỗi bảng gồm 4 người. Giả sử việc chia bảng thực hiện bằng cách bốc thăm ngẫu nhiên, tính xác suất để cả 2 bạn Việt và Nam nằm chung 1 bảng đấu.",Trung bình,SINGLE_AGENT,16,8,8,0.21333333333333335,177,937,0.15888689407540396,5.293785310734464,8,28,36,0.2222222222222222,1.0,6,0.75,0,0,0,0,0,0,0,0,0,0,0,0,0,0,0,0,0,0,0.0,0,3.5,0.4930555555555556
Single-Agent,SIM_BASE_Yếu_100,"Trong giải cầu lông kỷ niệm ngày truyền thống học sinh sinh viên có 8 người tham gia trong đó có hai bạn Việt và Nam. Các vận động viên được chia làm hai bảng  và , mỗi bảng gồm 4 người. Giả sử việc chia bảng thực hiện bằng cách bốc thăm ngẫu nhiên, tính xác suất để cả 2 bạn Việt và Nam nằm chung 1 bảng đấu.","Trong giải cầu lông kỷ niệm ngày truyền thống học sinh sinh viên có 8 người tham gia trong đó có hai bạn Việt và Nam. Các vận động viên được chia làm hai bảng  và , mỗi bảng gồm 4 người. Giả sử việc chia bảng thực hiện bằng cách bốc thăm ngẫu nhiên, tính xác suất để cả 2 bạn Việt và Nam nằm chung 1 bảng đấu.",Yếu,SINGLE_AGENT,16,8,8,0.2711864406779661,215,864,0.19925857275254866,4.018604651162791,9,21,30,0.3,1.125,4,0.5,0,0,0,0,0,0,0,0,0,0,0,0,0,0,0,0,0,0,0.0,0,2.3333333333333335,0.45
Cross-Model Phi-3,SIM_PHI3_Khá_1,Gieo một đồng tiền cân đối và đồng chất bốn lần. Xác suất để cả bốn lần xuất hiện mặt sấp là?,Gieo một đồng tiền cân đối và đồng chất bốn lần. Xác suất để cả bốn lần xuất hiện mặt sấp là?,Khá,G-G-G-G-G-G-G-G,9,8,1,0.16071428571428573,3,563,0.00530035335689046,187.66666666666666,0,1,1,0.0,0.0,0,0.0,0,0,0,0,0,1,0,0,0,0,0,1,1,0,8,8,0,0,-0.0,0,1.0,0.5
Cross-Model Phi-3,SIM_PHI3_Trung bình_2,Gieo một đồng tiền cân đối và đồng chất bốn lần. Xác suất để cả bốn lần xuất hiện mặt sấp là?,Gieo một đồng tiền cân đối và đồng chất bốn lần. Xác suất để cả bốn lần xuất hiện mặt sấp là?,Trung bình,G-G-G-G-G-G-G-G,8,8,0,0.14285714285714285,0,665,0.0,665.0,0,1,1,0.0,0.0,0,0.0,0,0,0,0,0,1,0,0,0,0,0,1,1,0,8,8,0,0,-0.0,0,1.0,0.5
Cross-Model Phi-3,SIM_PHI3_Khá_3,Gieo một con súc sắc hai lần. Xác suất để ít nhất một lần xuất hiện mặt sáu chấm là?,Gieo một con súc sắc hai lần. Xác suất để ít nhất một lần xuất hiện mặt sáu chấm là?,Khá,G-G-P1-P2-P3-P4-P5-P6,19,11,8,0.1111111111111111,1660,1414,0.5400130123617437,0.8518072289156626,30,30,60,0.5,3.75,7,0.875,0,1,0,0,0,1,0,0,0,0,0,1,0,1,6,2,6,0,0.5118595071429148,0,1.0,0.84375
Cross-Model Phi-3,SIM_PHI3_Trung bình_4,Gieo một con súc sắc hai lần. Xác suất để ít nhất một lần xuất hiện mặt sáu chấm là?,Gieo một con súc sắc hai lần. Xác suất để ít nhất một lần xuất hiện mặt sáu chấm là?,Trung bình,G-P1-P2-G-G-G-P3-P4,66,13,53,0.15789473684210525,10554,1025,0.9114776751014768,0.09711957551639189,45,6,51,0.8823529411764706,0.8490566037735849,51,0.9622641509433962,1,0,0,0,0,1,0,0,0,0,0,0,1,1,3,4,4,0,0.6309297535714575,0,0.13333333333333333,0.7111542730299667
Cross-Model Phi-3,SIM_PHI3_Khá_5,Gieo một con xúc xắc cân đối đồng chất 2 lần. Tính xác suất để biến cố có tổng hai mặt bằng 8.,Gieo một con xúc xắc cân đối đồng chất 2 lần. Tính xác suất để biến cố có tổng hai mặt bằng 8.,Khá,G-P1-P2-G-G-P3-P4-P5,85,46,39,0.20884520884520885,4616,1560,0.7474093264248705,0.3379549393414211,24,9,33,0.7272727272727273,0.6153846153846154,19,0.48717948717948717,0,1,0,0,0,1,0,0,0,0,0,0,0,1,3,3,5,0,0.6021808102656679,0,0.375,0.8036130536130537
Cross-Model Phi-3,SIM_PHI3_Trung bình_6,Gieo một con xúc xắc cân đối đồng chất 2 lần. Tính xác suất để biến cố có tổng hai mặt bằng 8.,Gieo một con xúc xắc cân đối đồng chất 2 lần. Tính xác suất để biến cố có tổng hai mặt bằng 8.,Trung bình,G-G-P1-P2-P3-P4-P5-P6,16,8,8,0.06639004149377593,1475,954,0.6072457801564429,0.6467796610169492,1,0,1,1.0,0.125,3,0.375,0,0,0,0,0,1,0,0,0,0,0,1,0,1,6,2,6,0,0.5118595071429148,0,0.0,0.84375
Cross-Model Phi-3,SIM_PHI3_Khá_7,"Gieo một con xúc xắc cân đối đồng chất 2 lần, tính xác suất để biến cố có tích 2 lần số chấm khi gieo xúc xắc là một số chẵn.","Gieo một con xúc xắc cân đối đồng chất 2 lần, tính xác suất để biến cố có tích 2 lần số chấm khi gieo xúc xắc là một số chẵn.",Khá,G-G-P1-P2-P3-P4-P5-P6,19,8,11,0.07307692307692308,1217,1761,0.4086635325721961,1.4470008216926868,3,20,23,0.13043478260869565,0.2727272727272727,7,0.6363636363636364,1,0,0,0,0,1,0,0,0,0,0,1,0,1,6,2,6,0,0.5118595071429148,0,6.666666666666667,0.441699604743083
Cross-Model Phi-3,SIM_PHI3_Trung bình_8,"Gieo một con xúc xắc cân đối đồng chất 2 lần, tính xác suất để biến cố có tích 2 lần số chấm khi gieo xúc xắc là một số chẵn.","Gieo một con xúc xắc cân đối đồng chất 2 lần, tính xác suất để biến cố có tích 2 lần số chấm khi gieo xúc xắc là một số chẵn.",Trung bình,G-P1-P2-P3-P4-P5-P6-G,16,8,8,0.030418250950570342,1273,2553,0.332723470987977,2.0054988216810683,3,42,45,0.06666666666666667,0.375,4,0.5,1,0,0,0,0,1,0,0,0,0,0,1,0,1,6,2,6,0,0.5118595071429148,0,14.0,0.39166666666666666
Cross-Model Phi-3,SIM_PHI3_Khá_9,Gieo ba con súc sắc. Xác suất để số chấm xuất hiện trên ba con súc sắc như nhau là?,Gieo ba con súc sắc. Xác suất để số chấm xuất hiện trên ba con súc sắc như nhau là?,Khá,G-G-G-P1-P2-P3-P4-P5,16,8,8,0.04395604395604396,1787,1285,0.5817057291666666,0.719082260772244,4,6,10,0.4,0.5,3,0.375,0,1,0,0,0,1,0,0,0,0,0,1,0,1,5,3,5,0,0.6021808102656679,0,1.5,0.69375
Cross-Model Phi-3,SIM_PHI3_Trung bình_10,Gieo ba con súc sắc. Xác suất để số chấm xuất hiện trên ba con súc sắc như nhau là?,Gieo ba con súc sắc. Xác suất để số chấm xuất hiện trên ba con súc sắc như nhau là?,Trung bình,G-P1-P2-P3-G-P4-P5-P6,16,8,8,0.05860805860805861,1265,1071,0.5415239726027398,0.8466403162055336,4,0,4,1.0,0.5,4,0.5,0,0,0,0,0,1,0,0,0,0,0,0,0,1,3,2,6,0,0.5118595071429148,0,0.0,0.875
Cross-Model Phi-3,SIM_PHI3_Khá_11,"Một đội gồm 5 nam và 8 nữ. Lập một nhóm gồm 4 người hát tốp ca, tính xác suất để trong 4 người được chọn có ít nhất 3 nữ.","Một đội gồm 5 nam và 8 nữ. Lập một nhóm gồm 4 người hát tốp ca, tính xác suất để trong 4 người được chọn có ít nhất 3 nữ.",Khá,G-G-G-G-G-P1-P2-P3,17,8,9,0.05647840531561462,1022,1448,0.4137651821862348,1.4168297455968688,3,52,55,0.05454545454545454,0.3333333333333333,5,0.5555555555555556,1,0,0,0,0,1,0,0,0,0,0,1,1,0,5,5,3,0,0.6021808102656679,0,17.333333333333332,0.4025252525252525
Cross-Model Phi-3,SIM_PHI3_Trung bình_12,"Một đội gồm 5 nam và 8 nữ. Lập một nhóm gồm 4 người hát tốp ca, tính xác suất để trong 4 người được chọn có ít nhất 3 nữ.","Một đội gồm 5 nam và 8 nữ. Lập một nhóm gồm 4 người hát tốp ca, tính xác suất để trong 4 người được chọn có ít nhất 3 nữ.",Trung bình,G-G-P1-P2-P3-P4-P5-P6,17,8,9,0.07296137339055794,878,963,0.47691472026072784,1.0968109339407746,3,46,49,0.061224489795918366,0.3333333333333333,3,0.3333333333333333,1,1,0,0,0,1,0,0,0,0,0,1,0,1,6,2,6,0,0.5118595071429148,0,15.333333333333334,0.3486394557823129
Cross-Model Phi-3,SIM_PHI3_Khá_13,"Một hộp có 5 viên bi xanh, 6 viên bi đỏ và 7 viên bi vàng. Chọn ngẫu nhiên 5 viên bi trong hộp, tính xác suất để 5 viên bi được chọn có đủ màu và số bi đỏ bằng số bi vàng.","Một hộp có 5 viên bi xanh, 6 viên bi đỏ và 7 viên bi vàng. Chọn ngẫu nhiên 5 viên bi trong hộp, tính xác suất để 5 viên bi được chọn có đủ màu và số bi đỏ bằng số bi vàng.",Khá,G-P1-P2-G-P3-P4-P5-P6,112,59,53,0.2986666666666667,974,2807,0.2576038085162655,2.8819301848049284,56,40,96,0.5833333333333334,1.0566037735849056,40,0.7547169811320755,0,0,0,0,0,1,0,0,0,0,0,1,0,1,4,2,6,0,0.5118595071429148,0,0.7142857142857143,0.8345125786163522
Cross-Model Phi-3,SIM_PHI3_Trung bình_14,"Một hộp có 5 viên bi xanh, 6 viên bi đỏ và 7 viên bi vàng. Chọn ngẫu nhiên 5 viên bi trong hộp, tính xác suất để 5 viên bi được chọn có đủ màu và số bi đỏ bằng số bi vàng.","Một hộp có 5 viên bi xanh, 6 viên bi đỏ và 7 viên bi vàng. Chọn ngẫu nhiên 5 viên bi trong hộp, tính xác suất để 5 viên bi được chọn có đủ màu và số bi đỏ bằng số bi vàng.",Trung bình,G-G-P1-P2-P3-P4-G-P5,77,36,41,0.2047872340425532,2161,1288,0.6265584227312264,0.5960203609440075,105,10,115,0.9130434782608695,2.5609756097560976,31,0.7560975609756098,0,0,0,0,0,1,0,0,0,0,0,1,0,1,4,3,5,0,0.6021808102656679,0,0.09523809523809523,0.9172852598091198
Cross-Model Phi-3,SIM_PHI3_Khá_15,"Một hộp có 5 viên bi đỏ, 3 viên bi vàng và 4 viên bi xanh. Chọn ngẫu nhiên từ hộp 4 viên bị, tính xác suất để 4 viên bi được chọn có số bi đỏ lớn hơn số bi vàng và nhất thiết phải có mặt bi xanh.","Một hộp có 5 viên bi đỏ, 3 viên bi vàng và 4 viên bi xanh. Chọn ngẫu nhiên từ hộp 4 viên bị, tính xác suất để 4 viên bi được chọn có số bi đỏ lớn hơn số bi vàng và nhất thiết phải có mặt bi xanh.",Khá,G-P1-P2-G-P3-P4-P5-P6,20,10,10,0.05089058524173028,1338,2568,0.3425499231950845,1.9192825112107623,4,132,136,0.029411764705882353,0.4,7,0.7,0,0,0,0,0,1,0,0,0,0,0,1,0,1,4,2,6,0,0.5118595071429148,0,33.0,0.6823529411764706
Cross-Model Phi-3,SIM_PHI3_Trung bình_16,"Một hộp có 5 viên bi đỏ, 3 viên bi vàng và 4 viên bi xanh. Chọn ngẫu nhiên từ hộp 4 viên bị, tính xác suất để 4 viên bi được chọn có số bi đỏ lớn hơn số bi vàng và nhất thiết phải có mặt bi xanh.","Một hộp có 5 viên bi đỏ, 3 viên bi vàng và 4 viên bi xanh. Chọn ngẫu nhiên từ hộp 4 viên bị, tính xác suất để 4 viên bi được chọn có số bi đỏ lớn hơn số bi vàng và nhất thiết phải có mặt bi xanh.",Trung bình,G-G-G-G-G-G-G-G,17,8,9,0.085,989,815,0.5482261640798226,0.8240647118301314,3,0,3,1.0,0.3333333333333333,3,0.3333333333333333,0,1,0,0,0,1,0,0,0,0,0,1,1,0,8,8,0,0,-0.0,0,0.0,0.8333333333333333
Cross-Model Phi-3,SIM_PHI3_Khá_17,"Có 3 bó hoa. Bó thứ nhất có 8 hoa hồng, bó thứ hai có 7 bông hoa ly, bó thứ ba có 6 bông hoa huệ. Chọn ngẫu nhiên 7 hoa từ ba bó hoa trên để cắm vào lọ hoa, tính xác suất để trong 7 hoa được chọn có số hoa hồng bằng số hoa ly.","Có 3 bó hoa. Bó thứ nhất có 8 hoa hồng, bó thứ hai có 7 bông hoa ly, bó thứ ba có 6 bông hoa huệ. Chọn ngẫu nhiên 7 hoa từ ba bó hoa trên để cắm vào lọ hoa, tính xác suất để trong 7 hoa được chọn có số hoa hồng bằng số hoa ly.",Khá,G-G-P1-P2-P3-P4-P5-P6,18,9,9,0.04072398190045249,552,3180,0.14790996784565916,5.760869565217392,0,140,140,0.0,0.0,4,0.4444444444444444,0,0,0,0,0,1,0,0,0,0,0,1,0,1,6,2,6,0,0.5118595071429148,0,140.0,0.6111111111111112
Cross-Model Phi-3,SIM_PHI3_Trung bình_18,"Có 3 bó hoa. Bó thứ nhất có 8 hoa hồng, bó thứ hai có 7 bông hoa ly, bó thứ ba có 6 bông hoa huệ. Chọn ngẫu nhiên 7 hoa từ ba bó hoa trên để cắm vào lọ hoa, tính xác suất để trong 7 hoa được chọn có số hoa hồng bằng số hoa ly.","Có 3 bó hoa. Bó thứ nhất có 8 hoa hồng, bó thứ hai có 7 bông hoa ly, bó thứ ba có 6 bông hoa huệ. Chọn ngẫu nhiên 7 hoa từ ba bó hoa trên để cắm vào lọ hoa, tính xác suất để trong 7 hoa được chọn có số hoa hồng bằng số hoa ly.",Trung bình,G-G-P1-P2-P3-P4-P5-P6,117,57,60,0.30708661417322836,2183,1888,0.5362318840579711,0.8648648648648649,81,14,95,0.8526315789473684,1.35,48,0.8,1,0,0,0,0,1,0,0,0,0,0,1,0,1,6,2,6,0,0.5118595071429148,0,0.1728395061728395,0.6631578947368422
Cross-Model Phi-3,SIM_PHI3_Khá_19,"Có 13 học sinh của một trường THPT đạt danh hiệu học sinh xuất sắc trongđó khối 12 có 8 học sinh nam và 3 học sinh nữ, khối 11 có 2 học sinh nam. Chọn ngẫu nhiên 3 học sinh bất kỳ để trao thưởng, tính xác suất để 3 học sinh được chọn có cả nam và nữ đồng thời có cả khối 11 và khối 12 .","Có 13 học sinh của một trường THPT đạt danh hiệu học sinh xuất sắc trongđó khối 12 có 8 học sinh nam và 3 học sinh nữ, khối 11 có 2 học sinh nam. Chọn ngẫu nhiên 3 học sinh bất kỳ để trao thưởng, tính xác suất để 3 học sinh được chọn có cả nam và nữ đồng thời có cả khối 11 và khối 12 .",Khá,G-G-G-G-G-G-G-P1,19,9,10,0.05588235294117647,1597,971,0.6218847352024922,0.6080150281778335,5,9,14,0.35714285714285715,0.5,6,0.6,0,0,0,0,0,1,0,0,0,0,0,1,1,0,7,7,1,0,0.34295098019812786,0,1.8,0.7392857142857143
Cross-Model Phi-3,SIM_PHI3_Trung bình_20,"Có 13 học sinh của một trường THPT đạt danh hiệu học sinh xuất sắc trongđó khối 12 có 8 học sinh nam và 3 học sinh nữ, khối 11 có 2 học sinh nam. Chọn ngẫu nhiên 3 học sinh bất kỳ để trao thưởng, tính xác suất để 3 học sinh được chọn có cả nam và nữ đồng thời có cả khối 11 và khối 12 .","Có 13 học sinh của một trường THPT đạt danh hiệu học sinh xuất sắc trongđó khối 12 có 8 học sinh nam và 3 học sinh nữ, khối 11 có 2 học sinh nam. Chọn ngẫu nhiên 3 học sinh bất kỳ để trao thưởng, tính xác suất để 3 học sinh được chọn có cả nam và nữ đồng thời có cả khối 11 và khối 12 .",Trung bình,G-P1-P2-P3-P4-P5-P6-P7,17,9,8,0.04415584415584416,1122,2245,0.3332343332343332,2.000891265597148,0,56,56,0.0,0.0,5,0.625,1,0,0,0,0,1,0,0,0,0,0,1,0,1,7,1,7,0,0.34295098019812786,0,56.0,0.40625
Cross-Model Phi-3,SIM_PHI3_Khá_21,"Một chiếc hộp đựng 7 viên bi màu xanh, 6 viên bi màu đen, 5 viên bi màu đỏ, 4 viên bi màu trắng. Chọn ngẫu nhiên ra 4 viên bi, tính xác suất để lấy được ít nhất 2 viên bi cùng màu.","Một chiếc hộp đựng 7 viên bi màu xanh, 6 viên bi màu đen, 5 viên bi màu đỏ, 4 viên bi màu trắng. Chọn ngẫu nhiên ra 4 viên bi, tính xác suất để lấy được ít nhất 2 viên bi cùng màu.",Khá,G-G-G-P1-P2-P3-P4-P5,12,8,4,0.06349206349206349,721,878,0.4509068167604753,1.217753120665742,1,31,32,0.03125,0.25,1,0.25,1,1,0,0,0,1,0,0,0,0,0,1,0,1,5,3,5,0,0.6021808102656679,0,31.0,0.3203125
Cross-Model Phi-3,SIM_PHI3_Trung bình_22,"Một chiếc hộp đựng 7 viên bi màu xanh, 6 viên bi màu đen, 5 viên bi màu đỏ, 4 viên bi màu trắng. Chọn ngẫu nhiên ra 4 viên bi, tính xác suất để lấy được ít nhất 2 viên bi cùng màu.","Một chiếc hộp đựng 7 viên bi màu xanh, 6 viên bi màu đen, 5 viên bi màu đỏ, 4 viên bi màu trắng. Chọn ngẫu nhiên ra 4 viên bi, tính xác suất để lấy được ít nhất 2 viên bi cùng màu.",Trung bình,G-G-P1-P2-P3-S,11,6,5,0.10091743119266056,177,1150,0.1333835719668425,6.497175141242938,0,46,46,0.0,0.0,3,0.6,0,0,1,0,0,1,1,1,0,0,0,0,0,0,3,2,3,1,0.9206198357143051,0,46.0,0.65
Cross-Model Phi-3,SIM_PHI3_Khá_23,"Một hộp đựng 8 quả cầu trắng, 12 quả cầu đen. Lần thứ nhất lấy ngẫu nhiên 1 quả cầu trong hộp, lần thứ hai lấy ngẫu nhiên 1 quả cầu trong các quả cầu còn lại. Tính xác suất để kết quả của hai lần lấy được 2 quả cầu cùng màu. Không gian mẫu là lấy 2 quả cầu trong hộp một cách lần lượt ngẫu nhiên. Suy ra số phần tử của không gian mẫu là Gọi  biến cố ” 2 quả cầu được lấy cùng màu” . Ta có các trường hợp thuận lợi cho biến cố  như sau: ● TH1: Lần thứ nhất lấy quả màu trắng và lần thứ hai cũng màu trắng. Do đó trường hợp này có  cách. ● TH2: Lần thứ nhất lấy quả màu đen và lần thứ hai cũng màu đen. Do đó trường hợp này có  cách. Suy ra số phần tử của biến cố  là","Một hộp đựng 8 quả cầu trắng, 12 quả cầu đen. Lần thứ nhất lấy ngẫu nhiên 1 quả cầu trong hộp, lần thứ hai lấy ngẫu nhiên 1 quả cầu trong các quả cầu còn lại. Tính xác suất để kết quả của hai lần lấy được 2 quả cầu cùng màu. Không gian mẫu là lấy 2 quả cầu trong hộp một cách lần lượt ngẫu nhiên. Suy ra số phần tử của không gian mẫu là Gọi  biến cố ” 2 quả cầu được lấy cùng màu” . Ta có các trường hợp thuận lợi cho biến cố  như sau: ● TH1: Lần thứ nhất lấy quả màu trắng và lần thứ hai cũng màu trắng. Do đó trường hợp này có  cách. ● TH2: Lần thứ nhất lấy quả màu đen và lần thứ hai cũng màu đen. Do đó trường hợp này có  cách. Suy ra số phần tử của biến cố  là",Khá,G-P1-P2-P3-G-G-G-P4,13,8,5,0.02268760907504363,7765,2243,0.7758792965627498,0.28886027044430135,9,9,18,0.5,1.8,5,1.0,1,0,0,0,0,1,0,0,0,0,0,0,1,1,3,4,4,0,0.6309297535714575,0,1.0,0.625
Cross-Model Phi-3,SIM_PHI3_Trung bình_24,"Một hộp đựng 8 quả cầu trắng, 12 quả cầu đen. Lần thứ nhất lấy ngẫu nhiên 1 quả cầu trong hộp, lần thứ hai lấy ngẫu nhiên 1 quả cầu trong các quả cầu còn lại. Tính xác suất để kết quả của hai lần lấy được 2 quả cầu cùng màu. Không gian mẫu là lấy 2 quả cầu trong hộp một cách lần lượt ngẫu nhiên. Suy ra số phần tử của không gian mẫu là Gọi  biến cố ” 2 quả cầu được lấy cùng màu” . Ta có các trường hợp thuận lợi cho biến cố  như sau: ● TH1: Lần thứ nhất lấy quả màu trắng và lần thứ hai cũng màu trắng. Do đó trường hợp này có  cách. ● TH2: Lần thứ nhất lấy quả màu đen và lần thứ hai cũng màu đen. Do đó trường hợp này có  cách. Suy ra số phần tử của biến cố  là","Một hộp đựng 8 quả cầu trắng, 12 quả cầu đen. Lần thứ nhất lấy ngẫu nhiên 1 quả cầu trong hộp, lần thứ hai lấy ngẫu nhiên 1 quả cầu trong các quả cầu còn lại. Tính xác suất để kết quả của hai lần lấy được 2 quả cầu cùng màu. Không gian mẫu là lấy 2 quả cầu trong hộp một cách lần lượt ngẫu nhiên. Suy ra số phần tử của không gian mẫu là Gọi  biến cố ” 2 quả cầu được lấy cùng màu” . Ta có các trường hợp thuận lợi cho biến cố  như sau: ● TH1: Lần thứ nhất lấy quả màu trắng và lần thứ hai cũng màu trắng. Do đó trường hợp này có  cách. ● TH2: Lần thứ nhất lấy quả màu đen và lần thứ hai cũng màu đen. Do đó trường hợp này có  cách. Suy ra số phần tử của biến cố  là",Trung bình,G-P1-P2-P3-G-P4-P5-G,63,33,30,0.0973724884080371,7745,2419,0.7620031483667847,0.3123305358295675,45,23,68,0.6617647058823529,1.5,28,0.9333333333333333,0,0,0,0,0,1,0,0,0,0,0,0,0,1,3,3,5,0,0.6021808102656679,0,0.5111111111111111,0.8987745098039216
Cross-Model Phi-3,SIM_PHI3_Khá_25,"Một hộp chứa 12 viên bi kích thước như nhau, trong đó có 5 viên bi màu xanh được đánh số từ 1 đến 5; có 4 viên bi màu đỏ được đánh số từ 1 đến 4 và 3 viên bi màu vàng được đánh số từ 1 đến 3. Lấy ngẫu nhiên 2 viên bi từ hộp, tính xác suất để 2 viên bi được lấy vừa khác màu vừa khác số. Không gian mẫu là số sách lấy tùy ý 2 viên từ hộp chứa 12 viên bi. Suy ra số phần tử của không gian mẫu là Gọi  là biến cố ” 2 viên bi được lấy vừa khác màu vừa khác số ” . ● Số cách lấy 2 viên bi gồm: 1 bi xanh và 1 bi đỏ là  cách (do số bi đỏ ít hơn nên ta lấy trước, có 4 cách lấy bi đỏ. Tiếp tục lấy bi xanh nhưng không lấy viên trùng với số của bi đỏ nên có 4 cách lấy bi xanh). ● Số cách lấy 2 viên bi gồm: 1 bi xanh và 1 bi vàng là  cách. ● Số cách lấy 2 viên bi gồm: 1 bi đỏ và 1 bi vàng là  cách. Suy ra số phần tử của biến cố  là","Một hộp chứa 12 viên bi kích thước như nhau, trong đó có 5 viên bi màu xanh được đánh số từ 1 đến 5; có 4 viên bi màu đỏ được đánh số từ 1 đến 4 và 3 viên bi màu vàng được đánh số từ 1 đến 3. Lấy ngẫu nhiên 2 viên bi từ hộp, tính xác suất để 2 viên bi được lấy vừa khác màu vừa khác số. Không gian mẫu là số sách lấy tùy ý 2 viên từ hộp chứa 12 viên bi. Suy ra số phần tử của không gian mẫu là Gọi  là biến cố ” 2 viên bi được lấy vừa khác màu vừa khác số ” . ● Số cách lấy 2 viên bi gồm: 1 bi xanh và 1 bi đỏ là  cách (do số bi đỏ ít hơn nên ta lấy trước, có 4 cách lấy bi đỏ. Tiếp tục lấy bi xanh nhưng không lấy viên trùng với số của bi đỏ nên có 4 cách lấy bi xanh). ● Số cách lấy 2 viên bi gồm: 1 bi xanh và 1 bi vàng là  cách. ● Số cách lấy 2 viên bi gồm: 1 bi đỏ và 1 bi vàng là  cách. Suy ra số phần tử của biến cố  là",Khá,G-P1-S,5,4,1,0.03676470588235294,252,839,0.230980751604033,3.3293650793650795,1,40,41,0.024390243902439025,1.0,1,1.0,0,1,1,0,0,1,1,1,0,0,0,0,0,0,1,1,1,1,1.0,0,40.0,0.7560975609756098
Cross-Model Phi-3,SIM_PHI3_Trung bình_26,"Một hộp chứa 12 viên bi kích thước như nhau, trong đó có 5 viên bi màu xanh được đánh số từ 1 đến 5; có 4 viên bi màu đỏ được đánh số từ 1 đến 4 và 3 viên bi màu vàng được đánh số từ 1 đến 3. Lấy ngẫu nhiên 2 viên bi từ hộp, tính xác suất để 2 viên bi được lấy vừa khác màu vừa khác số. Không gian mẫu là số sách lấy tùy ý 2 viên từ hộp chứa 12 viên bi. Suy ra số phần tử của không gian mẫu là Gọi  là biến cố ” 2 viên bi được lấy vừa khác màu vừa khác số ” . ● Số cách lấy 2 viên bi gồm: 1 bi xanh và 1 bi đỏ là  cách (do số bi đỏ ít hơn nên ta lấy trước, có 4 cách lấy bi đỏ. Tiếp tục lấy bi xanh nhưng không lấy viên trùng với số của bi đỏ nên có 4 cách lấy bi xanh). ● Số cách lấy 2 viên bi gồm: 1 bi xanh và 1 bi vàng là  cách. ● Số cách lấy 2 viên bi gồm: 1 bi đỏ và 1 bi vàng là  cách. Suy ra số phần tử của biến cố  là","Một hộp chứa 12 viên bi kích thước như nhau, trong đó có 5 viên bi màu xanh được đánh số từ 1 đến 5; có 4 viên bi màu đỏ được đánh số từ 1 đến 4 và 3 viên bi màu vàng được đánh số từ 1 đến 3. Lấy ngẫu nhiên 2 viên bi từ hộp, tính xác suất để 2 viên bi được lấy vừa khác màu vừa khác số. Không gian mẫu là số sách lấy tùy ý 2 viên từ hộp chứa 12 viên bi. Suy ra số phần tử của không gian mẫu là Gọi  là biến cố ” 2 viên bi được lấy vừa khác màu vừa khác số ” . ● Số cách lấy 2 viên bi gồm: 1 bi xanh và 1 bi đỏ là  cách (do số bi đỏ ít hơn nên ta lấy trước, có 4 cách lấy bi đỏ. Tiếp tục lấy bi xanh nhưng không lấy viên trùng với số của bi đỏ nên có 4 cách lấy bi xanh). ● Số cách lấy 2 viên bi gồm: 1 bi xanh và 1 bi vàng là  cách. ● Số cách lấy 2 viên bi gồm: 1 bi đỏ và 1 bi vàng là  cách. Suy ra số phần tử của biến cố  là",Trung bình,G-P1-P2-P3-P4-P5-G-G,27,17,10,0.058823529411764705,2076,3447,0.37588267246061924,1.6604046242774566,6,20,26,0.23076923076923078,0.6,7,0.7,1,0,0,0,0,1,0,0,0,0,0,1,0,1,5,3,5,0,0.6021808102656679,0,3.3333333333333335,0.4826923076923077
Cross-Model Phi-3,SIM_PHI3_Khá_27,"Một hộp chứa 3 viên bi xanh, 5 viên bi đỏ và 6 viên bi vàng. Lấy ngẫu nhiên 6 viên bi từ hộp, tính xác suất để 6 viên bi được lấy ra có đủ cả ba màu.","Một hộp chứa 3 viên bi xanh, 5 viên bi đỏ và 6 viên bi vàng. Lấy ngẫu nhiên 6 viên bi từ hộp, tính xác suất để 6 viên bi được lấy ra có đủ cả ba màu.",Khá,G-P1-P2-P3-P4-P5-G-P6,17,8,9,0.05862068965517241,1552,758,0.6718614718614718,0.4884020618556701,4,36,40,0.1,0.4444444444444444,7,0.7777777777777778,1,0,0,0,0,1,0,0,0,0,0,1,0,1,5,2,6,0,0.5118595071429148,0,9.0,0.46944444444444444
Cross-Model Phi-3,SIM_PHI3_Trung bình_28,"Một hộp chứa 3 viên bi xanh, 5 viên bi đỏ và 6 viên bi vàng. Lấy ngẫu nhiên 6 viên bi từ hộp, tính xác suất để 6 viên bi được lấy ra có đủ cả ba màu.","Một hộp chứa 3 viên bi xanh, 5 viên bi đỏ và 6 viên bi vàng. Lấy ngẫu nhiên 6 viên bi từ hộp, tính xác suất để 6 viên bi được lấy ra có đủ cả ba màu.",Trung bình,G-P1-P2-P3-P4-P5-P6-P7,18,8,10,0.07627118644067797,957,1265,0.4306930693069307,1.3218390804597702,3,25,28,0.10714285714285714,0.3,6,0.6,1,0,0,0,0,1,0,0,0,0,0,1,0,1,7,1,7,0,0.34295098019812786,0,8.333333333333334,0.42678571428571427
Cross-Model Phi-3,SIM_PHI3_Khá_29,"Trong một hộp có 50 viên bi được đánh số từ 1 đến 50. Chọn ngẫu nhiên 3 viên bi trong hộp, tính xác suất để tổng ba số trên 3 viên bi được chọn là một số chia hết cho 3.","Trong một hộp có 50 viên bi được đánh số từ 1 đến 50. Chọn ngẫu nhiên 3 viên bi trong hộp, tính xác suất để tổng ba số trên 3 viên bi được chọn là một số chia hết cho 3.",Khá,G-G-G-P1-P2-P3-P4-P5,20,9,11,0.056818181818181816,1960,782,0.7148067104303428,0.3989795918367347,6,0,6,1.0,0.5454545454545454,7,0.6363636363636364,0,0,0,0,0,1,0,0,0,0,0,1,0,1,5,3,5,0,0.6021808102656679,0,0.0,0.9090909090909091
Cross-Model Phi-3,SIM_PHI3_Trung bình_30,"Trong một hộp có 50 viên bi được đánh số từ 1 đến 50. Chọn ngẫu nhiên 3 viên bi trong hộp, tính xác suất để tổng ba số trên 3 viên bi được chọn là một số chia hết cho 3.","Trong một hộp có 50 viên bi được đánh số từ 1 đến 50. Chọn ngẫu nhiên 3 viên bi trong hộp, tính xác suất để tổng ba số trên 3 viên bi được chọn là một số chia hết cho 3.",Trung bình,G-P1-P2-P3-S,85,45,40,0.2920962199312715,1648,1559,0.5138758964764577,0.945995145631068,42,64,106,0.39622641509433965,1.05,24,0.6,0,0,1,0,0,1,1,1,0,0,0,0,0,0,3,1,3,1,0.8649735207179273,0,1.5238095238095237,0.7490566037735849
Cross-Model Phi-3,SIM_PHI3_Khá_31,"Cho tập hợp ; 1; 2; 3; 4; 5. Gọi  là tập hợp các số có 3 chữ số khác nhau được lập thành từ các chữ số của tập . Chọn ngẫu nhiên một số từ  ,tính xác suất để số được chọn có chữ số cuối gấp đôi chữ số đầu.","Cho tập hợp ; 1; 2; 3; 4; 5. Gọi  là tập hợp các số có 3 chữ số khác nhau được lập thành từ các chữ số của tập . Chọn ngẫu nhiên một số từ  ,tính xác suất để số được chọn có chữ số cuối gấp đôi chữ số đầu.",Khá,G-P1-P2-P3-P4-P5-P6-P7,78,39,39,0.29213483146067415,1822,1690,0.5187927107061503,0.9275521405049396,43,38,81,0.5308641975308642,1.1025641025641026,27,0.6923076923076923,1,0,0,0,0,1,0,0,0,0,0,1,0,1,7,1,7,0,0.34295098019812786,0,0.8837209302325582,0.5557929724596391
Cross-Model Phi-3,SIM_PHI3_Trung bình_32,"Cho tập hợp ; 1; 2; 3; 4; 5. Gọi  là tập hợp các số có 3 chữ số khác nhau được lập thành từ các chữ số của tập . Chọn ngẫu nhiên một số từ  ,tính xác suất để số được chọn có chữ số cuối gấp đôi chữ số đầu.","Cho tập hợp ; 1; 2; 3; 4; 5. Gọi  là tập hợp các số có 3 chữ số khác nhau được lập thành từ các chữ số của tập . Chọn ngẫu nhiên một số từ  ,tính xác suất để số được chọn có chữ số cuối gấp đôi chữ số đầu.",Trung bình,G-P1-P2-P3-P4-P5-P6-P7,76,38,38,0.304,1397,1544,0.47500850051003063,1.105225483178239,33,14,47,0.7021276595744681,0.868421052631579,28,0.7368421052631579,0,1,0,0,0,1,0,0,0,0,0,1,0,1,7,1,7,0,0.34295098019812786,0,0.42424242424242425,0.8597424412094065
Cross-Model Phi-3,SIM_PHI3_Khá_33,"Cho tập hợp . Gọi  là tập hợp các số tự nhiên có 4 chữ số đôi một khác nhau được lập thành từ các chữ số của tập . Chọn ngẫu nhiên một số từ , tính xác suất để số được chọn mà trong mỗi số luôn luôn có mặt hai chữ số chẵn và hai chữ số lẻ.","Cho tập hợp . Gọi  là tập hợp các số tự nhiên có 4 chữ số đôi một khác nhau được lập thành từ các chữ số của tập . Chọn ngẫu nhiên một số từ , tính xác suất để số được chọn mà trong mỗi số luôn luôn có mặt hai chữ số chẵn và hai chữ số lẻ.",Khá,G-G-G-P1-P2-P3-P4-P5,69,37,32,0.1954674220963173,1275,2226,0.36418166238217653,1.7458823529411764,31,34,65,0.47692307692307695,0.96875,22,0.6875,0,0,0,0,0,1,0,0,0,0,0,1,0,1,5,3,5,0,0.6021808102656679,0,1.096774193548387,0.7911057692307693
Cross-Model Phi-3,SIM_PHI3_Trung bình_34,"Cho tập hợp . Gọi  là tập hợp các số tự nhiên có 4 chữ số đôi một khác nhau được lập thành từ các chữ số của tập . Chọn ngẫu nhiên một số từ , tính xác suất để số được chọn mà trong mỗi số luôn luôn có mặt hai chữ số chẵn và hai chữ số lẻ.","Cho tập hợp . Gọi  là tập hợp các số tự nhiên có 4 chữ số đôi một khác nhau được lập thành từ các chữ số của tập . Chọn ngẫu nhiên một số từ , tính xác suất để số được chọn mà trong mỗi số luôn luôn có mặt hai chữ số chẵn và hai chữ số lẻ.",Trung bình,G-G-G-G-P1-P2-P3-G,98,49,49,0.2784090909090909,1415,2489,0.3624487704918033,1.759010600706714,48,52,100,0.48,0.9795918367346939,27,0.5510204081632653,0,0,0,0,0,1,0,0,0,0,0,1,1,0,4,5,3,0,0.6021808102656679,0,1.0833333333333333,0.7577551020408163
Cross-Model Phi-3,SIM_PHI3_Khá_35,"Gọi  là tập hợp các số tự nhiên có 3 chữ số đôi một khác nhau được lập thành từ các chữ số 1; 2; 3; 4; 6 . Chọn ngẫu nhiên một số từ , tính xác xuất để số được chọn chia hết cho 3 .","Gọi  là tập hợp các số tự nhiên có 3 chữ số đôi một khác nhau được lập thành từ các chữ số 1; 2; 3; 4; 6 . Chọn ngẫu nhiên một số từ , tính xác xuất để số được chọn chia hết cho 3 .",Khá,G-P1-P2-P3-P4-P5-P6-P7,65,34,31,0.2145214521452145,1174,1999,0.36999684840844627,1.702725724020443,20,14,34,0.5882352941176471,0.6451612903225806,25,0.8064516129032258,0,1,0,0,0,1,0,0,0,0,0,1,0,1,7,1,7,0,0.34295098019812786,0,0.7,0.8486717267552182
Cross-Model Phi-3,SIM_PHI3_Trung bình_36,"Gọi  là tập hợp các số tự nhiên có 3 chữ số đôi một khác nhau được lập thành từ các chữ số 1; 2; 3; 4; 6 . Chọn ngẫu nhiên một số từ , tính xác xuất để số được chọn chia hết cho 3 .","Gọi  là tập hợp các số tự nhiên có 3 chữ số đôi một khác nhau được lập thành từ các chữ số 1; 2; 3; 4; 6 . Chọn ngẫu nhiên một số từ , tính xác xuất để số được chọn chia hết cho 3 .",Trung bình,G-P1-P2-P3-P4-P5-P6-P7,30,15,15,0.07731958762886598,1622,1829,0.4700086931324254,1.127620221948212,21,21,42,0.5,1.4,13,0.8666666666666667,1,0,0,0,0,1,0,0,0,0,0,1,0,1,7,1,7,0,0.34295098019812786,0,1.0,0.5916666666666667
Cross-Model Phi-3,SIM_PHI3_Khá_37,"Cho tập hợp ; 2; 3; 4; 5. Gọi  là tập hợp tất cả các số tự nhiên có ít nhất 3 chữ số, các chữ số đôi một khác nhau được lập thành từ các chữ số thuộc tập  . Chọn ngẫu nhiên một số từ , tính xác xuất để số được chọn có tổng các chữ số bằng 10 .","Cho tập hợp ; 2; 3; 4; 5. Gọi  là tập hợp tất cả các số tự nhiên có ít nhất 3 chữ số, các chữ số đôi một khác nhau được lập thành từ các chữ số thuộc tập  . Chọn ngẫu nhiên một số từ , tính xác xuất để số được chọn có tổng các chữ số bằng 10 .",Khá,G-P1-P2-P3-P4-P5-P6-P7,16,8,8,0.04790419161676647,1657,1087,0.6038629737609329,0.656004828002414,3,39,42,0.07142857142857142,0.375,5,0.625,1,0,0,0,0,1,0,0,0,0,0,1,0,1,7,1,7,0,0.34295098019812786,0,13.0,0.42410714285714285
Cross-Model Phi-3,SIM_PHI3_Trung bình_38,"Cho tập hợp ; 2; 3; 4; 5. Gọi  là tập hợp tất cả các số tự nhiên có ít nhất 3 chữ số, các chữ số đôi một khác nhau được lập thành từ các chữ số thuộc tập  . Chọn ngẫu nhiên một số từ , tính xác xuất để số được chọn có tổng các chữ số bằng 10 .","Cho tập hợp ; 2; 3; 4; 5. Gọi  là tập hợp tất cả các số tự nhiên có ít nhất 3 chữ số, các chữ số đôi một khác nhau được lập thành từ các chữ số thuộc tập  . Chọn ngẫu nhiên một số từ , tính xác xuất để số được chọn có tổng các chữ số bằng 10 .",Trung bình,G-P1-P2-P3-P4-P5-P6-S,14,8,6,0.0673076923076923,536,1428,0.2729124236252546,2.6641791044776117,6,36,42,0.14285714285714285,1.0,4,0.6666666666666666,0,0,1,0,0,1,1,1,0,0,0,1,0,1,6,1,6,1,0.6695919455357793,0,6.0,0.7023809523809523
Cross-Model Phi-3,SIM_PHI3_Khá_39,"Một hộp đựng 10 chiếc thẻ được đánh số từ  đến 9 . Lấy ngẫu nhiên ra 3 chiếc thẻ, tính xác suất để 3 chữ số trên 3 chiếc thẻ được lấy ra có thể ghép thành một số chia hết cho 5 .","Một hộp đựng 10 chiếc thẻ được đánh số từ  đến 9 . Lấy ngẫu nhiên ra 3 chiếc thẻ, tính xác suất để 3 chữ số trên 3 chiếc thẻ được lấy ra có thể ghép thành một số chia hết cho 5 .",Khá,G-P1-P2-P3-P4-P5-P6-P7,87,45,42,0.47802197802197804,660,1479,0.3085553997194951,2.2409090909090907,54,37,91,0.5934065934065934,1.2857142857142858,36,0.8571428571428571,0,0,0,0,0,1,0,0,0,0,0,1,0,1,7,1,7,0,0.34295098019812786,0,0.6851851851851852,0.8626373626373627
Cross-Model Phi-3,SIM_PHI3_Trung bình_40,"Một hộp đựng 10 chiếc thẻ được đánh số từ  đến 9 . Lấy ngẫu nhiên ra 3 chiếc thẻ, tính xác suất để 3 chữ số trên 3 chiếc thẻ được lấy ra có thể ghép thành một số chia hết cho 5 .","Một hộp đựng 10 chiếc thẻ được đánh số từ  đến 9 . Lấy ngẫu nhiên ra 3 chiếc thẻ, tính xác suất để 3 chữ số trên 3 chiếc thẻ được lấy ra có thể ghép thành một số chia hết cho 5 .",Trung bình,G-P1-P2-P3-P4-P5-P6-P7,14,8,6,0.14893617021276595,961,831,0.5362723214285714,0.8647242455775234,0,0,0,0.0,0.0,4,0.6666666666666666,0,0,0,0,0,1,0,0,0,0,0,1,0,1,7,1,7,0,0.34295098019812786,0,0.0,0.6666666666666666
Cross-Model Phi-3,SIM_PHI3_Khá_41,"Có 20 tấm thẻ được đánh số từ 1 đến 20 . Chọn ngẫu nhiên ra 8 tấm thẻ, tính xác suất để có 3 tấm thẻ mang số lẻ, 5 tấm thẻ mang số chẵn trong đó chỉ có đúng 1 tấm thẻ mang số chia hết cho 10 .","Có 20 tấm thẻ được đánh số từ 1 đến 20 . Chọn ngẫu nhiên ra 8 tấm thẻ, tính xác suất để có 3 tấm thẻ mang số lẻ, 5 tấm thẻ mang số chẵn trong đó chỉ có đúng 1 tấm thẻ mang số chia hết cho 10 .",Khá,G-G-G-G-P1-G-G-G,29,18,11,0.040110650069156296,6662,5410,0.5518555334658715,0.8120684479135395,8,32,40,0.2,0.7272727272727273,10,0.9090909090909091,1,1,0,0,0,1,0,0,0,0,0,1,1,0,4,7,1,0,0.34295098019812786,0,4.0,0.5272727272727273
Cross-Model Phi-3,SIM_PHI3_Trung bình_42,"Có 20 tấm thẻ được đánh số từ 1 đến 20 . Chọn ngẫu nhiên ra 8 tấm thẻ, tính xác suất để có 3 tấm thẻ mang số lẻ, 5 tấm thẻ mang số chẵn trong đó chỉ có đúng 1 tấm thẻ mang số chia hết cho 10 .","Có 20 tấm thẻ được đánh số từ 1 đến 20 . Chọn ngẫu nhiên ra 8 tấm thẻ, tính xác suất để có 3 tấm thẻ mang số lẻ, 5 tấm thẻ mang số chẵn trong đó chỉ có đúng 1 tấm thẻ mang số chia hết cho 10 .",Trung bình,G-G-G-G-P1-P2-P3-P4,16,9,7,0.03940886699507389,2806,2475,0.5313387615981822,0.8820384889522452,7,20,27,0.25925925925925924,1.0,4,0.5714285714285714,1,1,0,0,0,1,0,0,0,0,0,1,1,1,4,4,4,0,0.6309297535714575,0,2.857142857142857,0.4576719576719577
Cross-Model Phi-3,SIM_PHI3_Trung bình_44,Gọi  là tập hợp các số tự nhiên có hai chữ số. Chọn ngẫu nhiên đồng thời hai số từ tập hợp . Tính xác suất để hai số được chọn có chữ số hàng đơn vị giống nhau.,Gọi  là tập hợp các số tự nhiên có hai chữ số. Chọn ngẫu nhiên đồng thời hai số từ tập hợp . Tính xác suất để hai số được chọn có chữ số hàng đơn vị giống nhau.,Trung bình,G-P1-P2-G-P3-P4-G-P5,16,8,8,0.03827751196172249,2409,1879,0.5618003731343284,0.779991697799917,6,17,23,0.2608695652173913,0.75,6,0.75,1,1,0,0,0,1,0,0,0,0,0,0,0,1,2,3,5,0,0.6021808102656679,0,2.8333333333333335,0.5027173913043479
Cross-Model Phi-3,SIM_PHI3_Khá_45,"Gọi  là tập hợp các số tự nhiên gồm 9 chữ số khác nhau. Chọn ngẫu nhiên một số từ, tính xác suất để chọn được một số gồm 4 chữ số lẻ và chữ số  luôn đứng giữa hai chữ số lẻ (hai số hai bên chữ số  là số lẻ).","Gọi  là tập hợp các số tự nhiên gồm 9 chữ số khác nhau. Chọn ngẫu nhiên một số từ, tính xác suất để chọn được một số gồm 4 chữ số lẻ và chữ số  luôn đứng giữa hai chữ số lẻ (hai số hai bên chữ số  là số lẻ).",Khá,G-P1-G-P2-P3-P4-P5-P6,16,8,8,0.03695150115473441,1565,2322,0.4026241317211217,1.48370607028754,3,36,39,0.07692307692307693,0.375,6,0.75,0,1,0,0,0,1,0,0,0,0,0,1,0,1,5,2,6,0,0.5118595071429148,0,12.0,0.7067307692307692
Cross-Model Phi-3,SIM_PHI3_Trung bình_46,"Gọi  là tập hợp các số tự nhiên gồm 9 chữ số khác nhau. Chọn ngẫu nhiên một số từ, tính xác suất để chọn được một số gồm 4 chữ số lẻ và chữ số  luôn đứng giữa hai chữ số lẻ (hai số hai bên chữ số  là số lẻ).","Gọi  là tập hợp các số tự nhiên gồm 9 chữ số khác nhau. Chọn ngẫu nhiên một số từ, tính xác suất để chọn được một số gồm 4 chữ số lẻ và chữ số  luôn đứng giữa hai chữ số lẻ (hai số hai bên chữ số  là số lẻ).",Trung bình,G-G-P1-P2-P3-P4-P5-P6,16,9,7,0.054982817869415807,731,2616,0.2184045413803406,3.5786593707250343,1,37,38,0.02631578947368421,0.14285714285714285,4,0.5714285714285714,1,1,0,0,0,1,0,0,0,0,0,1,0,1,6,2,6,0,0.5118595071429148,0,37.0,0.3994360902255639
Cross-Model Phi-3,SIM_PHI3_Khá_47,"Giải bóng chuyền VTV Cup gồm 9 đội bóng tham dự, trong đó có 6 đội nước ngoài và 3 đội của Việt Nam. Ban tổ chức cho bốc thăm ngẫu nhiên để chia thành 3 bảng  và mỗi bảng có 3đội. Tính xác suất để 3 đội bóng của Việt Nam ở 3 bảng khác nhau.","Giải bóng chuyền VTV Cup gồm 9 đội bóng tham dự, trong đó có 6 đội nước ngoài và 3 đội của Việt Nam. Ban tổ chức cho bốc thăm ngẫu nhiên để chia thành 3 bảng  và mỗi bảng có 3đội. Tính xác suất để 3 đội bóng của Việt Nam ở 3 bảng khác nhau.",Khá,G-P1-G-G-P2-P3-P4-P5,17,8,9,0.04509283819628647,1289,2182,0.3713627196773264,1.6927851047323506,3,117,120,0.025,0.3333333333333333,6,0.6666666666666666,0,0,0,0,0,1,0,0,0,0,0,1,0,1,4,3,5,0,0.6021808102656679,0,39.0,0.6729166666666666
Cross-Model Phi-3,SIM_PHI3_Trung bình_48,"Giải bóng chuyền VTV Cup gồm 9 đội bóng tham dự, trong đó có 6 đội nước ngoài và 3 đội của Việt Nam. Ban tổ chức cho bốc thăm ngẫu nhiên để chia thành 3 bảng  và mỗi bảng có 3đội. Tính xác suất để 3 đội bóng của Việt Nam ở 3 bảng khác nhau.","Giải bóng chuyền VTV Cup gồm 9 đội bóng tham dự, trong đó có 6 đội nước ngoài và 3 đội của Việt Nam. Ban tổ chức cho bốc thăm ngẫu nhiên để chia thành 3 bảng  và mỗi bảng có 3đội. Tính xác suất để 3 đội bóng của Việt Nam ở 3 bảng khác nhau.",Trung bình,G-P1-G-G-P2-P3-G-G,25,13,12,0.04655493482309125,1116,3097,0.26489437455494896,2.775089605734767,14,5,19,0.7368421052631579,1.1666666666666667,8,0.6666666666666666,1,0,0,0,0,1,0,0,0,0,0,0,1,0,2,5,3,0,0.6021808102656679,0,0.35714285714285715,0.6008771929824561
Cross-Model Phi-3,SIM_PHI3_Khá_49,"Trong giải cầu lông kỷ niệm ngày truyền thống học sinh sinh viên có 8 người tham gia trong đó có hai bạn Việt và Nam. Các vận động viên được chia làm hai bảng  và , mỗi bảng gồm 4 người. Giả sử việc chia bảng thực hiện bằng cách bốc thăm ngẫu nhiên, tính xác suất để cả 2 bạn Việt và Nam nằm chung 1 bảng đấu.","Trong giải cầu lông kỷ niệm ngày truyền thống học sinh sinh viên có 8 người tham gia trong đó có hai bạn Việt và Nam. Các vận động viên được chia làm hai bảng  và , mỗi bảng gồm 4 người. Giả sử việc chia bảng thực hiện bằng cách bốc thăm ngẫu nhiên, tính xác suất để cả 2 bạn Việt và Nam nằm chung 1 bảng đấu.",Khá,G-P1-P2-P3-P4-P5-P6-P7,16,8,8,0.041343669250646,1538,1944,0.4417001723147616,1.2639791937581275,4,35,39,0.10256410256410256,0.5,5,0.625,1,0,0,0,0,1,0,0,0,0,0,1,0,1,7,1,7,0,0.34295098019812786,0,8.75,0.43189102564102566
Cross-Model Phi-3,SIM_PHI3_Trung bình_50,"Trong giải cầu lông kỷ niệm ngày truyền thống học sinh sinh viên có 8 người tham gia trong đó có hai bạn Việt và Nam. Các vận động viên được chia làm hai bảng  và , mỗi bảng gồm 4 người. Giả sử việc chia bảng thực hiện bằng cách bốc thăm ngẫu nhiên, tính xác suất để cả 2 bạn Việt và Nam nằm chung 1 bảng đấu.","Trong giải cầu lông kỷ niệm ngày truyền thống học sinh sinh viên có 8 người tham gia trong đó có hai bạn Việt và Nam. Các vận động viên được chia làm hai bảng  và , mỗi bảng gồm 4 người. Giả sử việc chia bảng thực hiện bằng cách bốc thăm ngẫu nhiên, tính xác suất để cả 2 bạn Việt và Nam nằm chung 1 bảng đấu.",Trung bình,G-P1-P2-P3-P4-P5-P6-P7,16,8,8,0.06808510638297872,1195,625,0.6565934065934066,0.5230125523012552,3,7,10,0.3,0.375,6,0.75,0,0,0,0,0,1,0,0,0,0,0,1,0,1,7,1,7,0,0.34295098019812786,0,2.3333333333333335,0.7625
